<?xml version="1.0" encoding="UTF-8"?>
<annotations textSource="11532192.txt">
  <annotation>
    <mention id="CL_basic_2014_02_21_Instance_13515" />
    <annotator id="CL_basic_2014_02_21_Instance_10000">Mike Bada, University of Colorado Anschutz Medical Campus</annotator>
    <span start="1861" end="1882" />
    <spannedText>retinal ganglion cell</spannedText>
  </annotation>
  <annotation>
    <mention id="CL_basic_2014_02_21_Instance_13517" />
    <annotator id="CL_basic_2014_02_21_Instance_10000">Mike Bada, University of Colorado Anschutz Medical Campus</annotator>
    <span start="5757" end="5768" />
    <spannedText>macrophages</spannedText>
  </annotation>
  <annotation>
    <mention id="CL_basic_2014_02_21_Instance_22281" />
    <annotator id="CL_basic_2014_02_21_Instance_10000">Mike Bada, University of Colorado Anschutz Medical Campus</annotator>
    <span start="30862" end="30865" />
    <span start="30875" end="30889" />
    <spannedText>rod ... photoreceptors</spannedText>
  </annotation>
  <annotation>
    <mention id="CL_basic_2014_02_21_Instance_22283" />
    <annotator id="CL_basic_2014_02_21_Instance_10000">Mike Bada, University of Colorado Anschutz Medical Campus</annotator>
    <span start="30870" end="30889" />
    <spannedText>cone photoreceptors</spannedText>
  </annotation>
  <annotation>
    <mention id="CL_basic_2014_02_21_Instance_22285" />
    <annotator id="CL_basic_2014_02_21_Instance_10000">Mike Bada, University of Colorado Anschutz Medical Campus</annotator>
    <span start="31099" end="31103" />
    <spannedText>rods</spannedText>
  </annotation>
  <annotation>
    <mention id="CL_basic_2014_02_21_Instance_22287" />
    <annotator id="CL_basic_2014_02_21_Instance_10000">Mike Bada, University of Colorado Anschutz Medical Campus</annotator>
    <span start="31108" end="31113" />
    <spannedText>cones</spannedText>
  </annotation>
  <classMention id="CL_basic_2014_02_21_Instance_13515">
    <mentionClass id="CL:0000740">retinal ganglion cell</mentionClass>
  </classMention>
  <classMention id="CL_basic_2014_02_21_Instance_22281">
    <mentionClass id="CL:0000604">retinal rod cell</mentionClass>
  </classMention>
  <classMention id="CL_basic_2014_02_21_Instance_13517">
    <mentionClass id="CL:0000235">macrophage</mentionClass>
  </classMention>
  <classMention id="CL_basic_2014_02_21_Instance_22283">
    <mentionClass id="CL:0000573">retinal cone cell</mentionClass>
  </classMention>
  <classMention id="CL_basic_2014_02_21_Instance_22285">
    <mentionClass id="CL:0000604">retinal rod cell</mentionClass>
  </classMention>
  <classMention id="CL_basic_2014_02_21_Instance_22287">
    <mentionClass id="CL:0000573">retinal cone cell</mentionClass>
  </classMention>
</annotations>

