<?xml version="1.0" encoding="UTF-8"?>
<annotations textSource="11604102.txt">
  <annotation>
    <mention id="CL_basic_2014_02_21_Instance_13577" />
    <annotator id="CL_basic_2014_02_21_Instance_10000">Mike Bada, University of Colorado Anschutz Medical Campus</annotator>
    <span start="1634" end="1649" />
    <spannedText>male germ cells</spannedText>
  </annotation>
  <annotation>
    <mention id="CL_basic_2014_02_21_Instance_13579" />
    <annotator id="CL_basic_2014_02_21_Instance_10000">Mike Bada, University of Colorado Anschutz Medical Campus</annotator>
    <span start="1757" end="1762" />
    <spannedText>sperm</spannedText>
  </annotation>
  <annotation>
    <mention id="CL_basic_2014_02_21_Instance_13581" />
    <annotator id="CL_basic_2014_02_21_Instance_10000">Mike Bada, University of Colorado Anschutz Medical Campus</annotator>
    <span start="2851" end="2861" />
    <spannedText>germ cells</spannedText>
  </annotation>
  <annotation>
    <mention id="CL_basic_2014_02_21_Instance_13583" />
    <annotator id="CL_basic_2014_02_21_Instance_10000">Mike Bada, University of Colorado Anschutz Medical Campus</annotator>
    <span start="2922" end="2943" />
    <spannedText>primordial germ cells</spannedText>
  </annotation>
  <annotation>
    <mention id="CL_basic_2014_02_21_Instance_13585" />
    <annotator id="CL_basic_2014_02_21_Instance_10000">Mike Bada, University of Colorado Anschutz Medical Campus</annotator>
    <span start="2995" end="3008" />
    <spannedText>spermatocytes</spannedText>
  </annotation>
  <annotation>
    <mention id="CL_basic_2014_02_21_Instance_13587" />
    <annotator id="CL_basic_2014_02_21_Instance_10000">Mike Bada, University of Colorado Anschutz Medical Campus</annotator>
    <span start="3073" end="3086" />
    <spannedText>spermatocytes</spannedText>
  </annotation>
  <annotation>
    <mention id="CL_basic_2014_02_21_Instance_13589" />
    <annotator id="CL_basic_2014_02_21_Instance_10000">Mike Bada, University of Colorado Anschutz Medical Campus</annotator>
    <span start="8373" end="8383" />
    <spannedText>germ cells</spannedText>
  </annotation>
  <annotation>
    <mention id="CL_basic_2014_02_21_Instance_13591" />
    <annotator id="CL_basic_2014_02_21_Instance_10000">Mike Bada, University of Colorado Anschutz Medical Campus</annotator>
    <span start="8436" end="8445" />
    <spannedText>germ cell</spannedText>
  </annotation>
  <annotation>
    <mention id="CL_basic_2014_02_21_Instance_13593" />
    <annotator id="CL_basic_2014_02_21_Instance_10000">Mike Bada, University of Colorado Anschutz Medical Campus</annotator>
    <span start="8470" end="8482" />
    <spannedText>Sertoli cell</spannedText>
  </annotation>
  <annotation>
    <mention id="CL_basic_2014_02_21_Instance_13595" />
    <annotator id="CL_basic_2014_02_21_Instance_10000">Mike Bada, University of Colorado Anschutz Medical Campus</annotator>
    <span start="8558" end="8568" />
    <spannedText>germ cells</spannedText>
  </annotation>
  <annotation>
    <mention id="CL_basic_2014_02_21_Instance_13597" />
    <annotator id="CL_basic_2014_02_21_Instance_10000">Mike Bada, University of Colorado Anschutz Medical Campus</annotator>
    <span start="9085" end="9094" />
    <spannedText>germ cell</spannedText>
  </annotation>
  <annotation>
    <mention id="CL_basic_2014_02_21_Instance_13599" />
    <annotator id="CL_basic_2014_02_21_Instance_10000">Mike Bada, University of Colorado Anschutz Medical Campus</annotator>
    <span start="9169" end="9178" />
    <spannedText>germ cell</spannedText>
  </annotation>
  <annotation>
    <mention id="CL_basic_2014_02_21_Instance_13601" />
    <annotator id="CL_basic_2014_02_21_Instance_10000">Mike Bada, University of Colorado Anschutz Medical Campus</annotator>
    <span start="9183" end="9195" />
    <spannedText>Sertoli cell</spannedText>
  </annotation>
  <annotation>
    <mention id="CL_basic_2014_02_21_Instance_13603" />
    <annotator id="CL_basic_2014_02_21_Instance_10000">Mike Bada, University of Colorado Anschutz Medical Campus</annotator>
    <span start="10049" end="10058" />
    <spannedText>germ cell</spannedText>
  </annotation>
  <annotation>
    <mention id="CL_basic_2014_02_21_Instance_13605" />
    <annotator id="CL_basic_2014_02_21_Instance_10000">Mike Bada, University of Colorado Anschutz Medical Campus</annotator>
    <span start="10339" end="10349" />
    <spannedText>germ cells</spannedText>
  </annotation>
  <annotation>
    <mention id="CL_basic_2014_02_21_Instance_13607" />
    <annotator id="CL_basic_2014_02_21_Instance_10000">Mike Bada, University of Colorado Anschutz Medical Campus</annotator>
    <span start="12460" end="12470" />
    <spannedText>germ cells</spannedText>
  </annotation>
  <annotation>
    <mention id="CL_basic_2014_02_21_Instance_13609" />
    <annotator id="CL_basic_2014_02_21_Instance_10000">Mike Bada, University of Colorado Anschutz Medical Campus</annotator>
    <span start="13006" end="13013" />
    <spannedText>neurons</spannedText>
  </annotation>
  <annotation>
    <mention id="CL_basic_2014_02_21_Instance_13611" />
    <annotator id="CL_basic_2014_02_21_Instance_10000">Mike Bada, University of Colorado Anschutz Medical Campus</annotator>
    <span start="13574" end="13584" />
    <spannedText>germ cells</spannedText>
  </annotation>
  <annotation>
    <mention id="CL_basic_2014_02_21_Instance_13613" />
    <annotator id="CL_basic_2014_02_21_Instance_10000">Mike Bada, University of Colorado Anschutz Medical Campus</annotator>
    <span start="14181" end="14187" />
    <spannedText>oocyte</spannedText>
  </annotation>
  <annotation>
    <mention id="CL_basic_2014_02_21_Instance_22295" />
    <annotator id="CL_basic_2014_02_21_Instance_10000">Mike Bada, University of Colorado Anschutz Medical Campus</annotator>
    <span start="2948" end="2961" />
    <spannedText>spermatogonia</spannedText>
  </annotation>
  <annotation>
    <mention id="CL_basic_2014_02_21_Instance_22297" />
    <annotator id="CL_basic_2014_02_21_Instance_10000">Mike Bada, University of Colorado Anschutz Medical Campus</annotator>
    <span start="10207" end="10220" />
    <spannedText>spermatogonia</spannedText>
  </annotation>
  <annotation>
    <mention id="CL_basic_2014_02_21_Instance_22301" />
    <annotator id="CL_basic_2014_02_21_Instance_10000">Mike Bada, University of Colorado Anschutz Medical Campus</annotator>
    <span start="12777" end="12783" />
    <spannedText>neuron</spannedText>
  </annotation>
  <annotation>
    <mention id="CL_basic_2014_02_21_Instance_22303" />
    <annotator id="CL_basic_2014_02_21_Instance_10000">Mike Bada, University of Colorado Anschutz Medical Campus</annotator>
    <span start="12898" end="12906" />
    <spannedText>neuronal</spannedText>
  </annotation>
  <annotation>
    <mention id="CL_basic_2014_02_21_Instance_30298" />
    <annotator id="CL_basic_2014_02_21_Instance_10000">Mike Bada, University of Colorado Anschutz Medical Campus</annotator>
    <span start="8546" end="8553" />
    <span start="8563" end="8568" />
    <spannedText>somatic ... cells</spannedText>
  </annotation>
  <classMention id="CL_basic_2014_02_21_Instance_13589">
    <mentionClass id="CL:0000586">germ cell</mentionClass>
  </classMention>
  <classMention id="CL_basic_2014_02_21_Instance_13591">
    <mentionClass id="CL:0000586">germ cell</mentionClass>
  </classMention>
  <classMention id="CL_basic_2014_02_21_Instance_13585">
    <mentionClass id="CL:0000017">spermatocyte</mentionClass>
  </classMention>
  <classMention id="CL_basic_2014_02_21_Instance_22301">
    <mentionClass id="CL:0000540">neuron</mentionClass>
  </classMention>
  <classMention id="CL_basic_2014_02_21_Instance_13587">
    <mentionClass id="CL:0000017">spermatocyte</mentionClass>
  </classMention>
  <classMention id="CL_basic_2014_02_21_Instance_22303">
    <mentionClass id="CL:0000540">neuron</mentionClass>
  </classMention>
  <classMention id="CL_basic_2014_02_21_Instance_13597">
    <mentionClass id="CL:0000586">germ cell</mentionClass>
  </classMention>
  <classMention id="CL_basic_2014_02_21_Instance_30298">
    <mentionClass id="CL:0002371">somatic cell</mentionClass>
  </classMention>
  <classMention id="CL_basic_2014_02_21_Instance_13599">
    <mentionClass id="CL:0000586">germ cell</mentionClass>
  </classMention>
  <classMention id="CL_basic_2014_02_21_Instance_13593">
    <mentionClass id="CL:0000216">Sertoli cell</mentionClass>
  </classMention>
  <classMention id="CL_basic_2014_02_21_Instance_13595">
    <mentionClass id="CL:0000586">germ cell</mentionClass>
  </classMention>
  <classMention id="CL_basic_2014_02_21_Instance_13605">
    <mentionClass id="CL:0000586">germ cell</mentionClass>
  </classMention>
  <classMention id="CL_basic_2014_02_21_Instance_13607">
    <mentionClass id="CL:0000586">germ cell</mentionClass>
  </classMention>
  <classMention id="CL_basic_2014_02_21_Instance_13601">
    <mentionClass id="CL:0000216">Sertoli cell</mentionClass>
  </classMention>
  <classMention id="CL_basic_2014_02_21_Instance_13603">
    <mentionClass id="CL:0000586">germ cell</mentionClass>
  </classMention>
  <classMention id="CL_basic_2014_02_21_Instance_13581">
    <mentionClass id="CL:0000586">germ cell</mentionClass>
  </classMention>
  <classMention id="CL_basic_2014_02_21_Instance_13613">
    <mentionClass id="CL:0000023">oocyte</mentionClass>
  </classMention>
  <classMention id="CL_basic_2014_02_21_Instance_22295">
    <mentionClass id="CL:0000020">spermatogonium</mentionClass>
  </classMention>
  <classMention id="CL_basic_2014_02_21_Instance_13583">
    <mentionClass id="CL:0000670">primordial germ cell</mentionClass>
  </classMention>
  <classMention id="CL_basic_2014_02_21_Instance_22297">
    <mentionClass id="CL:0000020">spermatogonium</mentionClass>
  </classMention>
  <classMention id="CL_basic_2014_02_21_Instance_13577">
    <mentionClass id="CL:0000015">male germ cell</mentionClass>
  </classMention>
  <classMention id="CL_basic_2014_02_21_Instance_13609">
    <mentionClass id="CL:0000540">neuron</mentionClass>
  </classMention>
  <classMention id="CL_basic_2014_02_21_Instance_13579">
    <mentionClass id="CL:0000019">sperm</mentionClass>
  </classMention>
  <classMention id="CL_basic_2014_02_21_Instance_13611">
    <mentionClass id="CL:0000586">germ cell</mentionClass>
  </classMention>
</annotations>

