<?xml version="1.0" encoding="UTF-8"?>
<annotations textSource="14611657.txt">
  <annotation>
    <mention id="CL_basic_2014_02_21_Instance_14121" />
    <annotator id="CL_basic_2014_02_21_Instance_10000">Mike Bada, University of Colorado Anschutz Medical Campus</annotator>
    <span start="4503" end="4512" />
    <spannedText>spermatid</spannedText>
  </annotation>
  <annotation>
    <mention id="CL_basic_2014_02_21_Instance_14123" />
    <annotator id="CL_basic_2014_02_21_Instance_10000">Mike Bada, University of Colorado Anschutz Medical Campus</annotator>
    <span start="4638" end="4643" />
    <spannedText>sperm</spannedText>
  </annotation>
  <annotation>
    <mention id="CL_basic_2014_02_21_Instance_14127" />
    <annotator id="CL_basic_2014_02_21_Instance_10000">Mike Bada, University of Colorado Anschutz Medical Campus</annotator>
    <span start="5944" end="5951" />
    <spannedText>neurons</spannedText>
  </annotation>
  <annotation>
    <mention id="CL_basic_2014_02_21_Instance_14149" />
    <annotator id="CL_basic_2014_02_21_Instance_10000">Mike Bada, University of Colorado Anschutz Medical Campus</annotator>
    <span start="20249" end="20255" />
    <spannedText>neuron</spannedText>
  </annotation>
  <annotation>
    <mention id="CL_basic_2014_02_21_Instance_14173" />
    <annotator id="CL_basic_2014_02_21_Instance_10000">Mike Bada, University of Colorado Anschutz Medical Campus</annotator>
    <span start="36346" end="36353" />
    <spannedText>neurons</spannedText>
  </annotation>
  <annotation>
    <mention id="CL_basic_2014_02_21_Instance_14179" />
    <annotator id="CL_basic_2014_02_21_Instance_10000">Mike Bada, University of Colorado Anschutz Medical Campus</annotator>
    <span start="37045" end="37052" />
    <spannedText>neurons</spannedText>
  </annotation>
  <annotation>
    <mention id="CL_basic_2014_02_21_Instance_14181" />
    <annotator id="CL_basic_2014_02_21_Instance_10000">Mike Bada, University of Colorado Anschutz Medical Campus</annotator>
    <span start="37426" end="37433" />
    <spannedText>neurons</spannedText>
  </annotation>
  <annotation>
    <mention id="CL_basic_2014_02_21_Instance_14183" />
    <annotator id="CL_basic_2014_02_21_Instance_10000">Mike Bada, University of Colorado Anschutz Medical Campus</annotator>
    <span start="37600" end="37607" />
    <spannedText>neurons</spannedText>
  </annotation>
  <annotation>
    <mention id="CL_basic_2014_02_21_Instance_14185" />
    <annotator id="CL_basic_2014_02_21_Instance_10000">Mike Bada, University of Colorado Anschutz Medical Campus</annotator>
    <span start="37718" end="37725" />
    <spannedText>neurons</spannedText>
  </annotation>
  <annotation>
    <mention id="CL_basic_2014_02_21_Instance_14187" />
    <annotator id="CL_basic_2014_02_21_Instance_10000">Mike Bada, University of Colorado Anschutz Medical Campus</annotator>
    <span start="37783" end="37790" />
    <spannedText>neurons</spannedText>
  </annotation>
  <annotation>
    <mention id="CL_basic_2014_02_21_Instance_22403" />
    <annotator id="CL_basic_2014_02_21_Instance_10000">Mike Bada, University of Colorado Anschutz Medical Campus</annotator>
    <span start="2353" end="2359" />
    <spannedText>neuron</spannedText>
  </annotation>
  <annotation>
    <mention id="CL_basic_2014_02_21_Instance_22405" />
    <annotator id="CL_basic_2014_02_21_Instance_10000">Mike Bada, University of Colorado Anschutz Medical Campus</annotator>
    <span start="5196" end="5212" />
    <spannedText>olfactory neuron</spannedText>
  </annotation>
  <annotation>
    <mention id="CL_basic_2014_02_21_Instance_22407" />
    <annotator id="CL_basic_2014_02_21_Instance_10000">Mike Bada, University of Colorado Anschutz Medical Campus</annotator>
    <span start="16892" end="16898" />
    <spannedText>T-cell</spannedText>
  </annotation>
  <annotation>
    <mention id="CL_basic_2014_02_21_Instance_22409" />
    <annotator id="CL_basic_2014_02_21_Instance_10000">Mike Bada, University of Colorado Anschutz Medical Campus</annotator>
    <span start="29790" end="29807" />
    <spannedText>olfactory neurons</spannedText>
  </annotation>
  <annotation>
    <mention id="CL_basic_2014_02_21_Instance_22411" />
    <annotator id="CL_basic_2014_02_21_Instance_10000">Mike Bada, University of Colorado Anschutz Medical Campus</annotator>
    <span start="30542" end="30558" />
    <spannedText>olfactory neuron</spannedText>
  </annotation>
  <annotation>
    <mention id="CL_basic_2014_02_21_Instance_22413" />
    <annotator id="CL_basic_2014_02_21_Instance_10000">Mike Bada, University of Colorado Anschutz Medical Campus</annotator>
    <span start="31109" end="31117" />
    <spannedText>neuronal</spannedText>
  </annotation>
  <annotation>
    <mention id="CL_basic_2014_02_21_Instance_22415" />
    <annotator id="CL_basic_2014_02_21_Instance_10000">Mike Bada, University of Colorado Anschutz Medical Campus</annotator>
    <span start="37377" end="37393" />
    <spannedText>olfactory neuron</spannedText>
  </annotation>
  <annotation>
    <mention id="CL_basic_2014_02_21_Instance_22417" />
    <annotator id="CL_basic_2014_02_21_Instance_10000">Mike Bada, University of Colorado Anschutz Medical Campus</annotator>
    <span start="38442" end="38448" />
    <spannedText>neuron</spannedText>
  </annotation>
  <annotation>
    <mention id="CL_basic_2014_02_21_Instance_22589" />
    <annotator id="CL_basic_2014_02_21_Instance_10000">Mike Bada, University of Colorado Anschutz Medical Campus</annotator>
    <span start="4323" end="4338" />
    <spannedText>erythroid cells</spannedText>
  </annotation>
  <classMention id="CL_basic_2014_02_21_Instance_14123">
    <mentionClass id="CL:0000019">sperm</mentionClass>
  </classMention>
  <classMention id="CL_basic_2014_02_21_Instance_14127">
    <mentionClass id="CL:0000540">neuron</mentionClass>
  </classMention>
  <classMention id="CL_basic_2014_02_21_Instance_14121">
    <mentionClass id="CL:0000018">spermatid</mentionClass>
  </classMention>
  <classMention id="CL_basic_2014_02_21_Instance_22405">
    <mentionClass id="CL:0000207">olfactory receptor cell</mentionClass>
  </classMention>
  <classMention id="CL_basic_2014_02_21_Instance_14179">
    <mentionClass id="CL:0000540">neuron</mentionClass>
  </classMention>
  <classMention id="CL_basic_2014_02_21_Instance_22407">
    <mentionClass id="CL:0000084">T cell</mentionClass>
  </classMention>
  <classMention id="CL_basic_2014_02_21_Instance_14181">
    <mentionClass id="CL:0000540">neuron</mentionClass>
  </classMention>
  <classMention id="CL_basic_2014_02_21_Instance_14149">
    <mentionClass id="CL:0000540">neuron</mentionClass>
  </classMention>
  <classMention id="CL_basic_2014_02_21_Instance_22403">
    <mentionClass id="CL:0000540">neuron</mentionClass>
  </classMention>
  <classMention id="CL_basic_2014_02_21_Instance_22589">
    <mentionClass id="CL:0000764">erythroid lineage cell</mentionClass>
  </classMention>
  <classMention id="CL_basic_2014_02_21_Instance_14173">
    <mentionClass id="CL:0000540">neuron</mentionClass>
  </classMention>
  <classMention id="CL_basic_2014_02_21_Instance_22413">
    <mentionClass id="CL:0000540">neuron</mentionClass>
  </classMention>
  <classMention id="CL_basic_2014_02_21_Instance_14187">
    <mentionClass id="CL:0000540">neuron</mentionClass>
  </classMention>
  <classMention id="CL_basic_2014_02_21_Instance_22415">
    <mentionClass id="CL:0000207">olfactory receptor cell</mentionClass>
  </classMention>
  <classMention id="CL_basic_2014_02_21_Instance_22409">
    <mentionClass id="CL:0000207">olfactory receptor cell</mentionClass>
  </classMention>
  <classMention id="CL_basic_2014_02_21_Instance_14183">
    <mentionClass id="CL:0000540">neuron</mentionClass>
  </classMention>
  <classMention id="CL_basic_2014_02_21_Instance_22411">
    <mentionClass id="CL:0000207">olfactory receptor cell</mentionClass>
  </classMention>
  <classMention id="CL_basic_2014_02_21_Instance_14185">
    <mentionClass id="CL:0000540">neuron</mentionClass>
  </classMention>
  <classMention id="CL_basic_2014_02_21_Instance_22417">
    <mentionClass id="CL:0000540">neuron</mentionClass>
  </classMention>
</annotations>

