<?xml version="1.0" encoding="UTF-8"?>
<annotations textSource="15314655.txt">
  <annotation>
    <mention id="CL_basic_2014_02_21_Instance_14603" />
    <annotator id="CL_basic_2014_02_21_Instance_10000">Mike Bada, University of Colorado Anschutz Medical Campus</annotator>
    <span start="413" end="427" />
    <spannedText>red blood cell</spannedText>
  </annotation>
  <annotation>
    <mention id="CL_basic_2014_02_21_Instance_14607" />
    <annotator id="CL_basic_2014_02_21_Instance_10000">Mike Bada, University of Colorado Anschutz Medical Campus</annotator>
    <span start="1070" end="1093" />
    <spannedText>hematopoietic stem cell</spannedText>
  </annotation>
  <annotation>
    <mention id="CL_basic_2014_02_21_Instance_14613" />
    <annotator id="CL_basic_2014_02_21_Instance_10000">Mike Bada, University of Colorado Anschutz Medical Campus</annotator>
    <span start="1781" end="1798" />
    <spannedText>white blood cells</spannedText>
  </annotation>
  <annotation>
    <mention id="CL_basic_2014_02_21_Instance_14615" />
    <annotator id="CL_basic_2014_02_21_Instance_10000">Mike Bada, University of Colorado Anschutz Medical Campus</annotator>
    <span start="2051" end="2062" />
    <spannedText>blood cells</spannedText>
  </annotation>
  <annotation>
    <mention id="CL_basic_2014_02_21_Instance_14619" />
    <annotator id="CL_basic_2014_02_21_Instance_10000">Mike Bada, University of Colorado Anschutz Medical Campus</annotator>
    <span start="2367" end="2379" />
    <spannedText>erythrocytes</spannedText>
  </annotation>
  <annotation>
    <mention id="CL_basic_2014_02_21_Instance_14621" />
    <annotator id="CL_basic_2014_02_21_Instance_10000">Mike Bada, University of Colorado Anschutz Medical Campus</annotator>
    <span start="2384" end="2395" />
    <spannedText>macrophages</spannedText>
  </annotation>
  <annotation>
    <mention id="CL_basic_2014_02_21_Instance_14623" />
    <annotator id="CL_basic_2014_02_21_Instance_10000">Mike Bada, University of Colorado Anschutz Medical Campus</annotator>
    <span start="2472" end="2482" />
    <spannedText>stem cells</spannedText>
  </annotation>
  <annotation>
    <mention id="CL_basic_2014_02_21_Instance_14625" />
    <annotator id="CL_basic_2014_02_21_Instance_10000">Mike Bada, University of Colorado Anschutz Medical Campus</annotator>
    <span start="2577" end="2601" />
    <spannedText>hematopoietic stem cells</spannedText>
  </annotation>
  <annotation>
    <mention id="CL_basic_2014_02_21_Instance_14627" />
    <annotator id="CL_basic_2014_02_21_Instance_10000">Mike Bada, University of Colorado Anschutz Medical Campus</annotator>
    <span start="2676" end="2687" />
    <spannedText>blood cells</spannedText>
  </annotation>
  <annotation>
    <mention id="CL_basic_2014_02_21_Instance_14629" />
    <annotator id="CL_basic_2014_02_21_Instance_10000">Mike Bada, University of Colorado Anschutz Medical Campus</annotator>
    <span start="2710" end="2722" />
    <spannedText>erythrocytes</spannedText>
  </annotation>
  <annotation>
    <mention id="CL_basic_2014_02_21_Instance_14631" />
    <annotator id="CL_basic_2014_02_21_Instance_10000">Mike Bada, University of Colorado Anschutz Medical Campus</annotator>
    <span start="2724" end="2737" />
    <spannedText>myeloid cells</spannedText>
  </annotation>
  <annotation>
    <mention id="CL_basic_2014_02_21_Instance_14633" />
    <annotator id="CL_basic_2014_02_21_Instance_10000">Mike Bada, University of Colorado Anschutz Medical Campus</annotator>
    <span start="2743" end="2754" />
    <spannedText>lymphocytes</spannedText>
  </annotation>
  <annotation>
    <mention id="CL_basic_2014_02_21_Instance_14635" />
    <annotator id="CL_basic_2014_02_21_Instance_10000">Mike Bada, University of Colorado Anschutz Medical Campus</annotator>
    <span start="3465" end="3491" />
    <spannedText>Erythroid progenitor cells</spannedText>
  </annotation>
  <annotation>
    <mention id="CL_basic_2014_02_21_Instance_14639" />
    <annotator id="CL_basic_2014_02_21_Instance_10000">Mike Bada, University of Colorado Anschutz Medical Campus</annotator>
    <span start="5919" end="5930" />
    <spannedText>fibroblasts</spannedText>
  </annotation>
  <annotation>
    <mention id="CL_basic_2014_02_21_Instance_14643" />
    <annotator id="CL_basic_2014_02_21_Instance_10000">Mike Bada, University of Colorado Anschutz Medical Campus</annotator>
    <span start="6411" end="6426" />
    <spannedText>red blood cells</spannedText>
  </annotation>
  <annotation>
    <mention id="CL_basic_2014_02_21_Instance_14645" />
    <annotator id="CL_basic_2014_02_21_Instance_10000">Mike Bada, University of Colorado Anschutz Medical Campus</annotator>
    <span start="6428" end="6432" />
    <spannedText>RBCs</spannedText>
  </annotation>
  <annotation>
    <mention id="CL_basic_2014_02_21_Instance_14651" />
    <annotator id="CL_basic_2014_02_21_Instance_10000">Mike Bada, University of Colorado Anschutz Medical Campus</annotator>
    <span start="7365" end="7369" />
    <spannedText>RBCs</spannedText>
  </annotation>
  <annotation>
    <mention id="CL_basic_2014_02_21_Instance_14653" />
    <annotator id="CL_basic_2014_02_21_Instance_10000">Mike Bada, University of Colorado Anschutz Medical Campus</annotator>
    <span start="7532" end="7549" />
    <spannedText>mesenchymal cells</spannedText>
  </annotation>
  <annotation>
    <mention id="CL_basic_2014_02_21_Instance_14655" />
    <annotator id="CL_basic_2014_02_21_Instance_10000">Mike Bada, University of Colorado Anschutz Medical Campus</annotator>
    <span start="7696" end="7722" />
    <spannedText>erythroid progenitor cells</spannedText>
  </annotation>
  <annotation>
    <mention id="CL_basic_2014_02_21_Instance_14657" />
    <annotator id="CL_basic_2014_02_21_Instance_10000">Mike Bada, University of Colorado Anschutz Medical Campus</annotator>
    <span start="7737" end="7754" />
    <spannedText>mesenchymal cells</spannedText>
  </annotation>
  <annotation>
    <mention id="CL_basic_2014_02_21_Instance_14659" />
    <annotator id="CL_basic_2014_02_21_Instance_10000">Mike Bada, University of Colorado Anschutz Medical Campus</annotator>
    <span start="8482" end="8497" />
    <spannedText>proerythroblast</spannedText>
  </annotation>
  <annotation>
    <mention id="CL_basic_2014_02_21_Instance_14661" />
    <annotator id="CL_basic_2014_02_21_Instance_10000">Mike Bada, University of Colorado Anschutz Medical Campus</annotator>
    <span start="8547" end="8560" />
    <spannedText>myeloid cells</spannedText>
  </annotation>
  <annotation>
    <mention id="CL_basic_2014_02_21_Instance_14663" />
    <annotator id="CL_basic_2014_02_21_Instance_10000">Mike Bada, University of Colorado Anschutz Medical Campus</annotator>
    <span start="11165" end="11176" />
    <spannedText>blood cells</spannedText>
  </annotation>
  <annotation>
    <mention id="CL_basic_2014_02_21_Instance_14665" />
    <annotator id="CL_basic_2014_02_21_Instance_10000">Mike Bada, University of Colorado Anschutz Medical Campus</annotator>
    <span start="11233" end="11244" />
    <spannedText>blood cells</spannedText>
  </annotation>
  <annotation>
    <mention id="CL_basic_2014_02_21_Instance_14667" />
    <annotator id="CL_basic_2014_02_21_Instance_10000">Mike Bada, University of Colorado Anschutz Medical Campus</annotator>
    <span start="11297" end="11301" />
    <spannedText>RBCs</spannedText>
  </annotation>
  <annotation>
    <mention id="CL_basic_2014_02_21_Instance_14669" />
    <annotator id="CL_basic_2014_02_21_Instance_10000">Mike Bada, University of Colorado Anschutz Medical Campus</annotator>
    <span start="11715" end="11727" />
    <spannedText>reticulocyte</spannedText>
  </annotation>
  <annotation>
    <mention id="CL_basic_2014_02_21_Instance_14671" />
    <annotator id="CL_basic_2014_02_21_Instance_10000">Mike Bada, University of Colorado Anschutz Medical Campus</annotator>
    <span start="12628" end="12637" />
    <spannedText>stem cell</spannedText>
  </annotation>
  <annotation>
    <mention id="CL_basic_2014_02_21_Instance_14677" />
    <annotator id="CL_basic_2014_02_21_Instance_10000">Mike Bada, University of Colorado Anschutz Medical Campus</annotator>
    <span start="15467" end="15479" />
    <spannedText>erythrocytes</spannedText>
  </annotation>
  <annotation>
    <mention id="CL_basic_2014_02_21_Instance_14683" />
    <annotator id="CL_basic_2014_02_21_Instance_10000">Mike Bada, University of Colorado Anschutz Medical Campus</annotator>
    <span start="15770" end="15774" />
    <spannedText>RBCs</spannedText>
  </annotation>
  <annotation>
    <mention id="CL_basic_2014_02_21_Instance_14685" />
    <annotator id="CL_basic_2014_02_21_Instance_10000">Mike Bada, University of Colorado Anschutz Medical Campus</annotator>
    <span start="15909" end="15926" />
    <spannedText>mesenchymal cells</spannedText>
  </annotation>
  <annotation>
    <mention id="CL_basic_2014_02_21_Instance_14687" />
    <annotator id="CL_basic_2014_02_21_Instance_10000">Mike Bada, University of Colorado Anschutz Medical Campus</annotator>
    <span start="16042" end="16052" />
    <spannedText>blood cell</spannedText>
  </annotation>
  <annotation>
    <mention id="CL_basic_2014_02_21_Instance_14689" />
    <annotator id="CL_basic_2014_02_21_Instance_10000">Mike Bada, University of Colorado Anschutz Medical Campus</annotator>
    <span start="16980" end="16991" />
    <spannedText>blood cells</spannedText>
  </annotation>
  <annotation>
    <mention id="CL_basic_2014_02_21_Instance_14701" />
    <annotator id="CL_basic_2014_02_21_Instance_10000">Mike Bada, University of Colorado Anschutz Medical Campus</annotator>
    <span start="17589" end="17600" />
    <spannedText>blood cells</spannedText>
  </annotation>
  <annotation>
    <mention id="CL_basic_2014_02_21_Instance_14703" />
    <annotator id="CL_basic_2014_02_21_Instance_10000">Mike Bada, University of Colorado Anschutz Medical Campus</annotator>
    <span start="17653" end="17664" />
    <spannedText>blood cells</spannedText>
  </annotation>
  <annotation>
    <mention id="CL_basic_2014_02_21_Instance_14709" />
    <annotator id="CL_basic_2014_02_21_Instance_10000">Mike Bada, University of Colorado Anschutz Medical Campus</annotator>
    <span start="18572" end="18582" />
    <spannedText>fibroblast</spannedText>
  </annotation>
  <annotation>
    <mention id="CL_basic_2014_02_21_Instance_14713" />
    <annotator id="CL_basic_2014_02_21_Instance_10000">Mike Bada, University of Colorado Anschutz Medical Campus</annotator>
    <span start="19688" end="19700" />
    <spannedText>erythrocytes</spannedText>
  </annotation>
  <annotation>
    <mention id="CL_basic_2014_02_21_Instance_14721" />
    <annotator id="CL_basic_2014_02_21_Instance_10000">Mike Bada, University of Colorado Anschutz Medical Campus</annotator>
    <span start="23974" end="23998" />
    <spannedText>hematopoietic stem cells</spannedText>
  </annotation>
  <annotation>
    <mention id="CL_basic_2014_02_21_Instance_14727" />
    <annotator id="CL_basic_2014_02_21_Instance_10000">Mike Bada, University of Colorado Anschutz Medical Campus</annotator>
    <span start="26220" end="26231" />
    <spannedText>blood cells</spannedText>
  </annotation>
  <annotation>
    <mention id="CL_basic_2014_02_21_Instance_14731" />
    <annotator id="CL_basic_2014_02_21_Instance_10000">Mike Bada, University of Colorado Anschutz Medical Campus</annotator>
    <span start="27754" end="27764" />
    <spannedText>blood cell</spannedText>
  </annotation>
  <annotation>
    <mention id="CL_basic_2014_02_21_Instance_14741" />
    <annotator id="CL_basic_2014_02_21_Instance_10000">Mike Bada, University of Colorado Anschutz Medical Campus</annotator>
    <span start="29938" end="29949" />
    <spannedText>fibroblasts</spannedText>
  </annotation>
  <annotation>
    <mention id="CL_basic_2014_02_21_Instance_14753" />
    <annotator id="CL_basic_2014_02_21_Instance_10000">Mike Bada, University of Colorado Anschutz Medical Campus</annotator>
    <span start="31068" end="31072" />
    <spannedText>RBCs</spannedText>
  </annotation>
  <annotation>
    <mention id="CL_basic_2014_02_21_Instance_14757" />
    <annotator id="CL_basic_2014_02_21_Instance_10000">Mike Bada, University of Colorado Anschutz Medical Campus</annotator>
    <span start="31178" end="31190" />
    <spannedText>erythrocytes</spannedText>
  </annotation>
  <annotation>
    <mention id="CL_basic_2014_02_21_Instance_14761" />
    <annotator id="CL_basic_2014_02_21_Instance_10000">Mike Bada, University of Colorado Anschutz Medical Campus</annotator>
    <span start="31508" end="31520" />
    <spannedText>Erythrocytes</spannedText>
  </annotation>
  <annotation>
    <mention id="CL_basic_2014_02_21_Instance_14765" />
    <annotator id="CL_basic_2014_02_21_Instance_10000">Mike Bada, University of Colorado Anschutz Medical Campus</annotator>
    <span start="31896" end="31908" />
    <spannedText>Erythrocytes</spannedText>
  </annotation>
  <annotation>
    <mention id="CL_basic_2014_02_21_Instance_21963" />
    <annotator id="CL_basic_2014_02_21_Instance_10000">Mike Bada, University of Colorado Anschutz Medical Campus</annotator>
    <span start="39842" end="39859" />
    <spannedText>circulating cells</spannedText>
  </annotation>
  <annotation>
    <mention id="CL_basic_2014_02_21_Instance_22359" />
    <annotator id="CL_basic_2014_02_21_Instance_10000">Mike Bada, University of Colorado Anschutz Medical Campus</annotator>
    <span start="39986" end="39990" />
    <spannedText>RBCs</spannedText>
  </annotation>
  <annotation>
    <mention id="CL_basic_2014_02_21_Instance_22397" />
    <annotator id="CL_basic_2014_02_21_Instance_10000">Mike Bada, University of Colorado Anschutz Medical Campus</annotator>
    <span start="40035" end="40052" />
    <spannedText>circulating cells</spannedText>
  </annotation>
  <annotation>
    <mention id="CL_basic_2014_02_21_Instance_22565" />
    <annotator id="CL_basic_2014_02_21_Instance_10000">Mike Bada, University of Colorado Anschutz Medical Campus</annotator>
    <span start="1256" end="1265" />
    <spannedText>erythroid</spannedText>
  </annotation>
  <annotation>
    <mention id="CL_basic_2014_02_21_Instance_22567" />
    <annotator id="CL_basic_2014_02_21_Instance_10000">Mike Bada, University of Colorado Anschutz Medical Campus</annotator>
    <span start="1296" end="1310" />
    <spannedText>erythroid cell</spannedText>
  </annotation>
  <annotation>
    <mention id="CL_basic_2014_02_21_Instance_22569" />
    <annotator id="CL_basic_2014_02_21_Instance_10000">Mike Bada, University of Colorado Anschutz Medical Campus</annotator>
    <span start="1420" end="1434" />
    <spannedText>erythroid cell</spannedText>
  </annotation>
  <annotation>
    <mention id="CL_basic_2014_02_21_Instance_22571" />
    <annotator id="CL_basic_2014_02_21_Instance_10000">Mike Bada, University of Colorado Anschutz Medical Campus</annotator>
    <span start="1773" end="1776" />
    <span start="1787" end="1798" />
    <spannedText>red ... blood cells</spannedText>
  </annotation>
  <annotation>
    <mention id="CL_basic_2014_02_21_Instance_22573" />
    <annotator id="CL_basic_2014_02_21_Instance_10000">Mike Bada, University of Colorado Anschutz Medical Campus</annotator>
    <span start="1944" end="1948" />
    <span start="1963" end="1968" />
    <spannedText>stem ... cells</spannedText>
  </annotation>
  <annotation>
    <mention id="CL_basic_2014_02_21_Instance_22575" />
    <annotator id="CL_basic_2014_02_21_Instance_10000">Mike Bada, University of Colorado Anschutz Medical Campus</annotator>
    <span start="3034" end="3043" />
    <spannedText>erythroid</spannedText>
  </annotation>
  <annotation>
    <mention id="CL_basic_2014_02_21_Instance_22591" />
    <annotator id="CL_basic_2014_02_21_Instance_10000">Mike Bada, University of Colorado Anschutz Medical Campus</annotator>
    <span start="3448" end="3463" />
    <spannedText>erythroid cells</spannedText>
  </annotation>
  <annotation>
    <mention id="CL_basic_2014_02_21_Instance_22599" />
    <annotator id="CL_basic_2014_02_21_Instance_10000">Mike Bada, University of Colorado Anschutz Medical Campus</annotator>
    <span start="5802" end="5811" />
    <spannedText>erythroid</spannedText>
  </annotation>
  <annotation>
    <mention id="CL_basic_2014_02_21_Instance_22603" />
    <annotator id="CL_basic_2014_02_21_Instance_10000">Mike Bada, University of Colorado Anschutz Medical Campus</annotator>
    <span start="6037" end="6051" />
    <spannedText>erythroid cell</spannedText>
  </annotation>
  <annotation>
    <mention id="CL_basic_2014_02_21_Instance_22609" />
    <annotator id="CL_basic_2014_02_21_Instance_10000">Mike Bada, University of Colorado Anschutz Medical Campus</annotator>
    <span start="6701" end="6716" />
    <spannedText>erythroid cells</spannedText>
  </annotation>
  <annotation>
    <mention id="CL_basic_2014_02_21_Instance_22613" />
    <annotator id="CL_basic_2014_02_21_Instance_10000">Mike Bada, University of Colorado Anschutz Medical Campus</annotator>
    <span start="7287" end="7294" />
    <spannedText>myeloid</spannedText>
  </annotation>
  <annotation>
    <mention id="CL_basic_2014_02_21_Instance_22617" />
    <annotator id="CL_basic_2014_02_21_Instance_10000">Mike Bada, University of Colorado Anschutz Medical Campus</annotator>
    <span start="8305" end="8314" />
    <spannedText>erythroid</spannedText>
  </annotation>
  <annotation>
    <mention id="CL_basic_2014_02_21_Instance_22621" />
    <annotator id="CL_basic_2014_02_21_Instance_10000">Mike Bada, University of Colorado Anschutz Medical Campus</annotator>
    <span start="8330" end="8337" />
    <spannedText>myeloid</spannedText>
  </annotation>
  <annotation>
    <mention id="CL_basic_2014_02_21_Instance_22627" />
    <annotator id="CL_basic_2014_02_21_Instance_10000">Mike Bada, University of Colorado Anschutz Medical Campus</annotator>
    <span start="13424" end="13433" />
    <spannedText>erythroid</spannedText>
  </annotation>
  <annotation>
    <mention id="CL_basic_2014_02_21_Instance_22635" />
    <annotator id="CL_basic_2014_02_21_Instance_10000">Mike Bada, University of Colorado Anschutz Medical Campus</annotator>
    <span start="16449" end="16464" />
    <spannedText>erythroid cells</spannedText>
  </annotation>
  <annotation>
    <mention id="CL_basic_2014_02_21_Instance_22641" />
    <annotator id="CL_basic_2014_02_21_Instance_10000">Mike Bada, University of Colorado Anschutz Medical Campus</annotator>
    <span start="16896" end="16911" />
    <spannedText>erythroid cells</spannedText>
  </annotation>
  <annotation>
    <mention id="CL_basic_2014_02_21_Instance_22645" />
    <annotator id="CL_basic_2014_02_21_Instance_10000">Mike Bada, University of Colorado Anschutz Medical Campus</annotator>
    <span start="17409" end="17424" />
    <spannedText>erythroid cells</spannedText>
  </annotation>
  <annotation>
    <mention id="CL_basic_2014_02_21_Instance_22653" />
    <annotator id="CL_basic_2014_02_21_Instance_10000">Mike Bada, University of Colorado Anschutz Medical Campus</annotator>
    <span start="18112" end="18127" />
    <spannedText>erythroid cells</spannedText>
  </annotation>
  <annotation>
    <mention id="CL_basic_2014_02_21_Instance_22657" />
    <annotator id="CL_basic_2014_02_21_Instance_10000">Mike Bada, University of Colorado Anschutz Medical Campus</annotator>
    <span start="19904" end="19913" />
    <spannedText>erythroid</spannedText>
  </annotation>
  <annotation>
    <mention id="CL_basic_2014_02_21_Instance_22661" />
    <annotator id="CL_basic_2014_02_21_Instance_10000">Mike Bada, University of Colorado Anschutz Medical Campus</annotator>
    <span start="20071" end="20086" />
    <spannedText>erythroid cells</spannedText>
  </annotation>
  <annotation>
    <mention id="CL_basic_2014_02_21_Instance_22663" />
    <annotator id="CL_basic_2014_02_21_Instance_10000">Mike Bada, University of Colorado Anschutz Medical Campus</annotator>
    <span start="20461" end="20470" />
    <spannedText>erythroid</spannedText>
  </annotation>
  <annotation>
    <mention id="CL_basic_2014_02_21_Instance_22671" />
    <annotator id="CL_basic_2014_02_21_Instance_10000">Mike Bada, University of Colorado Anschutz Medical Campus</annotator>
    <span start="23639" end="23654" />
    <spannedText>erythroid cells</spannedText>
  </annotation>
  <annotation>
    <mention id="CL_basic_2014_02_21_Instance_22675" />
    <annotator id="CL_basic_2014_02_21_Instance_10000">Mike Bada, University of Colorado Anschutz Medical Campus</annotator>
    <span start="23766" end="23781" />
    <spannedText>apoptotic cells</spannedText>
  </annotation>
  <annotation>
    <mention id="CL_basic_2014_02_21_Instance_22679" />
    <annotator id="CL_basic_2014_02_21_Instance_10000">Mike Bada, University of Colorado Anschutz Medical Campus</annotator>
    <span start="24209" end="24218" />
    <spannedText>erythroid</spannedText>
  </annotation>
  <annotation>
    <mention id="CL_basic_2014_02_21_Instance_22681" />
    <annotator id="CL_basic_2014_02_21_Instance_10000">Mike Bada, University of Colorado Anschutz Medical Campus</annotator>
    <span start="24260" end="24275" />
    <spannedText>erythroid cells</spannedText>
  </annotation>
  <annotation>
    <mention id="CL_basic_2014_02_21_Instance_22685" />
    <annotator id="CL_basic_2014_02_21_Instance_10000">Mike Bada, University of Colorado Anschutz Medical Campus</annotator>
    <span start="24326" end="24341" />
    <spannedText>erythroid cells</spannedText>
  </annotation>
  <annotation>
    <mention id="CL_basic_2014_02_21_Instance_22687" />
    <annotator id="CL_basic_2014_02_21_Instance_10000">Mike Bada, University of Colorado Anschutz Medical Campus</annotator>
    <span start="25287" end="25302" />
    <spannedText>erythroid cells</spannedText>
  </annotation>
  <annotation>
    <mention id="CL_basic_2014_02_21_Instance_22691" />
    <annotator id="CL_basic_2014_02_21_Instance_10000">Mike Bada, University of Colorado Anschutz Medical Campus</annotator>
    <span start="26385" end="26394" />
    <spannedText>erythroid</spannedText>
  </annotation>
  <annotation>
    <mention id="CL_basic_2014_02_21_Instance_22693" />
    <annotator id="CL_basic_2014_02_21_Instance_10000">Mike Bada, University of Colorado Anschutz Medical Campus</annotator>
    <span start="27579" end="27588" />
    <spannedText>erythroid</spannedText>
  </annotation>
  <annotation>
    <mention id="CL_basic_2014_02_21_Instance_22701" />
    <annotator id="CL_basic_2014_02_21_Instance_10000">Mike Bada, University of Colorado Anschutz Medical Campus</annotator>
    <span start="33428" end="33443" />
    <spannedText>red blood cells</spannedText>
  </annotation>
  <annotation>
    <mention id="CL_basic_2014_02_21_Instance_22703" />
    <annotator id="CL_basic_2014_02_21_Instance_10000">Mike Bada, University of Colorado Anschutz Medical Campus</annotator>
    <span start="33421" end="33425" />
    <spannedText>RBCs</spannedText>
  </annotation>
  <annotation>
    <mention id="CL_basic_2014_02_21_Instance_22705" />
    <annotator id="CL_basic_2014_02_21_Instance_10000">Mike Bada, University of Colorado Anschutz Medical Campus</annotator>
    <span start="33451" end="33460" />
    <spannedText>stem cell</spannedText>
  </annotation>
  <annotation>
    <mention id="CL_basic_2014_02_21_Instance_22707" />
    <annotator id="CL_basic_2014_02_21_Instance_10000">Mike Bada, University of Colorado Anschutz Medical Campus</annotator>
    <span start="33705" end="33721" />
    <spannedText>mesodermal cells</spannedText>
  </annotation>
  <annotation>
    <mention id="CL_basic_2014_02_21_Instance_22711" />
    <annotator id="CL_basic_2014_02_21_Instance_10000">Mike Bada, University of Colorado Anschutz Medical Campus</annotator>
    <span start="34276" end="34291" />
    <spannedText>erythroid cells</spannedText>
  </annotation>
  <annotation>
    <mention id="CL_basic_2014_02_21_Instance_22713" />
    <annotator id="CL_basic_2014_02_21_Instance_10000">Mike Bada, University of Colorado Anschutz Medical Campus</annotator>
    <span start="34307" end="34318" />
    <spannedText>macrophages</spannedText>
  </annotation>
  <annotation>
    <mention id="CL_basic_2014_02_21_Instance_22715" />
    <annotator id="CL_basic_2014_02_21_Instance_10000">Mike Bada, University of Colorado Anschutz Medical Campus</annotator>
    <span start="34380" end="34387" />
    <spannedText>T-cells</spannedText>
  </annotation>
  <annotation>
    <mention id="CL_basic_2014_02_21_Instance_22719" />
    <annotator id="CL_basic_2014_02_21_Instance_10000">Mike Bada, University of Colorado Anschutz Medical Campus</annotator>
    <span start="34903" end="34918" />
    <spannedText>erythroid cells</spannedText>
  </annotation>
  <annotation>
    <mention id="CL_basic_2014_02_21_Instance_22721" />
    <annotator id="CL_basic_2014_02_21_Instance_10000">Mike Bada, University of Colorado Anschutz Medical Campus</annotator>
    <span start="34970" end="34986" />
    <spannedText>proerythroblasts</spannedText>
  </annotation>
  <annotation>
    <mention id="CL_basic_2014_02_21_Instance_22725" />
    <annotator id="CL_basic_2014_02_21_Instance_10000">Mike Bada, University of Colorado Anschutz Medical Campus</annotator>
    <span start="38029" end="38033" />
    <spannedText>RBCs</spannedText>
  </annotation>
  <annotation>
    <mention id="CL_basic_2014_02_21_Instance_22729" />
    <annotator id="CL_basic_2014_02_21_Instance_10000">Mike Bada, University of Colorado Anschutz Medical Campus</annotator>
    <span start="38664" end="38668" />
    <spannedText>RBCs</spannedText>
  </annotation>
  <annotation>
    <mention id="CL_basic_2014_02_21_Instance_22733" />
    <annotator id="CL_basic_2014_02_21_Instance_10000">Mike Bada, University of Colorado Anschutz Medical Campus</annotator>
    <span start="38779" end="38791" />
    <spannedText>erythrocytes</spannedText>
  </annotation>
  <annotation>
    <mention id="CL_basic_2014_02_21_Instance_22737" />
    <annotator id="CL_basic_2014_02_21_Instance_10000">Mike Bada, University of Colorado Anschutz Medical Campus</annotator>
    <span start="39053" end="39068" />
    <spannedText>fibroblast cell</spannedText>
  </annotation>
  <annotation>
    <mention id="CL_basic_2014_02_21_Instance_22741" />
    <annotator id="CL_basic_2014_02_21_Instance_10000">Mike Bada, University of Colorado Anschutz Medical Campus</annotator>
    <span start="39538" end="39547" />
    <spannedText>erythroid</spannedText>
  </annotation>
  <annotation>
    <mention id="CL_basic_2014_02_21_Instance_22743" />
    <annotator id="CL_basic_2014_02_21_Instance_10000">Mike Bada, University of Colorado Anschutz Medical Campus</annotator>
    <span start="40328" end="40343" />
    <spannedText>Erythroid Cells</spannedText>
  </annotation>
  <annotation>
    <mention id="CL_basic_2014_02_21_Instance_22995" />
    <annotator id="CL_basic_2014_02_21_Instance_10000">Mike Bada, University of Colorado Anschutz Medical Campus</annotator>
    <span start="40547" end="40562" />
    <spannedText>erythroid cells</spannedText>
  </annotation>
  <annotation>
    <mention id="CL_basic_2014_02_21_Instance_60121" />
    <annotator id="CL_basic_2014_02_21_Instance_10000">Mike Bada, University of Colorado Anschutz Medical Campus</annotator>
    <span start="19358" end="19371" />
    <spannedText>promyelocytic</spannedText>
  </annotation>
  <annotation>
    <mention id="CL_basic_2014_02_21_Instance_60124" />
    <annotator id="CL_basic_2014_02_21_Instance_10000">Mike Bada, University of Colorado Anschutz Medical Campus</annotator>
    <span start="33384" end="33397" />
    <spannedText>promyelocytic</spannedText>
  </annotation>
  <annotation>
    <mention id="CL_basic_2014_02_21_Instance_70176" />
    <annotator id="CL_basic_2014_02_21_Instance_10000">Mike Bada, University of Colorado Anschutz Medical Campus</annotator>
    <span start="1005" end="1012" />
    <spannedText>zygotic</spannedText>
  </annotation>
  <annotation>
    <mention id="CL_basic_2014_02_21_Instance_70178" />
    <annotator id="CL_basic_2014_02_21_Instance_10000">Mike Bada, University of Colorado Anschutz Medical Campus</annotator>
    <span start="12368" end="12375" />
    <spannedText>zygotic</spannedText>
  </annotation>
  <annotation>
    <mention id="CL_basic_2014_02_21_Instance_70180" />
    <annotator id="CL_basic_2014_02_21_Instance_10000">Mike Bada, University of Colorado Anschutz Medical Campus</annotator>
    <span start="24586" end="24593" />
    <spannedText>zygotic</spannedText>
  </annotation>
  <annotation>
    <mention id="CL_basic_2014_02_21_Instance_70182" />
    <annotator id="CL_basic_2014_02_21_Instance_10000">Mike Bada, University of Colorado Anschutz Medical Campus</annotator>
    <span start="25031" end="25038" />
    <spannedText>zygotic</spannedText>
  </annotation>
  <annotation>
    <mention id="CL_basic_2014_02_21_Instance_70184" />
    <annotator id="CL_basic_2014_02_21_Instance_10000">Mike Bada, University of Colorado Anschutz Medical Campus</annotator>
    <span start="24847" end="24851" />
    <spannedText>eggs</spannedText>
  </annotation>
  <annotation>
    <mention id="CL_basic_2014_02_21_plus_nested_Instance_13423" />
    <annotator id="CL_basic_2014_02_21_Instance_10000">Mike Bada, University of Colorado Anschutz Medical Campus</annotator>
    <span start="1553" end="1572" />
    <spannedText>hematopoietic cells</spannedText>
  </annotation>
  <annotation>
    <mention id="CL_basic_2014_02_21_plus_nested_Instance_13458" />
    <annotator id="CL_basic_2014_02_21_Instance_10000">Mike Bada, University of Colorado Anschutz Medical Campus</annotator>
    <span start="6550" end="6569" />
    <spannedText>hematopoietic cells</spannedText>
  </annotation>
  <annotation>
    <mention id="CL_basic_2014_02_21_plus_nested_Instance_13471" />
    <annotator id="CL_basic_2014_02_21_Instance_10000">Mike Bada, University of Colorado Anschutz Medical Campus</annotator>
    <span start="7062" end="7081" />
    <spannedText>hematopoietic cells</spannedText>
  </annotation>
  <annotation>
    <mention id="CL_basic_2014_02_21_plus_nested_Instance_13490" />
    <annotator id="CL_basic_2014_02_21_Instance_10000">Mike Bada, University of Colorado Anschutz Medical Campus</annotator>
    <span start="11153" end="11164" />
    <span start="11171" end="11176" />
    <spannedText>circulating ... cells</spannedText>
  </annotation>
  <annotation>
    <mention id="CL_basic_2014_02_21_plus_nested_Instance_13493" />
    <annotator id="CL_basic_2014_02_21_Instance_10000">Mike Bada, University of Colorado Anschutz Medical Campus</annotator>
    <span start="11221" end="11232" />
    <span start="11239" end="11244" />
    <spannedText>circulating ... cells</spannedText>
  </annotation>
  <annotation>
    <mention id="CL_basic_2014_02_21_plus_nested_Instance_13512" />
    <annotator id="CL_basic_2014_02_21_Instance_10000">Mike Bada, University of Colorado Anschutz Medical Campus</annotator>
    <span start="16544" end="16563" />
    <spannedText>hematopoietic cells</spannedText>
  </annotation>
  <annotation>
    <mention id="CL_basic_2014_02_21_plus_nested_Instance_13525" />
    <annotator id="CL_basic_2014_02_21_Instance_10000">Mike Bada, University of Colorado Anschutz Medical Campus</annotator>
    <span start="21898" end="21917" />
    <spannedText>hematopoietic cells</spannedText>
  </annotation>
  <annotation>
    <mention id="CL_basic_2014_02_21_plus_nested_Instance_13537" />
    <annotator id="CL_basic_2014_02_21_Instance_10000">Mike Bada, University of Colorado Anschutz Medical Campus</annotator>
    <span start="22472" end="22491" />
    <spannedText>hematopoietic cells</spannedText>
  </annotation>
  <annotation>
    <mention id="CL_basic_2014_02_21_plus_nested_Instance_13544" />
    <annotator id="CL_basic_2014_02_21_Instance_10000">Mike Bada, University of Colorado Anschutz Medical Campus</annotator>
    <span start="23271" end="23280" />
    <spannedText>Erythroid</spannedText>
  </annotation>
  <annotation>
    <mention id="CL_basic_2014_02_21_plus_nested_Instance_13556" />
    <annotator id="CL_basic_2014_02_21_Instance_10000">Mike Bada, University of Colorado Anschutz Medical Campus</annotator>
    <span start="23415" end="23424" />
    <spannedText>erythroid</spannedText>
  </annotation>
  <annotation>
    <mention id="CL_basic_2014_02_21_plus_nested_Instance_13583" />
    <annotator id="CL_basic_2014_02_21_Instance_10000">Mike Bada, University of Colorado Anschutz Medical Campus</annotator>
    <span start="24146" end="24165" />
    <spannedText>hematopoietic cells</spannedText>
  </annotation>
  <annotation>
    <mention id="CL_basic_2014_02_21_plus_nested_Instance_13592" />
    <annotator id="CL_basic_2014_02_21_Instance_10000">Mike Bada, University of Colorado Anschutz Medical Campus</annotator>
    <span start="26549" end="26579" />
    <spannedText>hematopoietic progenitor cells</spannedText>
  </annotation>
  <annotation>
    <mention id="CL_basic_2014_02_21_plus_nested_Instance_13603" />
    <annotator id="CL_basic_2014_02_21_Instance_10000">Mike Bada, University of Colorado Anschutz Medical Campus</annotator>
    <span start="34005" end="34024" />
    <spannedText>hematopoietic cells</spannedText>
  </annotation>
  <annotation>
    <mention id="CL_basic_2014_02_21_plus_nested_Instance_13616" />
    <annotator id="CL_basic_2014_02_21_Instance_10000">Mike Bada, University of Colorado Anschutz Medical Campus</annotator>
    <span start="642" end="672" />
    <spannedText>hematopoietic progenitor cells</spannedText>
  </annotation>
  <annotation>
    <mention id="CL_basic_2014_02_21_plus_nested_Instance_13620" />
    <annotator id="CL_basic_2014_02_21_Instance_10000">Mike Bada, University of Colorado Anschutz Medical Campus</annotator>
    <span start="37052" end="37071" />
    <spannedText>hematopoietic cells</spannedText>
  </annotation>
  <annotation>
    <mention id="CL_basic_2014_02_21_plus_nested_Instance_13636" />
    <annotator id="CL_basic_2014_02_21_Instance_10000">Mike Bada, University of Colorado Anschutz Medical Campus</annotator>
    <span start="1761" end="1772" />
    <span start="1793" end="1798" />
    <spannedText>circulating ... cells</spannedText>
  </annotation>
  <annotation>
    <mention id="CL_basic_2014_02_21_plus_nested_Instance_13639" />
    <annotator id="CL_basic_2014_02_21_Instance_10000">Mike Bada, University of Colorado Anschutz Medical Campus</annotator>
    <span start="16986" end="17006" />
    <spannedText>cells in circulation</spannedText>
  </annotation>
  <annotation>
    <mention id="CL_basic_2014_02_21_plus_nested_Instance_13642" />
    <annotator id="CL_basic_2014_02_21_Instance_10000">Mike Bada, University of Colorado Anschutz Medical Campus</annotator>
    <span start="17139" end="17159" />
    <spannedText>cells in circulation</spannedText>
  </annotation>
  <annotation>
    <mention id="CL_basic_2014_02_21_plus_nested_Instance_13645" />
    <annotator id="CL_basic_2014_02_21_Instance_10000">Mike Bada, University of Colorado Anschutz Medical Campus</annotator>
    <span start="17445" end="17465" />
    <spannedText>cells in circulation</spannedText>
  </annotation>
  <annotation>
    <mention id="CL_basic_2014_02_21_plus_nested_Instance_13648" />
    <annotator id="CL_basic_2014_02_21_Instance_10000">Mike Bada, University of Colorado Anschutz Medical Campus</annotator>
    <span start="17542" end="17562" />
    <spannedText>cells in circulation</spannedText>
  </annotation>
  <annotation>
    <mention id="CL_basic_2014_02_21_plus_nested_Instance_13651" />
    <annotator id="CL_basic_2014_02_21_Instance_10000">Mike Bada, University of Colorado Anschutz Medical Campus</annotator>
    <span start="31347" end="31367" />
    <spannedText>Cells in Circulation</spannedText>
  </annotation>
  <annotation>
    <mention id="CL_basic_2014_02_21_plus_nested_Instance_13654" />
    <annotator id="CL_basic_2014_02_21_Instance_10000">Mike Bada, University of Colorado Anschutz Medical Campus</annotator>
    <span start="31725" end="31745" />
    <spannedText>Cells in Circulation</spannedText>
  </annotation>
  <annotation>
    <mention id="CL_basic_2014_02_21_plus_nested_Instance_13657" />
    <annotator id="CL_basic_2014_02_21_Instance_10000">Mike Bada, University of Colorado Anschutz Medical Campus</annotator>
    <span start="40659" end="40679" />
    <spannedText>cells in circulation</spannedText>
  </annotation>
  <annotation>
    <mention id="CL_basic_2014_02_21_plus_nested_Instance_13660" />
    <annotator id="CL_basic_2014_02_21_Instance_10000">Mike Bada, University of Colorado Anschutz Medical Campus</annotator>
    <span start="39043" end="39052" />
    <span start="39064" end="39068" />
    <spannedText>embryonic ... cell</spannedText>
  </annotation>
  <annotation>
    <mention id="CL_basic_2014_02_21_plus_nested_Instance_13671" />
    <annotator id="CL_basic_2014_02_21_Instance_10000">Mike Bada, University of Colorado Anschutz Medical Campus</annotator>
    <span start="16970" end="16979" />
    <span start="16986" end="16991" />
    <spannedText>embryonic ... cells</spannedText>
  </annotation>
  <classMention id="CL_basic_2014_02_21_plus_nested_Instance_13603">
    <mentionClass id="CL:0000988">hematopoietic cell</mentionClass>
  </classMention>
  <classMention id="CL_basic_2014_02_21_Instance_22685">
    <mentionClass id="CL:0000764">erythroid lineage cell</mentionClass>
  </classMention>
  <classMention id="CL_basic_2014_02_21_Instance_22995">
    <mentionClass id="CL:0000764">erythroid lineage cell</mentionClass>
  </classMention>
  <classMention id="CL_basic_2014_02_21_plus_nested_Instance_13616">
    <mentionClass id="CL:0008001">hematopoietic precursor cell</mentionClass>
  </classMention>
  <classMention id="CL_basic_2014_02_21_Instance_22679">
    <mentionClass id="CL:0000764">erythroid lineage cell</mentionClass>
  </classMention>
  <classMention id="CL_basic_2014_02_21_plus_nested_Instance_13583">
    <mentionClass id="CL:0000988">hematopoietic cell</mentionClass>
  </classMention>
  <classMention id="CL_basic_2014_02_21_Instance_22681">
    <mentionClass id="CL:0000764">erythroid lineage cell</mentionClass>
  </classMention>
  <classMention id="CL_basic_2014_02_21_plus_nested_Instance_13592">
    <mentionClass id="CL:0008001">hematopoietic precursor cell</mentionClass>
  </classMention>
  <classMention id="CL_basic_2014_02_21_Instance_22691">
    <mentionClass id="CL:0000764">erythroid lineage cell</mentionClass>
  </classMention>
  <classMention id="CL_basic_2014_02_21_plus_nested_Instance_13639">
    <mentionClass id="CL:0000080">circulating cell</mentionClass>
  </classMention>
  <classMention id="CL_basic_2014_02_21_Instance_22693">
    <mentionClass id="CL:0000764">erythroid lineage cell</mentionClass>
  </classMention>
  <classMention id="CL_basic_2014_02_21_plus_nested_Instance_13642">
    <mentionClass id="CL:0000080">circulating cell</mentionClass>
  </classMention>
  <classMention id="CL_basic_2014_02_21_Instance_21963">
    <mentionClass id="CL:0000080">circulating cell</mentionClass>
  </classMention>
  <classMention id="CL_basic_2014_02_21_Instance_22687">
    <mentionClass id="CL:0000764">erythroid lineage cell</mentionClass>
  </classMention>
  <classMention id="CL_basic_2014_02_21_plus_nested_Instance_13620">
    <mentionClass id="CL:0000988">hematopoietic cell</mentionClass>
  </classMention>
  <classMention id="CL_basic_2014_02_21_plus_nested_Instance_13636">
    <mentionClass id="CL:0000080">circulating cell</mentionClass>
  </classMention>
  <classMention id="CL_basic_2014_02_21_Instance_22701">
    <mentionClass id="CL:0000232">erythrocyte</mentionClass>
  </classMention>
  <classMention id="CL_basic_2014_02_21_plus_nested_Instance_13651">
    <mentionClass id="CL:0000080">circulating cell</mentionClass>
  </classMention>
  <classMention id="CL_basic_2014_02_21_Instance_22703">
    <mentionClass id="CL:0000232">erythrocyte</mentionClass>
  </classMention>
  <classMention id="CL_basic_2014_02_21_plus_nested_Instance_13654">
    <mentionClass id="CL:0000080">circulating cell</mentionClass>
  </classMention>
  <classMention id="CL_basic_2014_02_21_plus_nested_Instance_13645">
    <mentionClass id="CL:0000080">circulating cell</mentionClass>
  </classMention>
  <classMention id="CL_basic_2014_02_21_plus_nested_Instance_13648">
    <mentionClass id="CL:0000080">circulating cell</mentionClass>
  </classMention>
  <classMention id="CL_basic_2014_02_21_plus_nested_Instance_13671">
    <mentionClass id="CL:0002321">embryonic cell</mentionClass>
  </classMention>
  <classMention id="CL_basic_2014_02_21_Instance_22711">
    <mentionClass id="CL:0000764">erythroid lineage cell</mentionClass>
  </classMention>
  <classMention id="CL_basic_2014_02_21_Instance_22705">
    <mentionClass id="CL:0000034">stem cell</mentionClass>
  </classMention>
  <classMention id="CL_basic_2014_02_21_plus_nested_Instance_13657">
    <mentionClass id="CL:0000080">circulating cell</mentionClass>
  </classMention>
  <classMention id="CL_basic_2014_02_21_Instance_22707">
    <mentionClass id="CL:0000222">mesodermal cell</mentionClass>
  </classMention>
  <classMention id="CL_basic_2014_02_21_plus_nested_Instance_13660">
    <mentionClass id="CL:0002321">embryonic cell</mentionClass>
  </classMention>
  <classMention id="CL_basic_2014_02_21_Instance_22719">
    <mentionClass id="CL:0000764">erythroid lineage cell</mentionClass>
  </classMention>
  <classMention id="CL_basic_2014_02_21_Instance_22721">
    <mentionClass id="CL:0000547">proerythroblast</mentionClass>
  </classMention>
  <classMention id="CL_basic_2014_02_21_Instance_22713">
    <mentionClass id="CL:0000235">macrophage</mentionClass>
  </classMention>
  <classMention id="CL_basic_2014_02_21_Instance_22715">
    <mentionClass id="CL:0000084">T cell</mentionClass>
  </classMention>
  <classMention id="CL_basic_2014_02_21_Instance_22729">
    <mentionClass id="CL:0000232">erythrocyte</mentionClass>
  </classMention>
  <classMention id="CL_basic_2014_02_21_Instance_14603">
    <mentionClass id="CL:0000232">erythrocyte</mentionClass>
  </classMention>
  <classMention id="CL_basic_2014_02_21_Instance_22733">
    <mentionClass id="CL:0000232">erythrocyte</mentionClass>
  </classMention>
  <classMention id="CL_basic_2014_02_21_Instance_14607">
    <mentionClass id="CL:0000037">hematopoietic stem cell</mentionClass>
  </classMention>
  <classMention id="CL_basic_2014_02_21_Instance_22725">
    <mentionClass id="CL:0000232">erythrocyte</mentionClass>
  </classMention>
  <classMention id="CL_basic_2014_02_21_Instance_22741">
    <mentionClass id="CL:0000764">erythroid lineage cell</mentionClass>
  </classMention>
  <classMention id="CL_basic_2014_02_21_Instance_14619">
    <mentionClass id="CL:0000232">erythrocyte</mentionClass>
  </classMention>
  <classMention id="CL_basic_2014_02_21_Instance_22743">
    <mentionClass id="CL:0000764">erythroid lineage cell</mentionClass>
  </classMention>
  <classMention id="CL_basic_2014_02_21_Instance_14621">
    <mentionClass id="CL:0000235">macrophage</mentionClass>
  </classMention>
  <classMention id="CL_basic_2014_02_21_Instance_14613">
    <mentionClass id="CL:0000738">leukocyte</mentionClass>
  </classMention>
  <classMention id="CL_basic_2014_02_21_Instance_22737">
    <mentionClass id="CL:0000057">fibroblast</mentionClass>
  </classMention>
  <classMention id="CL_basic_2014_02_21_Instance_14615">
    <mentionClass id="CL:0000081">blood cell</mentionClass>
  </classMention>
  <classMention id="CL_basic_2014_02_21_Instance_14627">
    <mentionClass id="CL:0000081">blood cell</mentionClass>
  </classMention>
  <classMention id="CL_basic_2014_02_21_Instance_14629">
    <mentionClass id="CL:0000232">erythrocyte</mentionClass>
  </classMention>
  <classMention id="CL_basic_2014_02_21_Instance_14623">
    <mentionClass id="CL:0000034">stem cell</mentionClass>
  </classMention>
  <classMention id="CL_basic_2014_02_21_Instance_14625">
    <mentionClass id="CL:0000037">hematopoietic stem cell</mentionClass>
  </classMention>
  <classMention id="CL_basic_2014_02_21_Instance_14635">
    <mentionClass id="CL:0000038">erythroid progenitor cell</mentionClass>
  </classMention>
  <classMention id="CL_basic_2014_02_21_Instance_14639">
    <mentionClass id="CL:0000057">fibroblast</mentionClass>
  </classMention>
  <classMention id="CL_basic_2014_02_21_Instance_14631">
    <mentionClass id="CL:0000763">myeloid cell</mentionClass>
  </classMention>
  <classMention id="CL_basic_2014_02_21_Instance_14633">
    <mentionClass id="CL:0000542">lymphocyte</mentionClass>
  </classMention>
  <classMention id="CL_basic_2014_02_21_Instance_14651">
    <mentionClass id="CL:0000232">erythrocyte</mentionClass>
  </classMention>
  <classMention id="CL_basic_2014_02_21_Instance_14653">
    <mentionClass id="CL:0000134">mesenchymal cell</mentionClass>
  </classMention>
  <classMention id="CL_basic_2014_02_21_Instance_14643">
    <mentionClass id="CL:0000232">erythrocyte</mentionClass>
  </classMention>
  <classMention id="CL_basic_2014_02_21_Instance_14645">
    <mentionClass id="CL:0000232">erythrocyte</mentionClass>
  </classMention>
  <classMention id="CL_basic_2014_02_21_Instance_14659">
    <mentionClass id="CL:0000547">proerythroblast</mentionClass>
  </classMention>
  <classMention id="CL_basic_2014_02_21_Instance_14661">
    <mentionClass id="CL:0000763">myeloid cell</mentionClass>
  </classMention>
  <classMention id="CL_basic_2014_02_21_Instance_14655">
    <mentionClass id="CL:0000038">erythroid progenitor cell</mentionClass>
  </classMention>
  <classMention id="CL_basic_2014_02_21_Instance_14657">
    <mentionClass id="CL:0000134">mesenchymal cell</mentionClass>
  </classMention>
  <classMention id="CL_basic_2014_02_21_Instance_60124">
    <mentionClass id="CL:0000836">promyelocyte</mentionClass>
  </classMention>
  <classMention id="CL_basic_2014_02_21_Instance_14667">
    <mentionClass id="CL:0000232">erythrocyte</mentionClass>
  </classMention>
  <classMention id="CL_basic_2014_02_21_Instance_14669">
    <mentionClass id="CL:0000558">reticulocyte</mentionClass>
  </classMention>
  <classMention id="CL_basic_2014_02_21_Instance_14663">
    <mentionClass id="CL:0000081">blood cell</mentionClass>
  </classMention>
  <classMention id="CL_basic_2014_02_21_Instance_60121">
    <mentionClass id="CL:0000836">promyelocyte</mentionClass>
  </classMention>
  <classMention id="CL_basic_2014_02_21_Instance_14665">
    <mentionClass id="CL:0000081">blood cell</mentionClass>
  </classMention>
  <classMention id="CL_basic_2014_02_21_Instance_14683">
    <mentionClass id="CL:0000232">erythrocyte</mentionClass>
  </classMention>
  <classMention id="CL_basic_2014_02_21_Instance_14685">
    <mentionClass id="CL:0000134">mesenchymal cell</mentionClass>
  </classMention>
  <classMention id="CL_basic_2014_02_21_Instance_14671">
    <mentionClass id="CL:0000034">stem cell</mentionClass>
  </classMention>
  <classMention id="CL_basic_2014_02_21_Instance_22359">
    <mentionClass id="CL:0000232">erythrocyte</mentionClass>
  </classMention>
  <classMention id="CL_basic_2014_02_21_Instance_14677">
    <mentionClass id="CL:0000232">erythrocyte</mentionClass>
  </classMention>
  <classMention id="CL_basic_2014_02_21_Instance_14701">
    <mentionClass id="CL:0000081">blood cell</mentionClass>
  </classMention>
  <classMention id="CL_basic_2014_02_21_Instance_14703">
    <mentionClass id="CL:0000081">blood cell</mentionClass>
  </classMention>
  <classMention id="CL_basic_2014_02_21_Instance_14687">
    <mentionClass id="CL:0000081">blood cell</mentionClass>
  </classMention>
  <classMention id="CL_basic_2014_02_21_Instance_14689">
    <mentionClass id="CL:0000081">blood cell</mentionClass>
  </classMention>
  <classMention id="CL_basic_2014_02_21_Instance_14721">
    <mentionClass id="CL:0000037">hematopoietic stem cell</mentionClass>
  </classMention>
  <classMention id="CL_basic_2014_02_21_Instance_14727">
    <mentionClass id="CL:0000081">blood cell</mentionClass>
  </classMention>
  <classMention id="CL_basic_2014_02_21_Instance_14709">
    <mentionClass id="CL:0000057">fibroblast</mentionClass>
  </classMention>
  <classMention id="CL_basic_2014_02_21_Instance_14713">
    <mentionClass id="CL:0000232">erythrocyte</mentionClass>
  </classMention>
  <classMention id="CL_basic_2014_02_21_Instance_14753">
    <mentionClass id="CL:0000232">erythrocyte</mentionClass>
  </classMention>
  <classMention id="CL_basic_2014_02_21_Instance_14757">
    <mentionClass id="CL:0000232">erythrocyte</mentionClass>
  </classMention>
  <classMention id="CL_basic_2014_02_21_Instance_14731">
    <mentionClass id="CL:0000081">blood cell</mentionClass>
  </classMention>
  <classMention id="CL_basic_2014_02_21_Instance_14741">
    <mentionClass id="CL:0000057">fibroblast</mentionClass>
  </classMention>
  <classMention id="CL_basic_2014_02_21_Instance_22397">
    <mentionClass id="CL:0000080">circulating cell</mentionClass>
  </classMention>
  <classMention id="CL_basic_2014_02_21_Instance_14761">
    <mentionClass id="CL:0000232">erythrocyte</mentionClass>
  </classMention>
  <classMention id="CL_basic_2014_02_21_Instance_14765">
    <mentionClass id="CL:0000232">erythrocyte</mentionClass>
  </classMention>
  <classMention id="CL_basic_2014_02_21_Instance_70176">
    <mentionClass id="CL:0000365">zygote</mentionClass>
  </classMention>
  <classMention id="CL_basic_2014_02_21_Instance_70182">
    <mentionClass id="CL:0000365">zygote</mentionClass>
  </classMention>
  <classMention id="CL_basic_2014_02_21_Instance_70184">
    <mentionClass id="CL:0000025">egg cell</mentionClass>
  </classMention>
  <classMention id="CL_basic_2014_02_21_Instance_70178">
    <mentionClass id="CL:0000365">zygote</mentionClass>
  </classMention>
  <classMention id="CL_basic_2014_02_21_Instance_70180">
    <mentionClass id="CL:0000365">zygote</mentionClass>
  </classMention>
  <classMention id="CL_basic_2014_02_21_Instance_22569">
    <mentionClass id="CL:0000764">erythroid lineage cell</mentionClass>
  </classMention>
  <classMention id="CL_basic_2014_02_21_Instance_22571">
    <mentionClass id="CL:0000232">erythrocyte</mentionClass>
  </classMention>
  <classMention id="CL_basic_2014_02_21_Instance_22565">
    <mentionClass id="CL:0000764">erythroid lineage cell</mentionClass>
  </classMention>
  <classMention id="CL_basic_2014_02_21_Instance_22567">
    <mentionClass id="CL:0000764">erythroid lineage cell</mentionClass>
  </classMention>
  <classMention id="CL_basic_2014_02_21_Instance_22573">
    <mentionClass id="CL:0000034">stem cell</mentionClass>
  </classMention>
  <classMention id="CL_basic_2014_02_21_Instance_22575">
    <mentionClass id="CL:0000764">erythroid lineage cell</mentionClass>
  </classMention>
  <classMention id="CL_basic_2014_02_21_Instance_22591">
    <mentionClass id="CL:0000764">erythroid lineage cell</mentionClass>
  </classMention>
  <classMention id="CL_basic_2014_02_21_Instance_22599">
    <mentionClass id="CL:0000764">erythroid lineage cell</mentionClass>
  </classMention>
  <classMention id="CL_basic_2014_02_21_Instance_22609">
    <mentionClass id="CL:0000764">erythroid lineage cell</mentionClass>
  </classMention>
  <classMention id="CL_basic_2014_02_21_Instance_22603">
    <mentionClass id="CL:0000764">erythroid lineage cell</mentionClass>
  </classMention>
  <classMention id="CL_basic_2014_02_21_Instance_22617">
    <mentionClass id="CL:0000764">erythroid lineage cell</mentionClass>
  </classMention>
  <classMention id="CL_basic_2014_02_21_Instance_22621">
    <mentionClass id="CL:0000763">myeloid cell</mentionClass>
  </classMention>
  <classMention id="CL_basic_2014_02_21_Instance_22613">
    <mentionClass id="CL:0000763">myeloid cell</mentionClass>
  </classMention>
  <classMention id="CL_basic_2014_02_21_Instance_22627">
    <mentionClass id="CL:0000764">erythroid lineage cell</mentionClass>
  </classMention>
  <classMention id="CL_basic_2014_02_21_Instance_22645">
    <mentionClass id="CL:0000764">erythroid lineage cell</mentionClass>
  </classMention>
  <classMention id="CL_basic_2014_02_21_plus_nested_Instance_13458">
    <mentionClass id="CL:0000988">hematopoietic cell</mentionClass>
  </classMention>
  <classMention id="CL_basic_2014_02_21_Instance_22653">
    <mentionClass id="CL:0000764">erythroid lineage cell</mentionClass>
  </classMention>
  <classMention id="CL_basic_2014_02_21_plus_nested_Instance_13471">
    <mentionClass id="CL:0000988">hematopoietic cell</mentionClass>
  </classMention>
  <classMention id="CL_basic_2014_02_21_Instance_22635">
    <mentionClass id="CL:0000764">erythroid lineage cell</mentionClass>
  </classMention>
  <classMention id="CL_basic_2014_02_21_Instance_22641">
    <mentionClass id="CL:0000764">erythroid lineage cell</mentionClass>
  </classMention>
  <classMention id="CL_basic_2014_02_21_plus_nested_Instance_13423">
    <mentionClass id="CL:0000988">hematopoietic cell</mentionClass>
  </classMention>
  <classMention id="CL_basic_2014_02_21_Instance_22661">
    <mentionClass id="CL:0000764">erythroid lineage cell</mentionClass>
  </classMention>
  <classMention id="CL_basic_2014_02_21_Instance_22663">
    <mentionClass id="CL:0000764">erythroid lineage cell</mentionClass>
  </classMention>
  <classMention id="CL_basic_2014_02_21_plus_nested_Instance_13512">
    <mentionClass id="CL:0000988">hematopoietic cell</mentionClass>
  </classMention>
  <classMention id="CL_basic_2014_02_21_Instance_22657">
    <mentionClass id="CL:0000764">erythroid lineage cell</mentionClass>
  </classMention>
  <classMention id="CL_basic_2014_02_21_plus_nested_Instance_13490">
    <mentionClass id="CL:0000080">circulating cell</mentionClass>
  </classMention>
  <classMention id="CL_basic_2014_02_21_plus_nested_Instance_13493">
    <mentionClass id="CL:0000080">circulating cell</mentionClass>
  </classMention>
  <classMention id="CL_basic_2014_02_21_plus_nested_Instance_13544">
    <mentionClass id="CL:0000764">erythroid lineage cell</mentionClass>
  </classMention>
  <classMention id="CL_basic_2014_02_21_Instance_22675">
    <mentionClass id="CL:0000445">apoptosis fated cell</mentionClass>
  </classMention>
  <classMention id="CL_basic_2014_02_21_plus_nested_Instance_13556">
    <mentionClass id="CL:0000764">erythroid lineage cell</mentionClass>
  </classMention>
  <classMention id="CL_basic_2014_02_21_plus_nested_Instance_13525">
    <mentionClass id="CL:0000988">hematopoietic cell</mentionClass>
  </classMention>
  <classMention id="CL_basic_2014_02_21_Instance_22671">
    <mentionClass id="CL:0000764">erythroid lineage cell</mentionClass>
  </classMention>
  <classMention id="CL_basic_2014_02_21_plus_nested_Instance_13537">
    <mentionClass id="CL:0000988">hematopoietic cell</mentionClass>
  </classMention>
</annotations>

