<?xml version="1.0" encoding="UTF-8"?>
<annotations textSource="15320950.txt">
  <annotation>
    <mention id="CL_basic_2014_02_21_Instance_11381" />
    <annotator id="CL_basic_2014_02_21_Instance_10000">Mike Bada, University of Colorado Anschutz Medical Campus</annotator>
    <span start="13744" end="13747" />
    <spannedText>VHC</spannedText>
  </annotation>
  <annotation>
    <mention id="CL_basic_2014_02_21_Instance_11383" />
    <annotator id="CL_basic_2014_02_21_Instance_10000">Mike Bada, University of Colorado Anschutz Medical Campus</annotator>
    <span start="13808" end="13811" />
    <spannedText>VDC</spannedText>
  </annotation>
  <annotation>
    <mention id="CL_basic_2014_02_21_Instance_14791" />
    <annotator id="CL_basic_2014_02_21_Instance_10000">Mike Bada, University of Colorado Anschutz Medical Campus</annotator>
    <span start="1311" end="1321" />
    <spannedText>basal cell</spannedText>
  </annotation>
  <annotation>
    <mention id="CL_basic_2014_02_21_Instance_14795" />
    <annotator id="CL_basic_2014_02_21_Instance_10000">Mike Bada, University of Colorado Anschutz Medical Campus</annotator>
    <span start="1474" end="1484" />
    <spannedText>basal cell</spannedText>
  </annotation>
  <annotation>
    <mention id="CL_basic_2014_02_21_Instance_14801" />
    <annotator id="CL_basic_2014_02_21_Instance_10000">Mike Bada, University of Colorado Anschutz Medical Campus</annotator>
    <span start="4657" end="4666" />
    <spannedText>stem cell</spannedText>
  </annotation>
  <annotation>
    <mention id="CL_basic_2014_02_21_Instance_14805" />
    <annotator id="CL_basic_2014_02_21_Instance_10000">Mike Bada, University of Colorado Anschutz Medical Campus</annotator>
    <span start="12321" end="12337" />
    <spannedText>epithelial cells</spannedText>
  </annotation>
  <annotation>
    <mention id="CL_basic_2014_02_21_Instance_14809" />
    <annotator id="CL_basic_2014_02_21_Instance_10000">Mike Bada, University of Colorado Anschutz Medical Campus</annotator>
    <span start="12458" end="12474" />
    <spannedText>epithelial cells</spannedText>
  </annotation>
  <annotation>
    <mention id="CL_basic_2014_02_21_Instance_14825" />
    <annotator id="CL_basic_2014_02_21_Instance_10000">Mike Bada, University of Colorado Anschutz Medical Campus</annotator>
    <span start="13640" end="13651" />
    <spannedText>basal cells</spannedText>
  </annotation>
  <annotation>
    <mention id="CL_basic_2014_02_21_Instance_14827" />
    <annotator id="CL_basic_2014_02_21_Instance_10000">Mike Bada, University of Colorado Anschutz Medical Campus</annotator>
    <span start="13675" end="13691" />
    <spannedText>epithelial cells</spannedText>
  </annotation>
  <annotation>
    <mention id="CL_basic_2014_02_21_Instance_14831" />
    <annotator id="CL_basic_2014_02_21_Instance_10000">Mike Bada, University of Colorado Anschutz Medical Campus</annotator>
    <span start="13726" end="13742" />
    <spannedText>epithelial cells</spannedText>
  </annotation>
  <annotation>
    <mention id="CL_basic_2014_02_21_Instance_14833" />
    <annotator id="CL_basic_2014_02_21_Instance_10000">Mike Bada, University of Colorado Anschutz Medical Campus</annotator>
    <span start="13749" end="13770" />
    <spannedText>vestibular hair cells</spannedText>
  </annotation>
  <annotation>
    <mention id="CL_basic_2014_02_21_Instance_14835" />
    <annotator id="CL_basic_2014_02_21_Instance_10000">Mike Bada, University of Colorado Anschutz Medical Campus</annotator>
    <span start="13813" end="13834" />
    <spannedText>vestibular dark cells</spannedText>
  </annotation>
  <annotation>
    <mention id="CL_basic_2014_02_21_Instance_14837" />
    <annotator id="CL_basic_2014_02_21_Instance_10000">Mike Bada, University of Colorado Anschutz Medical Campus</annotator>
    <span start="13844" end="13855" />
    <spannedText>basal cells</spannedText>
  </annotation>
  <annotation>
    <mention id="CL_basic_2014_02_21_Instance_14839" />
    <annotator id="CL_basic_2014_02_21_Instance_10000">Mike Bada, University of Colorado Anschutz Medical Campus</annotator>
    <span start="13932" end="13948" />
    <spannedText>epithelial cells</spannedText>
  </annotation>
  <annotation>
    <mention id="CL_basic_2014_02_21_Instance_14845" />
    <annotator id="CL_basic_2014_02_21_Instance_10000">Mike Bada, University of Colorado Anschutz Medical Campus</annotator>
    <span start="14170" end="14181" />
    <spannedText>basal cells</spannedText>
  </annotation>
  <annotation>
    <mention id="CL_basic_2014_02_21_Instance_14849" />
    <annotator id="CL_basic_2014_02_21_Instance_10000">Mike Bada, University of Colorado Anschutz Medical Campus</annotator>
    <span start="14349" end="14365" />
    <spannedText>epithelial cells</spannedText>
  </annotation>
  <annotation>
    <mention id="CL_basic_2014_02_21_Instance_14855" />
    <annotator id="CL_basic_2014_02_21_Instance_10000">Mike Bada, University of Colorado Anschutz Medical Campus</annotator>
    <span start="14995" end="15016" />
    <spannedText>vestibular dark cells</spannedText>
  </annotation>
  <annotation>
    <mention id="CL_basic_2014_02_21_Instance_14857" />
    <annotator id="CL_basic_2014_02_21_Instance_10000">Mike Bada, University of Colorado Anschutz Medical Campus</annotator>
    <span start="15486" end="15504" />
    <spannedText>sensory hair cells</spannedText>
  </annotation>
  <annotation>
    <mention id="CL_basic_2014_02_21_Instance_14859" />
    <annotator id="CL_basic_2014_02_21_Instance_10000">Mike Bada, University of Colorado Anschutz Medical Campus</annotator>
    <span start="15698" end="15716" />
    <spannedText>sensory hair cells</spannedText>
  </annotation>
  <annotation>
    <mention id="CL_basic_2014_02_21_Instance_14861" />
    <annotator id="CL_basic_2014_02_21_Instance_10000">Mike Bada, University of Colorado Anschutz Medical Campus</annotator>
    <span start="15835" end="15844" />
    <spannedText>hair cell</spannedText>
  </annotation>
  <annotation>
    <mention id="CL_basic_2014_02_21_Instance_14863" />
    <annotator id="CL_basic_2014_02_21_Instance_10000">Mike Bada, University of Colorado Anschutz Medical Campus</annotator>
    <span start="16782" end="16792" />
    <spannedText>hair cells</spannedText>
  </annotation>
  <annotation>
    <mention id="CL_basic_2014_02_21_Instance_14865" />
    <annotator id="CL_basic_2014_02_21_Instance_10000">Mike Bada, University of Colorado Anschutz Medical Campus</annotator>
    <span start="17665" end="17675" />
    <spannedText>basal cell</spannedText>
  </annotation>
  <annotation>
    <mention id="CL_basic_2014_02_21_Instance_14869" />
    <annotator id="CL_basic_2014_02_21_Instance_10000">Mike Bada, University of Colorado Anschutz Medical Campus</annotator>
    <span start="17788" end="17799" />
    <spannedText>basal cells</spannedText>
  </annotation>
  <annotation>
    <mention id="CL_basic_2014_02_21_Instance_14899" />
    <annotator id="CL_basic_2014_02_21_Instance_10000">Mike Bada, University of Colorado Anschutz Medical Campus</annotator>
    <span start="24585" end="24595" />
    <spannedText>basal cell</spannedText>
  </annotation>
  <annotation>
    <mention id="CL_basic_2014_02_21_Instance_14901" />
    <annotator id="CL_basic_2014_02_21_Instance_10000">Mike Bada, University of Colorado Anschutz Medical Campus</annotator>
    <span start="24733" end="24743" />
    <spannedText>basal cell</spannedText>
  </annotation>
  <annotation>
    <mention id="CL_basic_2014_02_21_Instance_14907" />
    <annotator id="CL_basic_2014_02_21_Instance_10000">Mike Bada, University of Colorado Anschutz Medical Campus</annotator>
    <span start="25100" end="25110" />
    <spannedText>basal cell</spannedText>
  </annotation>
  <annotation>
    <mention id="CL_basic_2014_02_21_Instance_14911" />
    <annotator id="CL_basic_2014_02_21_Instance_10000">Mike Bada, University of Colorado Anschutz Medical Campus</annotator>
    <span start="25175" end="25185" />
    <spannedText>basal cell</spannedText>
  </annotation>
  <annotation>
    <mention id="CL_basic_2014_02_21_Instance_14915" />
    <annotator id="CL_basic_2014_02_21_Instance_10000">Mike Bada, University of Colorado Anschutz Medical Campus</annotator>
    <span start="25430" end="25440" />
    <spannedText>basal cell</spannedText>
  </annotation>
  <annotation>
    <mention id="CL_basic_2014_02_21_Instance_14917" />
    <annotator id="CL_basic_2014_02_21_Instance_10000">Mike Bada, University of Colorado Anschutz Medical Campus</annotator>
    <span start="25579" end="25589" />
    <spannedText>basal cell</spannedText>
  </annotation>
  <annotation>
    <mention id="CL_basic_2014_02_21_Instance_14921" />
    <annotator id="CL_basic_2014_02_21_Instance_10000">Mike Bada, University of Colorado Anschutz Medical Campus</annotator>
    <span start="25822" end="25832" />
    <spannedText>basal cell</spannedText>
  </annotation>
  <annotation>
    <mention id="CL_basic_2014_02_21_Instance_14923" />
    <annotator id="CL_basic_2014_02_21_Instance_10000">Mike Bada, University of Colorado Anschutz Medical Campus</annotator>
    <span start="26029" end="26039" />
    <spannedText>basal cell</spannedText>
  </annotation>
  <annotation>
    <mention id="CL_basic_2014_02_21_Instance_14929" />
    <annotator id="CL_basic_2014_02_21_Instance_10000">Mike Bada, University of Colorado Anschutz Medical Campus</annotator>
    <span start="26261" end="26271" />
    <spannedText>basal cell</spannedText>
  </annotation>
  <annotation>
    <mention id="CL_basic_2014_02_21_Instance_14931" />
    <annotator id="CL_basic_2014_02_21_Instance_10000">Mike Bada, University of Colorado Anschutz Medical Campus</annotator>
    <span start="26306" end="26316" />
    <spannedText>basal cell</spannedText>
  </annotation>
  <annotation>
    <mention id="CL_basic_2014_02_21_Instance_14937" />
    <annotator id="CL_basic_2014_02_21_Instance_10000">Mike Bada, University of Colorado Anschutz Medical Campus</annotator>
    <span start="26495" end="26505" />
    <spannedText>basal cell</spannedText>
  </annotation>
  <annotation>
    <mention id="CL_basic_2014_02_21_Instance_14939" />
    <annotator id="CL_basic_2014_02_21_Instance_10000">Mike Bada, University of Colorado Anschutz Medical Campus</annotator>
    <span start="26646" end="26662" />
    <spannedText>epithelial cells</spannedText>
  </annotation>
  <annotation>
    <mention id="CL_basic_2014_02_21_Instance_14941" />
    <annotator id="CL_basic_2014_02_21_Instance_10000">Mike Bada, University of Colorado Anschutz Medical Campus</annotator>
    <span start="26724" end="26735" />
    <spannedText>basal cells</spannedText>
  </annotation>
  <annotation>
    <mention id="CL_basic_2014_02_21_Instance_14943" />
    <annotator id="CL_basic_2014_02_21_Instance_10000">Mike Bada, University of Colorado Anschutz Medical Campus</annotator>
    <span start="26827" end="26843" />
    <spannedText>epithelial cells</spannedText>
  </annotation>
  <annotation>
    <mention id="CL_basic_2014_02_21_Instance_14945" />
    <annotator id="CL_basic_2014_02_21_Instance_10000">Mike Bada, University of Colorado Anschutz Medical Campus</annotator>
    <span start="27203" end="27214" />
    <spannedText>basal cells</spannedText>
  </annotation>
  <annotation>
    <mention id="CL_basic_2014_02_21_Instance_14947" />
    <annotator id="CL_basic_2014_02_21_Instance_10000">Mike Bada, University of Colorado Anschutz Medical Campus</annotator>
    <span start="27240" end="27251" />
    <spannedText>basal cells</spannedText>
  </annotation>
  <annotation>
    <mention id="CL_basic_2014_02_21_Instance_14949" />
    <annotator id="CL_basic_2014_02_21_Instance_10000">Mike Bada, University of Colorado Anschutz Medical Campus</annotator>
    <span start="27265" end="27281" />
    <spannedText>epithelial cells</spannedText>
  </annotation>
  <annotation>
    <mention id="CL_basic_2014_02_21_Instance_14951" />
    <annotator id="CL_basic_2014_02_21_Instance_10000">Mike Bada, University of Colorado Anschutz Medical Campus</annotator>
    <span start="27477" end="27487" />
    <spannedText>basal cell</spannedText>
  </annotation>
  <annotation>
    <mention id="CL_basic_2014_02_21_Instance_14953" />
    <annotator id="CL_basic_2014_02_21_Instance_10000">Mike Bada, University of Colorado Anschutz Medical Campus</annotator>
    <span start="27865" end="27883" />
    <spannedText>sensory hair cells</spannedText>
  </annotation>
  <annotation>
    <mention id="CL_basic_2014_02_21_Instance_14961" />
    <annotator id="CL_basic_2014_02_21_Instance_10000">Mike Bada, University of Colorado Anschutz Medical Campus</annotator>
    <span start="29149" end="29170" />
    <spannedText>vestibular dark cells</spannedText>
  </annotation>
  <annotation>
    <mention id="CL_basic_2014_02_21_Instance_14967" />
    <annotator id="CL_basic_2014_02_21_Instance_10000">Mike Bada, University of Colorado Anschutz Medical Campus</annotator>
    <span start="29728" end="29739" />
    <spannedText>basal cells</spannedText>
  </annotation>
  <annotation>
    <mention id="CL_basic_2014_02_21_plus_nested_Instance_99" />
    <annotator id="CL_basic_2014_02_21_Instance_10000">Mike Bada, University of Colorado Anschutz Medical Campus</annotator>
    <span start="1368" end="1386" />
    <spannedText>intermediate cells</spannedText>
  </annotation>
  <annotation>
    <mention id="CL_basic_2014_02_21_plus_nested_Instance_108" />
    <annotator id="CL_basic_2014_02_21_Instance_10000">Mike Bada, University of Colorado Anschutz Medical Campus</annotator>
    <span start="1510" end="1528" />
    <spannedText>intermediate cells</spannedText>
  </annotation>
  <annotation>
    <mention id="CL_basic_2014_02_21_plus_nested_Instance_114" />
    <annotator id="CL_basic_2014_02_21_Instance_10000">Mike Bada, University of Colorado Anschutz Medical Campus</annotator>
    <span start="2620" end="2650" />
    <spannedText>thyroid gland epithelial cells</spannedText>
  </annotation>
  <annotation>
    <mention id="CL_basic_2014_02_21_plus_nested_Instance_120" />
    <annotator id="CL_basic_2014_02_21_Instance_10000">Mike Bada, University of Colorado Anschutz Medical Campus</annotator>
    <span start="12839" end="12864" />
    <spannedText>strial intermediate cells</spannedText>
  </annotation>
  <annotation>
    <mention id="CL_basic_2014_02_21_plus_nested_Instance_126" />
    <annotator id="CL_basic_2014_02_21_Instance_10000">Mike Bada, University of Colorado Anschutz Medical Campus</annotator>
    <span start="12929" end="12949" />
    <spannedText>stria marginal cells</spannedText>
  </annotation>
  <annotation>
    <mention id="CL_basic_2014_02_21_plus_nested_Instance_132" />
    <annotator id="CL_basic_2014_02_21_Instance_10000">Mike Bada, University of Colorado Anschutz Medical Campus</annotator>
    <span start="13545" end="13548" />
    <spannedText>SMC</spannedText>
  </annotation>
  <annotation>
    <mention id="CL_basic_2014_02_21_plus_nested_Instance_135" />
    <annotator id="CL_basic_2014_02_21_Instance_10000">Mike Bada, University of Colorado Anschutz Medical Campus</annotator>
    <span start="13550" end="13571" />
    <spannedText>strial marginal cells</spannedText>
  </annotation>
  <annotation>
    <mention id="CL_basic_2014_02_21_plus_nested_Instance_139" />
    <annotator id="CL_basic_2014_02_21_Instance_10000">Mike Bada, University of Colorado Anschutz Medical Campus</annotator>
    <span start="13636" end="13638" />
    <spannedText>BC</spannedText>
  </annotation>
  <annotation>
    <mention id="CL_basic_2014_02_21_plus_nested_Instance_14017" />
    <annotator id="CL_basic_2014_02_21_Instance_10000">Mike Bada, University of Colorado Anschutz Medical Campus</annotator>
    <span start="17740" end="17758" />
    <spannedText>intermediate cells</spannedText>
  </annotation>
  <annotation>
    <mention id="CL_basic_2014_02_21_plus_nested_Instance_148" />
    <annotator id="CL_basic_2014_02_21_Instance_10000">Mike Bada, University of Colorado Anschutz Medical Campus</annotator>
    <span start="14100" end="14121" />
    <spannedText>strial marginal cells</spannedText>
  </annotation>
  <annotation>
    <mention id="CL_basic_2014_02_21_plus_nested_Instance_154" />
    <annotator id="CL_basic_2014_02_21_Instance_10000">Mike Bada, University of Colorado Anschutz Medical Campus</annotator>
    <span start="14398" end="14419" />
    <spannedText>strial marginal cells</spannedText>
  </annotation>
  <annotation>
    <mention id="CL_basic_2014_02_21_plus_nested_Instance_163" />
    <annotator id="CL_basic_2014_02_21_Instance_10000">Mike Bada, University of Colorado Anschutz Medical Campus</annotator>
    <span start="18160" end="18178" />
    <spannedText>intermediate cells</spannedText>
  </annotation>
  <annotation>
    <mention id="CL_basic_2014_02_21_plus_nested_Instance_170" />
    <annotator id="CL_basic_2014_02_21_Instance_10000">Mike Bada, University of Colorado Anschutz Medical Campus</annotator>
    <span start="17841" end="17855" />
    <spannedText>Marginal cells</spannedText>
  </annotation>
  <annotation>
    <mention id="CL_basic_2014_02_21_plus_nested_Instance_177" />
    <annotator id="CL_basic_2014_02_21_Instance_10000">Mike Bada, University of Colorado Anschutz Medical Campus</annotator>
    <span start="18228" end="18246" />
    <spannedText>intermediate cells</spannedText>
  </annotation>
  <annotation>
    <mention id="CL_basic_2014_02_21_plus_nested_Instance_185" />
    <annotator id="CL_basic_2014_02_21_Instance_10000">Mike Bada, University of Colorado Anschutz Medical Campus</annotator>
    <span start="18313" end="18331" />
    <spannedText>Intermediate cells</spannedText>
  </annotation>
  <annotation>
    <mention id="CL_basic_2014_02_21_plus_nested_Instance_193" />
    <annotator id="CL_basic_2014_02_21_Instance_10000">Mike Bada, University of Colorado Anschutz Medical Campus</annotator>
    <span start="18486" end="18504" />
    <spannedText>intermediate cells</spannedText>
  </annotation>
  <annotation>
    <mention id="CL_basic_2014_02_21_plus_nested_Instance_201" />
    <annotator id="CL_basic_2014_02_21_Instance_10000">Mike Bada, University of Colorado Anschutz Medical Campus</annotator>
    <span start="22823" end="22841" />
    <spannedText>intermediate cells</spannedText>
  </annotation>
  <annotation>
    <mention id="CL_basic_2014_02_21_plus_nested_Instance_205" />
    <annotator id="CL_basic_2014_02_21_Instance_10000">Mike Bada, University of Colorado Anschutz Medical Campus</annotator>
    <span start="21460" end="21478" />
    <spannedText>intermediate cells</spannedText>
  </annotation>
  <annotation>
    <mention id="CL_basic_2014_02_21_plus_nested_Instance_213" />
    <annotator id="CL_basic_2014_02_21_Instance_10000">Mike Bada, University of Colorado Anschutz Medical Campus</annotator>
    <span start="22952" end="22958" />
    <span start="22966" end="22976" />
    <spannedText>type I ... fibrocytes</spannedText>
  </annotation>
  <annotation>
    <mention id="CL_basic_2014_02_21_plus_nested_Instance_217" />
    <annotator id="CL_basic_2014_02_21_Instance_10000">Mike Bada, University of Colorado Anschutz Medical Campus</annotator>
    <span start="22952" end="22956" />
    <span start="22963" end="22976" />
    <spannedText>type ... II fibrocytes</spannedText>
  </annotation>
  <annotation>
    <mention id="CL_basic_2014_02_21_plus_nested_Instance_228" />
    <annotator id="CL_basic_2014_02_21_Instance_10000">Mike Bada, University of Colorado Anschutz Medical Campus</annotator>
    <span start="23448" end="23462" />
    <spannedText>marginal cells</spannedText>
  </annotation>
  <annotation>
    <mention id="CL_basic_2014_02_21_plus_nested_Instance_234" />
    <annotator id="CL_basic_2014_02_21_Instance_10000">Mike Bada, University of Colorado Anschutz Medical Campus</annotator>
    <span start="23534" end="23548" />
    <spannedText>Marginal cells</spannedText>
  </annotation>
  <annotation>
    <mention id="CL_basic_2014_02_21_plus_nested_Instance_240" />
    <annotator id="CL_basic_2014_02_21_Instance_10000">Mike Bada, University of Colorado Anschutz Medical Campus</annotator>
    <span start="23832" end="23846" />
    <spannedText>marginal cells</spannedText>
  </annotation>
  <annotation>
    <mention id="CL_basic_2014_02_21_plus_nested_Instance_243" />
    <annotator id="CL_basic_2014_02_21_Instance_10000">Mike Bada, University of Colorado Anschutz Medical Campus</annotator>
    <span start="24572" end="24580" />
    <span start="24591" end="24595" />
    <spannedText>marginal ... cell</spannedText>
  </annotation>
  <annotation>
    <mention id="CL_basic_2014_02_21_plus_nested_Instance_249" />
    <annotator id="CL_basic_2014_02_21_Instance_10000">Mike Bada, University of Colorado Anschutz Medical Campus</annotator>
    <span start="24767" end="24780" />
    <spannedText>marginal cell</spannedText>
  </annotation>
  <annotation>
    <mention id="CL_basic_2014_02_21_plus_nested_Instance_255" />
    <annotator id="CL_basic_2014_02_21_Instance_10000">Mike Bada, University of Colorado Anschutz Medical Campus</annotator>
    <span start="25052" end="25065" />
    <spannedText>marginal cell</spannedText>
  </annotation>
  <annotation>
    <mention id="CL_basic_2014_02_21_plus_nested_Instance_259" />
    <annotator id="CL_basic_2014_02_21_Instance_10000">Mike Bada, University of Colorado Anschutz Medical Campus</annotator>
    <span start="25120" end="25122" />
    <spannedText>BC</spannedText>
  </annotation>
  <annotation>
    <mention id="CL_basic_2014_02_21_plus_nested_Instance_265" />
    <annotator id="CL_basic_2014_02_21_Instance_10000">Mike Bada, University of Colorado Anschutz Medical Campus</annotator>
    <span start="25147" end="25160" />
    <spannedText>marginal cell</spannedText>
  </annotation>
  <annotation>
    <mention id="CL_basic_2014_02_21_plus_nested_Instance_273" />
    <annotator id="CL_basic_2014_02_21_Instance_10000">Mike Bada, University of Colorado Anschutz Medical Campus</annotator>
    <span start="26215" end="26228" />
    <spannedText>marginal cell</spannedText>
  </annotation>
  <annotation>
    <mention id="CL_basic_2014_02_21_plus_nested_Instance_279" />
    <annotator id="CL_basic_2014_02_21_Instance_10000">Mike Bada, University of Colorado Anschutz Medical Campus</annotator>
    <span start="25399" end="25412" />
    <spannedText>marginal cell</spannedText>
  </annotation>
  <annotation>
    <mention id="CL_basic_2014_02_21_plus_nested_Instance_282" />
    <annotator id="CL_basic_2014_02_21_Instance_10000">Mike Bada, University of Colorado Anschutz Medical Campus</annotator>
    <span start="25566" end="25574" />
    <span start="25585" end="25589" />
    <spannedText>marginal ... cell</spannedText>
  </annotation>
  <annotation>
    <mention id="CL_basic_2014_02_21_plus_nested_Instance_288" />
    <annotator id="CL_basic_2014_02_21_Instance_10000">Mike Bada, University of Colorado Anschutz Medical Campus</annotator>
    <span start="25800" end="25813" />
    <spannedText>marginal cell</spannedText>
  </annotation>
  <annotation>
    <mention id="CL_basic_2014_02_21_plus_nested_Instance_294" />
    <annotator id="CL_basic_2014_02_21_Instance_10000">Mike Bada, University of Colorado Anschutz Medical Campus</annotator>
    <span start="26063" end="26076" />
    <spannedText>marginal cell</spannedText>
  </annotation>
  <annotation>
    <mention id="CL_basic_2014_02_21_plus_nested_Instance_298" />
    <annotator id="CL_basic_2014_02_21_Instance_10000">Mike Bada, University of Colorado Anschutz Medical Campus</annotator>
    <span start="26281" end="26283" />
    <spannedText>BC</spannedText>
  </annotation>
  <annotation>
    <mention id="CL_basic_2014_02_21_plus_nested_Instance_304" />
    <annotator id="CL_basic_2014_02_21_Instance_10000">Mike Bada, University of Colorado Anschutz Medical Campus</annotator>
    <span start="26329" end="26342" />
    <spannedText>marginal cell</spannedText>
  </annotation>
  <annotation>
    <mention id="CL_basic_2014_02_21_plus_nested_Instance_307" />
    <annotator id="CL_basic_2014_02_21_Instance_10000">Mike Bada, University of Colorado Anschutz Medical Campus</annotator>
    <span start="26466" end="26479" />
    <spannedText>marginal cell</spannedText>
  </annotation>
  <annotation>
    <mention id="CL_basic_2014_02_21_plus_nested_Instance_315" />
    <annotator id="CL_basic_2014_02_21_Instance_10000">Mike Bada, University of Colorado Anschutz Medical Campus</annotator>
    <span start="28151" end="28172" />
    <spannedText>strial marginal cells</spannedText>
  </annotation>
  <annotation>
    <mention id="CL_basic_2014_02_21_plus_nested_Instance_321" />
    <annotator id="CL_basic_2014_02_21_Instance_10000">Mike Bada, University of Colorado Anschutz Medical Campus</annotator>
    <span start="28813" end="28834" />
    <spannedText>strial marginal cells</spannedText>
  </annotation>
  <annotation>
    <mention id="CL_basic_2014_02_21_plus_nested_Instance_327" />
    <annotator id="CL_basic_2014_02_21_Instance_10000">Mike Bada, University of Colorado Anschutz Medical Campus</annotator>
    <span start="28923" end="28944" />
    <spannedText>strial marginal cells</spannedText>
  </annotation>
  <annotation>
    <mention id="CL_basic_2014_02_21_plus_nested_Instance_333" />
    <annotator id="CL_basic_2014_02_21_Instance_10000">Mike Bada, University of Colorado Anschutz Medical Campus</annotator>
    <span start="29451" end="29472" />
    <spannedText>strial marginal cells</spannedText>
  </annotation>
  <annotation>
    <mention id="CL_basic_2014_02_21_plus_nested_Instance_336" />
    <annotator id="CL_basic_2014_02_21_Instance_10000">Mike Bada, University of Colorado Anschutz Medical Campus</annotator>
    <span start="29674" end="29677" />
    <spannedText>SMC</spannedText>
  </annotation>
  <annotation>
    <mention id="CL_basic_2014_02_21_plus_nested_Instance_342" />
    <annotator id="CL_basic_2014_02_21_Instance_10000">Mike Bada, University of Colorado Anschutz Medical Campus</annotator>
    <span start="29679" end="29700" />
    <spannedText>strial marginal cells</spannedText>
  </annotation>
  <annotation>
    <mention id="CL_basic_2014_02_21_plus_nested_Instance_346" />
    <annotator id="CL_basic_2014_02_21_Instance_10000">Mike Bada, University of Colorado Anschutz Medical Campus</annotator>
    <span start="29724" end="29726" />
    <spannedText>BC</spannedText>
  </annotation>
  <annotation>
    <mention id="CL_basic_2014_02_21_plus_nested_Instance_349" />
    <annotator id="CL_basic_2014_02_21_Instance_10000">Mike Bada, University of Colorado Anschutz Medical Campus</annotator>
    <span start="30073" end="30091" />
    <spannedText>Intermediate cells</spannedText>
  </annotation>
  <annotation>
    <mention id="CL_basic_2014_02_21_plus_nested_Instance_357" />
    <annotator id="CL_basic_2014_02_21_Instance_10000">Mike Bada, University of Colorado Anschutz Medical Campus</annotator>
    <span start="30296" end="30317" />
    <spannedText>strial marginal cells</spannedText>
  </annotation>
  <annotation>
    <mention id="CL_basic_2014_02_21_plus_nested_Instance_364" />
    <annotator id="CL_basic_2014_02_21_Instance_10000">Mike Bada, University of Colorado Anschutz Medical Campus</annotator>
    <span start="30319" end="30337" />
    <spannedText>Intermediate cells</spannedText>
  </annotation>
  <annotation>
    <mention id="CL_basic_2014_02_21_plus_nested_Instance_372" />
    <annotator id="CL_basic_2014_02_21_Instance_10000">Mike Bada, University of Colorado Anschutz Medical Campus</annotator>
    <span start="30485" end="30503" />
    <spannedText>intermediate cells</spannedText>
  </annotation>
  <annotation>
    <mention id="CL_basic_2014_02_21_plus_nested_Instance_380" />
    <annotator id="CL_basic_2014_02_21_Instance_10000">Mike Bada, University of Colorado Anschutz Medical Campus</annotator>
    <span start="31292" end="31317" />
    <spannedText>strial intermediate cells</spannedText>
  </annotation>
  <annotation>
    <mention id="CL_basic_2014_02_21_plus_nested_Instance_388" />
    <annotator id="CL_basic_2014_02_21_Instance_10000">Mike Bada, University of Colorado Anschutz Medical Campus</annotator>
    <span start="31526" end="31551" />
    <spannedText>strial intermediate cells</spannedText>
  </annotation>
  <annotation>
    <mention id="CL_basic_2014_02_21_plus_nested_Instance_395" />
    <annotator id="CL_basic_2014_02_21_Instance_10000">Mike Bada, University of Colorado Anschutz Medical Campus</annotator>
    <span start="32507" end="32528" />
    <spannedText>strial marginal cells</spannedText>
  </annotation>
  <annotation>
    <mention id="CL_basic_2014_02_21_plus_nested_Instance_399" />
    <annotator id="CL_basic_2014_02_21_Instance_10000">Mike Bada, University of Colorado Anschutz Medical Campus</annotator>
    <span start="25075" end="25078" />
    <spannedText>SMC</spannedText>
  </annotation>
  <annotation>
    <mention id="CL_basic_2014_02_21_plus_nested_Instance_403" />
    <annotator id="CL_basic_2014_02_21_Instance_10000">Mike Bada, University of Colorado Anschutz Medical Campus</annotator>
    <span start="26238" end="26241" />
    <spannedText>SMC</spannedText>
  </annotation>
  <annotation>
    <mention id="CL_basic_2014_02_21_plus_nested_Instance_86" />
    <annotator id="CL_basic_2014_02_21_Instance_10000">Mike Bada, University of Colorado Anschutz Medical Campus</annotator>
    <span start="1191" end="1197" />
    <span start="1205" end="1215" />
    <spannedText>type I ... fibrocytes</spannedText>
  </annotation>
  <annotation>
    <mention id="CL_basic_2014_02_21_plus_nested_Instance_90" />
    <annotator id="CL_basic_2014_02_21_Instance_10000">Mike Bada, University of Colorado Anschutz Medical Campus</annotator>
    <span start="1191" end="1195" />
    <span start="1202" end="1215" />
    <spannedText>type ... II fibrocytes</spannedText>
  </annotation>
  <annotation>
    <mention id="CL_basic_2014_02_21_plus_nested_Instance_96" />
    <annotator id="CL_basic_2014_02_21_Instance_10000">Mike Bada, University of Colorado Anschutz Medical Campus</annotator>
    <span start="750" end="770" />
    <spannedText>stria marginal cells</spannedText>
  </annotation>
  <classMention id="CL_basic_2014_02_21_plus_nested_Instance_139">
    <mentionClass id="CL:0000646">basal cell</mentionClass>
  </classMention>
  <classMention id="CL_basic_2014_02_21_plus_nested_Instance_148">
    <mentionClass id="CL:0002492">strial marginal cell</mentionClass>
  </classMention>
  <classMention id="CL_basic_2014_02_21_plus_nested_Instance_14017">
    <mentionClass id="CL:0002486">strial intermediate cell</mentionClass>
  </classMention>
  <classMention id="CL_basic_2014_02_21_plus_nested_Instance_163">
    <mentionClass id="CL:0002486">strial intermediate cell</mentionClass>
  </classMention>
  <classMention id="CL_basic_2014_02_21_plus_nested_Instance_154">
    <mentionClass id="CL:0002492">strial marginal cell</mentionClass>
  </classMention>
  <classMention id="CL_basic_2014_02_21_plus_nested_Instance_185">
    <mentionClass id="CL:0002486">strial intermediate cell</mentionClass>
  </classMention>
  <classMention id="CL_basic_2014_02_21_plus_nested_Instance_193">
    <mentionClass id="CL:0002486">strial intermediate cell</mentionClass>
  </classMention>
  <classMention id="CL_basic_2014_02_21_plus_nested_Instance_170">
    <mentionClass id="CL:0002492">strial marginal cell</mentionClass>
  </classMention>
  <classMention id="CL_basic_2014_02_21_plus_nested_Instance_177">
    <mentionClass id="CL:0002486">strial intermediate cell</mentionClass>
  </classMention>
  <classMention id="CL_basic_2014_02_21_plus_nested_Instance_213">
    <mentionClass id="CL:0002670">type 1 otic fibrocyte</mentionClass>
  </classMention>
  <classMention id="CL_basic_2014_02_21_plus_nested_Instance_217">
    <mentionClass id="CL:0002666">type 2 otic fibrocyte</mentionClass>
  </classMention>
  <classMention id="CL_basic_2014_02_21_plus_nested_Instance_201">
    <mentionClass id="CL:0002486">strial intermediate cell</mentionClass>
  </classMention>
  <classMention id="CL_basic_2014_02_21_plus_nested_Instance_205">
    <mentionClass id="CL:0002486">strial intermediate cell</mentionClass>
  </classMention>
  <classMention id="CL_basic_2014_02_21_plus_nested_Instance_240">
    <mentionClass id="CL:0002492">strial marginal cell</mentionClass>
  </classMention>
  <classMention id="CL_basic_2014_02_21_plus_nested_Instance_243">
    <mentionClass id="CL:0002492">strial marginal cell</mentionClass>
  </classMention>
  <classMention id="CL_basic_2014_02_21_plus_nested_Instance_228">
    <mentionClass id="CL:0002492">strial marginal cell</mentionClass>
  </classMention>
  <classMention id="CL_basic_2014_02_21_plus_nested_Instance_234">
    <mentionClass id="CL:0002492">strial marginal cell</mentionClass>
  </classMention>
  <classMention id="CL_basic_2014_02_21_plus_nested_Instance_259">
    <mentionClass id="CL:0000646">basal cell</mentionClass>
  </classMention>
  <classMention id="CL_basic_2014_02_21_plus_nested_Instance_265">
    <mentionClass id="CL:0002492">strial marginal cell</mentionClass>
  </classMention>
  <classMention id="CL_basic_2014_02_21_plus_nested_Instance_249">
    <mentionClass id="CL:0002492">strial marginal cell</mentionClass>
  </classMention>
  <classMention id="CL_basic_2014_02_21_plus_nested_Instance_255">
    <mentionClass id="CL:0002492">strial marginal cell</mentionClass>
  </classMention>
  <classMention id="CL_basic_2014_02_21_plus_nested_Instance_282">
    <mentionClass id="CL:0002492">strial marginal cell</mentionClass>
  </classMention>
  <classMention id="CL_basic_2014_02_21_plus_nested_Instance_288">
    <mentionClass id="CL:0002492">strial marginal cell</mentionClass>
  </classMention>
  <classMention id="CL_basic_2014_02_21_plus_nested_Instance_273">
    <mentionClass id="CL:0002492">strial marginal cell</mentionClass>
  </classMention>
  <classMention id="CL_basic_2014_02_21_plus_nested_Instance_279">
    <mentionClass id="CL:0002492">strial marginal cell</mentionClass>
  </classMention>
  <classMention id="CL_basic_2014_02_21_plus_nested_Instance_304">
    <mentionClass id="CL:0002492">strial marginal cell</mentionClass>
  </classMention>
  <classMention id="CL_basic_2014_02_21_plus_nested_Instance_294">
    <mentionClass id="CL:0002492">strial marginal cell</mentionClass>
  </classMention>
  <classMention id="CL_basic_2014_02_21_plus_nested_Instance_298">
    <mentionClass id="CL:0000646">basal cell</mentionClass>
  </classMention>
  <classMention id="CL_basic_2014_02_21_plus_nested_Instance_307">
    <mentionClass id="CL:0002492">strial marginal cell</mentionClass>
  </classMention>
  <classMention id="CL_basic_2014_02_21_plus_nested_Instance_321">
    <mentionClass id="CL:0002492">strial marginal cell</mentionClass>
  </classMention>
  <classMention id="CL_basic_2014_02_21_plus_nested_Instance_327">
    <mentionClass id="CL:0002492">strial marginal cell</mentionClass>
  </classMention>
  <classMention id="CL_basic_2014_02_21_plus_nested_Instance_315">
    <mentionClass id="CL:0002492">strial marginal cell</mentionClass>
  </classMention>
  <classMention id="CL_basic_2014_02_21_plus_nested_Instance_342">
    <mentionClass id="CL:0002492">strial marginal cell</mentionClass>
  </classMention>
  <classMention id="CL_basic_2014_02_21_plus_nested_Instance_346">
    <mentionClass id="CL:0000646">basal cell</mentionClass>
  </classMention>
  <classMention id="CL_basic_2014_02_21_plus_nested_Instance_333">
    <mentionClass id="CL:0002492">strial marginal cell</mentionClass>
  </classMention>
  <classMention id="CL_basic_2014_02_21_plus_nested_Instance_336">
    <mentionClass id="CL:0002492">strial marginal cell</mentionClass>
  </classMention>
  <classMention id="CL_basic_2014_02_21_plus_nested_Instance_364">
    <mentionClass id="CL:0002486">strial intermediate cell</mentionClass>
  </classMention>
  <classMention id="CL_basic_2014_02_21_plus_nested_Instance_372">
    <mentionClass id="CL:0002486">strial intermediate cell</mentionClass>
  </classMention>
  <classMention id="CL_basic_2014_02_21_plus_nested_Instance_349">
    <mentionClass id="CL:0002486">strial intermediate cell</mentionClass>
  </classMention>
  <classMention id="CL_basic_2014_02_21_plus_nested_Instance_357">
    <mentionClass id="CL:0002492">strial marginal cell</mentionClass>
  </classMention>
  <classMention id="CL_basic_2014_02_21_plus_nested_Instance_395">
    <mentionClass id="CL:0002492">strial marginal cell</mentionClass>
  </classMention>
  <classMention id="CL_basic_2014_02_21_Instance_14791">
    <mentionClass id="CL:0000646">basal cell</mentionClass>
  </classMention>
  <classMention id="CL_basic_2014_02_21_plus_nested_Instance_399">
    <mentionClass id="CL:0002492">strial marginal cell</mentionClass>
  </classMention>
  <classMention id="CL_basic_2014_02_21_Instance_14795">
    <mentionClass id="CL:0000646">basal cell</mentionClass>
  </classMention>
  <classMention id="CL_basic_2014_02_21_plus_nested_Instance_380">
    <mentionClass id="CL:0002486">strial intermediate cell</mentionClass>
  </classMention>
  <classMention id="CL_basic_2014_02_21_plus_nested_Instance_388">
    <mentionClass id="CL:0002486">strial intermediate cell</mentionClass>
  </classMention>
  <classMention id="CL_basic_2014_02_21_Instance_14809">
    <mentionClass id="CL:0000066">epithelial cell</mentionClass>
  </classMention>
  <classMention id="CL_basic_2014_02_21_Instance_14825">
    <mentionClass id="CL:0000646">basal cell</mentionClass>
  </classMention>
  <classMention id="CL_basic_2014_02_21_plus_nested_Instance_403">
    <mentionClass id="CL:0002492">strial marginal cell</mentionClass>
  </classMention>
  <classMention id="CL_basic_2014_02_21_Instance_14801">
    <mentionClass id="CL:0000034">stem cell</mentionClass>
  </classMention>
  <classMention id="CL_basic_2014_02_21_Instance_14805">
    <mentionClass id="CL:0000066">epithelial cell</mentionClass>
  </classMention>
  <classMention id="CL_basic_2014_02_21_Instance_14833">
    <mentionClass id="CL:0000609">vestibular hair cell</mentionClass>
  </classMention>
  <classMention id="CL_basic_2014_02_21_Instance_14835">
    <mentionClass id="CL:0000846">vestibular dark cell</mentionClass>
  </classMention>
  <classMention id="CL_basic_2014_02_21_Instance_14827">
    <mentionClass id="CL:0000066">epithelial cell</mentionClass>
  </classMention>
  <classMention id="CL_basic_2014_02_21_Instance_14831">
    <mentionClass id="CL:0000066">epithelial cell</mentionClass>
  </classMention>
  <classMention id="CL_basic_2014_02_21_Instance_14845">
    <mentionClass id="CL:0000646">basal cell</mentionClass>
  </classMention>
  <classMention id="CL_basic_2014_02_21_Instance_14849">
    <mentionClass id="CL:0000066">epithelial cell</mentionClass>
  </classMention>
  <classMention id="CL_basic_2014_02_21_Instance_14837">
    <mentionClass id="CL:0000646">basal cell</mentionClass>
  </classMention>
  <classMention id="CL_basic_2014_02_21_Instance_14839">
    <mentionClass id="CL:0000066">epithelial cell</mentionClass>
  </classMention>
  <classMention id="CL_basic_2014_02_21_Instance_14859">
    <mentionClass id="CL:0000855">sensory hair cell</mentionClass>
  </classMention>
  <classMention id="CL_basic_2014_02_21_Instance_14861">
    <mentionClass id="CL:0000855">sensory hair cell</mentionClass>
  </classMention>
  <classMention id="CL_basic_2014_02_21_Instance_14855">
    <mentionClass id="CL:0000846">vestibular dark cell</mentionClass>
  </classMention>
  <classMention id="CL_basic_2014_02_21_Instance_14857">
    <mentionClass id="CL:0000855">sensory hair cell</mentionClass>
  </classMention>
  <classMention id="CL_basic_2014_02_21_Instance_14869">
    <mentionClass id="CL:0000646">basal cell</mentionClass>
  </classMention>
  <classMention id="CL_basic_2014_02_21_Instance_14899">
    <mentionClass id="CL:0000646">basal cell</mentionClass>
  </classMention>
  <classMention id="CL_basic_2014_02_21_Instance_14863">
    <mentionClass id="CL:0000855">sensory hair cell</mentionClass>
  </classMention>
  <classMention id="CL_basic_2014_02_21_Instance_14865">
    <mentionClass id="CL:0000646">basal cell</mentionClass>
  </classMention>
  <classMention id="CL_basic_2014_02_21_Instance_14911">
    <mentionClass id="CL:0000646">basal cell</mentionClass>
  </classMention>
  <classMention id="CL_basic_2014_02_21_Instance_14915">
    <mentionClass id="CL:0000646">basal cell</mentionClass>
  </classMention>
  <classMention id="CL_basic_2014_02_21_Instance_14901">
    <mentionClass id="CL:0000646">basal cell</mentionClass>
  </classMention>
  <classMention id="CL_basic_2014_02_21_Instance_14907">
    <mentionClass id="CL:0000646">basal cell</mentionClass>
  </classMention>
  <classMention id="CL_basic_2014_02_21_plus_nested_Instance_86">
    <mentionClass id="CL:0002670">type 1 otic fibrocyte</mentionClass>
  </classMention>
  <classMention id="CL_basic_2014_02_21_Instance_14923">
    <mentionClass id="CL:0000646">basal cell</mentionClass>
  </classMention>
  <classMention id="CL_basic_2014_02_21_Instance_14929">
    <mentionClass id="CL:0000646">basal cell</mentionClass>
  </classMention>
  <classMention id="CL_basic_2014_02_21_Instance_14917">
    <mentionClass id="CL:0000646">basal cell</mentionClass>
  </classMention>
  <classMention id="CL_basic_2014_02_21_Instance_14921">
    <mentionClass id="CL:0000646">basal cell</mentionClass>
  </classMention>
  <classMention id="CL_basic_2014_02_21_Instance_14939">
    <mentionClass id="CL:0000066">epithelial cell</mentionClass>
  </classMention>
  <classMention id="CL_basic_2014_02_21_Instance_14941">
    <mentionClass id="CL:0000646">basal cell</mentionClass>
  </classMention>
  <classMention id="CL_basic_2014_02_21_Instance_14931">
    <mentionClass id="CL:0000646">basal cell</mentionClass>
  </classMention>
  <classMention id="CL_basic_2014_02_21_Instance_14937">
    <mentionClass id="CL:0000646">basal cell</mentionClass>
  </classMention>
  <classMention id="CL_basic_2014_02_21_Instance_14947">
    <mentionClass id="CL:0000646">basal cell</mentionClass>
  </classMention>
  <classMention id="CL_basic_2014_02_21_Instance_11381">
    <mentionClass id="CL:0000609">vestibular hair cell</mentionClass>
  </classMention>
  <classMention id="CL_basic_2014_02_21_Instance_14949">
    <mentionClass id="CL:0000066">epithelial cell</mentionClass>
  </classMention>
  <classMention id="CL_basic_2014_02_21_plus_nested_Instance_90">
    <mentionClass id="CL:0002666">type 2 otic fibrocyte</mentionClass>
  </classMention>
  <classMention id="CL_basic_2014_02_21_Instance_14943">
    <mentionClass id="CL:0000066">epithelial cell</mentionClass>
  </classMention>
  <classMention id="CL_basic_2014_02_21_Instance_14945">
    <mentionClass id="CL:0000646">basal cell</mentionClass>
  </classMention>
  <classMention id="CL_basic_2014_02_21_Instance_14961">
    <mentionClass id="CL:0000846">vestibular dark cell</mentionClass>
  </classMention>
  <classMention id="CL_basic_2014_02_21_Instance_14967">
    <mentionClass id="CL:0000646">basal cell</mentionClass>
  </classMention>
  <classMention id="CL_basic_2014_02_21_Instance_11383">
    <mentionClass id="CL:0000846">vestibular dark cell</mentionClass>
  </classMention>
  <classMention id="CL_basic_2014_02_21_Instance_14951">
    <mentionClass id="CL:0000646">basal cell</mentionClass>
  </classMention>
  <classMention id="CL_basic_2014_02_21_Instance_14953">
    <mentionClass id="CL:0000855">sensory hair cell</mentionClass>
  </classMention>
  <classMention id="CL_basic_2014_02_21_plus_nested_Instance_99">
    <mentionClass id="CL:0002486">strial intermediate cell</mentionClass>
  </classMention>
  <classMention id="CL_basic_2014_02_21_plus_nested_Instance_96">
    <mentionClass id="CL:0002492">strial marginal cell</mentionClass>
  </classMention>
  <classMention id="CL_basic_2014_02_21_plus_nested_Instance_120">
    <mentionClass id="CL:0002486">strial intermediate cell</mentionClass>
  </classMention>
  <classMention id="CL_basic_2014_02_21_plus_nested_Instance_126">
    <mentionClass id="CL:0002492">strial marginal cell</mentionClass>
  </classMention>
  <classMention id="CL_basic_2014_02_21_plus_nested_Instance_108">
    <mentionClass id="CL:0002486">strial intermediate cell</mentionClass>
  </classMention>
  <classMention id="CL_basic_2014_02_21_plus_nested_Instance_114">
    <mentionClass id="CL:0002257">epithelial cell of thyroid gland</mentionClass>
  </classMention>
  <classMention id="CL_basic_2014_02_21_plus_nested_Instance_132">
    <mentionClass id="CL:0002492">strial marginal cell</mentionClass>
  </classMention>
  <classMention id="CL_basic_2014_02_21_plus_nested_Instance_135">
    <mentionClass id="CL:0002492">strial marginal cell</mentionClass>
  </classMention>
</annotations>

