<?xml version="1.0" encoding="UTF-8"?>
<annotations textSource="15328533.txt">
  <annotation>
    <mention id="CL_basic_2014_02_21_core+extensions+nested_backup_Instance_20849" />
    <annotator id="CL_basic_2014_02_21_Instance_10000">Mike Bada, University of Colorado Anschutz Medical Campus</annotator>
    <span start="1166" end="1170" />
    <span start="1201" end="1207" />
    <spannedText>slow ... fibers</spannedText>
  </annotation>
  <annotation>
    <mention id="CL_basic_2014_02_21_core+extensions+nested_backup_Instance_20852" />
    <annotator id="CL_basic_2014_02_21_Instance_10000">Mike Bada, University of Colorado Anschutz Medical Campus</annotator>
    <span start="1156" end="1165" />
    <span start="1201" end="1207" />
    <spannedText>oxidative ... fibers</spannedText>
  </annotation>
  <annotation>
    <mention id="CL_basic_2014_02_21_core+extensions+nested_backup_Instance_20855" />
    <annotator id="CL_basic_2014_02_21_Instance_10000">Mike Bada, University of Colorado Anschutz Medical Campus</annotator>
    <span start="1184" end="1194" />
    <span start="1201" end="1207" />
    <spannedText>glycolytic ... fibers</spannedText>
  </annotation>
  <annotation>
    <mention id="CL_basic_2014_02_21_core+extensions+nested_backup_Instance_20858" />
    <annotator id="CL_basic_2014_02_21_Instance_10000">Mike Bada, University of Colorado Anschutz Medical Campus</annotator>
    <span start="1195" end="1199" />
    <span start="1201" end="1207" />
    <spannedText>fast ... fibers</spannedText>
  </annotation>
  <annotation>
    <mention id="CL_basic_2014_02_21_Instance_14985" />
    <annotator id="CL_basic_2014_02_21_Instance_10000">Mike Bada, University of Colorado Anschutz Medical Campus</annotator>
    <span start="2042" end="2052" />
    <spannedText>motoneuron</spannedText>
  </annotation>
  <annotation>
    <mention id="CL_basic_2014_02_21_Instance_14987" />
    <annotator id="CL_basic_2014_02_21_Instance_10000">Mike Bada, University of Colorado Anschutz Medical Campus</annotator>
    <span start="3300" end="3309" />
    <spannedText>adipocyte</spannedText>
  </annotation>
  <annotation>
    <mention id="CL_basic_2014_02_21_Instance_14991" />
    <annotator id="CL_basic_2014_02_21_Instance_10000">Mike Bada, University of Colorado Anschutz Medical Campus</annotator>
    <span start="13057" end="13069" />
    <spannedText>motor neuron</spannedText>
  </annotation>
  <annotation>
    <mention id="CL_basic_2014_02_21_Instance_14993" />
    <annotator id="CL_basic_2014_02_21_Instance_10000">Mike Bada, University of Colorado Anschutz Medical Campus</annotator>
    <span start="16871" end="16878" />
    <spannedText>zygotes</spannedText>
  </annotation>
  <annotation>
    <mention id="CL_basic_2014_02_21_Instance_31300" />
    <annotator id="CL_basic_2014_02_21_Instance_10000">Mike Bada, University of Colorado Anschutz Medical Campus</annotator>
    <span start="14" end="26" />
    <spannedText>Muscle Fiber</spannedText>
  </annotation>
  <annotation>
    <mention id="CL_basic_2014_02_21_Instance_31303" />
    <annotator id="CL_basic_2014_02_21_Instance_10000">Mike Bada, University of Colorado Anschutz Medical Campus</annotator>
    <span start="126" end="138" />
    <spannedText>muscle fiber</spannedText>
  </annotation>
  <annotation>
    <mention id="CL_basic_2014_02_21_Instance_31306" />
    <annotator id="CL_basic_2014_02_21_Instance_10000">Mike Bada, University of Colorado Anschutz Medical Campus</annotator>
    <span start="650" end="670" />
    <spannedText>type I muscle fibers</spannedText>
  </annotation>
  <annotation>
    <mention id="CL_basic_2014_02_21_Instance_31309" />
    <annotator id="CL_basic_2014_02_21_Instance_10000">Mike Bada, University of Colorado Anschutz Medical Campus</annotator>
    <span start="737" end="749" />
    <spannedText>type I fiber</spannedText>
  </annotation>
  <annotation>
    <mention id="CL_basic_2014_02_21_Instance_31317" />
    <annotator id="CL_basic_2014_02_21_Instance_10000">Mike Bada, University of Colorado Anschutz Medical Campus</annotator>
    <span start="1097" end="1119" />
    <spannedText>Skeletal muscle fibers</spannedText>
  </annotation>
  <annotation>
    <mention id="CL_basic_2014_02_21_Instance_31320" />
    <annotator id="CL_basic_2014_02_21_Instance_10000">Mike Bada, University of Colorado Anschutz Medical Campus</annotator>
    <span start="1148" end="1154" />
    <span start="1201" end="1207" />
    <spannedText>type I ... fibers</spannedText>
  </annotation>
  <annotation>
    <mention id="CL_basic_2014_02_21_Instance_31333" />
    <annotator id="CL_basic_2014_02_21_Instance_10000">Mike Bada, University of Colorado Anschutz Medical Campus</annotator>
    <span start="1311" end="1324" />
    <spannedText>Type I fibers</spannedText>
  </annotation>
  <annotation>
    <mention id="CL_basic_2014_02_21_Instance_31343" />
    <annotator id="CL_basic_2014_02_21_Instance_10000">Mike Bada, University of Colorado Anschutz Medical Campus</annotator>
    <span start="1175" end="1182" />
    <span start="1201" end="1207" />
    <spannedText>type II ... fibers</spannedText>
  </annotation>
  <annotation>
    <mention id="CL_basic_2014_02_21_Instance_31349" />
    <annotator id="CL_basic_2014_02_21_Instance_10000">Mike Bada, University of Colorado Anschutz Medical Campus</annotator>
    <span start="1494" end="1508" />
    <spannedText>Type II fibers</spannedText>
  </annotation>
  <annotation>
    <mention id="CL_basic_2014_02_21_Instance_31352" />
    <annotator id="CL_basic_2014_02_21_Instance_10000">Mike Bada, University of Colorado Anschutz Medical Campus</annotator>
    <span start="1534" end="1537" />
    <spannedText>IIa</spannedText>
  </annotation>
  <annotation>
    <mention id="CL_basic_2014_02_21_Instance_31355" />
    <annotator id="CL_basic_2014_02_21_Instance_10000">Mike Bada, University of Colorado Anschutz Medical Campus</annotator>
    <span start="1548" end="1551" />
    <spannedText>IIb</spannedText>
  </annotation>
  <annotation>
    <mention id="CL_basic_2014_02_21_Instance_31358" />
    <annotator id="CL_basic_2014_02_21_Instance_10000">Mike Bada, University of Colorado Anschutz Medical Campus</annotator>
    <span start="1553" end="1568" />
    <spannedText>Type IIb fibers</spannedText>
  </annotation>
  <annotation>
    <mention id="CL_basic_2014_02_21_Instance_31362" />
    <annotator id="CL_basic_2014_02_21_Instance_10000">Mike Bada, University of Colorado Anschutz Medical Campus</annotator>
    <span start="1777" end="1785" />
    <spannedText>type IIa</spannedText>
  </annotation>
  <annotation>
    <mention id="CL_basic_2014_02_21_Instance_31366" />
    <annotator id="CL_basic_2014_02_21_Instance_10000">Mike Bada, University of Colorado Anschutz Medical Campus</annotator>
    <span start="1806" end="1812" />
    <spannedText>type I</spannedText>
  </annotation>
  <annotation>
    <mention id="CL_basic_2014_02_21_Instance_31369" />
    <annotator id="CL_basic_2014_02_21_Instance_10000">Mike Bada, University of Colorado Anschutz Medical Campus</annotator>
    <span start="1806" end="1810" />
    <span start="1817" end="1820" />
    <spannedText>type ... IIb</spannedText>
  </annotation>
  <annotation>
    <mention id="CL_basic_2014_02_21_Instance_31376" />
    <annotator id="CL_basic_2014_02_21_Instance_10000">Mike Bada, University of Colorado Anschutz Medical Campus</annotator>
    <span start="2176" end="2188" />
    <spannedText>muscle fiber</spannedText>
  </annotation>
  <annotation>
    <mention id="CL_basic_2014_02_21_Instance_31380" />
    <annotator id="CL_basic_2014_02_21_Instance_10000">Mike Bada, University of Colorado Anschutz Medical Campus</annotator>
    <span start="2194" end="2202" />
    <spannedText>type IIb</spannedText>
  </annotation>
  <annotation>
    <mention id="CL_basic_2014_02_21_Instance_31384" />
    <annotator id="CL_basic_2014_02_21_Instance_10000">Mike Bada, University of Colorado Anschutz Medical Campus</annotator>
    <span start="2206" end="2214" />
    <spannedText>type IIa</spannedText>
  </annotation>
  <annotation>
    <mention id="CL_basic_2014_02_21_Instance_31388" />
    <annotator id="CL_basic_2014_02_21_Instance_10000">Mike Bada, University of Colorado Anschutz Medical Campus</annotator>
    <span start="2219" end="2225" />
    <spannedText>type I</spannedText>
  </annotation>
  <annotation>
    <mention id="CL_basic_2014_02_21_Instance_31395" />
    <annotator id="CL_basic_2014_02_21_Instance_10000">Mike Bada, University of Colorado Anschutz Medical Campus</annotator>
    <span start="2684" end="2696" />
    <spannedText>Muscle fiber</spannedText>
  </annotation>
  <annotation>
    <mention id="CL_basic_2014_02_21_Instance_31399" />
    <annotator id="CL_basic_2014_02_21_Instance_10000">Mike Bada, University of Colorado Anschutz Medical Campus</annotator>
    <span start="2843" end="2856" />
    <spannedText>type I fibers</spannedText>
  </annotation>
  <annotation>
    <mention id="CL_basic_2014_02_21_Instance_31402" />
    <annotator id="CL_basic_2014_02_21_Instance_10000">Mike Bada, University of Colorado Anschutz Medical Campus</annotator>
    <span start="3027" end="3040" />
    <spannedText>type I fibers</spannedText>
  </annotation>
  <annotation>
    <mention id="CL_basic_2014_02_21_Instance_31410" />
    <annotator id="CL_basic_2014_02_21_Instance_10000">Mike Bada, University of Colorado Anschutz Medical Campus</annotator>
    <span start="3845" end="3865" />
    <spannedText>type I muscle fibers</spannedText>
  </annotation>
  <annotation>
    <mention id="CL_basic_2014_02_21_Instance_31414" />
    <annotator id="CL_basic_2014_02_21_Instance_10000">Mike Bada, University of Colorado Anschutz Medical Campus</annotator>
    <span start="4029" end="4041" />
    <spannedText>Muscle Fiber</spannedText>
  </annotation>
  <annotation>
    <mention id="CL_basic_2014_02_21_Instance_31417" />
    <annotator id="CL_basic_2014_02_21_Instance_10000">Mike Bada, University of Colorado Anschutz Medical Campus</annotator>
    <span start="4077" end="4089" />
    <spannedText>muscle fiber</spannedText>
  </annotation>
  <annotation>
    <mention id="CL_basic_2014_02_21_Instance_31420" />
    <annotator id="CL_basic_2014_02_21_Instance_10000">Mike Bada, University of Colorado Anschutz Medical Campus</annotator>
    <span start="4266" end="4279" />
    <spannedText>muscle fibers</spannedText>
  </annotation>
  <annotation>
    <mention id="CL_basic_2014_02_21_Instance_31424" />
    <annotator id="CL_basic_2014_02_21_Instance_10000">Mike Bada, University of Colorado Anschutz Medical Campus</annotator>
    <span start="4320" end="4326" />
    <spannedText>type I</spannedText>
  </annotation>
  <annotation>
    <mention id="CL_basic_2014_02_21_Instance_31428" />
    <annotator id="CL_basic_2014_02_21_Instance_10000">Mike Bada, University of Colorado Anschutz Medical Campus</annotator>
    <span start="4355" end="4362" />
    <spannedText>type II</spannedText>
  </annotation>
  <annotation>
    <mention id="CL_basic_2014_02_21_Instance_31432" />
    <annotator id="CL_basic_2014_02_21_Instance_10000">Mike Bada, University of Colorado Anschutz Medical Campus</annotator>
    <span start="4406" end="4412" />
    <spannedText>type I</spannedText>
  </annotation>
  <annotation>
    <mention id="CL_basic_2014_02_21_Instance_31436" />
    <annotator id="CL_basic_2014_02_21_Instance_10000">Mike Bada, University of Colorado Anschutz Medical Campus</annotator>
    <span start="4417" end="4424" />
    <spannedText>type II</spannedText>
  </annotation>
  <annotation>
    <mention id="CL_basic_2014_02_21_Instance_31440" />
    <annotator id="CL_basic_2014_02_21_Instance_10000">Mike Bada, University of Colorado Anschutz Medical Campus</annotator>
    <span start="4708" end="4720" />
    <spannedText>muscle fiber</spannedText>
  </annotation>
  <annotation>
    <mention id="CL_basic_2014_02_21_Instance_31443" />
    <annotator id="CL_basic_2014_02_21_Instance_10000">Mike Bada, University of Colorado Anschutz Medical Campus</annotator>
    <span start="5219" end="5232" />
    <spannedText>muscle fibers</spannedText>
  </annotation>
  <annotation>
    <mention id="CL_basic_2014_02_21_Instance_31447" />
    <annotator id="CL_basic_2014_02_21_Instance_10000">Mike Bada, University of Colorado Anschutz Medical Campus</annotator>
    <span start="5686" end="5698" />
    <spannedText>type I fiber</spannedText>
  </annotation>
  <annotation>
    <mention id="CL_basic_2014_02_21_Instance_31450" />
    <annotator id="CL_basic_2014_02_21_Instance_10000">Mike Bada, University of Colorado Anschutz Medical Campus</annotator>
    <span start="5786" end="5792" />
    <spannedText>Type I</spannedText>
  </annotation>
  <annotation>
    <mention id="CL_basic_2014_02_21_Instance_31455" />
    <annotator id="CL_basic_2014_02_21_Instance_10000">Mike Bada, University of Colorado Anschutz Medical Campus</annotator>
    <span start="5834" end="5841" />
    <spannedText>type II</spannedText>
  </annotation>
  <annotation>
    <mention id="CL_basic_2014_02_21_Instance_31463" />
    <annotator id="CL_basic_2014_02_21_Instance_10000">Mike Bada, University of Colorado Anschutz Medical Campus</annotator>
    <span start="6099" end="6105" />
    <span start="6109" end="6115" />
    <spannedText>type I ... fibers</spannedText>
  </annotation>
  <annotation>
    <mention id="CL_basic_2014_02_21_Instance_31467" />
    <annotator id="CL_basic_2014_02_21_Instance_10000">Mike Bada, University of Colorado Anschutz Medical Campus</annotator>
    <span start="6099" end="6103" />
    <span start="6106" end="6115" />
    <spannedText>type ... II fibers</spannedText>
  </annotation>
  <annotation>
    <mention id="CL_basic_2014_02_21_Instance_31491" />
    <annotator id="CL_basic_2014_02_21_Instance_10000">Mike Bada, University of Colorado Anschutz Medical Campus</annotator>
    <span start="3235" end="3251" />
    <spannedText>oxidative fibers</spannedText>
  </annotation>
  <annotation>
    <mention id="CL_basic_2014_02_21_Instance_31497" />
    <annotator id="CL_basic_2014_02_21_Instance_10000">Mike Bada, University of Colorado Anschutz Medical Campus</annotator>
    <span start="5957" end="5980" />
    <spannedText>oxidative muscle fibers</spannedText>
  </annotation>
  <annotation>
    <mention id="CL_basic_2014_02_21_Instance_31503" />
    <annotator id="CL_basic_2014_02_21_Instance_10000">Mike Bada, University of Colorado Anschutz Medical Campus</annotator>
    <span start="6199" end="6211" />
    <spannedText>muscle fiber</spannedText>
  </annotation>
  <annotation>
    <mention id="CL_basic_2014_02_21_Instance_31507" />
    <annotator id="CL_basic_2014_02_21_Instance_10000">Mike Bada, University of Colorado Anschutz Medical Campus</annotator>
    <span start="6314" end="6327" />
    <spannedText>type I fibers</spannedText>
  </annotation>
  <annotation>
    <mention id="CL_basic_2014_02_21_Instance_31511" />
    <annotator id="CL_basic_2014_02_21_Instance_10000">Mike Bada, University of Colorado Anschutz Medical Campus</annotator>
    <span start="6355" end="6371" />
    <spannedText>oxidative fibers</spannedText>
  </annotation>
  <annotation>
    <mention id="CL_basic_2014_02_21_Instance_31515" />
    <annotator id="CL_basic_2014_02_21_Instance_10000">Mike Bada, University of Colorado Anschutz Medical Campus</annotator>
    <span start="6807" end="6819" />
    <spannedText>muscle fiber</spannedText>
  </annotation>
  <annotation>
    <mention id="CL_basic_2014_02_21_Instance_31518" />
    <annotator id="CL_basic_2014_02_21_Instance_10000">Mike Bada, University of Colorado Anschutz Medical Campus</annotator>
    <span start="7296" end="7308" />
    <spannedText>muscle fiber</spannedText>
  </annotation>
  <annotation>
    <mention id="CL_basic_2014_02_21_Instance_31522" />
    <annotator id="CL_basic_2014_02_21_Instance_10000">Mike Bada, University of Colorado Anschutz Medical Campus</annotator>
    <span start="7420" end="7432" />
    <spannedText>type I fiber</spannedText>
  </annotation>
  <annotation>
    <mention id="CL_basic_2014_02_21_Instance_31525" />
    <annotator id="CL_basic_2014_02_21_Instance_10000">Mike Bada, University of Colorado Anschutz Medical Campus</annotator>
    <span start="7590" end="7602" />
    <spannedText>type I fiber</spannedText>
  </annotation>
  <annotation>
    <mention id="CL_basic_2014_02_21_Instance_31529" />
    <annotator id="CL_basic_2014_02_21_Instance_10000">Mike Bada, University of Colorado Anschutz Medical Campus</annotator>
    <span start="7728" end="7741" />
    <spannedText>type II fiber</spannedText>
  </annotation>
  <annotation>
    <mention id="CL_basic_2014_02_21_Instance_31537" />
    <annotator id="CL_basic_2014_02_21_Instance_10000">Mike Bada, University of Colorado Anschutz Medical Campus</annotator>
    <span start="8074" end="8084" />
    <spannedText>slow fiber</spannedText>
  </annotation>
  <annotation>
    <mention id="CL_basic_2014_02_21_Instance_31541" />
    <annotator id="CL_basic_2014_02_21_Instance_10000">Mike Bada, University of Colorado Anschutz Medical Campus</annotator>
    <span start="8249" end="8261" />
    <spannedText>muscle fiber</spannedText>
  </annotation>
  <annotation>
    <mention id="CL_basic_2014_02_21_Instance_31545" />
    <annotator id="CL_basic_2014_02_21_Instance_10000">Mike Bada, University of Colorado Anschutz Medical Campus</annotator>
    <span start="8280" end="8286" />
    <spannedText>type I</spannedText>
  </annotation>
  <annotation>
    <mention id="CL_basic_2014_02_21_Instance_31549" />
    <annotator id="CL_basic_2014_02_21_Instance_10000">Mike Bada, University of Colorado Anschutz Medical Campus</annotator>
    <span start="8480" end="8496" />
    <spannedText>oxidative fibers</spannedText>
  </annotation>
  <annotation>
    <mention id="CL_basic_2014_02_21_Instance_31552" />
    <annotator id="CL_basic_2014_02_21_Instance_10000">Mike Bada, University of Colorado Anschutz Medical Campus</annotator>
    <span start="8528" end="8544" />
    <spannedText>oxidative fibers</spannedText>
  </annotation>
  <annotation>
    <mention id="CL_basic_2014_02_21_Instance_31556" />
    <annotator id="CL_basic_2014_02_21_Instance_10000">Mike Bada, University of Colorado Anschutz Medical Campus</annotator>
    <span start="9808" end="9828" />
    <spannedText>type I muscle fibers</spannedText>
  </annotation>
  <annotation>
    <mention id="CL_basic_2014_02_21_Instance_31560" />
    <annotator id="CL_basic_2014_02_21_Instance_10000">Mike Bada, University of Colorado Anschutz Medical Campus</annotator>
    <span start="10033" end="10045" />
    <spannedText>muscle fiber</spannedText>
  </annotation>
  <annotation>
    <mention id="CL_basic_2014_02_21_Instance_31564" />
    <annotator id="CL_basic_2014_02_21_Instance_10000">Mike Bada, University of Colorado Anschutz Medical Campus</annotator>
    <span start="10306" end="10319" />
    <spannedText>type I fibers</spannedText>
  </annotation>
  <annotation>
    <mention id="CL_basic_2014_02_21_Instance_31567" />
    <annotator id="CL_basic_2014_02_21_Instance_10000">Mike Bada, University of Colorado Anschutz Medical Campus</annotator>
    <span start="10428" end="10441" />
    <spannedText>type I fibers</spannedText>
  </annotation>
  <annotation>
    <mention id="CL_basic_2014_02_21_Instance_31574" />
    <annotator id="CL_basic_2014_02_21_Instance_10000">Mike Bada, University of Colorado Anschutz Medical Campus</annotator>
    <span start="11483" end="11495" />
    <spannedText>muscle fiber</spannedText>
  </annotation>
  <annotation>
    <mention id="CL_basic_2014_02_21_Instance_31577" />
    <annotator id="CL_basic_2014_02_21_Instance_10000">Mike Bada, University of Colorado Anschutz Medical Campus</annotator>
    <span start="11552" end="11564" />
    <spannedText>muscle fiber</spannedText>
  </annotation>
  <annotation>
    <mention id="CL_basic_2014_02_21_Instance_31580" />
    <annotator id="CL_basic_2014_02_21_Instance_10000">Mike Bada, University of Colorado Anschutz Medical Campus</annotator>
    <span start="12067" end="12079" />
    <spannedText>muscle fiber</spannedText>
  </annotation>
  <annotation>
    <mention id="CL_basic_2014_02_21_Instance_31584" />
    <annotator id="CL_basic_2014_02_21_Instance_10000">Mike Bada, University of Colorado Anschutz Medical Campus</annotator>
    <span start="12366" end="12378" />
    <spannedText>type I fiber</spannedText>
  </annotation>
  <annotation>
    <mention id="CL_basic_2014_02_21_Instance_31588" />
    <annotator id="CL_basic_2014_02_21_Instance_10000">Mike Bada, University of Colorado Anschutz Medical Campus</annotator>
    <span start="12424" end="12436" />
    <spannedText>muscle fiber</spannedText>
  </annotation>
  <annotation>
    <mention id="CL_basic_2014_02_21_Instance_31591" />
    <annotator id="CL_basic_2014_02_21_Instance_10000">Mike Bada, University of Colorado Anschutz Medical Campus</annotator>
    <span start="12684" end="12696" />
    <spannedText>muscle fiber</spannedText>
  </annotation>
  <annotation>
    <mention id="CL_basic_2014_02_21_Instance_31595" />
    <annotator id="CL_basic_2014_02_21_Instance_10000">Mike Bada, University of Colorado Anschutz Medical Campus</annotator>
    <span start="12811" end="12830" />
    <spannedText>type I muscle fiber</spannedText>
  </annotation>
  <annotation>
    <mention id="CL_basic_2014_02_21_Instance_31599" />
    <annotator id="CL_basic_2014_02_21_Instance_10000">Mike Bada, University of Colorado Anschutz Medical Campus</annotator>
    <span start="12964" end="12976" />
    <spannedText>muscle fiber</spannedText>
  </annotation>
  <annotation>
    <mention id="CL_basic_2014_02_21_Instance_31604" />
    <annotator id="CL_basic_2014_02_21_Instance_10000">Mike Bada, University of Colorado Anschutz Medical Campus</annotator>
    <span start="13856" end="13868" />
    <spannedText>muscle fiber</spannedText>
  </annotation>
  <annotation>
    <mention id="CL_basic_2014_02_21_Instance_31614" />
    <annotator id="CL_basic_2014_02_21_Instance_10000">Mike Bada, University of Colorado Anschutz Medical Campus</annotator>
    <span start="15254" end="15266" />
    <spannedText>muscle fiber</spannedText>
  </annotation>
  <annotation>
    <mention id="CL_basic_2014_02_21_Instance_31618" />
    <annotator id="CL_basic_2014_02_21_Instance_10000">Mike Bada, University of Colorado Anschutz Medical Campus</annotator>
    <span start="15437" end="15453" />
    <spannedText>oxidative fibers</spannedText>
  </annotation>
  <annotation>
    <mention id="CL_basic_2014_02_21_Instance_31622" />
    <annotator id="CL_basic_2014_02_21_Instance_10000">Mike Bada, University of Colorado Anschutz Medical Campus</annotator>
    <span start="16202" end="16214" />
    <spannedText>muscle fiber</spannedText>
  </annotation>
  <annotation>
    <mention id="CL_basic_2014_02_21_Instance_31625" />
    <annotator id="CL_basic_2014_02_21_Instance_10000">Mike Bada, University of Colorado Anschutz Medical Campus</annotator>
    <span start="18348" end="18360" />
    <spannedText>Muscle fiber</spannedText>
  </annotation>
  <annotation>
    <mention id="CL_basic_2014_02_21_Instance_31628" />
    <annotator id="CL_basic_2014_02_21_Instance_10000">Mike Bada, University of Colorado Anschutz Medical Campus</annotator>
    <span start="18401" end="18413" />
    <spannedText>Muscle fiber</spannedText>
  </annotation>
  <annotation>
    <mention id="CL_basic_2014_02_21_Instance_31632" />
    <annotator id="CL_basic_2014_02_21_Instance_10000">Mike Bada, University of Colorado Anschutz Medical Campus</annotator>
    <span start="21643" end="21666" />
    <spannedText>Oxidative Type I Fibers</spannedText>
  </annotation>
  <annotation>
    <mention id="CL_basic_2014_02_21_Instance_31635" />
    <annotator id="CL_basic_2014_02_21_Instance_10000">Mike Bada, University of Colorado Anschutz Medical Campus</annotator>
    <span start="21814" end="21821" />
    <spannedText>type II</spannedText>
  </annotation>
  <annotation>
    <mention id="CL_basic_2014_02_21_Instance_31638" />
    <annotator id="CL_basic_2014_02_21_Instance_10000">Mike Bada, University of Colorado Anschutz Medical Campus</annotator>
    <span start="21840" end="21853" />
    <spannedText>Type I fibers</spannedText>
  </annotation>
  <annotation>
    <mention id="CL_basic_2014_02_21_Instance_31641" />
    <annotator id="CL_basic_2014_02_21_Instance_10000">Mike Bada, University of Colorado Anschutz Medical Campus</annotator>
    <span start="21934" end="21947" />
    <spannedText>Type I Fibers</spannedText>
  </annotation>
  <annotation>
    <mention id="CL_basic_2014_02_21_Instance_31645" />
    <annotator id="CL_basic_2014_02_21_Instance_10000">Mike Bada, University of Colorado Anschutz Medical Campus</annotator>
    <span start="22705" end="22717" />
    <spannedText>muscle fiber</spannedText>
  </annotation>
  <annotation>
    <mention id="CL_basic_2014_02_21_Instance_31648" />
    <annotator id="CL_basic_2014_02_21_Instance_10000">Mike Bada, University of Colorado Anschutz Medical Campus</annotator>
    <span start="25744" end="25756" />
    <spannedText>muscle fiber</spannedText>
  </annotation>
  <annotation>
    <mention id="CL_basic_2014_02_21_Instance_31653" />
    <annotator id="CL_basic_2014_02_21_Instance_10000">Mike Bada, University of Colorado Anschutz Medical Campus</annotator>
    <span start="8351" end="8363" />
    <spannedText>Muscle Fiber</spannedText>
  </annotation>
  <classMention id="CL_basic_2014_02_21_Instance_31395">
    <mentionClass id="CL:0000187">muscle cell</mentionClass>
  </classMention>
  <classMention id="CL_basic_2014_02_21_Instance_31399">
    <mentionClass id="CL:0002211">type I muscle cell</mentionClass>
  </classMention>
  <classMention id="CL_basic_2014_02_21_Instance_31384">
    <mentionClass id="CL:0002214">type IIa muscle cell</mentionClass>
  </classMention>
  <classMention id="CL_basic_2014_02_21_Instance_31388">
    <mentionClass id="CL:0002211">type I muscle cell</mentionClass>
  </classMention>
  <classMention id="CL_basic_2014_02_21_Instance_31414">
    <mentionClass id="CL:0000187">muscle cell</mentionClass>
  </classMention>
  <classMention id="CL_basic_2014_02_21_Instance_31417">
    <mentionClass id="CL:0000187">muscle cell</mentionClass>
  </classMention>
  <classMention id="CL_basic_2014_02_21_Instance_31402">
    <mentionClass id="CL:0002211">type I muscle cell</mentionClass>
  </classMention>
  <classMention id="CL_basic_2014_02_21_Instance_31410">
    <mentionClass id="CL:0002211">type I muscle cell</mentionClass>
  </classMention>
  <classMention id="CL_basic_2014_02_21_Instance_31428">
    <mentionClass id="CL:0002212">type II muscle cell</mentionClass>
  </classMention>
  <classMention id="CL_basic_2014_02_21_Instance_31432">
    <mentionClass id="CL:0002211">type I muscle cell</mentionClass>
  </classMention>
  <classMention id="CL_basic_2014_02_21_Instance_31420">
    <mentionClass id="CL:0000187">muscle cell</mentionClass>
  </classMention>
  <classMention id="CL_basic_2014_02_21_Instance_31424">
    <mentionClass id="CL:0002211">type I muscle cell</mentionClass>
  </classMention>
  <classMention id="CL_basic_2014_02_21_Instance_31443">
    <mentionClass id="CL:0000187">muscle cell</mentionClass>
  </classMention>
  <classMention id="CL_basic_2014_02_21_Instance_31447">
    <mentionClass id="CL:0002211">type I muscle cell</mentionClass>
  </classMention>
  <classMention id="CL_basic_2014_02_21_Instance_31436">
    <mentionClass id="CL:0002212">type II muscle cell</mentionClass>
  </classMention>
  <classMention id="CL_basic_2014_02_21_Instance_31440">
    <mentionClass id="CL:0000187">muscle cell</mentionClass>
  </classMention>
  <classMention id="CL_basic_2014_02_21_Instance_31463">
    <mentionClass id="CL:0002211">type I muscle cell</mentionClass>
  </classMention>
  <classMention id="CL_basic_2014_02_21_Instance_31467">
    <mentionClass id="CL:0002212">type II muscle cell</mentionClass>
  </classMention>
  <classMention id="CL_basic_2014_02_21_Instance_31450">
    <mentionClass id="CL:0002211">type I muscle cell</mentionClass>
  </classMention>
  <classMention id="CL_basic_2014_02_21_core+extensions+nested_backup_Instance_20849">
    <mentionClass id="CL:0000189">slow muscle cell</mentionClass>
  </classMention>
  <classMention id="CL_basic_2014_02_21_Instance_31455">
    <mentionClass id="CL:0002212">type II muscle cell</mentionClass>
  </classMention>
  <classMention id="CL_basic_2014_02_21_Instance_31503">
    <mentionClass id="CL:0000187">muscle cell</mentionClass>
  </classMention>
  <classMention id="CL_basic_2014_02_21_core+extensions+nested_backup_Instance_20855">
    <mentionClass id="CL:0000190">fast muscle cell</mentionClass>
  </classMention>
  <classMention id="CL_basic_2014_02_21_Instance_31507">
    <mentionClass id="CL:0002211">type I muscle cell</mentionClass>
  </classMention>
  <classMention id="CL_basic_2014_02_21_core+extensions+nested_backup_Instance_20852">
    <mentionClass id="CL:0002210">red muscle cell</mentionClass>
  </classMention>
  <classMention id="CL_basic_2014_02_21_Instance_31491">
    <mentionClass id="CL:0002210">red muscle cell</mentionClass>
  </classMention>
  <classMention id="CL_basic_2014_02_21_Instance_31497">
    <mentionClass id="CL:0002210">red muscle cell</mentionClass>
  </classMention>
  <classMention id="CL_basic_2014_02_21_core+extensions+nested_backup_Instance_20858">
    <mentionClass id="CL:0000190">fast muscle cell</mentionClass>
  </classMention>
  <classMention id="CL_basic_2014_02_21_Instance_31518">
    <mentionClass id="CL:0000187">muscle cell</mentionClass>
  </classMention>
  <classMention id="CL_basic_2014_02_21_Instance_31522">
    <mentionClass id="CL:0002211">type I muscle cell</mentionClass>
  </classMention>
  <classMention id="CL_basic_2014_02_21_Instance_31511">
    <mentionClass id="CL:0002210">red muscle cell</mentionClass>
  </classMention>
  <classMention id="CL_basic_2014_02_21_Instance_31515">
    <mentionClass id="CL:0000187">muscle cell</mentionClass>
  </classMention>
  <classMention id="CL_basic_2014_02_21_Instance_31537">
    <mentionClass id="CL:0000189">slow muscle cell</mentionClass>
  </classMention>
  <classMention id="CL_basic_2014_02_21_Instance_31541">
    <mentionClass id="CL:0000187">muscle cell</mentionClass>
  </classMention>
  <classMention id="CL_basic_2014_02_21_Instance_31525">
    <mentionClass id="CL:0002211">type I muscle cell</mentionClass>
  </classMention>
  <classMention id="CL_basic_2014_02_21_Instance_31529">
    <mentionClass id="CL:0002212">type II muscle cell</mentionClass>
  </classMention>
  <classMention id="CL_basic_2014_02_21_Instance_31552">
    <mentionClass id="CL:0002210">red muscle cell</mentionClass>
  </classMention>
  <classMention id="CL_basic_2014_02_21_Instance_31556">
    <mentionClass id="CL:0002211">type I muscle cell</mentionClass>
  </classMention>
  <classMention id="CL_basic_2014_02_21_Instance_31545">
    <mentionClass id="CL:0002211">type I muscle cell</mentionClass>
  </classMention>
  <classMention id="CL_basic_2014_02_21_Instance_31549">
    <mentionClass id="CL:0002210">red muscle cell</mentionClass>
  </classMention>
  <classMention id="CL_basic_2014_02_21_Instance_31567">
    <mentionClass id="CL:0002211">type I muscle cell</mentionClass>
  </classMention>
  <classMention id="CL_basic_2014_02_21_Instance_31574">
    <mentionClass id="CL:0000187">muscle cell</mentionClass>
  </classMention>
  <classMention id="CL_basic_2014_02_21_Instance_31560">
    <mentionClass id="CL:0000187">muscle cell</mentionClass>
  </classMention>
  <classMention id="CL_basic_2014_02_21_Instance_31564">
    <mentionClass id="CL:0002211">type I muscle cell</mentionClass>
  </classMention>
  <classMention id="CL_basic_2014_02_21_Instance_31584">
    <mentionClass id="CL:0002211">type I muscle cell</mentionClass>
  </classMention>
  <classMention id="CL_basic_2014_02_21_Instance_31588">
    <mentionClass id="CL:0000187">muscle cell</mentionClass>
  </classMention>
  <classMention id="CL_basic_2014_02_21_Instance_31577">
    <mentionClass id="CL:0000187">muscle cell</mentionClass>
  </classMention>
  <classMention id="CL_basic_2014_02_21_Instance_31580">
    <mentionClass id="CL:0000187">muscle cell</mentionClass>
  </classMention>
  <classMention id="CL_basic_2014_02_21_Instance_31599">
    <mentionClass id="CL:0000187">muscle cell</mentionClass>
  </classMention>
  <classMention id="CL_basic_2014_02_21_Instance_14991">
    <mentionClass id="CL:0000100">motor neuron</mentionClass>
  </classMention>
  <classMention id="CL_basic_2014_02_21_Instance_31300">
    <mentionClass id="CL:0000187">muscle cell</mentionClass>
  </classMention>
  <classMention id="CL_basic_2014_02_21_Instance_31604">
    <mentionClass id="CL:0000187">muscle cell</mentionClass>
  </classMention>
  <classMention id="CL_basic_2014_02_21_Instance_14993">
    <mentionClass id="CL:0000365">zygote</mentionClass>
  </classMention>
  <classMention id="CL_basic_2014_02_21_Instance_31591">
    <mentionClass id="CL:0000187">muscle cell</mentionClass>
  </classMention>
  <classMention id="CL_basic_2014_02_21_Instance_14985">
    <mentionClass id="CL:0000100">motor neuron</mentionClass>
  </classMention>
  <classMention id="CL_basic_2014_02_21_Instance_31595">
    <mentionClass id="CL:0002211">type I muscle cell</mentionClass>
  </classMention>
  <classMention id="CL_basic_2014_02_21_Instance_14987">
    <mentionClass id="CL:0000136">fat cell</mentionClass>
  </classMention>
  <classMention id="CL_basic_2014_02_21_Instance_31309">
    <mentionClass id="CL:0002211">type I muscle cell</mentionClass>
  </classMention>
  <classMention id="CL_basic_2014_02_21_Instance_31622">
    <mentionClass id="CL:0000187">muscle cell</mentionClass>
  </classMention>
  <classMention id="CL_basic_2014_02_21_Instance_31317">
    <mentionClass id="CL:0008002">skeletal muscle fiber</mentionClass>
  </classMention>
  <classMention id="CL_basic_2014_02_21_Instance_31625">
    <mentionClass id="CL:0000187">muscle cell</mentionClass>
  </classMention>
  <classMention id="CL_basic_2014_02_21_Instance_31303">
    <mentionClass id="CL:0000187">muscle cell</mentionClass>
  </classMention>
  <classMention id="CL_basic_2014_02_21_Instance_31614">
    <mentionClass id="CL:0000187">muscle cell</mentionClass>
  </classMention>
  <classMention id="CL_basic_2014_02_21_Instance_31306">
    <mentionClass id="CL:0002211">type I muscle cell</mentionClass>
  </classMention>
  <classMention id="CL_basic_2014_02_21_Instance_31618">
    <mentionClass id="CL:0002210">red muscle cell</mentionClass>
  </classMention>
  <classMention id="CL_basic_2014_02_21_Instance_31343">
    <mentionClass id="CL:0002212">type II muscle cell</mentionClass>
  </classMention>
  <classMention id="CL_basic_2014_02_21_Instance_31635">
    <mentionClass id="CL:0002212">type II muscle cell</mentionClass>
  </classMention>
  <classMention id="CL_basic_2014_02_21_Instance_31349">
    <mentionClass id="CL:0002212">type II muscle cell</mentionClass>
  </classMention>
  <classMention id="CL_basic_2014_02_21_Instance_31638">
    <mentionClass id="CL:0002211">type I muscle cell</mentionClass>
  </classMention>
  <classMention id="CL_basic_2014_02_21_Instance_31320">
    <mentionClass id="CL:0002211">type I muscle cell</mentionClass>
  </classMention>
  <classMention id="CL_basic_2014_02_21_Instance_31628">
    <mentionClass id="CL:0000187">muscle cell</mentionClass>
  </classMention>
  <classMention id="CL_basic_2014_02_21_Instance_31333">
    <mentionClass id="CL:0002211">type I muscle cell</mentionClass>
  </classMention>
  <classMention id="CL_basic_2014_02_21_Instance_31632">
    <mentionClass id="CL:0002211">type I muscle cell</mentionClass>
  </classMention>
  <classMention id="CL_basic_2014_02_21_Instance_31358">
    <mentionClass id="CL:0002215">type IIb muscle cell</mentionClass>
  </classMention>
  <classMention id="CL_basic_2014_02_21_Instance_31648">
    <mentionClass id="CL:0000187">muscle cell</mentionClass>
  </classMention>
  <classMention id="CL_basic_2014_02_21_Instance_31362">
    <mentionClass id="CL:0002214">type IIa muscle cell</mentionClass>
  </classMention>
  <classMention id="CL_basic_2014_02_21_Instance_31653">
    <mentionClass id="CL:0000187">muscle cell</mentionClass>
  </classMention>
  <classMention id="CL_basic_2014_02_21_Instance_31352">
    <mentionClass id="CL:0002214">type IIa muscle cell</mentionClass>
  </classMention>
  <classMention id="CL_basic_2014_02_21_Instance_31641">
    <mentionClass id="CL:0002211">type I muscle cell</mentionClass>
  </classMention>
  <classMention id="CL_basic_2014_02_21_Instance_31355">
    <mentionClass id="CL:0002215">type IIb muscle cell</mentionClass>
  </classMention>
  <classMention id="CL_basic_2014_02_21_Instance_31645">
    <mentionClass id="CL:0000187">muscle cell</mentionClass>
  </classMention>
  <classMention id="CL_basic_2014_02_21_Instance_31376">
    <mentionClass id="CL:0000187">muscle cell</mentionClass>
  </classMention>
  <classMention id="CL_basic_2014_02_21_Instance_31380">
    <mentionClass id="CL:0002215">type IIb muscle cell</mentionClass>
  </classMention>
  <classMention id="CL_basic_2014_02_21_Instance_31366">
    <mentionClass id="CL:0002211">type I muscle cell</mentionClass>
  </classMention>
  <classMention id="CL_basic_2014_02_21_Instance_31369">
    <mentionClass id="CL:0002215">type IIb muscle cell</mentionClass>
  </classMention>
</annotations>

