<?xml version="1.0" encoding="UTF-8"?>
<annotations textSource="15819996.txt">
  <annotation>
    <mention id="CL_basic_2014_02_21_Instance_11413" />
    <annotator id="CL_basic_2014_02_21_Instance_10000">Mike Bada, University of Colorado Anschutz Medical Campus</annotator>
    <span start="1619" end="1634" />
    <spannedText>astroglial cell</spannedText>
  </annotation>
  <annotation>
    <mention id="CL_basic_2014_02_21_Instance_11415" />
    <annotator id="CL_basic_2014_02_21_Instance_10000">Mike Bada, University of Colorado Anschutz Medical Campus</annotator>
    <span start="16710" end="16718" />
    <span start="16723" end="16741" />
    <spannedText>cells of ... stratum granulosum</spannedText>
  </annotation>
  <annotation>
    <mention id="CL_basic_2014_02_21_Instance_11417" />
    <annotator id="CL_basic_2014_02_21_Instance_10000">Mike Bada, University of Colorado Anschutz Medical Campus</annotator>
    <span start="19314" end="19330" />
    <spannedText>astroglial cells</spannedText>
  </annotation>
  <annotation>
    <mention id="CL_basic_2014_02_21_Instance_11419" />
    <annotator id="CL_basic_2014_02_21_Instance_10000">Mike Bada, University of Colorado Anschutz Medical Campus</annotator>
    <span start="20656" end="20666" />
    <span start="20672" end="20676" />
    <spannedText>astroglial ... cell</spannedText>
  </annotation>
  <annotation>
    <mention id="CL_basic_2014_02_21_Instance_11421" />
    <annotator id="CL_basic_2014_02_21_Instance_10000">Mike Bada, University of Colorado Anschutz Medical Campus</annotator>
    <span start="21101" end="21116" />
    <spannedText>astroglial cell</spannedText>
  </annotation>
  <annotation>
    <mention id="CL_basic_2014_02_21_Instance_12585" />
    <annotator id="CL_basic_2014_02_21_Instance_10000">Mike Bada, University of Colorado Anschutz Medical Campus</annotator>
    <span start="21516" end="21526" />
    <span start="21532" end="21536" />
    <spannedText>astroglial ... cell</spannedText>
  </annotation>
  <annotation>
    <mention id="CL_basic_2014_02_21_Instance_16185" />
    <annotator id="CL_basic_2014_02_21_Instance_10000">Mike Bada, University of Colorado Anschutz Medical Campus</annotator>
    <span start="361" end="371" />
    <spannedText>astrocytes</spannedText>
  </annotation>
  <annotation>
    <mention id="CL_basic_2014_02_21_Instance_16197" />
    <annotator id="CL_basic_2014_02_21_Instance_10000">Mike Bada, University of Colorado Anschutz Medical Campus</annotator>
    <span start="1428" end="1438" />
    <spannedText>astrocytes</spannedText>
  </annotation>
  <annotation>
    <mention id="CL_basic_2014_02_21_Instance_16205" />
    <annotator id="CL_basic_2014_02_21_Instance_10000">Mike Bada, University of Colorado Anschutz Medical Campus</annotator>
    <span start="3504" end="3519" />
    <spannedText>red blood cells</spannedText>
  </annotation>
  <annotation>
    <mention id="CL_basic_2014_02_21_Instance_16207" />
    <annotator id="CL_basic_2014_02_21_Instance_10000">Mike Bada, University of Colorado Anschutz Medical Campus</annotator>
    <span start="3639" end="3647" />
    <spannedText>myoblast</spannedText>
  </annotation>
  <annotation>
    <mention id="CL_basic_2014_02_21_Instance_16213" />
    <annotator id="CL_basic_2014_02_21_Instance_10000">Mike Bada, University of Colorado Anschutz Medical Campus</annotator>
    <span start="3972" end="3987" />
    <spannedText>red blood cells</spannedText>
  </annotation>
  <annotation>
    <mention id="CL_basic_2014_02_21_Instance_16215" />
    <annotator id="CL_basic_2014_02_21_Instance_10000">Mike Bada, University of Colorado Anschutz Medical Campus</annotator>
    <span start="3989" end="3997" />
    <spannedText>platelet</spannedText>
  </annotation>
  <annotation>
    <mention id="CL_basic_2014_02_21_Instance_16235" />
    <annotator id="CL_basic_2014_02_21_Instance_10000">Mike Bada, University of Colorado Anschutz Medical Campus</annotator>
    <span start="7248" end="7251" />
    <spannedText>egg</spannedText>
  </annotation>
  <annotation>
    <mention id="CL_basic_2014_02_21_Instance_16239" />
    <annotator id="CL_basic_2014_02_21_Instance_10000">Mike Bada, University of Colorado Anschutz Medical Campus</annotator>
    <span start="7344" end="7358" />
    <spannedText>endoderm cells</spannedText>
  </annotation>
  <annotation>
    <mention id="CL_basic_2014_02_21_Instance_16243" />
    <annotator id="CL_basic_2014_02_21_Instance_10000">Mike Bada, University of Colorado Anschutz Medical Campus</annotator>
    <span start="7533" end="7536" />
    <spannedText>egg</spannedText>
  </annotation>
  <annotation>
    <mention id="CL_basic_2014_02_21_Instance_16251" />
    <annotator id="CL_basic_2014_02_21_Instance_10000">Mike Bada, University of Colorado Anschutz Medical Campus</annotator>
    <span start="9348" end="9355" />
    <spannedText>neurons</spannedText>
  </annotation>
  <annotation>
    <mention id="CL_basic_2014_02_21_Instance_16253" />
    <annotator id="CL_basic_2014_02_21_Instance_10000">Mike Bada, University of Colorado Anschutz Medical Campus</annotator>
    <span start="9430" end="9441" />
    <spannedText>glial cells</spannedText>
  </annotation>
  <annotation>
    <mention id="CL_basic_2014_02_21_Instance_16267" />
    <annotator id="CL_basic_2014_02_21_Instance_10000">Mike Bada, University of Colorado Anschutz Medical Campus</annotator>
    <span start="10898" end="10905" />
    <spannedText>neurons</spannedText>
  </annotation>
  <annotation>
    <mention id="CL_basic_2014_02_21_Instance_16269" />
    <annotator id="CL_basic_2014_02_21_Instance_10000">Mike Bada, University of Colorado Anschutz Medical Campus</annotator>
    <span start="11149" end="11156" />
    <spannedText>neurons</spannedText>
  </annotation>
  <annotation>
    <mention id="CL_basic_2014_02_21_Instance_16271" />
    <annotator id="CL_basic_2014_02_21_Instance_10000">Mike Bada, University of Colorado Anschutz Medical Campus</annotator>
    <span start="11268" end="11278" />
    <spannedText>astrocytes</spannedText>
  </annotation>
  <annotation>
    <mention id="CL_basic_2014_02_21_Instance_16273" />
    <annotator id="CL_basic_2014_02_21_Instance_10000">Mike Bada, University of Colorado Anschutz Medical Campus</annotator>
    <span start="11411" end="11418" />
    <spannedText>neurons</spannedText>
  </annotation>
  <annotation>
    <mention id="CL_basic_2014_02_21_Instance_16275" />
    <annotator id="CL_basic_2014_02_21_Instance_10000">Mike Bada, University of Colorado Anschutz Medical Campus</annotator>
    <span start="11537" end="11547" />
    <spannedText>astrocytes</spannedText>
  </annotation>
  <annotation>
    <mention id="CL_basic_2014_02_21_Instance_16277" />
    <annotator id="CL_basic_2014_02_21_Instance_10000">Mike Bada, University of Colorado Anschutz Medical Campus</annotator>
    <span start="11678" end="11684" />
    <spannedText>neuron</spannedText>
  </annotation>
  <annotation>
    <mention id="CL_basic_2014_02_21_Instance_16281" />
    <annotator id="CL_basic_2014_02_21_Instance_10000">Mike Bada, University of Colorado Anschutz Medical Campus</annotator>
    <span start="12009" end="12025" />
    <spannedText>pyramidal neuron</spannedText>
  </annotation>
  <annotation>
    <mention id="CL_basic_2014_02_21_Instance_16283" />
    <annotator id="CL_basic_2014_02_21_Instance_10000">Mike Bada, University of Colorado Anschutz Medical Campus</annotator>
    <span start="12194" end="12201" />
    <spannedText>neurons</spannedText>
  </annotation>
  <annotation>
    <mention id="CL_basic_2014_02_21_Instance_16285" />
    <annotator id="CL_basic_2014_02_21_Instance_10000">Mike Bada, University of Colorado Anschutz Medical Campus</annotator>
    <span start="12206" end="12216" />
    <spannedText>astrocytes</spannedText>
  </annotation>
  <annotation>
    <mention id="CL_basic_2014_02_21_Instance_16289" />
    <annotator id="CL_basic_2014_02_21_Instance_10000">Mike Bada, University of Colorado Anschutz Medical Campus</annotator>
    <span start="12403" end="12410" />
    <spannedText>neurons</spannedText>
  </annotation>
  <annotation>
    <mention id="CL_basic_2014_02_21_Instance_16291" />
    <annotator id="CL_basic_2014_02_21_Instance_10000">Mike Bada, University of Colorado Anschutz Medical Campus</annotator>
    <span start="12844" end="12861" />
    <spannedText>pyramidal neurons</spannedText>
  </annotation>
  <annotation>
    <mention id="CL_basic_2014_02_21_Instance_16293" />
    <annotator id="CL_basic_2014_02_21_Instance_10000">Mike Bada, University of Colorado Anschutz Medical Campus</annotator>
    <span start="12926" end="12933" />
    <spannedText>neurons</spannedText>
  </annotation>
  <annotation>
    <mention id="CL_basic_2014_02_21_Instance_16295" />
    <annotator id="CL_basic_2014_02_21_Instance_10000">Mike Bada, University of Colorado Anschutz Medical Campus</annotator>
    <span start="13178" end="13185" />
    <spannedText>neurons</spannedText>
  </annotation>
  <annotation>
    <mention id="CL_basic_2014_02_21_Instance_16297" />
    <annotator id="CL_basic_2014_02_21_Instance_10000">Mike Bada, University of Colorado Anschutz Medical Campus</annotator>
    <span start="13276" end="13286" />
    <spannedText>astrocytes</spannedText>
  </annotation>
  <annotation>
    <mention id="CL_basic_2014_02_21_Instance_16299" />
    <annotator id="CL_basic_2014_02_21_Instance_10000">Mike Bada, University of Colorado Anschutz Medical Campus</annotator>
    <span start="13364" end="13381" />
    <spannedText>pyramidal neurons</spannedText>
  </annotation>
  <annotation>
    <mention id="CL_basic_2014_02_21_Instance_16301" />
    <annotator id="CL_basic_2014_02_21_Instance_10000">Mike Bada, University of Colorado Anschutz Medical Campus</annotator>
    <span start="13486" end="13493" />
    <spannedText>neurons</spannedText>
  </annotation>
  <annotation>
    <mention id="CL_basic_2014_02_21_Instance_16303" />
    <annotator id="CL_basic_2014_02_21_Instance_10000">Mike Bada, University of Colorado Anschutz Medical Campus</annotator>
    <span start="14144" end="14154" />
    <spannedText>astrocytes</spannedText>
  </annotation>
  <annotation>
    <mention id="CL_basic_2014_02_21_Instance_16307" />
    <annotator id="CL_basic_2014_02_21_Instance_10000">Mike Bada, University of Colorado Anschutz Medical Campus</annotator>
    <span start="14339" end="14356" />
    <spannedText>pyramidal neurons</spannedText>
  </annotation>
  <annotation>
    <mention id="CL_basic_2014_02_21_Instance_16309" />
    <annotator id="CL_basic_2014_02_21_Instance_10000">Mike Bada, University of Colorado Anschutz Medical Campus</annotator>
    <span start="15268" end="15275" />
    <spannedText>neurons</spannedText>
  </annotation>
  <annotation>
    <mention id="CL_basic_2014_02_21_Instance_16313" />
    <annotator id="CL_basic_2014_02_21_Instance_10000">Mike Bada, University of Colorado Anschutz Medical Campus</annotator>
    <span start="15407" end="15414" />
    <spannedText>neurons</spannedText>
  </annotation>
  <annotation>
    <mention id="CL_basic_2014_02_21_Instance_16315" />
    <annotator id="CL_basic_2014_02_21_Instance_10000">Mike Bada, University of Colorado Anschutz Medical Campus</annotator>
    <span start="15474" end="15481" />
    <spannedText>neurons</spannedText>
  </annotation>
  <annotation>
    <mention id="CL_basic_2014_02_21_Instance_16317" />
    <annotator id="CL_basic_2014_02_21_Instance_10000">Mike Bada, University of Colorado Anschutz Medical Campus</annotator>
    <span start="15483" end="15493" />
    <spannedText>Astrocytes</spannedText>
  </annotation>
  <annotation>
    <mention id="CL_basic_2014_02_21_Instance_16319" />
    <annotator id="CL_basic_2014_02_21_Instance_10000">Mike Bada, University of Colorado Anschutz Medical Campus</annotator>
    <span start="15706" end="15716" />
    <spannedText>astrocytes</spannedText>
  </annotation>
  <annotation>
    <mention id="CL_basic_2014_02_21_Instance_16321" />
    <annotator id="CL_basic_2014_02_21_Instance_10000">Mike Bada, University of Colorado Anschutz Medical Campus</annotator>
    <span start="15923" end="15937" />
    <spannedText>Purkinje cells</spannedText>
  </annotation>
  <annotation>
    <mention id="CL_basic_2014_02_21_Instance_16323" />
    <annotator id="CL_basic_2014_02_21_Instance_10000">Mike Bada, University of Colorado Anschutz Medical Campus</annotator>
    <span start="16531" end="16541" />
    <spannedText>astrocytes</spannedText>
  </annotation>
  <annotation>
    <mention id="CL_basic_2014_02_21_Instance_16325" />
    <annotator id="CL_basic_2014_02_21_Instance_10000">Mike Bada, University of Colorado Anschutz Medical Campus</annotator>
    <span start="17299" end="17306" />
    <spannedText>neurons</spannedText>
  </annotation>
  <annotation>
    <mention id="CL_basic_2014_02_21_Instance_16329" />
    <annotator id="CL_basic_2014_02_21_Instance_10000">Mike Bada, University of Colorado Anschutz Medical Campus</annotator>
    <span start="17866" end="17876" />
    <spannedText>astrocytes</spannedText>
  </annotation>
  <annotation>
    <mention id="CL_basic_2014_02_21_Instance_16331" />
    <annotator id="CL_basic_2014_02_21_Instance_10000">Mike Bada, University of Colorado Anschutz Medical Campus</annotator>
    <span start="17985" end="17995" />
    <spannedText>astrocytes</spannedText>
  </annotation>
  <annotation>
    <mention id="CL_basic_2014_02_21_Instance_16333" />
    <annotator id="CL_basic_2014_02_21_Instance_10000">Mike Bada, University of Colorado Anschutz Medical Campus</annotator>
    <span start="18007" end="18024" />
    <spannedText>Pyramidal neurons</spannedText>
  </annotation>
  <annotation>
    <mention id="CL_basic_2014_02_21_Instance_16335" />
    <annotator id="CL_basic_2014_02_21_Instance_10000">Mike Bada, University of Colorado Anschutz Medical Campus</annotator>
    <span start="18172" end="18179" />
    <spannedText>neurons</spannedText>
  </annotation>
  <annotation>
    <mention id="CL_basic_2014_02_21_Instance_16337" />
    <annotator id="CL_basic_2014_02_21_Instance_10000">Mike Bada, University of Colorado Anschutz Medical Campus</annotator>
    <span start="18505" end="18522" />
    <spannedText>Pyramidal neurons</spannedText>
  </annotation>
  <annotation>
    <mention id="CL_basic_2014_02_21_Instance_16339" />
    <annotator id="CL_basic_2014_02_21_Instance_10000">Mike Bada, University of Colorado Anschutz Medical Campus</annotator>
    <span start="18762" end="18772" />
    <spannedText>astrocytes</spannedText>
  </annotation>
  <annotation>
    <mention id="CL_basic_2014_02_21_Instance_16341" />
    <annotator id="CL_basic_2014_02_21_Instance_10000">Mike Bada, University of Colorado Anschutz Medical Campus</annotator>
    <span start="18856" end="18866" />
    <spannedText>astrocytes</spannedText>
  </annotation>
  <annotation>
    <mention id="CL_basic_2014_02_21_Instance_16345" />
    <annotator id="CL_basic_2014_02_21_Instance_10000">Mike Bada, University of Colorado Anschutz Medical Campus</annotator>
    <span start="19182" end="19189" />
    <spannedText>neurons</spannedText>
  </annotation>
  <annotation>
    <mention id="CL_basic_2014_02_21_Instance_16349" />
    <annotator id="CL_basic_2014_02_21_Instance_10000">Mike Bada, University of Colorado Anschutz Medical Campus</annotator>
    <span start="19438" end="19445" />
    <spannedText>neurons</spannedText>
  </annotation>
  <annotation>
    <mention id="CL_basic_2014_02_21_Instance_16369" />
    <annotator id="CL_basic_2014_02_21_Instance_10000">Mike Bada, University of Colorado Anschutz Medical Campus</annotator>
    <span start="22906" end="22922" />
    <spannedText>mesodermal cells</spannedText>
  </annotation>
  <annotation>
    <mention id="CL_basic_2014_02_21_Instance_16377" />
    <annotator id="CL_basic_2014_02_21_Instance_10000">Mike Bada, University of Colorado Anschutz Medical Campus</annotator>
    <span start="23702" end="23720" />
    <spannedText>radial glial cells</spannedText>
  </annotation>
  <annotation>
    <mention id="CL_basic_2014_02_21_Instance_16379" />
    <annotator id="CL_basic_2014_02_21_Instance_10000">Mike Bada, University of Colorado Anschutz Medical Campus</annotator>
    <span start="23796" end="23803" />
    <spannedText>neurons</spannedText>
  </annotation>
  <annotation>
    <mention id="CL_basic_2014_02_21_Instance_16381" />
    <annotator id="CL_basic_2014_02_21_Instance_10000">Mike Bada, University of Colorado Anschutz Medical Campus</annotator>
    <span start="23836" end="23843" />
    <spannedText>Neurons</spannedText>
  </annotation>
  <annotation>
    <mention id="CL_basic_2014_02_21_Instance_16389" />
    <annotator id="CL_basic_2014_02_21_Instance_10000">Mike Bada, University of Colorado Anschutz Medical Campus</annotator>
    <span start="24293" end="24300" />
    <spannedText>neurons</spannedText>
  </annotation>
  <annotation>
    <mention id="CL_basic_2014_02_21_Instance_16391" />
    <annotator id="CL_basic_2014_02_21_Instance_10000">Mike Bada, University of Colorado Anschutz Medical Campus</annotator>
    <span start="24309" end="24319" />
    <spannedText>astrocytes</spannedText>
  </annotation>
  <annotation>
    <mention id="CL_basic_2014_02_21_Instance_16393" />
    <annotator id="CL_basic_2014_02_21_Instance_10000">Mike Bada, University of Colorado Anschutz Medical Campus</annotator>
    <span start="24387" end="24404" />
    <spannedText>pyramidal neurons</spannedText>
  </annotation>
  <annotation>
    <mention id="CL_basic_2014_02_21_Instance_16395" />
    <annotator id="CL_basic_2014_02_21_Instance_10000">Mike Bada, University of Colorado Anschutz Medical Campus</annotator>
    <span start="24793" end="24803" />
    <spannedText>astrocytes</spannedText>
  </annotation>
  <annotation>
    <mention id="CL_basic_2014_02_21_Instance_16397" />
    <annotator id="CL_basic_2014_02_21_Instance_10000">Mike Bada, University of Colorado Anschutz Medical Campus</annotator>
    <span start="24813" end="24820" />
    <spannedText>neurons</spannedText>
  </annotation>
  <annotation>
    <mention id="CL_basic_2014_02_21_Instance_16399" />
    <annotator id="CL_basic_2014_02_21_Instance_10000">Mike Bada, University of Colorado Anschutz Medical Campus</annotator>
    <span start="25430" end="25440" />
    <spannedText>astrocytes</spannedText>
  </annotation>
  <annotation>
    <mention id="CL_basic_2014_02_21_Instance_16401" />
    <annotator id="CL_basic_2014_02_21_Instance_10000">Mike Bada, University of Colorado Anschutz Medical Campus</annotator>
    <span start="25473" end="25490" />
    <spannedText>Pyramidal neurons</spannedText>
  </annotation>
  <annotation>
    <mention id="CL_basic_2014_02_21_Instance_16403" />
    <annotator id="CL_basic_2014_02_21_Instance_10000">Mike Bada, University of Colorado Anschutz Medical Campus</annotator>
    <span start="25620" end="25627" />
    <spannedText>neurons</spannedText>
  </annotation>
  <annotation>
    <mention id="CL_basic_2014_02_21_Instance_16411" />
    <annotator id="CL_basic_2014_02_21_Instance_10000">Mike Bada, University of Colorado Anschutz Medical Campus</annotator>
    <span start="26186" end="26193" />
    <spannedText>neurons</spannedText>
  </annotation>
  <annotation>
    <mention id="CL_basic_2014_02_21_Instance_16413" />
    <annotator id="CL_basic_2014_02_21_Instance_10000">Mike Bada, University of Colorado Anschutz Medical Campus</annotator>
    <span start="26702" end="26709" />
    <spannedText>neurons</spannedText>
  </annotation>
  <annotation>
    <mention id="CL_basic_2014_02_21_Instance_16415" />
    <annotator id="CL_basic_2014_02_21_Instance_10000">Mike Bada, University of Colorado Anschutz Medical Campus</annotator>
    <span start="26714" end="26724" />
    <spannedText>astrocytes</spannedText>
  </annotation>
  <annotation>
    <mention id="CL_basic_2014_02_21_Instance_16419" />
    <annotator id="CL_basic_2014_02_21_Instance_10000">Mike Bada, University of Colorado Anschutz Medical Campus</annotator>
    <span start="26922" end="26937" />
    <spannedText>red blood cells</spannedText>
  </annotation>
  <annotation>
    <mention id="CL_basic_2014_02_21_Instance_16423" />
    <annotator id="CL_basic_2014_02_21_Instance_10000">Mike Bada, University of Colorado Anschutz Medical Campus</annotator>
    <span start="27197" end="27207" />
    <spannedText>astrocytes</spannedText>
  </annotation>
  <annotation>
    <mention id="CL_basic_2014_02_21_Instance_16425" />
    <annotator id="CL_basic_2014_02_21_Instance_10000">Mike Bada, University of Colorado Anschutz Medical Campus</annotator>
    <span start="27516" end="27523" />
    <spannedText>neurons</spannedText>
  </annotation>
  <annotation>
    <mention id="CL_basic_2014_02_21_Instance_16431" />
    <annotator id="CL_basic_2014_02_21_Instance_10000">Mike Bada, University of Colorado Anschutz Medical Campus</annotator>
    <span start="29287" end="29298" />
    <spannedText>fibroblasts</spannedText>
  </annotation>
  <annotation>
    <mention id="CL_basic_2014_02_21_Instance_16439" />
    <annotator id="CL_basic_2014_02_21_Instance_10000">Mike Bada, University of Colorado Anschutz Medical Campus</annotator>
    <span start="31173" end="31180" />
    <spannedText>neurons</spannedText>
  </annotation>
  <annotation>
    <mention id="CL_basic_2014_02_21_Instance_16441" />
    <annotator id="CL_basic_2014_02_21_Instance_10000">Mike Bada, University of Colorado Anschutz Medical Campus</annotator>
    <span start="31182" end="31192" />
    <spannedText>Astrocytes</spannedText>
  </annotation>
  <annotation>
    <mention id="CL_basic_2014_02_21_Instance_16443" />
    <annotator id="CL_basic_2014_02_21_Instance_10000">Mike Bada, University of Colorado Anschutz Medical Campus</annotator>
    <span start="31236" end="31253" />
    <spannedText>pyramidal neurons</spannedText>
  </annotation>
  <annotation>
    <mention id="CL_basic_2014_02_21_Instance_16447" />
    <annotator id="CL_basic_2014_02_21_Instance_10000">Mike Bada, University of Colorado Anschutz Medical Campus</annotator>
    <span start="31613" end="31623" />
    <spannedText>glial cell</spannedText>
  </annotation>
  <annotation>
    <mention id="CL_basic_2014_02_21_Instance_23633" />
    <annotator id="CL_basic_2014_02_21_Instance_10000">Mike Bada, University of Colorado Anschutz Medical Campus</annotator>
    <span start="1290" end="1304" />
    <spannedText>Neuronal cells</spannedText>
  </annotation>
  <annotation>
    <mention id="CL_basic_2014_02_21_Instance_23635" />
    <annotator id="CL_basic_2014_02_21_Instance_10000">Mike Bada, University of Colorado Anschutz Medical Campus</annotator>
    <span start="1380" end="1385" />
    <spannedText>glial</spannedText>
  </annotation>
  <annotation>
    <mention id="CL_basic_2014_02_21_Instance_23639" />
    <annotator id="CL_basic_2014_02_21_Instance_10000">Mike Bada, University of Colorado Anschutz Medical Campus</annotator>
    <span start="1803" end="1817" />
    <spannedText>neuronal cells</spannedText>
  </annotation>
  <annotation>
    <mention id="CL_basic_2014_02_21_Instance_23643" />
    <annotator id="CL_basic_2014_02_21_Instance_10000">Mike Bada, University of Colorado Anschutz Medical Campus</annotator>
    <span start="1902" end="1916" />
    <spannedText>neuronal cells</spannedText>
  </annotation>
  <annotation>
    <mention id="CL_basic_2014_02_21_Instance_23645" />
    <annotator id="CL_basic_2014_02_21_Instance_10000">Mike Bada, University of Colorado Anschutz Medical Campus</annotator>
    <span start="4053" end="4063" />
    <spannedText>astrocytic</spannedText>
  </annotation>
  <annotation>
    <mention id="CL_basic_2014_02_21_Instance_23657" />
    <annotator id="CL_basic_2014_02_21_Instance_10000">Mike Bada, University of Colorado Anschutz Medical Campus</annotator>
    <span start="11737" end="11752" />
    <spannedText>astrocytic cell</spannedText>
  </annotation>
  <annotation>
    <mention id="CL_basic_2014_02_21_Instance_23663" />
    <annotator id="CL_basic_2014_02_21_Instance_10000">Mike Bada, University of Colorado Anschutz Medical Campus</annotator>
    <span start="16236" end="16249" />
    <spannedText>Purkinje-cell</spannedText>
  </annotation>
  <annotation>
    <mention id="CL_basic_2014_02_21_Instance_23665" />
    <annotator id="CL_basic_2014_02_21_Instance_10000">Mike Bada, University of Colorado Anschutz Medical Campus</annotator>
    <span start="16296" end="16310" />
    <spannedText>Purkinje-cells</spannedText>
  </annotation>
  <annotation>
    <mention id="CL_basic_2014_02_21_Instance_23667" />
    <annotator id="CL_basic_2014_02_21_Instance_10000">Mike Bada, University of Colorado Anschutz Medical Campus</annotator>
    <span start="17075" end="17089" />
    <spannedText>Purkinje-cells</spannedText>
  </annotation>
  <annotation>
    <mention id="CL_basic_2014_02_21_Instance_23669" />
    <annotator id="CL_basic_2014_02_21_Instance_10000">Mike Bada, University of Colorado Anschutz Medical Campus</annotator>
    <span start="17182" end="17196" />
    <spannedText>Purkinje-cells</spannedText>
  </annotation>
  <annotation>
    <mention id="CL_basic_2014_02_21_Instance_23671" />
    <annotator id="CL_basic_2014_02_21_Instance_10000">Mike Bada, University of Colorado Anschutz Medical Campus</annotator>
    <span start="17431" end="17444" />
    <spannedText>Purkinje-cell</spannedText>
  </annotation>
  <annotation>
    <mention id="CL_basic_2014_02_21_Instance_23675" />
    <annotator id="CL_basic_2014_02_21_Instance_10000">Mike Bada, University of Colorado Anschutz Medical Campus</annotator>
    <span start="17590" end="17603" />
    <spannedText>Purkinje-cell</spannedText>
  </annotation>
  <annotation>
    <mention id="CL_basic_2014_02_21_Instance_23761" />
    <annotator id="CL_basic_2014_02_21_Instance_10000">Mike Bada, University of Colorado Anschutz Medical Campus</annotator>
    <span start="22884" end="22894" />
    <span start="22917" end="22922" />
    <spannedText>Endodermal ... cells</spannedText>
  </annotation>
  <annotation>
    <mention id="CL_basic_2014_02_21_Instance_23763" />
    <annotator id="CL_basic_2014_02_21_Instance_10000">Mike Bada, University of Colorado Anschutz Medical Campus</annotator>
    <span start="24426" end="24443" />
    <span start="24448" end="24458" />
    <spannedText>Purkinje-cells of ... cerebellum</spannedText>
  </annotation>
  <annotation>
    <mention id="CL_basic_2014_02_21_Instance_23769" />
    <annotator id="CL_basic_2014_02_21_Instance_10000">Mike Bada, University of Colorado Anschutz Medical Campus</annotator>
    <span start="27359" end="27369" />
    <spannedText>astrocytic</spannedText>
  </annotation>
  <annotation>
    <mention id="CL_basic_2014_02_21_Instance_23771" />
    <annotator id="CL_basic_2014_02_21_Instance_10000">Mike Bada, University of Colorado Anschutz Medical Campus</annotator>
    <span start="31194" end="31219" />
    <spannedText>cerebellar Purkinje-cells</spannedText>
  </annotation>
  <annotation>
    <mention id="CL_basic_2014_02_21_Instance_23773" />
    <annotator id="CL_basic_2014_02_21_Instance_10000">Mike Bada, University of Colorado Anschutz Medical Campus</annotator>
    <span start="33537" end="33546" />
    <spannedText>astrocyte</spannedText>
  </annotation>
  <annotation>
    <mention id="CL_basic_2014_02_21_Instance_23775" />
    <annotator id="CL_basic_2014_02_21_Instance_10000">Mike Bada, University of Colorado Anschutz Medical Campus</annotator>
    <span start="33578" end="33583" />
    <spannedText>glial</spannedText>
  </annotation>
  <annotation>
    <mention id="CL_basic_2014_02_21_Instance_23779" />
    <annotator id="CL_basic_2014_02_21_Instance_10000">Mike Bada, University of Colorado Anschutz Medical Campus</annotator>
    <span start="28390" end="28398" />
    <spannedText>neuronal</spannedText>
  </annotation>
  <annotation>
    <mention id="CL_basic_2014_02_21_Instance_24145" />
    <annotator id="CL_basic_2014_02_21_Instance_10000">Mike Bada, University of Colorado Anschutz Medical Campus</annotator>
    <span start="14109" end="14119" />
    <spannedText>astrocytic</spannedText>
  </annotation>
  <annotation>
    <mention id="CL_basic_2014_02_21_Instance_24175" />
    <annotator id="CL_basic_2014_02_21_Instance_10000">Mike Bada, University of Colorado Anschutz Medical Campus</annotator>
    <span start="1606" end="1614" />
    <span start="1630" end="1634" />
    <spannedText>neuronal ... cell</spannedText>
  </annotation>
  <annotation>
    <mention id="CL_basic_2014_02_21_Instance_24177" />
    <annotator id="CL_basic_2014_02_21_Instance_10000">Mike Bada, University of Colorado Anschutz Medical Campus</annotator>
    <span start="19301" end="19309" />
    <span start="19325" end="19330" />
    <spannedText>neuronal ... cells</spannedText>
  </annotation>
  <annotation>
    <mention id="CL_basic_2014_02_21_Instance_24179" />
    <annotator id="CL_basic_2014_02_21_Instance_10000">Mike Bada, University of Colorado Anschutz Medical Campus</annotator>
    <span start="21088" end="21096" />
    <span start="21112" end="21116" />
    <spannedText>neuronal ... cell</spannedText>
  </annotation>
  <annotation>
    <mention id="CL_basic_2014_02_21_Instance_24181" />
    <annotator id="CL_basic_2014_02_21_Instance_10000">Mike Bada, University of Colorado Anschutz Medical Campus</annotator>
    <span start="31600" end="31608" />
    <span start="31619" end="31623" />
    <spannedText>neuronal ... cell</spannedText>
  </annotation>
  <annotation>
    <mention id="CL_basic_2014_02_21_Instance_24183" />
    <annotator id="CL_basic_2014_02_21_Instance_10000">Mike Bada, University of Colorado Anschutz Medical Campus</annotator>
    <span start="20625" end="20633" />
    <span start="20672" end="20676" />
    <spannedText>neuronal ... cell</spannedText>
  </annotation>
  <annotation>
    <mention id="CL_basic_2014_02_21_Instance_24185" />
    <annotator id="CL_basic_2014_02_21_Instance_10000">Mike Bada, University of Colorado Anschutz Medical Campus</annotator>
    <span start="21487" end="21495" />
    <span start="21532" end="21536" />
    <spannedText>neuronal ... cell</spannedText>
  </annotation>
  <annotation>
    <mention id="CL_basic_2014_02_21_Instance_40503" />
    <annotator id="CL_basic_2014_02_21_Instance_10000">Mike Bada, University of Colorado Anschutz Medical Campus</annotator>
    <span start="3077" end="3101" />
    <spannedText>adrenal chromaffin cells</spannedText>
  </annotation>
  <annotation>
    <mention id="CL_basic_2014_02_21_Instance_40510" />
    <annotator id="CL_basic_2014_02_21_Instance_10000">Mike Bada, University of Colorado Anschutz Medical Campus</annotator>
    <span start="4583" end="4591" />
    <spannedText>ES cells</spannedText>
  </annotation>
  <annotation>
    <mention id="CL_basic_2014_02_21_Instance_40512" />
    <annotator id="CL_basic_2014_02_21_Instance_10000">Mike Bada, University of Colorado Anschutz Medical Campus</annotator>
    <span start="4846" end="4854" />
    <spannedText>ES-cells</spannedText>
  </annotation>
  <annotation>
    <mention id="CL_basic_2014_02_21_Instance_40514" />
    <annotator id="CL_basic_2014_02_21_Instance_10000">Mike Bada, University of Colorado Anschutz Medical Campus</annotator>
    <span start="5286" end="5294" />
    <spannedText>ES cells</spannedText>
  </annotation>
  <annotation>
    <mention id="CL_basic_2014_02_21_Instance_40516" />
    <annotator id="CL_basic_2014_02_21_Instance_10000">Mike Bada, University of Colorado Anschutz Medical Campus</annotator>
    <span start="5494" end="5502" />
    <spannedText>ES-cells</spannedText>
  </annotation>
  <annotation>
    <mention id="CL_basic_2014_02_21_Instance_40518" />
    <annotator id="CL_basic_2014_02_21_Instance_10000">Mike Bada, University of Colorado Anschutz Medical Campus</annotator>
    <span start="5750" end="5758" />
    <spannedText>ES cells</spannedText>
  </annotation>
  <annotation>
    <mention id="CL_basic_2014_02_21_Instance_40520" />
    <annotator id="CL_basic_2014_02_21_Instance_10000">Mike Bada, University of Colorado Anschutz Medical Campus</annotator>
    <span start="5760" end="5762" />
    <spannedText>ES</spannedText>
  </annotation>
  <annotation>
    <mention id="CL_basic_2014_02_21_Instance_40522" />
    <annotator id="CL_basic_2014_02_21_Instance_10000">Mike Bada, University of Colorado Anschutz Medical Campus</annotator>
    <span start="5953" end="5961" />
    <spannedText>ES cells</spannedText>
  </annotation>
  <annotation>
    <mention id="CL_basic_2014_02_21_Instance_40535" />
    <annotator id="CL_basic_2014_02_21_Instance_10000">Mike Bada, University of Colorado Anschutz Medical Campus</annotator>
    <span start="19695" end="19709" />
    <spannedText>cultured cells</spannedText>
  </annotation>
  <annotation>
    <mention id="CL_basic_2014_02_21_Instance_40542" />
    <annotator id="CL_basic_2014_02_21_Instance_10000">Mike Bada, University of Colorado Anschutz Medical Campus</annotator>
    <span start="25933" end="25947" />
    <spannedText>cultured cells</spannedText>
  </annotation>
  <annotation>
    <mention id="CL_basic_2014_02_21_Instance_40549" />
    <annotator id="CL_basic_2014_02_21_Instance_10000">Mike Bada, University of Colorado Anschutz Medical Campus</annotator>
    <span start="28972" end="28992" />
    <spannedText>foreskin fibroblasts</spannedText>
  </annotation>
  <annotation>
    <mention id="CL_basic_2014_02_21_Instance_40555" />
    <annotator id="CL_basic_2014_02_21_Instance_10000">Mike Bada, University of Colorado Anschutz Medical Campus</annotator>
    <span start="36640" end="36654" />
    <spannedText>Cultured cells</spannedText>
  </annotation>
  <annotation>
    <mention id="CL_basic_2014_02_21_Instance_40557" />
    <annotator id="CL_basic_2014_02_21_Instance_10000">Mike Bada, University of Colorado Anschutz Medical Campus</annotator>
    <span start="38454" end="38462" />
    <spannedText>ES cells</spannedText>
  </annotation>
  <annotation>
    <mention id="CL_basic_2014_02_21_Instance_40559" />
    <annotator id="CL_basic_2014_02_21_Instance_10000">Mike Bada, University of Colorado Anschutz Medical Campus</annotator>
    <span start="38759" end="38767" />
    <spannedText>ES cells</spannedText>
  </annotation>
  <annotation>
    <mention id="CL_basic_2014_02_21_Instance_70200" />
    <annotator id="CL_basic_2014_02_21_Instance_10000">Mike Bada, University of Colorado Anschutz Medical Campus</annotator>
    <span start="23650" end="23660" />
    <spannedText>astroglial</spannedText>
  </annotation>
  <annotation>
    <mention id="CL_basic_2014_02_21_Instance_70432" />
    <annotator id="CL_basic_2014_02_21_Instance_10000">Mike Bada, University of Colorado Anschutz Medical Campus</annotator>
    <span start="25357" end="25367" />
    <spannedText>astroglial</spannedText>
  </annotation>
  <classMention id="CL_basic_2014_02_21_Instance_16335">
    <mentionClass id="CL:0000540">neuron</mentionClass>
  </classMention>
  <classMention id="CL_basic_2014_02_21_Instance_16337">
    <mentionClass id="CL:0000598">pyramidal cell</mentionClass>
  </classMention>
  <classMention id="CL_basic_2014_02_21_Instance_16331">
    <mentionClass id="CL:0000127">astrocyte</mentionClass>
  </classMention>
  <classMention id="CL_basic_2014_02_21_Instance_16333">
    <mentionClass id="CL:0000598">pyramidal cell</mentionClass>
  </classMention>
  <classMention id="CL_basic_2014_02_21_Instance_16345">
    <mentionClass id="CL:0000540">neuron</mentionClass>
  </classMention>
  <classMention id="CL_basic_2014_02_21_Instance_16349">
    <mentionClass id="CL:0000540">neuron</mentionClass>
  </classMention>
  <classMention id="CL_basic_2014_02_21_Instance_16339">
    <mentionClass id="CL:0000127">astrocyte</mentionClass>
  </classMention>
  <classMention id="CL_basic_2014_02_21_Instance_16341">
    <mentionClass id="CL:0000127">astrocyte</mentionClass>
  </classMention>
  <classMention id="CL_basic_2014_02_21_Instance_16379">
    <mentionClass id="CL:0000540">neuron</mentionClass>
  </classMention>
  <classMention id="CL_basic_2014_02_21_Instance_16381">
    <mentionClass id="CL:0000540">neuron</mentionClass>
  </classMention>
  <classMention id="CL_basic_2014_02_21_Instance_16369">
    <mentionClass id="CL:0000222">mesodermal cell</mentionClass>
  </classMention>
  <classMention id="CL_basic_2014_02_21_Instance_16377">
    <mentionClass id="CL:0000681">radial glial cell</mentionClass>
  </classMention>
  <classMention id="CL_basic_2014_02_21_Instance_16393">
    <mentionClass id="CL:0000598">pyramidal cell</mentionClass>
  </classMention>
  <classMention id="CL_basic_2014_02_21_Instance_16395">
    <mentionClass id="CL:0000127">astrocyte</mentionClass>
  </classMention>
  <classMention id="CL_basic_2014_02_21_Instance_16389">
    <mentionClass id="CL:0000540">neuron</mentionClass>
  </classMention>
  <classMention id="CL_basic_2014_02_21_Instance_16391">
    <mentionClass id="CL:0000127">astrocyte</mentionClass>
  </classMention>
  <classMention id="CL_basic_2014_02_21_Instance_16401">
    <mentionClass id="CL:0000598">pyramidal cell</mentionClass>
  </classMention>
  <classMention id="CL_basic_2014_02_21_Instance_16403">
    <mentionClass id="CL:0000540">neuron</mentionClass>
  </classMention>
  <classMention id="CL_basic_2014_02_21_Instance_16397">
    <mentionClass id="CL:0000540">neuron</mentionClass>
  </classMention>
  <classMention id="CL_basic_2014_02_21_Instance_16399">
    <mentionClass id="CL:0000127">astrocyte</mentionClass>
  </classMention>
  <classMention id="CL_basic_2014_02_21_Instance_16415">
    <mentionClass id="CL:0000127">astrocyte</mentionClass>
  </classMention>
  <classMention id="CL_basic_2014_02_21_Instance_16419">
    <mentionClass id="CL:0000232">erythrocyte</mentionClass>
  </classMention>
  <classMention id="CL_basic_2014_02_21_Instance_16411">
    <mentionClass id="CL:0000540">neuron</mentionClass>
  </classMention>
  <classMention id="CL_basic_2014_02_21_Instance_16413">
    <mentionClass id="CL:0000540">neuron</mentionClass>
  </classMention>
  <classMention id="CL_basic_2014_02_21_Instance_16431">
    <mentionClass id="CL:0000057">fibroblast</mentionClass>
  </classMention>
  <classMention id="CL_basic_2014_02_21_Instance_16439">
    <mentionClass id="CL:0000540">neuron</mentionClass>
  </classMention>
  <classMention id="CL_basic_2014_02_21_Instance_16423">
    <mentionClass id="CL:0000127">astrocyte</mentionClass>
  </classMention>
  <classMention id="CL_basic_2014_02_21_Instance_16425">
    <mentionClass id="CL:0000540">neuron</mentionClass>
  </classMention>
  <classMention id="CL_basic_2014_02_21_Instance_16447">
    <mentionClass id="CL:0000125">glial cell</mentionClass>
  </classMention>
  <classMention id="CL_basic_2014_02_21_Instance_16441">
    <mentionClass id="CL:0000127">astrocyte</mentionClass>
  </classMention>
  <classMention id="CL_basic_2014_02_21_Instance_16443">
    <mentionClass id="CL:0000598">pyramidal cell</mentionClass>
  </classMention>
  <classMention id="CL_basic_2014_02_21_Instance_40510">
    <mentionClass id="CL:0002322">embryonic stem cell</mentionClass>
  </classMention>
  <classMention id="CL_basic_2014_02_21_Instance_40512">
    <mentionClass id="CL:0002322">embryonic stem cell</mentionClass>
  </classMention>
  <classMention id="CL_basic_2014_02_21_Instance_12585">
    <mentionClass id="CL:0000127">astrocyte</mentionClass>
  </classMention>
  <classMention id="CL_basic_2014_02_21_Instance_40503">
    <mentionClass id="CL:1000426">chromaffin cell of adrenal gland</mentionClass>
  </classMention>
  <classMention id="CL_basic_2014_02_21_Instance_40518">
    <mentionClass id="CL:0002322">embryonic stem cell</mentionClass>
  </classMention>
  <classMention id="CL_basic_2014_02_21_Instance_40520">
    <mentionClass id="CL:0002322">embryonic stem cell</mentionClass>
  </classMention>
  <classMention id="CL_basic_2014_02_21_Instance_40514">
    <mentionClass id="CL:0002322">embryonic stem cell</mentionClass>
  </classMention>
  <classMention id="CL_basic_2014_02_21_Instance_40516">
    <mentionClass id="CL:0002322">embryonic stem cell</mentionClass>
  </classMention>
  <classMention id="CL_basic_2014_02_21_Instance_40542">
    <mentionClass id="CL:0000010">cultured cell</mentionClass>
  </classMention>
  <classMention id="CL_basic_2014_02_21_Instance_40549">
    <mentionClass id="CL:1001608">foreskin fibroblast</mentionClass>
  </classMention>
  <classMention id="CL_basic_2014_02_21_Instance_40522">
    <mentionClass id="CL:0002322">embryonic stem cell</mentionClass>
  </classMention>
  <classMention id="CL_basic_2014_02_21_Instance_40535">
    <mentionClass id="CL:0000010">cultured cell</mentionClass>
  </classMention>
  <classMention id="CL_basic_2014_02_21_Instance_40559">
    <mentionClass id="CL:0002322">embryonic stem cell</mentionClass>
  </classMention>
  <classMention id="CL_basic_2014_02_21_Instance_40555">
    <mentionClass id="CL:0000010">cultured cell</mentionClass>
  </classMention>
  <classMention id="CL_basic_2014_02_21_Instance_40557">
    <mentionClass id="CL:0002322">embryonic stem cell</mentionClass>
  </classMention>
  <classMention id="CL_basic_2014_02_21_Instance_23633">
    <mentionClass id="CL:0000540">neuron</mentionClass>
  </classMention>
  <classMention id="CL_basic_2014_02_21_Instance_23643">
    <mentionClass id="CL:0000540">neuron</mentionClass>
  </classMention>
  <classMention id="CL_basic_2014_02_21_Instance_23645">
    <mentionClass id="CL:0000127">astrocyte</mentionClass>
  </classMention>
  <classMention id="CL_basic_2014_02_21_Instance_23635">
    <mentionClass id="CL:0000125">glial cell</mentionClass>
  </classMention>
  <classMention id="CL_basic_2014_02_21_Instance_23639">
    <mentionClass id="CL:0000540">neuron</mentionClass>
  </classMention>
  <classMention id="CL_basic_2014_02_21_Instance_70200">
    <mentionClass id="CL:0000127">astrocyte</mentionClass>
  </classMention>
  <classMention id="CL_basic_2014_02_21_Instance_23665">
    <mentionClass id="CL:0000121">Purkinje cell</mentionClass>
  </classMention>
  <classMention id="CL_basic_2014_02_21_Instance_16185">
    <mentionClass id="CL:0000127">astrocyte</mentionClass>
  </classMention>
  <classMention id="CL_basic_2014_02_21_Instance_23667">
    <mentionClass id="CL:0000121">Purkinje cell</mentionClass>
  </classMention>
  <classMention id="CL_basic_2014_02_21_Instance_16197">
    <mentionClass id="CL:0000127">astrocyte</mentionClass>
  </classMention>
  <classMention id="CL_basic_2014_02_21_Instance_23657">
    <mentionClass id="CL:0000127">astrocyte</mentionClass>
  </classMention>
  <classMention id="CL_basic_2014_02_21_Instance_23663">
    <mentionClass id="CL:0000121">Purkinje cell</mentionClass>
  </classMention>
  <classMention id="CL_basic_2014_02_21_Instance_23675">
    <mentionClass id="CL:0000121">Purkinje cell</mentionClass>
  </classMention>
  <classMention id="CL_basic_2014_02_21_Instance_16213">
    <mentionClass id="CL:0000232">erythrocyte</mentionClass>
  </classMention>
  <classMention id="CL_basic_2014_02_21_Instance_70432">
    <mentionClass id="CL:0000127">astrocyte</mentionClass>
  </classMention>
  <classMention id="CL_basic_2014_02_21_Instance_16215">
    <mentionClass id="CL:0000233">platelet</mentionClass>
  </classMention>
  <classMention id="CL_basic_2014_02_21_Instance_23669">
    <mentionClass id="CL:0000121">Purkinje cell</mentionClass>
  </classMention>
  <classMention id="CL_basic_2014_02_21_Instance_16205">
    <mentionClass id="CL:0000232">erythrocyte</mentionClass>
  </classMention>
  <classMention id="CL_basic_2014_02_21_Instance_23671">
    <mentionClass id="CL:0000121">Purkinje cell</mentionClass>
  </classMention>
  <classMention id="CL_basic_2014_02_21_Instance_16207">
    <mentionClass id="CL:0000056">myoblast</mentionClass>
  </classMention>
  <classMention id="CL_basic_2014_02_21_Instance_16243">
    <mentionClass id="CL:0000025">egg cell</mentionClass>
  </classMention>
  <classMention id="CL_basic_2014_02_21_Instance_23761">
    <mentionClass id="CL:0000223">endodermal cell</mentionClass>
  </classMention>
  <classMention id="CL_basic_2014_02_21_Instance_16251">
    <mentionClass id="CL:0000540">neuron</mentionClass>
  </classMention>
  <classMention id="CL_basic_2014_02_21_Instance_16235">
    <mentionClass id="CL:0000025">egg cell</mentionClass>
  </classMention>
  <classMention id="CL_basic_2014_02_21_Instance_16239">
    <mentionClass id="CL:0000223">endodermal cell</mentionClass>
  </classMention>
  <classMention id="CL_basic_2014_02_21_Instance_23771">
    <mentionClass id="CL:0000121">Purkinje cell</mentionClass>
  </classMention>
  <classMention id="CL_basic_2014_02_21_Instance_16269">
    <mentionClass id="CL:0000540">neuron</mentionClass>
  </classMention>
  <classMention id="CL_basic_2014_02_21_Instance_23773">
    <mentionClass id="CL:0000127">astrocyte</mentionClass>
  </classMention>
  <classMention id="CL_basic_2014_02_21_Instance_24145">
    <mentionClass id="CL:0000127">astrocyte</mentionClass>
  </classMention>
  <classMention id="CL_basic_2014_02_21_Instance_16271">
    <mentionClass id="CL:0000127">astrocyte</mentionClass>
  </classMention>
  <classMention id="CL_basic_2014_02_21_Instance_23763">
    <mentionClass id="CL:0000121">Purkinje cell</mentionClass>
  </classMention>
  <classMention id="CL_basic_2014_02_21_Instance_16253">
    <mentionClass id="CL:0000125">glial cell</mentionClass>
  </classMention>
  <classMention id="CL_basic_2014_02_21_Instance_23769">
    <mentionClass id="CL:0000127">astrocyte</mentionClass>
  </classMention>
  <classMention id="CL_basic_2014_02_21_Instance_16267">
    <mentionClass id="CL:0000540">neuron</mentionClass>
  </classMention>
  <classMention id="CL_basic_2014_02_21_Instance_16277">
    <mentionClass id="CL:0000540">neuron</mentionClass>
  </classMention>
  <classMention id="CL_basic_2014_02_21_Instance_24175">
    <mentionClass id="CL:0000540">neuron</mentionClass>
  </classMention>
  <classMention id="CL_basic_2014_02_21_Instance_16281">
    <mentionClass id="CL:0000598">pyramidal cell</mentionClass>
  </classMention>
  <classMention id="CL_basic_2014_02_21_Instance_23775">
    <mentionClass id="CL:0000125">glial cell</mentionClass>
  </classMention>
  <classMention id="CL_basic_2014_02_21_Instance_16273">
    <mentionClass id="CL:0000540">neuron</mentionClass>
  </classMention>
  <classMention id="CL_basic_2014_02_21_Instance_23779">
    <mentionClass id="CL:0000540">neuron</mentionClass>
  </classMention>
  <classMention id="CL_basic_2014_02_21_Instance_16275">
    <mentionClass id="CL:0000127">astrocyte</mentionClass>
  </classMention>
  <classMention id="CL_basic_2014_02_21_Instance_24181">
    <mentionClass id="CL:0000540">neuron</mentionClass>
  </classMention>
  <classMention id="CL_basic_2014_02_21_Instance_16289">
    <mentionClass id="CL:0000540">neuron</mentionClass>
  </classMention>
  <classMention id="CL_basic_2014_02_21_Instance_24183">
    <mentionClass id="CL:0000540">neuron</mentionClass>
  </classMention>
  <classMention id="CL_basic_2014_02_21_Instance_16291">
    <mentionClass id="CL:0000598">pyramidal cell</mentionClass>
  </classMention>
  <classMention id="CL_basic_2014_02_21_Instance_24177">
    <mentionClass id="CL:0000540">neuron</mentionClass>
  </classMention>
  <classMention id="CL_basic_2014_02_21_Instance_16283">
    <mentionClass id="CL:0000540">neuron</mentionClass>
  </classMention>
  <classMention id="CL_basic_2014_02_21_Instance_24179">
    <mentionClass id="CL:0000540">neuron</mentionClass>
  </classMention>
  <classMention id="CL_basic_2014_02_21_Instance_16285">
    <mentionClass id="CL:0000127">astrocyte</mentionClass>
  </classMention>
  <classMention id="CL_basic_2014_02_21_Instance_11413">
    <mentionClass id="CL:0000127">astrocyte</mentionClass>
  </classMention>
  <classMention id="CL_basic_2014_02_21_Instance_16297">
    <mentionClass id="CL:0000127">astrocyte</mentionClass>
  </classMention>
  <classMention id="CL_basic_2014_02_21_Instance_11415">
    <mentionClass id="CL:0000712">stratum granulosum cell</mentionClass>
  </classMention>
  <classMention id="CL_basic_2014_02_21_Instance_16299">
    <mentionClass id="CL:0000598">pyramidal cell</mentionClass>
  </classMention>
  <classMention id="CL_basic_2014_02_21_Instance_24185">
    <mentionClass id="CL:0000540">neuron</mentionClass>
  </classMention>
  <classMention id="CL_basic_2014_02_21_Instance_16293">
    <mentionClass id="CL:0000540">neuron</mentionClass>
  </classMention>
  <classMention id="CL_basic_2014_02_21_Instance_16295">
    <mentionClass id="CL:0000540">neuron</mentionClass>
  </classMention>
  <classMention id="CL_basic_2014_02_21_Instance_11421">
    <mentionClass id="CL:0000127">astrocyte</mentionClass>
  </classMention>
  <classMention id="CL_basic_2014_02_21_Instance_16307">
    <mentionClass id="CL:0000598">pyramidal cell</mentionClass>
  </classMention>
  <classMention id="CL_basic_2014_02_21_Instance_16309">
    <mentionClass id="CL:0000540">neuron</mentionClass>
  </classMention>
  <classMention id="CL_basic_2014_02_21_Instance_11417">
    <mentionClass id="CL:0000127">astrocyte</mentionClass>
  </classMention>
  <classMention id="CL_basic_2014_02_21_Instance_16301">
    <mentionClass id="CL:0000540">neuron</mentionClass>
  </classMention>
  <classMention id="CL_basic_2014_02_21_Instance_11419">
    <mentionClass id="CL:0000127">astrocyte</mentionClass>
  </classMention>
  <classMention id="CL_basic_2014_02_21_Instance_16303">
    <mentionClass id="CL:0000127">astrocyte</mentionClass>
  </classMention>
  <classMention id="CL_basic_2014_02_21_Instance_16317">
    <mentionClass id="CL:0000127">astrocyte</mentionClass>
  </classMention>
  <classMention id="CL_basic_2014_02_21_Instance_16319">
    <mentionClass id="CL:0000127">astrocyte</mentionClass>
  </classMention>
  <classMention id="CL_basic_2014_02_21_Instance_16313">
    <mentionClass id="CL:0000540">neuron</mentionClass>
  </classMention>
  <classMention id="CL_basic_2014_02_21_Instance_16315">
    <mentionClass id="CL:0000540">neuron</mentionClass>
  </classMention>
  <classMention id="CL_basic_2014_02_21_Instance_16325">
    <mentionClass id="CL:0000540">neuron</mentionClass>
  </classMention>
  <classMention id="CL_basic_2014_02_21_Instance_16329">
    <mentionClass id="CL:0000127">astrocyte</mentionClass>
  </classMention>
  <classMention id="CL_basic_2014_02_21_Instance_16321">
    <mentionClass id="CL:0000121">Purkinje cell</mentionClass>
  </classMention>
  <classMention id="CL_basic_2014_02_21_Instance_16323">
    <mentionClass id="CL:0000127">astrocyte</mentionClass>
  </classMention>
</annotations>

