<?xml version="1.0" encoding="UTF-8"?>
<annotations textSource="15876356.txt">
  <annotation>
    <mention id="CL_basic_2014_02_21_Instance_16743" />
    <annotator id="CL_basic_2014_02_21_Instance_10000">Mike Bada, University of Colorado Anschutz Medical Campus</annotator>
    <span start="7008" end="7020" />
    <spannedText>granule cell</spannedText>
  </annotation>
  <annotation>
    <mention id="CL_basic_2014_02_21_Instance_16745" />
    <annotator id="CL_basic_2014_02_21_Instance_10000">Mike Bada, University of Colorado Anschutz Medical Campus</annotator>
    <span start="7051" end="7064" />
    <spannedText>Purkinje cell</spannedText>
  </annotation>
  <annotation>
    <mention id="CL_basic_2014_02_21_Instance_16763" />
    <annotator id="CL_basic_2014_02_21_Instance_10000">Mike Bada, University of Colorado Anschutz Medical Campus</annotator>
    <span start="14105" end="14134" />
    <spannedText>pro-myelinating Schwann cells</spannedText>
  </annotation>
  <annotation>
    <mention id="CL_basic_2014_02_21_Instance_16765" />
    <annotator id="CL_basic_2014_02_21_Instance_10000">Mike Bada, University of Colorado Anschutz Medical Campus</annotator>
    <span start="14225" end="14253" />
    <spannedText>pro-myelinating Schwann cell</spannedText>
  </annotation>
  <annotation>
    <mention id="CL_basic_2014_02_21_Instance_16773" />
    <annotator id="CL_basic_2014_02_21_Instance_10000">Mike Bada, University of Colorado Anschutz Medical Campus</annotator>
    <span start="17464" end="17468" />
    <spannedText>eggs</spannedText>
  </annotation>
  <annotation>
    <mention id="CL_basic_2014_02_21_Instance_23969" />
    <annotator id="CL_basic_2014_02_21_Instance_10000">Mike Bada, University of Colorado Anschutz Medical Campus</annotator>
    <span start="2363" end="2374" />
    <spannedText>spermatozoa</spannedText>
  </annotation>
  <annotation>
    <mention id="CL_basic_2014_02_21_Instance_23971" />
    <annotator id="CL_basic_2014_02_21_Instance_10000">Mike Bada, University of Colorado Anschutz Medical Campus</annotator>
    <span start="2380" end="2383" />
    <spannedText>egg</spannedText>
  </annotation>
  <annotation>
    <mention id="CL_basic_2014_02_21_Instance_23981" />
    <annotator id="CL_basic_2014_02_21_Instance_10000">Mike Bada, University of Colorado Anschutz Medical Campus</annotator>
    <span start="6660" end="6668" />
    <spannedText>neuronal</spannedText>
  </annotation>
  <annotation>
    <mention id="CL_basic_2014_02_21_Instance_23983" />
    <annotator id="CL_basic_2014_02_21_Instance_10000">Mike Bada, University of Colorado Anschutz Medical Campus</annotator>
    <span start="6761" end="6769" />
    <spannedText>neuronal</spannedText>
  </annotation>
  <annotation>
    <mention id="CL_basic_2014_02_21_Instance_23985" />
    <annotator id="CL_basic_2014_02_21_Instance_10000">Mike Bada, University of Colorado Anschutz Medical Campus</annotator>
    <span start="7233" end="7246" />
    <spannedText>neuronal cell</spannedText>
  </annotation>
  <annotation>
    <mention id="CL_basic_2014_02_21_Instance_23991" />
    <annotator id="CL_basic_2014_02_21_Instance_10000">Mike Bada, University of Colorado Anschutz Medical Campus</annotator>
    <span start="12392" end="12398" />
    <spannedText>neuron</spannedText>
  </annotation>
  <annotation>
    <mention id="CL_basic_2014_02_21_Instance_23993" />
    <annotator id="CL_basic_2014_02_21_Instance_10000">Mike Bada, University of Colorado Anschutz Medical Campus</annotator>
    <span start="12466" end="12474" />
    <spannedText>neuronal</spannedText>
  </annotation>
  <annotation>
    <mention id="CL_basic_2014_02_21_Instance_24003" />
    <annotator id="CL_basic_2014_02_21_Instance_10000">Mike Bada, University of Colorado Anschutz Medical Campus</annotator>
    <span start="12690" end="12698" />
    <spannedText>neuronal</spannedText>
  </annotation>
  <annotation>
    <mention id="CL_basic_2014_02_21_Instance_24005" />
    <annotator id="CL_basic_2014_02_21_Instance_10000">Mike Bada, University of Colorado Anschutz Medical Campus</annotator>
    <span start="12889" end="12897" />
    <spannedText>neuronal</spannedText>
  </annotation>
  <annotation>
    <mention id="CL_basic_2014_02_21_Instance_24011" />
    <annotator id="CL_basic_2014_02_21_Instance_10000">Mike Bada, University of Colorado Anschutz Medical Campus</annotator>
    <span start="25932" end="25940" />
    <spannedText>Neuronal</spannedText>
  </annotation>
  <annotation>
    <mention id="CL_basic_2014_02_21_Instance_40789" />
    <annotator id="CL_basic_2014_02_21_Instance_10000">Mike Bada, University of Colorado Anschutz Medical Campus</annotator>
    <span start="6437" end="6461" />
    <spannedText>cerebellar granule cells</spannedText>
  </annotation>
  <annotation>
    <mention id="CL_basic_2014_02_21_Instance_40796" />
    <annotator id="CL_basic_2014_02_21_Instance_10000">Mike Bada, University of Colorado Anschutz Medical Campus</annotator>
    <span start="6982" end="7006" />
    <spannedText>cerebellar granule cells</spannedText>
  </annotation>
  <annotation>
    <mention id="CL_basic_2014_02_21_Instance_40802" />
    <annotator id="CL_basic_2014_02_21_Instance_10000">Mike Bada, University of Colorado Anschutz Medical Campus</annotator>
    <span start="7982" end="7994" />
    <spannedText>Schwann cell</spannedText>
  </annotation>
  <annotation>
    <mention id="CL_basic_2014_02_21_Instance_40808" />
    <annotator id="CL_basic_2014_02_21_Instance_10000">Mike Bada, University of Colorado Anschutz Medical Campus</annotator>
    <span start="8080" end="8105" />
    <spannedText>myelinating Schwann cells</spannedText>
  </annotation>
  <annotation>
    <mention id="CL_basic_2014_02_21_Instance_40814" />
    <annotator id="CL_basic_2014_02_21_Instance_10000">Mike Bada, University of Colorado Anschutz Medical Campus</annotator>
    <span start="8197" end="8210" />
    <spannedText>Schwann cells</spannedText>
  </annotation>
  <annotation>
    <mention id="CL_basic_2014_02_21_Instance_40820" />
    <annotator id="CL_basic_2014_02_21_Instance_10000">Mike Bada, University of Colorado Anschutz Medical Campus</annotator>
    <span start="8581" end="8593" />
    <spannedText>Schwann cell</spannedText>
  </annotation>
  <annotation>
    <mention id="CL_basic_2014_02_21_Instance_40826" />
    <annotator id="CL_basic_2014_02_21_Instance_10000">Mike Bada, University of Colorado Anschutz Medical Campus</annotator>
    <span start="8748" end="8761" />
    <spannedText>Schwann cells</spannedText>
  </annotation>
  <annotation>
    <mention id="CL_basic_2014_02_21_Instance_40832" />
    <annotator id="CL_basic_2014_02_21_Instance_10000">Mike Bada, University of Colorado Anschutz Medical Campus</annotator>
    <span start="10059" end="10072" />
    <spannedText>Schwann cells</spannedText>
  </annotation>
  <annotation>
    <mention id="CL_basic_2014_02_21_Instance_40835" />
    <annotator id="CL_basic_2014_02_21_Instance_10000">Mike Bada, University of Colorado Anschutz Medical Campus</annotator>
    <span start="10042" end="10058" />
    <span start="10067" end="10072" />
    <spannedText>cultured primary ... cells</spannedText>
  </annotation>
  <annotation>
    <mention id="CL_basic_2014_02_21_Instance_40840" />
    <annotator id="CL_basic_2014_02_21_Instance_10000">Mike Bada, University of Colorado Anschutz Medical Campus</annotator>
    <span start="10319" end="10332" />
    <spannedText>Schwann cells</spannedText>
  </annotation>
  <annotation>
    <mention id="CL_basic_2014_02_21_Instance_40843" />
    <annotator id="CL_basic_2014_02_21_Instance_10000">Mike Bada, University of Colorado Anschutz Medical Campus</annotator>
    <span start="10310" end="10318" />
    <span start="10327" end="10332" />
    <spannedText>cultured ... cells</spannedText>
  </annotation>
  <annotation>
    <mention id="CL_basic_2014_02_21_Instance_40848" />
    <annotator id="CL_basic_2014_02_21_Instance_10000">Mike Bada, University of Colorado Anschutz Medical Campus</annotator>
    <span start="11476" end="11488" />
    <spannedText>Schwann-cell</spannedText>
  </annotation>
  <annotation>
    <mention id="CL_basic_2014_02_21_Instance_40855" />
    <annotator id="CL_basic_2014_02_21_Instance_10000">Mike Bada, University of Colorado Anschutz Medical Campus</annotator>
    <span start="14035" end="14047" />
    <spannedText>Schwann cell</spannedText>
  </annotation>
  <annotation>
    <mention id="CL_basic_2014_02_21_Instance_40863" />
    <annotator id="CL_basic_2014_02_21_Instance_10000">Mike Bada, University of Colorado Anschutz Medical Campus</annotator>
    <span start="14347" end="14359" />
    <spannedText>Schwann cell</spannedText>
  </annotation>
  <annotation>
    <mention id="CL_basic_2014_02_21_Instance_40869" />
    <annotator id="CL_basic_2014_02_21_Instance_10000">Mike Bada, University of Colorado Anschutz Medical Campus</annotator>
    <span start="14663" end="14675" />
    <spannedText>Schwann cell</spannedText>
  </annotation>
  <annotation>
    <mention id="CL_basic_2014_02_21_Instance_40875" />
    <annotator id="CL_basic_2014_02_21_Instance_10000">Mike Bada, University of Colorado Anschutz Medical Campus</annotator>
    <span start="15070" end="15082" />
    <spannedText>Schwann cell</spannedText>
  </annotation>
  <annotation>
    <mention id="CL_basic_2014_02_21_Instance_40878" />
    <annotator id="CL_basic_2014_02_21_Instance_10000">Mike Bada, University of Colorado Anschutz Medical Campus</annotator>
    <span start="16885" end="16899" />
    <span start="16905" end="16910" />
    <spannedText>embryonic stem ... cells</spannedText>
  </annotation>
  <annotation>
    <mention id="CL_basic_2014_02_21_Instance_40886" />
    <annotator id="CL_basic_2014_02_21_Instance_10000">Mike Bada, University of Colorado Anschutz Medical Campus</annotator>
    <span start="19739" end="19751" />
    <spannedText>Schwann cell</spannedText>
  </annotation>
  <annotation>
    <mention id="CL_basic_2014_02_21_Instance_40889" />
    <annotator id="CL_basic_2014_02_21_Instance_10000">Mike Bada, University of Colorado Anschutz Medical Campus</annotator>
    <span start="19731" end="19738" />
    <span start="19747" end="19751" />
    <spannedText>Primary ... cell</spannedText>
  </annotation>
  <annotation>
    <mention id="CL_basic_2014_02_21_Instance_40894" />
    <annotator id="CL_basic_2014_02_21_Instance_10000">Mike Bada, University of Colorado Anschutz Medical Campus</annotator>
    <span start="19769" end="19782" />
    <spannedText>Schwann cells</spannedText>
  </annotation>
  <annotation>
    <mention id="CL_basic_2014_02_21_Instance_40897" />
    <annotator id="CL_basic_2014_02_21_Instance_10000">Mike Bada, University of Colorado Anschutz Medical Campus</annotator>
    <span start="19761" end="19768" />
    <span start="19777" end="19782" />
    <spannedText>Primary ... cells</spannedText>
  </annotation>
  <annotation>
    <mention id="CL_basic_2014_02_21_Instance_40902" />
    <annotator id="CL_basic_2014_02_21_Instance_10000">Mike Bada, University of Colorado Anschutz Medical Campus</annotator>
    <span start="20616" end="20629" />
    <spannedText>Schwann cells</spannedText>
  </annotation>
  <annotation>
    <mention id="CL_basic_2014_02_21_Instance_40905" />
    <annotator id="CL_basic_2014_02_21_Instance_10000">Mike Bada, University of Colorado Anschutz Medical Campus</annotator>
    <span start="20607" end="20615" />
    <span start="20624" end="20629" />
    <spannedText>cultured ... cells</spannedText>
  </annotation>
  <annotation>
    <mention id="CL_basic_2014_02_21_Instance_40910" />
    <annotator id="CL_basic_2014_02_21_Instance_10000">Mike Bada, University of Colorado Anschutz Medical Campus</annotator>
    <span start="20856" end="20869" />
    <spannedText>Schwann cells</spannedText>
  </annotation>
  <annotation>
    <mention id="CL_basic_2014_02_21_Instance_40913" />
    <annotator id="CL_basic_2014_02_21_Instance_10000">Mike Bada, University of Colorado Anschutz Medical Campus</annotator>
    <span start="20847" end="20855" />
    <span start="20864" end="20869" />
    <spannedText>cultured ... cells</spannedText>
  </annotation>
  <annotation>
    <mention id="CL_basic_2014_02_21_Instance_40916" />
    <annotator id="CL_basic_2014_02_21_Instance_10000">Mike Bada, University of Colorado Anschutz Medical Campus</annotator>
    <span start="26826" end="26845" />
    <spannedText>Hippocampal neurons</spannedText>
  </annotation>
  <annotation>
    <mention id="CL_basic_2014_02_21_Instance_40925" />
    <annotator id="CL_basic_2014_02_21_Instance_10000">Mike Bada, University of Colorado Anschutz Medical Campus</annotator>
    <span start="27943" end="27956" />
    <spannedText>Schwann cells</spannedText>
  </annotation>
  <annotation>
    <mention id="CL_basic_2014_02_21_Instance_40931" />
    <annotator id="CL_basic_2014_02_21_Instance_10000">Mike Bada, University of Colorado Anschutz Medical Campus</annotator>
    <span start="28575" end="28588" />
    <spannedText>Schwann cells</spannedText>
  </annotation>
  <annotation>
    <mention id="CL_basic_2014_02_21_Instance_40934" />
    <annotator id="CL_basic_2014_02_21_Instance_10000">Mike Bada, University of Colorado Anschutz Medical Campus</annotator>
    <span start="28566" end="28574" />
    <span start="28583" end="28588" />
    <spannedText>cultured ... cells</spannedText>
  </annotation>
  <annotation>
    <mention id="CL_basic_2014_02_21_Instance_40939" />
    <annotator id="CL_basic_2014_02_21_Instance_10000">Mike Bada, University of Colorado Anschutz Medical Campus</annotator>
    <span start="29172" end="29185" />
    <spannedText>Schwann cells</spannedText>
  </annotation>
  <annotation>
    <mention id="CL_basic_2014_02_21_Instance_40942" />
    <annotator id="CL_basic_2014_02_21_Instance_10000">Mike Bada, University of Colorado Anschutz Medical Campus</annotator>
    <span start="29163" end="29171" />
    <span start="29180" end="29185" />
    <spannedText>cultured ... cells</spannedText>
  </annotation>
  <annotation>
    <mention id="CL_basic_2014_02_21_plus_nested_test_Instance_10007" />
    <annotator id="CL_basic_2014_02_21_Instance_10000">Mike Bada, University of Colorado Anschutz Medical Campus</annotator>
    <span start="17414" end="17416" />
    <spannedText>ES</spannedText>
  </annotation>
  <annotation>
    <mention id="CL_basic_2014_02_21_plus_nested_test_Instance_10037" />
    <annotator id="CL_basic_2014_02_21_Instance_10000">Mike Bada, University of Colorado Anschutz Medical Campus</annotator>
    <span start="16901" end="16903" />
    <span start="16905" end="16910" />
    <spannedText>ES ... cells</spannedText>
  </annotation>
  <classMention id="CL_basic_2014_02_21_Instance_40925">
    <mentionClass id="CL:0002573">Schwann cell</mentionClass>
  </classMention>
  <classMention id="CL_basic_2014_02_21_Instance_40931">
    <mentionClass id="CL:0002573">Schwann cell</mentionClass>
  </classMention>
  <classMention id="CL_basic_2014_02_21_Instance_40913">
    <mentionClass id="CL:0000010">cultured cell</mentionClass>
  </classMention>
  <classMention id="CL_basic_2014_02_21_Instance_40916">
    <mentionClass id="CL:0002608">hippocampal neuron</mentionClass>
  </classMention>
  <classMention id="CL_basic_2014_02_21_Instance_40942">
    <mentionClass id="CL:0000010">cultured cell</mentionClass>
  </classMention>
  <classMention id="CL_basic_2014_02_21_Instance_40934">
    <mentionClass id="CL:0000010">cultured cell</mentionClass>
  </classMention>
  <classMention id="CL_basic_2014_02_21_Instance_40939">
    <mentionClass id="CL:0002573">Schwann cell</mentionClass>
  </classMention>
  <classMention id="CL_basic_2014_02_21_Instance_40802">
    <mentionClass id="CL:0002573">Schwann cell</mentionClass>
  </classMention>
  <classMention id="CL_basic_2014_02_21_Instance_40808">
    <mentionClass id="CL:0000218">myelinating Schwann cell</mentionClass>
  </classMention>
  <classMention id="CL_basic_2014_02_21_Instance_40789">
    <mentionClass id="CL:0001031">cerebellar granule cell</mentionClass>
  </classMention>
  <classMention id="CL_basic_2014_02_21_Instance_40796">
    <mentionClass id="CL:0001031">cerebellar granule cell</mentionClass>
  </classMention>
  <classMention id="CL_basic_2014_02_21_Instance_23969">
    <mentionClass id="CL:0000019">sperm</mentionClass>
  </classMention>
  <classMention id="CL_basic_2014_02_21_Instance_40826">
    <mentionClass id="CL:0002573">Schwann cell</mentionClass>
  </classMention>
  <classMention id="CL_basic_2014_02_21_Instance_23971">
    <mentionClass id="CL:0000025">egg cell</mentionClass>
  </classMention>
  <classMention id="CL_basic_2014_02_21_Instance_40832">
    <mentionClass id="CL:0002573">Schwann cell</mentionClass>
  </classMention>
  <classMention id="CL_basic_2014_02_21_Instance_40814">
    <mentionClass id="CL:0002573">Schwann cell</mentionClass>
  </classMention>
  <classMention id="CL_basic_2014_02_21_Instance_40820">
    <mentionClass id="CL:0002573">Schwann cell</mentionClass>
  </classMention>
  <classMention id="CL_basic_2014_02_21_Instance_23985">
    <mentionClass id="CL:0000540">neuron</mentionClass>
  </classMention>
  <classMention id="CL_basic_2014_02_21_Instance_40843">
    <mentionClass id="CL:0000010">cultured cell</mentionClass>
  </classMention>
  <classMention id="CL_basic_2014_02_21_Instance_23991">
    <mentionClass id="CL:0000540">neuron</mentionClass>
  </classMention>
  <classMention id="CL_basic_2014_02_21_Instance_40848">
    <mentionClass id="CL:0002573">Schwann cell</mentionClass>
  </classMention>
  <classMention id="CL_basic_2014_02_21_Instance_23981">
    <mentionClass id="CL:0000540">neuron</mentionClass>
  </classMention>
  <classMention id="CL_basic_2014_02_21_Instance_40835">
    <mentionClass id="CL:0000001">primary cultured cell</mentionClass>
  </classMention>
  <classMention id="CL_basic_2014_02_21_Instance_23983">
    <mentionClass id="CL:0000540">neuron</mentionClass>
  </classMention>
  <classMention id="CL_basic_2014_02_21_Instance_40840">
    <mentionClass id="CL:0002573">Schwann cell</mentionClass>
  </classMention>
  <classMention id="CL_basic_2014_02_21_plus_nested_test_Instance_10007">
    <mentionClass id="CL:0002322">embryonic stem cell</mentionClass>
  </classMention>
  <classMention id="CL_basic_2014_02_21_Instance_24005">
    <mentionClass id="CL:0000540">neuron</mentionClass>
  </classMention>
  <classMention id="CL_basic_2014_02_21_Instance_40869">
    <mentionClass id="CL:0002573">Schwann cell</mentionClass>
  </classMention>
  <classMention id="CL_basic_2014_02_21_Instance_16743">
    <mentionClass id="CL:0000120">granule cell</mentionClass>
  </classMention>
  <classMention id="CL_basic_2014_02_21_Instance_24011">
    <mentionClass id="CL:0000540">neuron</mentionClass>
  </classMention>
  <classMention id="CL_basic_2014_02_21_Instance_40875">
    <mentionClass id="CL:0002573">Schwann cell</mentionClass>
  </classMention>
  <classMention id="CL_basic_2014_02_21_Instance_16745">
    <mentionClass id="CL:0000121">Purkinje cell</mentionClass>
  </classMention>
  <classMention id="CL_basic_2014_02_21_Instance_23993">
    <mentionClass id="CL:0000540">neuron</mentionClass>
  </classMention>
  <classMention id="CL_basic_2014_02_21_Instance_40855">
    <mentionClass id="CL:0002573">Schwann cell</mentionClass>
  </classMention>
  <classMention id="CL_basic_2014_02_21_Instance_24003">
    <mentionClass id="CL:0000540">neuron</mentionClass>
  </classMention>
  <classMention id="CL_basic_2014_02_21_Instance_40863">
    <mentionClass id="CL:0002573">Schwann cell</mentionClass>
  </classMention>
  <classMention id="CL_basic_2014_02_21_Instance_40889">
    <mentionClass id="CL:0000001">primary cultured cell</mentionClass>
  </classMention>
  <classMention id="CL_basic_2014_02_21_Instance_16773">
    <mentionClass id="CL:0000025">egg cell</mentionClass>
  </classMention>
  <classMention id="CL_basic_2014_02_21_Instance_40894">
    <mentionClass id="CL:0002573">Schwann cell</mentionClass>
  </classMention>
  <classMention id="CL_basic_2014_02_21_Instance_40878">
    <mentionClass id="CL:0002322">embryonic stem cell</mentionClass>
  </classMention>
  <classMention id="CL_basic_2014_02_21_Instance_16763">
    <mentionClass id="CL:0000218">myelinating Schwann cell</mentionClass>
  </classMention>
  <classMention id="CL_basic_2014_02_21_Instance_40886">
    <mentionClass id="CL:0002573">Schwann cell</mentionClass>
  </classMention>
  <classMention id="CL_basic_2014_02_21_Instance_16765">
    <mentionClass id="CL:0000218">myelinating Schwann cell</mentionClass>
  </classMention>
  <classMention id="CL_basic_2014_02_21_Instance_40905">
    <mentionClass id="CL:0000010">cultured cell</mentionClass>
  </classMention>
  <classMention id="CL_basic_2014_02_21_plus_nested_test_Instance_10037">
    <mentionClass id="CL:0002322">embryonic stem cell</mentionClass>
  </classMention>
  <classMention id="CL_basic_2014_02_21_Instance_40910">
    <mentionClass id="CL:0002573">Schwann cell</mentionClass>
  </classMention>
  <classMention id="CL_basic_2014_02_21_Instance_40897">
    <mentionClass id="CL:0000001">primary cultured cell</mentionClass>
  </classMention>
  <classMention id="CL_basic_2014_02_21_Instance_40902">
    <mentionClass id="CL:0002573">Schwann cell</mentionClass>
  </classMention>
</annotations>

