<?xml version="1.0" encoding="UTF-8"?>
<annotations textSource="16103912.txt">
  <annotation>
    <mention id="CL_basic_2014_02_21_Instance_17363" />
    <annotator id="CL_basic_2014_02_21_Instance_10000">Mike Bada, University of Colorado Anschutz Medical Campus</annotator>
    <span start="14808" end="14830" />
    <spannedText>muscle precursor cells</spannedText>
  </annotation>
  <annotation>
    <mention id="CL_basic_2014_02_21_Instance_17365" />
    <annotator id="CL_basic_2014_02_21_Instance_10000">Mike Bada, University of Colorado Anschutz Medical Campus</annotator>
    <span start="14991" end="15001" />
    <spannedText>Hepatocyte</spannedText>
  </annotation>
  <annotation>
    <mention id="CL_basic_2014_02_21_Instance_17367" />
    <annotator id="CL_basic_2014_02_21_Instance_10000">Mike Bada, University of Colorado Anschutz Medical Campus</annotator>
    <span start="16055" end="16076" />
    <spannedText>muscle precursor cell</spannedText>
  </annotation>
  <annotation>
    <mention id="CL_basic_2014_02_21_Instance_17369" />
    <annotator id="CL_basic_2014_02_21_Instance_10000">Mike Bada, University of Colorado Anschutz Medical Campus</annotator>
    <span start="22181" end="22203" />
    <spannedText>muscle precursor cells</spannedText>
  </annotation>
  <annotation>
    <mention id="CL_basic_2014_02_21_Instance_17371" />
    <annotator id="CL_basic_2014_02_21_Instance_10000">Mike Bada, University of Colorado Anschutz Medical Campus</annotator>
    <span start="22467" end="22488" />
    <spannedText>muscle precursor cell</spannedText>
  </annotation>
  <annotation>
    <mention id="CL_basic_2014_02_21_Instance_17373" />
    <annotator id="CL_basic_2014_02_21_Instance_10000">Mike Bada, University of Colorado Anschutz Medical Campus</annotator>
    <span start="22586" end="22607" />
    <spannedText>muscle precursor cell</spannedText>
  </annotation>
  <annotation>
    <mention id="CL_basic_2014_02_21_Instance_17377" />
    <annotator id="CL_basic_2014_02_21_Instance_10000">Mike Bada, University of Colorado Anschutz Medical Campus</annotator>
    <span start="31232" end="31242" />
    <spannedText>Hepatocyte</spannedText>
  </annotation>
  <annotation>
    <mention id="CL_basic_2014_02_21_Instance_41192" />
    <annotator id="CL_basic_2014_02_21_Instance_10000">Mike Bada, University of Colorado Anschutz Medical Campus</annotator>
    <span start="8470" end="8480" />
    <spannedText>Myotubules</spannedText>
  </annotation>
  <annotation>
    <mention id="CL_basic_2014_02_21_Instance_41195" />
    <annotator id="CL_basic_2014_02_21_Instance_10000">Mike Bada, University of Colorado Anschutz Medical Campus</annotator>
    <span start="8553" end="8563" />
    <spannedText>myotubules</spannedText>
  </annotation>
  <annotation>
    <mention id="CL_basic_2014_02_21_Instance_41198" />
    <annotator id="CL_basic_2014_02_21_Instance_10000">Mike Bada, University of Colorado Anschutz Medical Campus</annotator>
    <span start="8736" end="8746" />
    <spannedText>myotubules</spannedText>
  </annotation>
  <annotation>
    <mention id="CL_basic_2014_02_21_Instance_41206" />
    <annotator id="CL_basic_2014_02_21_Instance_10000">Mike Bada, University of Colorado Anschutz Medical Campus</annotator>
    <span start="27875" end="27883" />
    <spannedText>ES cells</spannedText>
  </annotation>
  <annotation>
    <mention id="CL_basic_2014_02_21_Instance_70425" />
    <annotator id="CL_basic_2014_02_21_Instance_10000">Mike Bada, University of Colorado Anschutz Medical Campus</annotator>
    <span start="8664" end="8677" />
    <spannedText>muscle fibers</spannedText>
  </annotation>
  <classMention id="CL_basic_2014_02_21_Instance_41206">
    <mentionClass id="CL:0002322">embryonic stem cell</mentionClass>
  </classMention>
  <classMention id="CL_basic_2014_02_21_Instance_17377">
    <mentionClass id="CL:0000182">hepatocyte</mentionClass>
  </classMention>
  <classMention id="CL_basic_2014_02_21_Instance_41195">
    <mentionClass id="CL:0002372">myotube</mentionClass>
  </classMention>
  <classMention id="CL_basic_2014_02_21_Instance_17371">
    <mentionClass id="CL:0000680">muscle precursor cell</mentionClass>
  </classMention>
  <classMention id="CL_basic_2014_02_21_Instance_41198">
    <mentionClass id="CL:0002372">myotube</mentionClass>
  </classMention>
  <classMention id="CL_basic_2014_02_21_Instance_17373">
    <mentionClass id="CL:0000680">muscle precursor cell</mentionClass>
  </classMention>
  <classMention id="CL_basic_2014_02_21_Instance_70425">
    <mentionClass id="CL:0000187">muscle cell</mentionClass>
  </classMention>
  <classMention id="CL_basic_2014_02_21_Instance_17367">
    <mentionClass id="CL:0000680">muscle precursor cell</mentionClass>
  </classMention>
  <classMention id="CL_basic_2014_02_21_Instance_41192">
    <mentionClass id="CL:0002372">myotube</mentionClass>
  </classMention>
  <classMention id="CL_basic_2014_02_21_Instance_17369">
    <mentionClass id="CL:0000680">muscle precursor cell</mentionClass>
  </classMention>
  <classMention id="CL_basic_2014_02_21_Instance_17363">
    <mentionClass id="CL:0000680">muscle precursor cell</mentionClass>
  </classMention>
  <classMention id="CL_basic_2014_02_21_Instance_17365">
    <mentionClass id="CL:0000182">hepatocyte</mentionClass>
  </classMention>
</annotations>

