<?xml version="1.0" encoding="UTF-8"?>
<annotations textSource="16216087.txt">
  <annotation>
    <mention id="CL_basic_2014_02_21_Instance_11459" />
    <annotator id="CL_basic_2014_02_21_Instance_10000">Mike Bada, University of Colorado Anschutz Medical Campus</annotator>
    <span start="58175" end="58177" />
    <spannedText>GC</spannedText>
  </annotation>
  <annotation>
    <mention id="CL_basic_2014_02_21_Instance_17779" />
    <annotator id="CL_basic_2014_02_21_Instance_10000">Mike Bada, University of Colorado Anschutz Medical Campus</annotator>
    <span start="2893" end="2907" />
    <spannedText>output neurons</spannedText>
  </annotation>
  <annotation>
    <mention id="CL_basic_2014_02_21_Instance_17783" />
    <annotator id="CL_basic_2014_02_21_Instance_10000">Mike Bada, University of Colorado Anschutz Medical Campus</annotator>
    <span start="2944" end="2951" />
    <spannedText>neurons</spannedText>
  </annotation>
  <annotation>
    <mention id="CL_basic_2014_02_21_Instance_17797" />
    <annotator id="CL_basic_2014_02_21_Instance_10000">Mike Bada, University of Colorado Anschutz Medical Campus</annotator>
    <span start="30370" end="30395" />
    <spannedText>olfactory sensory neurons</spannedText>
  </annotation>
  <annotation>
    <mention id="CL_basic_2014_02_21_Instance_17805" />
    <annotator id="CL_basic_2014_02_21_Instance_10000">Mike Bada, University of Colorado Anschutz Medical Campus</annotator>
    <span start="33766" end="33779" />
    <spannedText>granule cells</spannedText>
  </annotation>
  <annotation>
    <mention id="CL_basic_2014_02_21_Instance_17809" />
    <annotator id="CL_basic_2014_02_21_Instance_10000">Mike Bada, University of Colorado Anschutz Medical Campus</annotator>
    <span start="40134" end="40149" />
    <spannedText>pyramidal cells</spannedText>
  </annotation>
  <annotation>
    <mention id="CL_basic_2014_02_21_Instance_17811" />
    <annotator id="CL_basic_2014_02_21_Instance_10000">Mike Bada, University of Colorado Anschutz Medical Campus</annotator>
    <span start="45157" end="45164" />
    <spannedText>oocytes</spannedText>
  </annotation>
  <annotation>
    <mention id="CL_basic_2014_02_21_Instance_17813" />
    <annotator id="CL_basic_2014_02_21_Instance_10000">Mike Bada, University of Colorado Anschutz Medical Campus</annotator>
    <span start="58160" end="58173" />
    <spannedText>granule cells</spannedText>
  </annotation>
  <annotation>
    <mention id="CL_basic_2014_02_21_Instance_17821" />
    <annotator id="CL_basic_2014_02_21_Instance_10000">Mike Bada, University of Colorado Anschutz Medical Campus</annotator>
    <span start="60110" end="60123" />
    <spannedText>granule cells</spannedText>
  </annotation>
  <annotation>
    <mention id="CL_basic_2014_02_21_Instance_25023" />
    <annotator id="CL_basic_2014_02_21_Instance_10000">Mike Bada, University of Colorado Anschutz Medical Campus</annotator>
    <span start="2172" end="2180" />
    <spannedText>neuronal</spannedText>
  </annotation>
  <annotation>
    <mention id="CL_basic_2014_02_21_Instance_25029" />
    <annotator id="CL_basic_2014_02_21_Instance_10000">Mike Bada, University of Colorado Anschutz Medical Campus</annotator>
    <span start="3336" end="3344" />
    <spannedText>neuronal</spannedText>
  </annotation>
  <annotation>
    <mention id="CL_basic_2014_02_21_Instance_25031" />
    <annotator id="CL_basic_2014_02_21_Instance_10000">Mike Bada, University of Colorado Anschutz Medical Campus</annotator>
    <span start="4948" end="4956" />
    <spannedText>neuronal</spannedText>
  </annotation>
  <annotation>
    <mention id="CL_basic_2014_02_21_Instance_25045" />
    <annotator id="CL_basic_2014_02_21_Instance_10000">Mike Bada, University of Colorado Anschutz Medical Campus</annotator>
    <span start="68084" end="68091" />
    <spannedText>neurons</spannedText>
  </annotation>
  <annotation>
    <mention id="CL_basic_2014_02_21_Instance_25047" />
    <annotator id="CL_basic_2014_02_21_Instance_10000">Mike Bada, University of Colorado Anschutz Medical Campus</annotator>
    <span start="68125" end="68132" />
    <spannedText>neurons</spannedText>
  </annotation>
  <annotation>
    <mention id="CL_basic_2014_02_21_Instance_41341" />
    <annotator id="CL_basic_2014_02_21_Instance_10000">Mike Bada, University of Colorado Anschutz Medical Campus</annotator>
    <span start="4130" end="4137" />
    <spannedText>neurons</spannedText>
  </annotation>
  <annotation>
    <mention id="CL_basic_2014_02_21_Instance_41345" />
    <annotator id="CL_basic_2014_02_21_Instance_10000">Mike Bada, University of Colorado Anschutz Medical Campus</annotator>
    <span start="4750" end="4762" />
    <spannedText>mitral cells</spannedText>
  </annotation>
  <annotation>
    <mention id="CL_basic_2014_02_21_Instance_41349" />
    <annotator id="CL_basic_2014_02_21_Instance_10000">Mike Bada, University of Colorado Anschutz Medical Campus</annotator>
    <span start="8538" end="8555" />
    <spannedText>forebrain neurons</spannedText>
  </annotation>
  <annotation>
    <mention id="CL_basic_2014_02_21_Instance_41355" />
    <annotator id="CL_basic_2014_02_21_Instance_10000">Mike Bada, University of Colorado Anschutz Medical Campus</annotator>
    <span start="27535" end="27545" />
    <span start="27552" end="27561" />
    <spannedText>neurons of ... forebrain</spannedText>
  </annotation>
  <annotation>
    <mention id="CL_basic_2014_02_21_Instance_41361" />
    <annotator id="CL_basic_2014_02_21_Instance_10000">Mike Bada, University of Colorado Anschutz Medical Campus</annotator>
    <span start="27573" end="27594" />
    <span start="27607" end="27612" />
    <spannedText>olfactory bulb mitral ... cells</spannedText>
  </annotation>
  <annotation>
    <mention id="CL_basic_2014_02_21_Instance_41374" />
    <annotator id="CL_basic_2014_02_21_Instance_10000">Mike Bada, University of Colorado Anschutz Medical Campus</annotator>
    <span start="31403" end="31429" />
    <spannedText>neurons of forebrain areas</spannedText>
  </annotation>
  <annotation>
    <mention id="CL_basic_2014_02_21_Instance_41381" />
    <annotator id="CL_basic_2014_02_21_Instance_10000">Mike Bada, University of Colorado Anschutz Medical Campus</annotator>
    <span start="33530" end="33559" />
    <spannedText>hippocampal pyramidal neurons</spannedText>
  </annotation>
  <annotation>
    <mention id="CL_basic_2014_02_21_Instance_41388" />
    <annotator id="CL_basic_2014_02_21_Instance_10000">Mike Bada, University of Colorado Anschutz Medical Campus</annotator>
    <span start="33755" end="33761" />
    <span start="33774" end="33779" />
    <spannedText>mitral ... cells</spannedText>
  </annotation>
  <annotation>
    <mention id="CL_basic_2014_02_21_Instance_41394" />
    <annotator id="CL_basic_2014_02_21_Instance_10000">Mike Bada, University of Colorado Anschutz Medical Campus</annotator>
    <span start="34078" end="34085" />
    <spannedText>neurons</spannedText>
  </annotation>
  <annotation>
    <mention id="CL_basic_2014_02_21_Instance_41397" />
    <annotator id="CL_basic_2014_02_21_Instance_10000">Mike Bada, University of Colorado Anschutz Medical Campus</annotator>
    <span start="37457" end="37468" />
    <span start="37485" end="37492" />
    <spannedText>hippocampal ... neurons</spannedText>
  </annotation>
  <annotation>
    <mention id="CL_basic_2014_02_21_Instance_41403" />
    <annotator id="CL_basic_2014_02_21_Instance_10000">Mike Bada, University of Colorado Anschutz Medical Campus</annotator>
    <span start="37476" end="37492" />
    <spannedText>cortical neurons</spannedText>
  </annotation>
  <annotation>
    <mention id="CL_basic_2014_02_21_Instance_41409" />
    <annotator id="CL_basic_2014_02_21_Instance_10000">Mike Bada, University of Colorado Anschutz Medical Campus</annotator>
    <span start="58183" end="58195" />
    <spannedText>mitral cells</spannedText>
  </annotation>
  <annotation>
    <mention id="CL_basic_2014_02_21_Instance_41412" />
    <annotator id="CL_basic_2014_02_21_Instance_10000">Mike Bada, University of Colorado Anschutz Medical Campus</annotator>
    <span start="58197" end="58199" />
    <spannedText>MC</spannedText>
  </annotation>
  <annotation>
    <mention id="CL_basic_2014_02_21_Instance_41419" />
    <annotator id="CL_basic_2014_02_21_Instance_10000">Mike Bada, University of Colorado Anschutz Medical Campus</annotator>
    <span start="68048" end="68067" />
    <spannedText>hippocampal neurons</spannedText>
  </annotation>
  <annotation>
    <mention id="CL_basic_2014_02_21_plus_nested_Instance_30969" />
    <annotator id="CL_basic_2014_02_21_Instance_10000">Mike Bada, University of Colorado Anschutz Medical Campus</annotator>
    <span start="2953" end="2966" />
    <spannedText>granule cells</spannedText>
  </annotation>
  <annotation>
    <mention id="CL_basic_2014_02_21_plus_nested_Instance_30993" />
    <annotator id="CL_basic_2014_02_21_Instance_10000">Mike Bada, University of Colorado Anschutz Medical Campus</annotator>
    <span start="27599" end="27612" />
    <spannedText>granule cells</spannedText>
  </annotation>
  <annotation>
    <mention id="CL_basic_2014_02_21_plus_nested_Instance_494" />
    <annotator id="CL_basic_2014_02_21_Instance_10000">Mike Bada, University of Colorado Anschutz Medical Campus</annotator>
    <span start="2909" end="2921" />
    <spannedText>mitral cells</spannedText>
  </annotation>
  <classMention id="CL_basic_2014_02_21_Instance_41412">
    <mentionClass id="CL:1001502">mitral cell</mentionClass>
  </classMention>
  <classMention id="CL_basic_2014_02_21_Instance_41419">
    <mentionClass id="CL:0002608">hippocampal neuron</mentionClass>
  </classMention>
  <classMention id="CL_basic_2014_02_21_Instance_11459">
    <mentionClass id="CL:0000120">granule cell</mentionClass>
  </classMention>
  <classMention id="CL_basic_2014_02_21_Instance_41403">
    <mentionClass id="CL:0010012">cerebral cortex neuron</mentionClass>
  </classMention>
  <classMention id="CL_basic_2014_02_21_Instance_41409">
    <mentionClass id="CL:1001502">mitral cell</mentionClass>
  </classMention>
  <classMention id="CL_basic_2014_02_21_plus_nested_Instance_494">
    <mentionClass id="CL:1001502">mitral cell</mentionClass>
  </classMention>
  <classMention id="CL_basic_2014_02_21_Instance_17797">
    <mentionClass id="CL:0000207">olfactory receptor cell</mentionClass>
  </classMention>
  <classMention id="CL_basic_2014_02_21_Instance_17805">
    <mentionClass id="CL:0000120">granule cell</mentionClass>
  </classMention>
  <classMention id="CL_basic_2014_02_21_Instance_17779">
    <mentionClass id="CL:0000527">efferent neuron</mentionClass>
  </classMention>
  <classMention id="CL_basic_2014_02_21_Instance_17783">
    <mentionClass id="CL:0000540">neuron</mentionClass>
  </classMention>
  <classMention id="CL_basic_2014_02_21_Instance_17813">
    <mentionClass id="CL:0000120">granule cell</mentionClass>
  </classMention>
  <classMention id="CL_basic_2014_02_21_Instance_17821">
    <mentionClass id="CL:0000120">granule cell</mentionClass>
  </classMention>
  <classMention id="CL_basic_2014_02_21_Instance_17809">
    <mentionClass id="CL:0000598">pyramidal cell</mentionClass>
  </classMention>
  <classMention id="CL_basic_2014_02_21_Instance_17811">
    <mentionClass id="CL:0000023">oocyte</mentionClass>
  </classMention>
  <classMention id="CL_basic_2014_02_21_Instance_25031">
    <mentionClass id="CL:0000540">neuron</mentionClass>
  </classMention>
  <classMention id="CL_basic_2014_02_21_plus_nested_Instance_30969">
    <mentionClass id="CL:0000120">granule cell</mentionClass>
  </classMention>
  <classMention id="CL_basic_2014_02_21_Instance_25045">
    <mentionClass id="CL:0000540">neuron</mentionClass>
  </classMention>
  <classMention id="CL_basic_2014_02_21_plus_nested_Instance_30993">
    <mentionClass id="CL:0000120">granule cell</mentionClass>
  </classMention>
  <classMention id="CL_basic_2014_02_21_Instance_25023">
    <mentionClass id="CL:0000540">neuron</mentionClass>
  </classMention>
  <classMention id="CL_basic_2014_02_21_Instance_25029">
    <mentionClass id="CL:0000540">neuron</mentionClass>
  </classMention>
  <classMention id="CL_basic_2014_02_21_Instance_41341">
    <mentionClass id="CL:0000540">neuron</mentionClass>
  </classMention>
  <classMention id="CL_basic_2014_02_21_Instance_41345">
    <mentionClass id="CL:1001502">mitral cell</mentionClass>
  </classMention>
  <classMention id="CL_basic_2014_02_21_Instance_25047">
    <mentionClass id="CL:0000540">neuron</mentionClass>
  </classMention>
  <classMention id="CL_basic_2014_02_21_Instance_41361">
    <mentionClass id="CL:1001502">mitral cell</mentionClass>
  </classMention>
  <classMention id="CL_basic_2014_02_21_Instance_41374">
    <mentionClass id="CL:0012001">neuron of the forebrain</mentionClass>
  </classMention>
  <classMention id="CL_basic_2014_02_21_Instance_41349">
    <mentionClass id="CL:0012001">neuron of the forebrain</mentionClass>
  </classMention>
  <classMention id="CL_basic_2014_02_21_Instance_41355">
    <mentionClass id="CL:0012001">neuron of the forebrain</mentionClass>
  </classMention>
  <classMention id="CL_basic_2014_02_21_Instance_41394">
    <mentionClass id="CL:0000540">neuron</mentionClass>
  </classMention>
  <classMention id="CL_basic_2014_02_21_Instance_41397">
    <mentionClass id="CL:0002608">hippocampal neuron</mentionClass>
  </classMention>
  <classMention id="CL_basic_2014_02_21_Instance_41381">
    <mentionClass id="CL:1001571">hippocampal pyramidal neuron</mentionClass>
  </classMention>
  <classMention id="CL_basic_2014_02_21_Instance_41388">
    <mentionClass id="CL:1001502">mitral cell</mentionClass>
  </classMention>
</annotations>

