<?xml version="1.0" encoding="UTF-8"?>
<annotations textSource="16221973.txt">
  <annotation>
    <mention id="CL_basic_2014_02_21_Instance_17823" />
    <annotator id="CL_basic_2014_02_21_Instance_10000">Mike Bada, University of Colorado Anschutz Medical Campus</annotator>
    <span start="3641" end="3651" />
    <spannedText>hepatocyte</spannedText>
  </annotation>
  <annotation>
    <mention id="CL_basic_2014_02_21_Instance_17829" />
    <annotator id="CL_basic_2014_02_21_Instance_10000">Mike Bada, University of Colorado Anschutz Medical Campus</annotator>
    <span start="13084" end="13095" />
    <spannedText>fibroblasts</spannedText>
  </annotation>
  <annotation>
    <mention id="CL_basic_2014_02_21_Instance_17849" />
    <annotator id="CL_basic_2014_02_21_Instance_10000">Mike Bada, University of Colorado Anschutz Medical Campus</annotator>
    <span start="27495" end="27506" />
    <spannedText>fibroblasts</spannedText>
  </annotation>
  <annotation>
    <mention id="CL_basic_2014_02_21_Instance_17861" />
    <annotator id="CL_basic_2014_02_21_Instance_10000">Mike Bada, University of Colorado Anschutz Medical Campus</annotator>
    <span start="29894" end="29905" />
    <spannedText>glial cells</spannedText>
  </annotation>
  <annotation>
    <mention id="CL_basic_2014_02_21_Instance_17875" />
    <annotator id="CL_basic_2014_02_21_Instance_10000">Mike Bada, University of Colorado Anschutz Medical Campus</annotator>
    <span start="37593" end="37604" />
    <spannedText>fibroblasts</spannedText>
  </annotation>
  <annotation>
    <mention id="CL_basic_2014_02_21_Instance_25049" />
    <annotator id="CL_basic_2014_02_21_Instance_10000">Mike Bada, University of Colorado Anschutz Medical Campus</annotator>
    <span start="13628" end="13643" />
    <spannedText>fibroblast cell</spannedText>
  </annotation>
  <annotation>
    <mention id="CL_basic_2014_02_21_Instance_25075" />
    <annotator id="CL_basic_2014_02_21_Instance_10000">Mike Bada, University of Colorado Anschutz Medical Campus</annotator>
    <span start="45430" end="45441" />
    <spannedText>fibroblasts</spannedText>
  </annotation>
  <annotation>
    <mention id="CL_basic_2014_02_21_Instance_41423" />
    <annotator id="CL_basic_2014_02_21_Instance_10000">Mike Bada, University of Colorado Anschutz Medical Campus</annotator>
    <span start="6004" end="6012" />
    <spannedText>ES cells</spannedText>
  </annotation>
  <annotation>
    <mention id="CL_basic_2014_02_21_Instance_41426" />
    <annotator id="CL_basic_2014_02_21_Instance_10000">Mike Bada, University of Colorado Anschutz Medical Campus</annotator>
    <span start="13316" end="13329" />
    <spannedText>primary cells</spannedText>
  </annotation>
  <annotation>
    <mention id="CL_basic_2014_02_21_Instance_41429" />
    <annotator id="CL_basic_2014_02_21_Instance_10000">Mike Bada, University of Colorado Anschutz Medical Campus</annotator>
    <span start="13618" end="13627" />
    <span start="13639" end="13643" />
    <spannedText>embryonic ... cell</spannedText>
  </annotation>
  <annotation>
    <mention id="CL_basic_2014_02_21_Instance_41432" />
    <annotator id="CL_basic_2014_02_21_Instance_10000">Mike Bada, University of Colorado Anschutz Medical Campus</annotator>
    <span start="31794" end="31808" />
    <spannedText>cultured cells</spannedText>
  </annotation>
  <annotation>
    <mention id="CL_basic_2014_02_21_Instance_41434" />
    <annotator id="CL_basic_2014_02_21_Instance_10000">Mike Bada, University of Colorado Anschutz Medical Campus</annotator>
    <span start="36358" end="36372" />
    <spannedText>cultured cells</spannedText>
  </annotation>
  <annotation>
    <mention id="CL_basic_2014_02_21_Instance_41437" />
    <annotator id="CL_basic_2014_02_21_Instance_10000">Mike Bada, University of Colorado Anschutz Medical Campus</annotator>
    <span start="39186" end="39194" />
    <spannedText>ES cells</spannedText>
  </annotation>
  <classMention id="CL_basic_2014_02_21_Instance_17849">
    <mentionClass id="CL:0000057">fibroblast</mentionClass>
  </classMention>
  <classMention id="CL_basic_2014_02_21_Instance_17861">
    <mentionClass id="CL:0000125">glial cell</mentionClass>
  </classMention>
  <classMention id="CL_basic_2014_02_21_Instance_17823">
    <mentionClass id="CL:0000182">hepatocyte</mentionClass>
  </classMention>
  <classMention id="CL_basic_2014_02_21_Instance_17829">
    <mentionClass id="CL:0000057">fibroblast</mentionClass>
  </classMention>
  <classMention id="CL_basic_2014_02_21_Instance_41429">
    <mentionClass id="CL:0002321">embryonic cell</mentionClass>
  </classMention>
  <classMention id="CL_basic_2014_02_21_Instance_25075">
    <mentionClass id="CL:0000057">fibroblast</mentionClass>
  </classMention>
  <classMention id="CL_basic_2014_02_21_Instance_41432">
    <mentionClass id="CL:0000010">cultured cell</mentionClass>
  </classMention>
  <classMention id="CL_basic_2014_02_21_Instance_41423">
    <mentionClass id="CL:0002322">embryonic stem cell</mentionClass>
  </classMention>
  <classMention id="CL_basic_2014_02_21_Instance_17875">
    <mentionClass id="CL:0000057">fibroblast</mentionClass>
  </classMention>
  <classMention id="CL_basic_2014_02_21_Instance_25049">
    <mentionClass id="CL:0000057">fibroblast</mentionClass>
  </classMention>
  <classMention id="CL_basic_2014_02_21_Instance_41426">
    <mentionClass id="CL:0000001">primary cultured cell</mentionClass>
  </classMention>
  <classMention id="CL_basic_2014_02_21_Instance_41434">
    <mentionClass id="CL:0000010">cultured cell</mentionClass>
  </classMention>
  <classMention id="CL_basic_2014_02_21_Instance_41437">
    <mentionClass id="CL:0002322">embryonic stem cell</mentionClass>
  </classMention>
</annotations>

