<?xml version="1.0" encoding="UTF-8"?>
<annotations textSource="16670015.txt">
  <annotation>
    <mention id="CL_basic_2014_02_21_Instance_19011" />
    <annotator id="CL_basic_2014_02_21_Instance_10000">Mike Bada, University of Colorado Anschutz Medical Campus</annotator>
    <span start="31231" end="31251" />
    <spannedText>pancreatic beta cell</spannedText>
  </annotation>
  <classMention id="CL_basic_2014_02_21_Instance_19011">
    <mentionClass id="CL:0000169">type B pancreatic cell</mentionClass>
  </classMention>
</annotations>

