<?xml version="1.0" encoding="UTF-8"?>
<annotations textSource="16787536.txt">
  <annotation>
    <mention id="CL_basic_2014_02_21_Instance_19013" />
    <annotator id="CL_basic_2014_02_21_Instance_10000">Mike Bada, University of Colorado Anschutz Medical Campus</annotator>
    <span start="1850" end="1866" />
    <spannedText>epithelial cells</spannedText>
  </annotation>
  <annotation>
    <mention id="CL_basic_2014_02_21_Instance_19015" />
    <annotator id="CL_basic_2014_02_21_Instance_10000">Mike Bada, University of Colorado Anschutz Medical Campus</annotator>
    <span start="2465" end="2475" />
    <spannedText>Clara cell</spannedText>
  </annotation>
  <annotation>
    <mention id="CL_basic_2014_02_21_Instance_19023" />
    <annotator id="CL_basic_2014_02_21_Instance_10000">Mike Bada, University of Colorado Anschutz Medical Campus</annotator>
    <span start="11967" end="11983" />
    <spannedText>mesodermal cells</spannedText>
  </annotation>
  <annotation>
    <mention id="CL_basic_2014_02_21_Instance_19039" />
    <annotator id="CL_basic_2014_02_21_Instance_10000">Mike Bada, University of Colorado Anschutz Medical Campus</annotator>
    <span start="22978" end="22992" />
    <spannedText>epiblast cells</spannedText>
  </annotation>
  <annotation>
    <mention id="CL_basic_2014_02_21_Instance_19041" />
    <annotator id="CL_basic_2014_02_21_Instance_10000">Mike Bada, University of Colorado Anschutz Medical Campus</annotator>
    <span start="23779" end="23789" />
    <spannedText>Clara cell</spannedText>
  </annotation>
  <annotation>
    <mention id="CL_basic_2014_02_21_Instance_19045" />
    <annotator id="CL_basic_2014_02_21_Instance_10000">Mike Bada, University of Colorado Anschutz Medical Campus</annotator>
    <span start="28028" end="28044" />
    <spannedText>epithelial cells</spannedText>
  </annotation>
  <annotation>
    <mention id="CL_basic_2014_02_21_Instance_25281" />
    <annotator id="CL_basic_2014_02_21_Instance_10000">Mike Bada, University of Colorado Anschutz Medical Campus</annotator>
    <span start="1839" end="1849" />
    <span start="1861" end="1866" />
    <spannedText>absorptive ... cells</spannedText>
  </annotation>
  <annotation>
    <mention id="CL_basic_2014_02_21_Instance_25329" />
    <annotator id="CL_basic_2014_02_21_Instance_10000">Mike Bada, University of Colorado Anschutz Medical Campus</annotator>
    <span start="18559" end="18567" />
    <span start="18585" end="18593" />
    <spannedText>cells of ... endoderm</spannedText>
  </annotation>
  <annotation>
    <mention id="CL_basic_2014_02_21_Instance_25893" />
    <annotator id="CL_basic_2014_02_21_Instance_10000">Mike Bada, University of Colorado Anschutz Medical Campus</annotator>
    <span start="16669" end="16683" />
    <spannedText>squamous cells</spannedText>
  </annotation>
  <annotation>
    <mention id="CL_basic_2014_02_21_Instance_42299" />
    <annotator id="CL_basic_2014_02_21_Instance_10000">Mike Bada, University of Colorado Anschutz Medical Campus</annotator>
    <span start="5285" end="5292" />
    <spannedText>ES cell</spannedText>
  </annotation>
  <annotation>
    <mention id="CL_basic_2014_02_21_Instance_42301" />
    <annotator id="CL_basic_2014_02_21_Instance_10000">Mike Bada, University of Colorado Anschutz Medical Campus</annotator>
    <span start="6635" end="6642" />
    <spannedText>ES cell</spannedText>
  </annotation>
  <annotation>
    <mention id="CL_basic_2014_02_21_Instance_42303" />
    <annotator id="CL_basic_2014_02_21_Instance_10000">Mike Bada, University of Colorado Anschutz Medical Campus</annotator>
    <span start="7137" end="7144" />
    <spannedText>ES cell</spannedText>
  </annotation>
  <annotation>
    <mention id="CL_basic_2014_02_21_Instance_42308" />
    <annotator id="CL_basic_2014_02_21_Instance_10000">Mike Bada, University of Colorado Anschutz Medical Campus</annotator>
    <span start="12141" end="12159" />
    <spannedText>hematopoietic cell</spannedText>
  </annotation>
  <annotation>
    <mention id="CL_basic_2014_02_21_Instance_42313" />
    <annotator id="CL_basic_2014_02_21_Instance_10000">Mike Bada, University of Colorado Anschutz Medical Campus</annotator>
    <span start="30515" end="30529" />
    <span start="30535" end="30540" />
    <spannedText>embryonic stem ... cells</spannedText>
  </annotation>
  <annotation>
    <mention id="CL_basic_2014_02_21_Instance_42317" />
    <annotator id="CL_basic_2014_02_21_Instance_10000">Mike Bada, University of Colorado Anschutz Medical Campus</annotator>
    <span start="37994" end="38002" />
    <spannedText>ES cells</spannedText>
  </annotation>
  <annotation>
    <mention id="CL_basic_2014_02_21_plus_nested_test_Instance_10067" />
    <annotator id="CL_basic_2014_02_21_Instance_10000">Mike Bada, University of Colorado Anschutz Medical Campus</annotator>
    <span start="4917" end="4919" />
    <spannedText>ES</spannedText>
  </annotation>
  <annotation>
    <mention id="CL_basic_2014_02_21_plus_nested_test_Instance_10069" />
    <annotator id="CL_basic_2014_02_21_Instance_10000">Mike Bada, University of Colorado Anschutz Medical Campus</annotator>
    <span start="5099" end="5101" />
    <spannedText>ES</spannedText>
  </annotation>
  <annotation>
    <mention id="CL_basic_2014_02_21_plus_nested_test_Instance_10071" />
    <annotator id="CL_basic_2014_02_21_Instance_10000">Mike Bada, University of Colorado Anschutz Medical Campus</annotator>
    <span start="30531" end="30533" />
    <span start="30535" end="30540" />
    <spannedText>ES ... cells</spannedText>
  </annotation>
  <annotation>
    <mention id="CL_basic_2014_02_21_plus_nested_test_Instance_10073" />
    <annotator id="CL_basic_2014_02_21_Instance_10000">Mike Bada, University of Colorado Anschutz Medical Campus</annotator>
    <span start="30814" end="30816" />
    <spannedText>ES</spannedText>
  </annotation>
  <classMention id="CL_basic_2014_02_21_plus_nested_test_Instance_10073">
    <mentionClass id="CL:0002322">embryonic stem cell</mentionClass>
  </classMention>
  <classMention id="CL_basic_2014_02_21_Instance_25281">
    <mentionClass id="CL:0000212">absorptive cell</mentionClass>
  </classMention>
  <classMention id="CL_basic_2014_02_21_Instance_19013">
    <mentionClass id="CL:0000066">epithelial cell</mentionClass>
  </classMention>
  <classMention id="CL_basic_2014_02_21_Instance_25893">
    <mentionClass id="CL:0000076">squamous epithelial cell</mentionClass>
  </classMention>
  <classMention id="CL_basic_2014_02_21_Instance_42299">
    <mentionClass id="CL:0002322">embryonic stem cell</mentionClass>
  </classMention>
  <classMention id="CL_basic_2014_02_21_Instance_19039">
    <mentionClass id="CL:0000352">epiblast cell</mentionClass>
  </classMention>
  <classMention id="CL_basic_2014_02_21_Instance_42301">
    <mentionClass id="CL:0002322">embryonic stem cell</mentionClass>
  </classMention>
  <classMention id="CL_basic_2014_02_21_Instance_19041">
    <mentionClass id="CL:0000158">Clara cell</mentionClass>
  </classMention>
  <classMention id="CL_basic_2014_02_21_Instance_19015">
    <mentionClass id="CL:0000158">Clara cell</mentionClass>
  </classMention>
  <classMention id="CL_basic_2014_02_21_Instance_19023">
    <mentionClass id="CL:0000222">mesodermal cell</mentionClass>
  </classMention>
  <classMention id="CL_basic_2014_02_21_Instance_42313">
    <mentionClass id="CL:0002322">embryonic stem cell</mentionClass>
  </classMention>
  <classMention id="CL_basic_2014_02_21_plus_nested_test_Instance_10069">
    <mentionClass id="CL:0002322">embryonic stem cell</mentionClass>
  </classMention>
  <classMention id="CL_basic_2014_02_21_Instance_42317">
    <mentionClass id="CL:0002322">embryonic stem cell</mentionClass>
  </classMention>
  <classMention id="CL_basic_2014_02_21_plus_nested_test_Instance_10071">
    <mentionClass id="CL:0002322">embryonic stem cell</mentionClass>
  </classMention>
  <classMention id="CL_basic_2014_02_21_Instance_25329">
    <mentionClass id="CL:0000223">endodermal cell</mentionClass>
  </classMention>
  <classMention id="CL_basic_2014_02_21_Instance_42303">
    <mentionClass id="CL:0002322">embryonic stem cell</mentionClass>
  </classMention>
  <classMention id="CL_basic_2014_02_21_Instance_19045">
    <mentionClass id="CL:0000066">epithelial cell</mentionClass>
  </classMention>
  <classMention id="CL_basic_2014_02_21_Instance_42308">
    <mentionClass id="CL:0000988">hematopoietic cell</mentionClass>
  </classMention>
  <classMention id="CL_basic_2014_02_21_plus_nested_test_Instance_10067">
    <mentionClass id="CL:0002322">embryonic stem cell</mentionClass>
  </classMention>
</annotations>

