<?xml version="1.0" encoding="UTF-8"?>
<annotations textSource="16800892.txt">
  <annotation>
    <mention id="CL_basic_2014_02_21_Instance_11691" />
    <annotator id="CL_basic_2014_02_21_Instance_10000">Mike Bada, University of Colorado Anschutz Medical Campus</annotator>
    <span start="40127" end="40138" />
    <spannedText>lymphocytes</spannedText>
  </annotation>
  <annotation>
    <mention id="CL_basic_2014_02_21_Instance_42323" />
    <annotator id="CL_basic_2014_02_21_Instance_10000">Mike Bada, University of Colorado Anschutz Medical Campus</annotator>
    <span start="22645" end="22664" />
    <spannedText>hematopoietic cells</spannedText>
  </annotation>
  <annotation>
    <mention id="CL_basic_2014_02_21_Instance_42329" />
    <annotator id="CL_basic_2014_02_21_Instance_10000">Mike Bada, University of Colorado Anschutz Medical Campus</annotator>
    <span start="23220" end="23239" />
    <spannedText>hematopoietic cells</spannedText>
  </annotation>
  <annotation>
    <mention id="CL_basic_2014_02_21_Instance_42332" />
    <annotator id="CL_basic_2014_02_21_Instance_10000">Mike Bada, University of Colorado Anschutz Medical Campus</annotator>
    <span start="26089" end="26103" />
    <spannedText>cultured cells</spannedText>
  </annotation>
  <annotation>
    <mention id="CL_basic_2014_02_21_Instance_42334" />
    <annotator id="CL_basic_2014_02_21_Instance_10000">Mike Bada, University of Colorado Anschutz Medical Campus</annotator>
    <span start="28400" end="28407" />
    <spannedText>ES cell</spannedText>
  </annotation>
  <annotation>
    <mention id="CL_basic_2014_02_21_Instance_42338" />
    <annotator id="CL_basic_2014_02_21_Instance_10000">Mike Bada, University of Colorado Anschutz Medical Campus</annotator>
    <span start="29345" end="29364" />
    <spannedText>hematopoietic cells</spannedText>
  </annotation>
  <annotation>
    <mention id="CL_basic_2014_02_21_Instance_42340" />
    <annotator id="CL_basic_2014_02_21_Instance_10000">Mike Bada, University of Colorado Anschutz Medical Campus</annotator>
    <span start="37840" end="37854" />
    <spannedText>cultured cells</spannedText>
  </annotation>
  <annotation>
    <mention id="CL_basic_2014_02_21_Instance_42342" />
    <annotator id="CL_basic_2014_02_21_Instance_10000">Mike Bada, University of Colorado Anschutz Medical Campus</annotator>
    <span start="38162" end="38175" />
    <spannedText>cultured cell</spannedText>
  </annotation>
  <annotation>
    <mention id="CL_basic_2014_02_21_Instance_42345" />
    <annotator id="CL_basic_2014_02_21_Instance_10000">Mike Bada, University of Colorado Anschutz Medical Campus</annotator>
    <span start="48442" end="48444" />
    <spannedText>ES</spannedText>
  </annotation>
  <annotation>
    <mention id="CL_basic_2014_02_21_Instance_42347" />
    <annotator id="CL_basic_2014_02_21_Instance_10000">Mike Bada, University of Colorado Anschutz Medical Campus</annotator>
    <span start="48445" end="48465" />
    <spannedText>embryonic stem cells</spannedText>
  </annotation>
  <annotation>
    <mention id="CL_basic_2014_02_21_Instance_70582" />
    <annotator id="CL_basic_2014_02_21_Instance_10000">Mike Bada, University of Colorado Anschutz Medical Campus</annotator>
    <span start="11439" end="11445" />
    <spannedText>gamete</spannedText>
  </annotation>
  <annotation>
    <mention id="CL_basic_2014_02_21_Instance_70584" />
    <annotator id="CL_basic_2014_02_21_Instance_10000">Mike Bada, University of Colorado Anschutz Medical Campus</annotator>
    <span start="26970" end="26976" />
    <spannedText>gamete</spannedText>
  </annotation>
  <classMention id="CL_basic_2014_02_21_Instance_42332">
    <mentionClass id="CL:0000010">cultured cell</mentionClass>
  </classMention>
  <classMention id="CL_basic_2014_02_21_Instance_42334">
    <mentionClass id="CL:0002322">embryonic stem cell</mentionClass>
  </classMention>
  <classMention id="CL_basic_2014_02_21_Instance_42323">
    <mentionClass id="CL:0000988">hematopoietic cell</mentionClass>
  </classMention>
  <classMention id="CL_basic_2014_02_21_Instance_42347">
    <mentionClass id="CL:0002322">embryonic stem cell</mentionClass>
  </classMention>
  <classMention id="CL_basic_2014_02_21_Instance_11691">
    <mentionClass id="CL:0000542">lymphocyte</mentionClass>
  </classMention>
  <classMention id="CL_basic_2014_02_21_Instance_42329">
    <mentionClass id="CL:0000988">hematopoietic cell</mentionClass>
  </classMention>
  <classMention id="CL_basic_2014_02_21_Instance_42342">
    <mentionClass id="CL:0000010">cultured cell</mentionClass>
  </classMention>
  <classMention id="CL_basic_2014_02_21_Instance_70584">
    <mentionClass id="CL:0000300">gamete</mentionClass>
  </classMention>
  <classMention id="CL_basic_2014_02_21_Instance_42345">
    <mentionClass id="CL:0002322">embryonic stem cell</mentionClass>
  </classMention>
  <classMention id="CL_basic_2014_02_21_Instance_42338">
    <mentionClass id="CL:0000988">hematopoietic cell</mentionClass>
  </classMention>
  <classMention id="CL_basic_2014_02_21_Instance_42340">
    <mentionClass id="CL:0000010">cultured cell</mentionClass>
  </classMention>
  <classMention id="CL_basic_2014_02_21_Instance_70582">
    <mentionClass id="CL:0000300">gamete</mentionClass>
  </classMention>
</annotations>

