<?xml version="1.0" encoding="UTF-8"?>
<annotations textSource="17002498.txt">
  <annotation>
    <mention id="CL_basic_2014_02_21_Instance_19447" />
    <annotator id="CL_basic_2014_02_21_Instance_10000">Mike Bada, University of Colorado Anschutz Medical Campus</annotator>
    <span start="1294" end="1309" />
    <spannedText>epithelial cell</spannedText>
  </annotation>
  <annotation>
    <mention id="CL_basic_2014_02_21_Instance_19451" />
    <annotator id="CL_basic_2014_02_21_Instance_10000">Mike Bada, University of Colorado Anschutz Medical Campus</annotator>
    <span start="3653" end="3662" />
    <spannedText>stem cell</spannedText>
  </annotation>
  <annotation>
    <mention id="CL_basic_2014_02_21_Instance_19463" />
    <annotator id="CL_basic_2014_02_21_Instance_10000">Mike Bada, University of Colorado Anschutz Medical Campus</annotator>
    <span start="10512" end="10519" />
    <spannedText>oocytes</spannedText>
  </annotation>
  <annotation>
    <mention id="CL_basic_2014_02_21_Instance_19465" />
    <annotator id="CL_basic_2014_02_21_Instance_10000">Mike Bada, University of Colorado Anschutz Medical Campus</annotator>
    <span start="10791" end="10805" />
    <spannedText>epidermal cell</spannedText>
  </annotation>
  <annotation>
    <mention id="CL_basic_2014_02_21_Instance_19489" />
    <annotator id="CL_basic_2014_02_21_Instance_10000">Mike Bada, University of Colorado Anschutz Medical Campus</annotator>
    <span start="25075" end="25086" />
    <spannedText>ameloblasts</spannedText>
  </annotation>
  <annotation>
    <mention id="CL_basic_2014_02_21_Instance_19493" />
    <annotator id="CL_basic_2014_02_21_Instance_10000">Mike Bada, University of Colorado Anschutz Medical Campus</annotator>
    <span start="26573" end="26584" />
    <spannedText>lymphocytes</spannedText>
  </annotation>
  <annotation>
    <mention id="CL_basic_2014_02_21_Instance_19495" />
    <annotator id="CL_basic_2014_02_21_Instance_10000">Mike Bada, University of Colorado Anschutz Medical Campus</annotator>
    <span start="27133" end="27146" />
    <spannedText>keratinocytes</spannedText>
  </annotation>
  <annotation>
    <mention id="CL_basic_2014_02_21_Instance_19497" />
    <annotator id="CL_basic_2014_02_21_Instance_10000">Mike Bada, University of Colorado Anschutz Medical Campus</annotator>
    <span start="27262" end="27278" />
    <spannedText>epithelial cells</spannedText>
  </annotation>
  <annotation>
    <mention id="CL_basic_2014_02_21_Instance_19499" />
    <annotator id="CL_basic_2014_02_21_Instance_10000">Mike Bada, University of Colorado Anschutz Medical Campus</annotator>
    <span start="27363" end="27379" />
    <spannedText>epithelial cells</spannedText>
  </annotation>
  <annotation>
    <mention id="CL_basic_2014_02_21_Instance_19501" />
    <annotator id="CL_basic_2014_02_21_Instance_10000">Mike Bada, University of Colorado Anschutz Medical Campus</annotator>
    <span start="27525" end="27538" />
    <spannedText>keratinocytes</spannedText>
  </annotation>
  <annotation>
    <mention id="CL_basic_2014_02_21_Instance_19511" />
    <annotator id="CL_basic_2014_02_21_Instance_10000">Mike Bada, University of Colorado Anschutz Medical Campus</annotator>
    <span start="29077" end="29088" />
    <spannedText>lymphocytes</spannedText>
  </annotation>
  <annotation>
    <mention id="CL_basic_2014_02_21_Instance_19513" />
    <annotator id="CL_basic_2014_02_21_Instance_10000">Mike Bada, University of Colorado Anschutz Medical Campus</annotator>
    <span start="29264" end="29280" />
    <spannedText>epithelial cells</spannedText>
  </annotation>
  <annotation>
    <mention id="CL_basic_2014_02_21_Instance_19517" />
    <annotator id="CL_basic_2014_02_21_Instance_10000">Mike Bada, University of Colorado Anschutz Medical Campus</annotator>
    <span start="29515" end="29526" />
    <spannedText>basal cells</spannedText>
  </annotation>
  <annotation>
    <mention id="CL_basic_2014_02_21_Instance_19521" />
    <annotator id="CL_basic_2014_02_21_Instance_10000">Mike Bada, University of Colorado Anschutz Medical Campus</annotator>
    <span start="30031" end="30047" />
    <spannedText>epithelial cells</spannedText>
  </annotation>
  <annotation>
    <mention id="CL_basic_2014_02_21_Instance_19523" />
    <annotator id="CL_basic_2014_02_21_Instance_10000">Mike Bada, University of Colorado Anschutz Medical Campus</annotator>
    <span start="30123" end="30134" />
    <spannedText>neutrophils</spannedText>
  </annotation>
  <annotation>
    <mention id="CL_basic_2014_02_21_Instance_19525" />
    <annotator id="CL_basic_2014_02_21_Instance_10000">Mike Bada, University of Colorado Anschutz Medical Campus</annotator>
    <span start="30139" end="30150" />
    <spannedText>macrophages</spannedText>
  </annotation>
  <annotation>
    <mention id="CL_basic_2014_02_21_Instance_19527" />
    <annotator id="CL_basic_2014_02_21_Instance_10000">Mike Bada, University of Colorado Anschutz Medical Campus</annotator>
    <span start="30584" end="30600" />
    <spannedText>epithelial cells</spannedText>
  </annotation>
  <annotation>
    <mention id="CL_basic_2014_02_21_Instance_19529" />
    <annotator id="CL_basic_2014_02_21_Instance_10000">Mike Bada, University of Colorado Anschutz Medical Campus</annotator>
    <span start="30732" end="30748" />
    <spannedText>epithelial cells</spannedText>
  </annotation>
  <annotation>
    <mention id="CL_basic_2014_02_21_Instance_19535" />
    <annotator id="CL_basic_2014_02_21_Instance_10000">Mike Bada, University of Colorado Anschutz Medical Campus</annotator>
    <span start="30984" end="30995" />
    <spannedText>basal cells</spannedText>
  </annotation>
  <annotation>
    <mention id="CL_basic_2014_02_21_Instance_19539" />
    <annotator id="CL_basic_2014_02_21_Instance_10000">Mike Bada, University of Colorado Anschutz Medical Campus</annotator>
    <span start="31504" end="31517" />
    <spannedText>keratinocytes</spannedText>
  </annotation>
  <annotation>
    <mention id="CL_basic_2014_02_21_Instance_19545" />
    <annotator id="CL_basic_2014_02_21_Instance_10000">Mike Bada, University of Colorado Anschutz Medical Campus</annotator>
    <span start="34961" end="34977" />
    <spannedText>ectodermal cells</spannedText>
  </annotation>
  <annotation>
    <mention id="CL_basic_2014_02_21_Instance_19561" />
    <annotator id="CL_basic_2014_02_21_Instance_10000">Mike Bada, University of Colorado Anschutz Medical Campus</annotator>
    <span start="38095" end="38106" />
    <spannedText>basal cells</spannedText>
  </annotation>
  <annotation>
    <mention id="CL_basic_2014_02_21_Instance_19569" />
    <annotator id="CL_basic_2014_02_21_Instance_10000">Mike Bada, University of Colorado Anschutz Medical Campus</annotator>
    <span start="42290" end="42306" />
    <spannedText>epithelial cells</spannedText>
  </annotation>
  <annotation>
    <mention id="CL_basic_2014_02_21_Instance_19573" />
    <annotator id="CL_basic_2014_02_21_Instance_10000">Mike Bada, University of Colorado Anschutz Medical Campus</annotator>
    <span start="42496" end="42512" />
    <spannedText>epithelial cells</spannedText>
  </annotation>
  <annotation>
    <mention id="CL_basic_2014_02_21_Instance_19577" />
    <annotator id="CL_basic_2014_02_21_Instance_10000">Mike Bada, University of Colorado Anschutz Medical Campus</annotator>
    <span start="42602" end="42618" />
    <spannedText>epithelial cells</spannedText>
  </annotation>
  <annotation>
    <mention id="CL_basic_2014_02_21_Instance_19579" />
    <annotator id="CL_basic_2014_02_21_Instance_10000">Mike Bada, University of Colorado Anschutz Medical Campus</annotator>
    <span start="42689" end="42700" />
    <spannedText>neutrophils</spannedText>
  </annotation>
  <annotation>
    <mention id="CL_basic_2014_02_21_Instance_19581" />
    <annotator id="CL_basic_2014_02_21_Instance_10000">Mike Bada, University of Colorado Anschutz Medical Campus</annotator>
    <span start="42705" end="42716" />
    <spannedText>macrophages</spannedText>
  </annotation>
  <annotation>
    <mention id="CL_basic_2014_02_21_Instance_19583" />
    <annotator id="CL_basic_2014_02_21_Instance_10000">Mike Bada, University of Colorado Anschutz Medical Campus</annotator>
    <span start="42729" end="42745" />
    <spannedText>epithelial cells</spannedText>
  </annotation>
  <annotation>
    <mention id="CL_basic_2014_02_21_Instance_19587" />
    <annotator id="CL_basic_2014_02_21_Instance_10000">Mike Bada, University of Colorado Anschutz Medical Campus</annotator>
    <span start="42988" end="43001" />
    <spannedText>keratinocytes</spannedText>
  </annotation>
  <annotation>
    <mention id="CL_basic_2014_02_21_Instance_19589" />
    <annotator id="CL_basic_2014_02_21_Instance_10000">Mike Bada, University of Colorado Anschutz Medical Campus</annotator>
    <span start="43049" end="43060" />
    <spannedText>basal cells</spannedText>
  </annotation>
  <annotation>
    <mention id="CL_basic_2014_02_21_Instance_19591" />
    <annotator id="CL_basic_2014_02_21_Instance_10000">Mike Bada, University of Colorado Anschutz Medical Campus</annotator>
    <span start="43141" end="43154" />
    <spannedText>keratinocytes</spannedText>
  </annotation>
  <annotation>
    <mention id="CL_basic_2014_02_21_Instance_19593" />
    <annotator id="CL_basic_2014_02_21_Instance_10000">Mike Bada, University of Colorado Anschutz Medical Campus</annotator>
    <span start="43302" end="43313" />
    <spannedText>neutrophils</spannedText>
  </annotation>
  <annotation>
    <mention id="CL_basic_2014_02_21_Instance_19595" />
    <annotator id="CL_basic_2014_02_21_Instance_10000">Mike Bada, University of Colorado Anschutz Medical Campus</annotator>
    <span start="43318" end="43329" />
    <spannedText>macrophages</spannedText>
  </annotation>
  <annotation>
    <mention id="CL_basic_2014_02_21_Instance_19597" />
    <annotator id="CL_basic_2014_02_21_Instance_10000">Mike Bada, University of Colorado Anschutz Medical Campus</annotator>
    <span start="43608" end="43623" />
    <spannedText>epithelial cell</spannedText>
  </annotation>
  <annotation>
    <mention id="CL_basic_2014_02_21_Instance_25883" />
    <annotator id="CL_basic_2014_02_21_Instance_10000">Mike Bada, University of Colorado Anschutz Medical Campus</annotator>
    <span start="588" end="596" />
    <span start="617" end="637" />
    <spannedText>cells of ... stratified epithelia</spannedText>
  </annotation>
  <annotation>
    <mention id="CL_basic_2014_02_21_Instance_26075" />
    <annotator id="CL_basic_2014_02_21_Instance_10000">Mike Bada, University of Colorado Anschutz Medical Campus</annotator>
    <span start="10867" end="10875" />
    <span start="10880" end="10889" />
    <spannedText>cells of ... epidermis</spannedText>
  </annotation>
  <annotation>
    <mention id="CL_basic_2014_02_21_Instance_26083" />
    <annotator id="CL_basic_2014_02_21_Instance_10000">Mike Bada, University of Colorado Anschutz Medical Campus</annotator>
    <span start="6004" end="6012" />
    <span start="6033" end="6053" />
    <spannedText>cells of ... stratified epithelia</spannedText>
  </annotation>
  <annotation>
    <mention id="CL_basic_2014_02_21_Instance_26089" />
    <annotator id="CL_basic_2014_02_21_Instance_10000">Mike Bada, University of Colorado Anschutz Medical Campus</annotator>
    <span start="34784" end="34794" />
    <span start="34800" end="34805" />
    <spannedText>ectodermal ... cells</spannedText>
  </annotation>
  <annotation>
    <mention id="CL_basic_2014_02_21_Instance_42560" />
    <annotator id="CL_basic_2014_02_21_Instance_10000">Mike Bada, University of Colorado Anschutz Medical Campus</annotator>
    <span start="582" end="606" />
    <spannedText>basal cells of epidermis</spannedText>
  </annotation>
  <annotation>
    <mention id="CL_basic_2014_02_21_Instance_42564" />
    <annotator id="CL_basic_2014_02_21_Instance_10000">Mike Bada, University of Colorado Anschutz Medical Campus</annotator>
    <span start="1267" end="1282" />
    <spannedText>embryonic cells</spannedText>
  </annotation>
  <annotation>
    <mention id="CL_basic_2014_02_21_Instance_42571" />
    <annotator id="CL_basic_2014_02_21_Instance_10000">Mike Bada, University of Colorado Anschutz Medical Campus</annotator>
    <span start="5998" end="6022" />
    <spannedText>basal cells of epidermis</spannedText>
  </annotation>
  <annotation>
    <mention id="CL_basic_2014_02_21_Instance_42575" />
    <annotator id="CL_basic_2014_02_21_Instance_10000">Mike Bada, University of Colorado Anschutz Medical Campus</annotator>
    <span start="6763" end="6777" />
    <span start="6783" end="6788" />
    <spannedText>embryonic stem ... cells</spannedText>
  </annotation>
  <annotation>
    <mention id="CL_basic_2014_02_21_Instance_42579" />
    <annotator id="CL_basic_2014_02_21_Instance_10000">Mike Bada, University of Colorado Anschutz Medical Campus</annotator>
    <span start="7332" end="7334" />
    <spannedText>ES</spannedText>
  </annotation>
  <annotation>
    <mention id="CL_basic_2014_02_21_Instance_42581" />
    <annotator id="CL_basic_2014_02_21_Instance_10000">Mike Bada, University of Colorado Anschutz Medical Campus</annotator>
    <span start="10252" end="10259" />
    <spannedText>ES cell</spannedText>
  </annotation>
  <annotation>
    <mention id="CL_basic_2014_02_21_Instance_42585" />
    <annotator id="CL_basic_2014_02_21_Instance_10000">Mike Bada, University of Colorado Anschutz Medical Campus</annotator>
    <span start="11109" end="11132" />
    <spannedText>thymic epithelial cells</spannedText>
  </annotation>
  <annotation>
    <mention id="CL_basic_2014_02_21_Instance_42589" />
    <annotator id="CL_basic_2014_02_21_Instance_10000">Mike Bada, University of Colorado Anschutz Medical Campus</annotator>
    <span start="11134" end="11138" />
    <spannedText>TECs</spannedText>
  </annotation>
  <annotation>
    <mention id="CL_basic_2014_02_21_Instance_42592" />
    <annotator id="CL_basic_2014_02_21_Instance_10000">Mike Bada, University of Colorado Anschutz Medical Campus</annotator>
    <span start="21911" end="21920" />
    <spannedText>ORS cells</spannedText>
  </annotation>
  <annotation>
    <mention id="CL_basic_2014_02_21_Instance_42595" />
    <annotator id="CL_basic_2014_02_21_Instance_10000">Mike Bada, University of Colorado Anschutz Medical Campus</annotator>
    <span start="21905" end="21910" />
    <span start="21915" end="21920" />
    <spannedText>basal ... cells</spannedText>
  </annotation>
  <annotation>
    <mention id="CL_basic_2014_02_21_Instance_42598" />
    <annotator id="CL_basic_2014_02_21_Instance_10000">Mike Bada, University of Colorado Anschutz Medical Campus</annotator>
    <span start="25976" end="25984" />
    <span start="25999" end="26002" />
    <spannedText>Cortical ... TEC</spannedText>
  </annotation>
  <annotation>
    <mention id="CL_basic_2014_02_21_Instance_42601" />
    <annotator id="CL_basic_2014_02_21_Instance_10000">Mike Bada, University of Colorado Anschutz Medical Campus</annotator>
    <span start="25989" end="26002" />
    <spannedText>medullary TEC</spannedText>
  </annotation>
  <annotation>
    <mention id="CL_basic_2014_02_21_Instance_42605" />
    <annotator id="CL_basic_2014_02_21_Instance_10000">Mike Bada, University of Colorado Anschutz Medical Campus</annotator>
    <span start="26825" end="26835" />
    <spannedText>thymocytes</spannedText>
  </annotation>
  <annotation>
    <mention id="CL_basic_2014_02_21_Instance_42609" />
    <annotator id="CL_basic_2014_02_21_Instance_10000">Mike Bada, University of Colorado Anschutz Medical Campus</annotator>
    <span start="27087" end="27091" />
    <spannedText>TECs</spannedText>
  </annotation>
  <annotation>
    <mention id="CL_basic_2014_02_21_Instance_42614" />
    <annotator id="CL_basic_2014_02_21_Instance_10000">Mike Bada, University of Colorado Anschutz Medical Campus</annotator>
    <span start="29544" end="29548" />
    <spannedText>TECs</spannedText>
  </annotation>
  <annotation>
    <mention id="CL_basic_2014_02_21_Instance_42619" />
    <annotator id="CL_basic_2014_02_21_Instance_10000">Mike Bada, University of Colorado Anschutz Medical Campus</annotator>
    <span start="30494" end="30504" />
    <spannedText>thymocytes</spannedText>
  </annotation>
  <annotation>
    <mention id="CL_basic_2014_02_21_Instance_42622" />
    <annotator id="CL_basic_2014_02_21_Instance_10000">Mike Bada, University of Colorado Anschutz Medical Campus</annotator>
    <span start="30018" end="30030" />
    <span start="30042" end="30047" />
    <spannedText>keratinizing ... cells</spannedText>
  </annotation>
  <annotation>
    <mention id="CL_basic_2014_02_21_Instance_42624" />
    <annotator id="CL_basic_2014_02_21_Instance_10000">Mike Bada, University of Colorado Anschutz Medical Campus</annotator>
    <span start="30571" end="30583" />
    <span start="30595" end="30600" />
    <spannedText>keratinizing ... cells</spannedText>
  </annotation>
  <annotation>
    <mention id="CL_basic_2014_02_21_Instance_42627" />
    <annotator id="CL_basic_2014_02_21_Instance_10000">Mike Bada, University of Colorado Anschutz Medical Campus</annotator>
    <span start="31626" end="31629" />
    <spannedText>TEC</spannedText>
  </annotation>
  <annotation>
    <mention id="CL_basic_2014_02_21_Instance_42630" />
    <annotator id="CL_basic_2014_02_21_Instance_10000">Mike Bada, University of Colorado Anschutz Medical Campus</annotator>
    <span start="31439" end="31443" />
    <spannedText>TECs</spannedText>
  </annotation>
  <annotation>
    <mention id="CL_basic_2014_02_21_Instance_42633" />
    <annotator id="CL_basic_2014_02_21_Instance_10000">Mike Bada, University of Colorado Anschutz Medical Campus</annotator>
    <span start="34774" end="34783" />
    <span start="34795" end="34805" />
    <spannedText>embryonic ... stem cells</spannedText>
  </annotation>
  <annotation>
    <mention id="CL_basic_2014_02_21_Instance_42635" />
    <annotator id="CL_basic_2014_02_21_Instance_10000">Mike Bada, University of Colorado Anschutz Medical Campus</annotator>
    <span start="37099" end="37113" />
    <span start="37118" end="37127" />
    <spannedText>basal cells of ... epidermis</spannedText>
  </annotation>
  <annotation>
    <mention id="CL_basic_2014_02_21_Instance_42641" />
    <annotator id="CL_basic_2014_02_21_Instance_10000">Mike Bada, University of Colorado Anschutz Medical Campus</annotator>
    <span start="37105" end="37113" />
    <span start="37136" end="37157" />
    <spannedText>cells of ... ORS of hair follicles</spannedText>
  </annotation>
  <annotation>
    <mention id="CL_basic_2014_02_21_Instance_42644" />
    <annotator id="CL_basic_2014_02_21_Instance_10000">Mike Bada, University of Colorado Anschutz Medical Campus</annotator>
    <span start="40697" end="40706" />
    <spannedText>thymocyte</spannedText>
  </annotation>
  <annotation>
    <mention id="CL_basic_2014_02_21_Instance_42647" />
    <annotator id="CL_basic_2014_02_21_Instance_10000">Mike Bada, University of Colorado Anschutz Medical Campus</annotator>
    <span start="40860" end="40874" />
    <spannedText>medullary TECs</spannedText>
  </annotation>
  <annotation>
    <mention id="CL_basic_2014_02_21_Instance_42652" />
    <annotator id="CL_basic_2014_02_21_Instance_10000">Mike Bada, University of Colorado Anschutz Medical Campus</annotator>
    <span start="40908" end="40912" />
    <spannedText>TECs</spannedText>
  </annotation>
  <annotation>
    <mention id="CL_basic_2014_02_21_Instance_42655" />
    <annotator id="CL_basic_2014_02_21_Instance_10000">Mike Bada, University of Colorado Anschutz Medical Campus</annotator>
    <span start="41013" end="41017" />
    <spannedText>TECs</spannedText>
  </annotation>
  <annotation>
    <mention id="CL_basic_2014_02_21_Instance_42659" />
    <annotator id="CL_basic_2014_02_21_Instance_10000">Mike Bada, University of Colorado Anschutz Medical Campus</annotator>
    <span start="41259" end="41273" />
    <spannedText>medullary TECs</spannedText>
  </annotation>
  <annotation>
    <mention id="CL_basic_2014_02_21_Instance_42663" />
    <annotator id="CL_basic_2014_02_21_Instance_10000">Mike Bada, University of Colorado Anschutz Medical Campus</annotator>
    <span start="41334" end="41338" />
    <spannedText>TECs</spannedText>
  </annotation>
  <annotation>
    <mention id="CL_basic_2014_02_21_Instance_42666" />
    <annotator id="CL_basic_2014_02_21_Instance_10000">Mike Bada, University of Colorado Anschutz Medical Campus</annotator>
    <span start="41436" end="41440" />
    <spannedText>TECs</spannedText>
  </annotation>
  <annotation>
    <mention id="CL_basic_2014_02_21_Instance_42670" />
    <annotator id="CL_basic_2014_02_21_Instance_10000">Mike Bada, University of Colorado Anschutz Medical Campus</annotator>
    <span start="42093" end="42102" />
    <span start="42116" end="42120" />
    <spannedText>medullary ... TECs</spannedText>
  </annotation>
  <annotation>
    <mention id="CL_basic_2014_02_21_Instance_42673" />
    <annotator id="CL_basic_2014_02_21_Instance_10000">Mike Bada, University of Colorado Anschutz Medical Campus</annotator>
    <span start="42107" end="42120" />
    <spannedText>cortical TECs</spannedText>
  </annotation>
  <annotation>
    <mention id="CL_basic_2014_02_21_Instance_42677" />
    <annotator id="CL_basic_2014_02_21_Instance_10000">Mike Bada, University of Colorado Anschutz Medical Campus</annotator>
    <span start="42125" end="42134" />
    <spannedText>thymocyte</spannedText>
  </annotation>
  <annotation>
    <mention id="CL_basic_2014_02_21_Instance_42681" />
    <annotator id="CL_basic_2014_02_21_Instance_10000">Mike Bada, University of Colorado Anschutz Medical Campus</annotator>
    <span start="42409" end="42412" />
    <spannedText>TEC</spannedText>
  </annotation>
  <annotation>
    <mention id="CL_basic_2014_02_21_Instance_42687" />
    <annotator id="CL_basic_2014_02_21_Instance_10000">Mike Bada, University of Colorado Anschutz Medical Campus</annotator>
    <span start="42775" end="42785" />
    <spannedText>thymocytes</spannedText>
  </annotation>
  <annotation>
    <mention id="CL_basic_2014_02_21_Instance_42691" />
    <annotator id="CL_basic_2014_02_21_Instance_10000">Mike Bada, University of Colorado Anschutz Medical Campus</annotator>
    <span start="42868" end="42872" />
    <spannedText>TECs</spannedText>
  </annotation>
  <annotation>
    <mention id="CL_basic_2014_02_21_Instance_42694" />
    <annotator id="CL_basic_2014_02_21_Instance_10000">Mike Bada, University of Colorado Anschutz Medical Campus</annotator>
    <span start="43085" end="43088" />
    <spannedText>TEC</spannedText>
  </annotation>
  <annotation>
    <mention id="CL_basic_2014_02_21_Instance_42697" />
    <annotator id="CL_basic_2014_02_21_Instance_10000">Mike Bada, University of Colorado Anschutz Medical Campus</annotator>
    <span start="43562" end="43566" />
    <spannedText>TECs</spannedText>
  </annotation>
  <annotation>
    <mention id="CL_basic_2014_02_21_Instance_42701" />
    <annotator id="CL_basic_2014_02_21_Instance_10000">Mike Bada, University of Colorado Anschutz Medical Campus</annotator>
    <span start="43472" end="43482" />
    <spannedText>thymocytes</spannedText>
  </annotation>
  <annotation>
    <mention id="CL_basic_2014_02_21_Instance_42705" />
    <annotator id="CL_basic_2014_02_21_Instance_10000">Mike Bada, University of Colorado Anschutz Medical Campus</annotator>
    <span start="43688" end="43702" />
    <spannedText>medullary TECs</spannedText>
  </annotation>
  <annotation>
    <mention id="CL_basic_2014_02_21_Instance_42708" />
    <annotator id="CL_basic_2014_02_21_Instance_10000">Mike Bada, University of Colorado Anschutz Medical Campus</annotator>
    <span start="43676" end="43684" />
    <span start="43698" end="43702" />
    <spannedText>cortical ... TECs</spannedText>
  </annotation>
  <annotation>
    <mention id="CL_basic_2014_02_21_Instance_42712" />
    <annotator id="CL_basic_2014_02_21_Instance_10000">Mike Bada, University of Colorado Anschutz Medical Campus</annotator>
    <span start="43734" end="43743" />
    <spannedText>thymocyte</spannedText>
  </annotation>
  <annotation>
    <mention id="CL_basic_2014_02_21_Instance_42715" />
    <annotator id="CL_basic_2014_02_21_Instance_10000">Mike Bada, University of Colorado Anschutz Medical Campus</annotator>
    <span start="43808" end="43818" />
    <spannedText>thymocytes</spannedText>
  </annotation>
  <annotation>
    <mention id="CL_basic_2014_02_21_Instance_42719" />
    <annotator id="CL_basic_2014_02_21_Instance_10000">Mike Bada, University of Colorado Anschutz Medical Campus</annotator>
    <span start="43940" end="43943" />
    <spannedText>TEC</spannedText>
  </annotation>
  <annotation>
    <mention id="CL_basic_2014_02_21_Instance_42723" />
    <annotator id="CL_basic_2014_02_21_Instance_10000">Mike Bada, University of Colorado Anschutz Medical Campus</annotator>
    <span start="44028" end="44037" />
    <spannedText>thymocyte</spannedText>
  </annotation>
  <annotation>
    <mention id="CL_basic_2014_02_21_Instance_42727" />
    <annotator id="CL_basic_2014_02_21_Instance_10000">Mike Bada, University of Colorado Anschutz Medical Campus</annotator>
    <span start="44167" end="44170" />
    <spannedText>TEC</spannedText>
  </annotation>
  <annotation>
    <mention id="CL_basic_2014_02_21_Instance_42730" />
    <annotator id="CL_basic_2014_02_21_Instance_10000">Mike Bada, University of Colorado Anschutz Medical Campus</annotator>
    <span start="44286" end="44290" />
    <spannedText>TECs</spannedText>
  </annotation>
  <annotation>
    <mention id="CL_basic_2014_02_21_Instance_42734" />
    <annotator id="CL_basic_2014_02_21_Instance_10000">Mike Bada, University of Colorado Anschutz Medical Campus</annotator>
    <span start="44263" end="44273" />
    <spannedText>thymocytes</spannedText>
  </annotation>
  <annotation>
    <mention id="CL_basic_2014_02_21_Instance_42737" />
    <annotator id="CL_basic_2014_02_21_Instance_10000">Mike Bada, University of Colorado Anschutz Medical Campus</annotator>
    <span start="45008" end="45023" />
    <spannedText>embryonic cells</spannedText>
  </annotation>
  <annotation>
    <mention id="CL_basic_2014_02_21_Instance_42739" />
    <annotator id="CL_basic_2014_02_21_Instance_10000">Mike Bada, University of Colorado Anschutz Medical Campus</annotator>
    <span start="45921" end="45929" />
    <spannedText>ES cells</spannedText>
  </annotation>
  <annotation>
    <mention id="CL_basic_2014_02_21_Instance_42741" />
    <annotator id="CL_basic_2014_02_21_Instance_10000">Mike Bada, University of Colorado Anschutz Medical Campus</annotator>
    <span start="46013" end="46021" />
    <spannedText>ES cells</spannedText>
  </annotation>
  <annotation>
    <mention id="CL_basic_2014_02_21_Instance_42743" />
    <annotator id="CL_basic_2014_02_21_Instance_10000">Mike Bada, University of Colorado Anschutz Medical Campus</annotator>
    <span start="46068" end="46070" />
    <spannedText>ES</spannedText>
  </annotation>
  <annotation>
    <mention id="CL_basic_2014_02_21_Instance_42745" />
    <annotator id="CL_basic_2014_02_21_Instance_10000">Mike Bada, University of Colorado Anschutz Medical Campus</annotator>
    <span start="46322" end="46324" />
    <spannedText>ES</spannedText>
  </annotation>
  <annotation>
    <mention id="CL_basic_2014_02_21_Instance_42747" />
    <annotator id="CL_basic_2014_02_21_Instance_10000">Mike Bada, University of Colorado Anschutz Medical Campus</annotator>
    <span start="46455" end="46462" />
    <spannedText>ES cell</spannedText>
  </annotation>
  <annotation>
    <mention id="CL_basic_2014_02_21_Instance_42749" />
    <annotator id="CL_basic_2014_02_21_Instance_10000">Mike Bada, University of Colorado Anschutz Medical Campus</annotator>
    <span start="55246" end="55249" />
    <spannedText>TEC</spannedText>
  </annotation>
  <annotation>
    <mention id="CL_basic_2014_02_21_Instance_42752" />
    <annotator id="CL_basic_2014_02_21_Instance_10000">Mike Bada, University of Colorado Anschutz Medical Campus</annotator>
    <span start="55252" end="55274" />
    <spannedText>thymic epithelial cell</spannedText>
  </annotation>
  <annotation>
    <mention id="CL_basic_2014_02_21_Instance_42755" />
    <annotator id="CL_basic_2014_02_21_Instance_10000">Mike Bada, University of Colorado Anschutz Medical Campus</annotator>
    <span start="56251" end="56253" />
    <spannedText>ES</spannedText>
  </annotation>
  <annotation>
    <mention id="CL_basic_2014_02_21_Instance_42757" />
    <annotator id="CL_basic_2014_02_21_Instance_10000">Mike Bada, University of Colorado Anschutz Medical Campus</annotator>
    <span start="60653" end="60663" />
    <spannedText>thymocytes</spannedText>
  </annotation>
  <annotation>
    <mention id="CL_basic_2014_02_21_Instance_42761" />
    <annotator id="CL_basic_2014_02_21_Instance_10000">Mike Bada, University of Colorado Anschutz Medical Campus</annotator>
    <span start="25906" end="25920" />
    <spannedText>TECs of cortex</spannedText>
  </annotation>
  <annotation>
    <mention id="CL_basic_2014_02_21_Instance_42764" />
    <annotator id="CL_basic_2014_02_21_Instance_10000">Mike Bada, University of Colorado Anschutz Medical Campus</annotator>
    <span start="25906" end="25913" />
    <span start="25925" end="25932" />
    <spannedText>TECs of ... medulla</spannedText>
  </annotation>
  <annotation>
    <mention id="CL_basic_2014_02_21_Instance_42767" />
    <annotator id="CL_basic_2014_02_21_Instance_10000">Mike Bada, University of Colorado Anschutz Medical Campus</annotator>
    <span start="26198" end="26201" />
    <spannedText>TEC</spannedText>
  </annotation>
  <annotation>
    <mention id="CL_basic_2014_02_21_Instance_42770" />
    <annotator id="CL_basic_2014_02_21_Instance_10000">Mike Bada, University of Colorado Anschutz Medical Campus</annotator>
    <span start="31583" end="31592" />
    <span start="31605" end="31609" />
    <spannedText>medullary ... TECs</spannedText>
  </annotation>
  <annotation>
    <mention id="CL_basic_2014_02_21_Instance_42773" />
    <annotator id="CL_basic_2014_02_21_Instance_10000">Mike Bada, University of Colorado Anschutz Medical Campus</annotator>
    <span start="31596" end="31609" />
    <spannedText>cortical TECs</spannedText>
  </annotation>
  <annotation>
    <mention id="CL_basic_2014_02_21_Instance_42777" />
    <annotator id="CL_basic_2014_02_21_Instance_10000">Mike Bada, University of Colorado Anschutz Medical Campus</annotator>
    <span start="28477" end="28487" />
    <spannedText>thymocytes</spannedText>
  </annotation>
  <annotation>
    <mention id="CL_basic_2014_02_21_Instance_42780" />
    <annotator id="CL_basic_2014_02_21_Instance_10000">Mike Bada, University of Colorado Anschutz Medical Campus</annotator>
    <span start="29205" end="29215" />
    <spannedText>thymocytes</spannedText>
  </annotation>
  <annotation>
    <mention id="CL_basic_2014_02_21_Instance_42783" />
    <annotator id="CL_basic_2014_02_21_Instance_10000">Mike Bada, University of Colorado Anschutz Medical Campus</annotator>
    <span start="31676" end="31686" />
    <spannedText>thymocytes</spannedText>
  </annotation>
  <annotation>
    <mention id="CL_basic_2014_02_21_Instance_42786" />
    <annotator id="CL_basic_2014_02_21_Instance_10000">Mike Bada, University of Colorado Anschutz Medical Campus</annotator>
    <span start="25846" end="25855" />
    <spannedText>thymocyte</spannedText>
  </annotation>
  <annotation>
    <mention id="CL_basic_2014_02_21_plus_nested_test_Instance_10083" />
    <annotator id="CL_basic_2014_02_21_Instance_10000">Mike Bada, University of Colorado Anschutz Medical Campus</annotator>
    <span start="6779" end="6781" />
    <span start="6783" end="6788" />
    <spannedText>ES ... cells</spannedText>
  </annotation>
  <classMention id="CL_basic_2014_02_21_Instance_42624">
    <mentionClass id="CL:0000311">keratin accumulating cell</mentionClass>
  </classMention>
  <classMention id="CL_basic_2014_02_21_Instance_19561">
    <mentionClass id="CL:0000646">basal cell</mentionClass>
  </classMention>
  <classMention id="CL_basic_2014_02_21_Instance_42627">
    <mentionClass id="CL:0002293">epithelial cell of thymus</mentionClass>
  </classMention>
  <classMention id="CL_basic_2014_02_21_Instance_19569">
    <mentionClass id="CL:0000066">epithelial cell</mentionClass>
  </classMention>
  <classMention id="CL_basic_2014_02_21_Instance_42619">
    <mentionClass id="CL:0000893">thymocyte</mentionClass>
  </classMention>
  <classMention id="CL_basic_2014_02_21_Instance_19539">
    <mentionClass id="CL:0000312">keratinocyte</mentionClass>
  </classMention>
  <classMention id="CL_basic_2014_02_21_Instance_42622">
    <mentionClass id="CL:0000311">keratin accumulating cell</mentionClass>
  </classMention>
  <classMention id="CL_basic_2014_02_21_Instance_19545">
    <mentionClass id="CL:0000221">ectodermal cell</mentionClass>
  </classMention>
  <classMention id="CL_basic_2014_02_21_Instance_42635">
    <mentionClass id="CL:0002187">basal cell of epidermis</mentionClass>
  </classMention>
  <classMention id="CL_basic_2014_02_21_Instance_19579">
    <mentionClass id="CL:0000775">neutrophil</mentionClass>
  </classMention>
  <classMention id="CL_basic_2014_02_21_Instance_42641">
    <mentionClass id="CL:0002561">outer root sheath cell</mentionClass>
  </classMention>
  <classMention id="CL_basic_2014_02_21_Instance_19581">
    <mentionClass id="CL:0000235">macrophage</mentionClass>
  </classMention>
  <classMention id="CL_basic_2014_02_21_Instance_42630">
    <mentionClass id="CL:0002293">epithelial cell of thymus</mentionClass>
  </classMention>
  <classMention id="CL_basic_2014_02_21_Instance_19573">
    <mentionClass id="CL:0000066">epithelial cell</mentionClass>
  </classMention>
  <classMention id="CL_basic_2014_02_21_Instance_42633">
    <mentionClass id="CL:0002322">embryonic stem cell</mentionClass>
  </classMention>
  <classMention id="CL_basic_2014_02_21_Instance_19577">
    <mentionClass id="CL:0000066">epithelial cell</mentionClass>
  </classMention>
  <classMention id="CL_basic_2014_02_21_Instance_42652">
    <mentionClass id="CL:0002293">epithelial cell of thymus</mentionClass>
  </classMention>
  <classMention id="CL_basic_2014_02_21_Instance_19589">
    <mentionClass id="CL:0000646">basal cell</mentionClass>
  </classMention>
  <classMention id="CL_basic_2014_02_21_Instance_42655">
    <mentionClass id="CL:0002293">epithelial cell of thymus</mentionClass>
  </classMention>
  <classMention id="CL_basic_2014_02_21_Instance_19591">
    <mentionClass id="CL:0000312">keratinocyte</mentionClass>
  </classMention>
  <classMention id="CL_basic_2014_02_21_Instance_42644">
    <mentionClass id="CL:0000893">thymocyte</mentionClass>
  </classMention>
  <classMention id="CL_basic_2014_02_21_Instance_19583">
    <mentionClass id="CL:0000066">epithelial cell</mentionClass>
  </classMention>
  <classMention id="CL_basic_2014_02_21_Instance_42647">
    <mentionClass id="CL:0002365">medullary thymic epithelial cell</mentionClass>
  </classMention>
  <classMention id="CL_basic_2014_02_21_Instance_19587">
    <mentionClass id="CL:0000312">keratinocyte</mentionClass>
  </classMention>
  <classMention id="CL_basic_2014_02_21_Instance_42666">
    <mentionClass id="CL:0002293">epithelial cell of thymus</mentionClass>
  </classMention>
  <classMention id="CL_basic_2014_02_21_Instance_19597">
    <mentionClass id="CL:0000066">epithelial cell</mentionClass>
  </classMention>
  <classMention id="CL_basic_2014_02_21_Instance_42670">
    <mentionClass id="CL:0002365">medullary thymic epithelial cell</mentionClass>
  </classMention>
  <classMention id="CL_basic_2014_02_21_Instance_42659">
    <mentionClass id="CL:0002365">medullary thymic epithelial cell</mentionClass>
  </classMention>
  <classMention id="CL_basic_2014_02_21_Instance_19593">
    <mentionClass id="CL:0000775">neutrophil</mentionClass>
  </classMention>
  <classMention id="CL_basic_2014_02_21_Instance_42663">
    <mentionClass id="CL:0002293">epithelial cell of thymus</mentionClass>
  </classMention>
  <classMention id="CL_basic_2014_02_21_Instance_19595">
    <mentionClass id="CL:0000235">macrophage</mentionClass>
  </classMention>
  <classMention id="CL_basic_2014_02_21_Instance_42681">
    <mentionClass id="CL:0002293">epithelial cell of thymus</mentionClass>
  </classMention>
  <classMention id="CL_basic_2014_02_21_Instance_25883">
    <mentionClass id="CL:0000079">stratified epithelial cell</mentionClass>
  </classMention>
  <classMention id="CL_basic_2014_02_21_Instance_42687">
    <mentionClass id="CL:0000893">thymocyte</mentionClass>
  </classMention>
  <classMention id="CL_basic_2014_02_21_Instance_42673">
    <mentionClass id="CL:0002364">cortical thymic epithelial cell</mentionClass>
  </classMention>
  <classMention id="CL_basic_2014_02_21_Instance_42677">
    <mentionClass id="CL:0000893">thymocyte</mentionClass>
  </classMention>
  <classMention id="CL_basic_2014_02_21_Instance_42697">
    <mentionClass id="CL:0002293">epithelial cell of thymus</mentionClass>
  </classMention>
  <classMention id="CL_basic_2014_02_21_Instance_42701">
    <mentionClass id="CL:0000893">thymocyte</mentionClass>
  </classMention>
  <classMention id="CL_basic_2014_02_21_Instance_42691">
    <mentionClass id="CL:0002293">epithelial cell of thymus</mentionClass>
  </classMention>
  <classMention id="CL_basic_2014_02_21_Instance_42694">
    <mentionClass id="CL:0002293">epithelial cell of thymus</mentionClass>
  </classMention>
  <classMention id="CL_basic_2014_02_21_plus_nested_test_Instance_10083">
    <mentionClass id="CL:0002322">embryonic stem cell</mentionClass>
  </classMention>
  <classMention id="CL_basic_2014_02_21_Instance_42712">
    <mentionClass id="CL:0000893">thymocyte</mentionClass>
  </classMention>
  <classMention id="CL_basic_2014_02_21_Instance_42715">
    <mentionClass id="CL:0000893">thymocyte</mentionClass>
  </classMention>
  <classMention id="CL_basic_2014_02_21_Instance_42705">
    <mentionClass id="CL:0002365">medullary thymic epithelial cell</mentionClass>
  </classMention>
  <classMention id="CL_basic_2014_02_21_Instance_42708">
    <mentionClass id="CL:0002364">cortical thymic epithelial cell</mentionClass>
  </classMention>
  <classMention id="CL_basic_2014_02_21_Instance_26089">
    <mentionClass id="CL:0000221">ectodermal cell</mentionClass>
  </classMention>
  <classMention id="CL_basic_2014_02_21_Instance_42727">
    <mentionClass id="CL:0002293">epithelial cell of thymus</mentionClass>
  </classMention>
  <classMention id="CL_basic_2014_02_21_Instance_42730">
    <mentionClass id="CL:0002293">epithelial cell of thymus</mentionClass>
  </classMention>
  <classMention id="CL_basic_2014_02_21_Instance_26075">
    <mentionClass id="CL:0000362">epidermal cell</mentionClass>
  </classMention>
  <classMention id="CL_basic_2014_02_21_Instance_42719">
    <mentionClass id="CL:0002293">epithelial cell of thymus</mentionClass>
  </classMention>
  <classMention id="CL_basic_2014_02_21_Instance_26083">
    <mentionClass id="CL:0000079">stratified epithelial cell</mentionClass>
  </classMention>
  <classMention id="CL_basic_2014_02_21_Instance_42723">
    <mentionClass id="CL:0000893">thymocyte</mentionClass>
  </classMention>
  <classMention id="CL_basic_2014_02_21_Instance_42739">
    <mentionClass id="CL:0002322">embryonic stem cell</mentionClass>
  </classMention>
  <classMention id="CL_basic_2014_02_21_Instance_42741">
    <mentionClass id="CL:0002322">embryonic stem cell</mentionClass>
  </classMention>
  <classMention id="CL_basic_2014_02_21_Instance_42734">
    <mentionClass id="CL:0000893">thymocyte</mentionClass>
  </classMention>
  <classMention id="CL_basic_2014_02_21_Instance_42737">
    <mentionClass id="CL:0002321">embryonic cell</mentionClass>
  </classMention>
  <classMention id="CL_basic_2014_02_21_Instance_42747">
    <mentionClass id="CL:0002322">embryonic stem cell</mentionClass>
  </classMention>
  <classMention id="CL_basic_2014_02_21_Instance_42749">
    <mentionClass id="CL:0002293">epithelial cell of thymus</mentionClass>
  </classMention>
  <classMention id="CL_basic_2014_02_21_Instance_42743">
    <mentionClass id="CL:0002322">embryonic stem cell</mentionClass>
  </classMention>
  <classMention id="CL_basic_2014_02_21_Instance_42745">
    <mentionClass id="CL:0002322">embryonic stem cell</mentionClass>
  </classMention>
  <classMention id="CL_basic_2014_02_21_Instance_42757">
    <mentionClass id="CL:0000893">thymocyte</mentionClass>
  </classMention>
  <classMention id="CL_basic_2014_02_21_Instance_42761">
    <mentionClass id="CL:0002364">cortical thymic epithelial cell</mentionClass>
  </classMention>
  <classMention id="CL_basic_2014_02_21_Instance_42752">
    <mentionClass id="CL:0002293">epithelial cell of thymus</mentionClass>
  </classMention>
  <classMention id="CL_basic_2014_02_21_Instance_42755">
    <mentionClass id="CL:0002322">embryonic stem cell</mentionClass>
  </classMention>
  <classMention id="CL_basic_2014_02_21_Instance_42770">
    <mentionClass id="CL:0002365">medullary thymic epithelial cell</mentionClass>
  </classMention>
  <classMention id="CL_basic_2014_02_21_Instance_42773">
    <mentionClass id="CL:0002364">cortical thymic epithelial cell</mentionClass>
  </classMention>
  <classMention id="CL_basic_2014_02_21_Instance_42764">
    <mentionClass id="CL:0002365">medullary thymic epithelial cell</mentionClass>
  </classMention>
  <classMention id="CL_basic_2014_02_21_Instance_42767">
    <mentionClass id="CL:0002293">epithelial cell of thymus</mentionClass>
  </classMention>
  <classMention id="CL_basic_2014_02_21_Instance_42783">
    <mentionClass id="CL:0000893">thymocyte</mentionClass>
  </classMention>
  <classMention id="CL_basic_2014_02_21_Instance_42786">
    <mentionClass id="CL:0000893">thymocyte</mentionClass>
  </classMention>
  <classMention id="CL_basic_2014_02_21_Instance_42777">
    <mentionClass id="CL:0000893">thymocyte</mentionClass>
  </classMention>
  <classMention id="CL_basic_2014_02_21_Instance_42780">
    <mentionClass id="CL:0000893">thymocyte</mentionClass>
  </classMention>
  <classMention id="CL_basic_2014_02_21_Instance_19451">
    <mentionClass id="CL:0000034">stem cell</mentionClass>
  </classMention>
  <classMention id="CL_basic_2014_02_21_Instance_19463">
    <mentionClass id="CL:0000023">oocyte</mentionClass>
  </classMention>
  <classMention id="CL_basic_2014_02_21_Instance_19447">
    <mentionClass id="CL:0000066">epithelial cell</mentionClass>
  </classMention>
  <classMention id="CL_basic_2014_02_21_Instance_42564">
    <mentionClass id="CL:0002321">embryonic cell</mentionClass>
  </classMention>
  <classMention id="CL_basic_2014_02_21_Instance_19493">
    <mentionClass id="CL:0000542">lymphocyte</mentionClass>
  </classMention>
  <classMention id="CL_basic_2014_02_21_Instance_42571">
    <mentionClass id="CL:0002187">basal cell of epidermis</mentionClass>
  </classMention>
  <classMention id="CL_basic_2014_02_21_Instance_19495">
    <mentionClass id="CL:0000312">keratinocyte</mentionClass>
  </classMention>
  <classMention id="CL_basic_2014_02_21_Instance_19465">
    <mentionClass id="CL:0000362">epidermal cell</mentionClass>
  </classMention>
  <classMention id="CL_basic_2014_02_21_Instance_42560">
    <mentionClass id="CL:0002187">basal cell of epidermis</mentionClass>
  </classMention>
  <classMention id="CL_basic_2014_02_21_Instance_19489">
    <mentionClass id="CL:0000059">ameloblast</mentionClass>
  </classMention>
  <classMention id="CL_basic_2014_02_21_Instance_42581">
    <mentionClass id="CL:0002322">embryonic stem cell</mentionClass>
  </classMention>
  <classMention id="CL_basic_2014_02_21_Instance_19501">
    <mentionClass id="CL:0000312">keratinocyte</mentionClass>
  </classMention>
  <classMention id="CL_basic_2014_02_21_Instance_42585">
    <mentionClass id="CL:0002293">epithelial cell of thymus</mentionClass>
  </classMention>
  <classMention id="CL_basic_2014_02_21_Instance_19511">
    <mentionClass id="CL:0000542">lymphocyte</mentionClass>
  </classMention>
  <classMention id="CL_basic_2014_02_21_Instance_42575">
    <mentionClass id="CL:0002322">embryonic stem cell</mentionClass>
  </classMention>
  <classMention id="CL_basic_2014_02_21_Instance_19497">
    <mentionClass id="CL:0000066">epithelial cell</mentionClass>
  </classMention>
  <classMention id="CL_basic_2014_02_21_Instance_42579">
    <mentionClass id="CL:0002322">embryonic stem cell</mentionClass>
  </classMention>
  <classMention id="CL_basic_2014_02_21_Instance_19499">
    <mentionClass id="CL:0000066">epithelial cell</mentionClass>
  </classMention>
  <classMention id="CL_basic_2014_02_21_Instance_42595">
    <mentionClass id="CL:0000646">basal cell</mentionClass>
  </classMention>
  <classMention id="CL_basic_2014_02_21_Instance_19521">
    <mentionClass id="CL:0000066">epithelial cell</mentionClass>
  </classMention>
  <classMention id="CL_basic_2014_02_21_Instance_42598">
    <mentionClass id="CL:0002364">cortical thymic epithelial cell</mentionClass>
  </classMention>
  <classMention id="CL_basic_2014_02_21_Instance_19523">
    <mentionClass id="CL:0000775">neutrophil</mentionClass>
  </classMention>
  <classMention id="CL_basic_2014_02_21_Instance_42589">
    <mentionClass id="CL:0002293">epithelial cell of thymus</mentionClass>
  </classMention>
  <classMention id="CL_basic_2014_02_21_Instance_19513">
    <mentionClass id="CL:0000066">epithelial cell</mentionClass>
  </classMention>
  <classMention id="CL_basic_2014_02_21_Instance_42592">
    <mentionClass id="CL:0002561">outer root sheath cell</mentionClass>
  </classMention>
  <classMention id="CL_basic_2014_02_21_Instance_19517">
    <mentionClass id="CL:0000646">basal cell</mentionClass>
  </classMention>
  <classMention id="CL_basic_2014_02_21_Instance_42609">
    <mentionClass id="CL:0002293">epithelial cell of thymus</mentionClass>
  </classMention>
  <classMention id="CL_basic_2014_02_21_Instance_19529">
    <mentionClass id="CL:0000066">epithelial cell</mentionClass>
  </classMention>
  <classMention id="CL_basic_2014_02_21_Instance_42614">
    <mentionClass id="CL:0002293">epithelial cell of thymus</mentionClass>
  </classMention>
  <classMention id="CL_basic_2014_02_21_Instance_19535">
    <mentionClass id="CL:0000646">basal cell</mentionClass>
  </classMention>
  <classMention id="CL_basic_2014_02_21_Instance_42601">
    <mentionClass id="CL:0002365">medullary thymic epithelial cell</mentionClass>
  </classMention>
  <classMention id="CL_basic_2014_02_21_Instance_19525">
    <mentionClass id="CL:0000235">macrophage</mentionClass>
  </classMention>
  <classMention id="CL_basic_2014_02_21_Instance_42605">
    <mentionClass id="CL:0000893">thymocyte</mentionClass>
  </classMention>
  <classMention id="CL_basic_2014_02_21_Instance_19527">
    <mentionClass id="CL:0000066">epithelial cell</mentionClass>
  </classMention>
</annotations>

