<?xml version="1.0" encoding="UTF-8"?>
<annotations textSource="17069463.txt">
  <annotation>
    <mention id="CL_basic_2014_02_21_Instance_10013" />
    <annotator id="CL_basic_2014_02_21_Instance_10000">Mike Bada, University of Colorado Anschutz Medical Campus</annotator>
    <span start="20447" end="20461" />
    <spannedText>photoreceptors</spannedText>
  </annotation>
  <annotation>
    <mention id="CL_basic_2014_02_21_Instance_10017" />
    <annotator id="CL_basic_2014_02_21_Instance_10000">Mike Bada, University of Colorado Anschutz Medical Campus</annotator>
    <span start="52207" end="52210" />
    <spannedText>rod</spannedText>
  </annotation>
  <annotation>
    <mention id="CL_basic_2014_02_21_Instance_10249" />
    <annotator id="CL_basic_2014_02_21_Instance_10000">Mike Bada, University of Colorado Anschutz Medical Campus</annotator>
    <span start="20344" end="20358" />
    <spannedText>ganglion cells</spannedText>
  </annotation>
  <annotation>
    <mention id="CL_basic_2014_02_21_Instance_10251" />
    <annotator id="CL_basic_2014_02_21_Instance_10000">Mike Bada, University of Colorado Anschutz Medical Campus</annotator>
    <span start="20471" end="20484" />
    <spannedText>ganglion cell</spannedText>
  </annotation>
  <annotation>
    <mention id="CL_basic_2014_02_21_Instance_10253" />
    <annotator id="CL_basic_2014_02_21_Instance_10000">Mike Bada, University of Colorado Anschutz Medical Campus</annotator>
    <span start="20467" end="20469" />
    <spannedText>GC</spannedText>
  </annotation>
  <annotation>
    <mention id="CL_basic_2014_02_21_Instance_10255" />
    <annotator id="CL_basic_2014_02_21_Instance_10000">Mike Bada, University of Colorado Anschutz Medical Campus</annotator>
    <span start="20711" end="20724" />
    <spannedText>ganglion cell</spannedText>
  </annotation>
  <annotation>
    <mention id="CL_basic_2014_02_21_Instance_10257" />
    <annotator id="CL_basic_2014_02_21_Instance_10000">Mike Bada, University of Colorado Anschutz Medical Campus</annotator>
    <span start="39332" end="39342" />
    <span start="39362" end="39369" />
    <spannedText>receptoral ... neurons</spannedText>
  </annotation>
  <annotation>
    <mention id="CL_basic_2014_02_21_Instance_10259" />
    <annotator id="CL_basic_2014_02_21_Instance_10000">Mike Bada, University of Colorado Anschutz Medical Campus</annotator>
    <span start="27613" end="27623" />
    <span start="27651" end="27658" />
    <spannedText>Receptoral ... Neurons</spannedText>
  </annotation>
  <annotation>
    <mention id="CL_basic_2014_02_21_Instance_10261" />
    <annotator id="CL_basic_2014_02_21_Instance_10000">Mike Bada, University of Colorado Anschutz Medical Campus</annotator>
    <span start="28876" end="28894" />
    <spannedText>receptoral neurons</spannedText>
  </annotation>
  <annotation>
    <mention id="CL_basic_2014_02_21_Instance_19847" />
    <annotator id="CL_basic_2014_02_21_Instance_10000">Mike Bada, University of Colorado Anschutz Medical Campus</annotator>
    <span start="4487" end="4494" />
    <spannedText>oocytes</spannedText>
  </annotation>
  <annotation>
    <mention id="CL_basic_2014_02_21_Instance_19851" />
    <annotator id="CL_basic_2014_02_21_Instance_10000">Mike Bada, University of Colorado Anschutz Medical Campus</annotator>
    <span start="15469" end="15476" />
    <spannedText>Neurons</spannedText>
  </annotation>
  <annotation>
    <mention id="CL_basic_2014_02_21_Instance_19857" />
    <annotator id="CL_basic_2014_02_21_Instance_10000">Mike Bada, University of Colorado Anschutz Medical Campus</annotator>
    <span start="16401" end="16408" />
    <spannedText>neurons</spannedText>
  </annotation>
  <annotation>
    <mention id="CL_basic_2014_02_21_Instance_19863" />
    <annotator id="CL_basic_2014_02_21_Instance_10000">Mike Bada, University of Colorado Anschutz Medical Campus</annotator>
    <span start="16736" end="16748" />
    <spannedText>interneurons</spannedText>
  </annotation>
  <annotation>
    <mention id="CL_basic_2014_02_21_Instance_19865" />
    <annotator id="CL_basic_2014_02_21_Instance_10000">Mike Bada, University of Colorado Anschutz Medical Campus</annotator>
    <span start="17418" end="17429" />
    <spannedText>glial cells</spannedText>
  </annotation>
  <annotation>
    <mention id="CL_basic_2014_02_21_Instance_19869" />
    <annotator id="CL_basic_2014_02_21_Instance_10000">Mike Bada, University of Colorado Anschutz Medical Campus</annotator>
    <span start="18563" end="18570" />
    <spannedText>neurons</spannedText>
  </annotation>
  <annotation>
    <mention id="CL_basic_2014_02_21_Instance_19877" />
    <annotator id="CL_basic_2014_02_21_Instance_10000">Mike Bada, University of Colorado Anschutz Medical Campus</annotator>
    <span start="27726" end="27733" />
    <spannedText>neurons</spannedText>
  </annotation>
  <annotation>
    <mention id="CL_basic_2014_02_21_Instance_19879" />
    <annotator id="CL_basic_2014_02_21_Instance_10000">Mike Bada, University of Colorado Anschutz Medical Campus</annotator>
    <span start="28149" end="28156" />
    <spannedText>neurons</spannedText>
  </annotation>
  <annotation>
    <mention id="CL_basic_2014_02_21_Instance_19881" />
    <annotator id="CL_basic_2014_02_21_Instance_10000">Mike Bada, University of Colorado Anschutz Medical Campus</annotator>
    <span start="28938" end="28944" />
    <spannedText>neuron</spannedText>
  </annotation>
  <annotation>
    <mention id="CL_basic_2014_02_21_Instance_19883" />
    <annotator id="CL_basic_2014_02_21_Instance_10000">Mike Bada, University of Colorado Anschutz Medical Campus</annotator>
    <span start="29124" end="29130" />
    <spannedText>neuron</spannedText>
  </annotation>
  <annotation>
    <mention id="CL_basic_2014_02_21_Instance_19885" />
    <annotator id="CL_basic_2014_02_21_Instance_10000">Mike Bada, University of Colorado Anschutz Medical Campus</annotator>
    <span start="29335" end="29342" />
    <spannedText>neurons</spannedText>
  </annotation>
  <annotation>
    <mention id="CL_basic_2014_02_21_Instance_19887" />
    <annotator id="CL_basic_2014_02_21_Instance_10000">Mike Bada, University of Colorado Anschutz Medical Campus</annotator>
    <span start="30062" end="30068" />
    <spannedText>Neuron</spannedText>
  </annotation>
  <annotation>
    <mention id="CL_basic_2014_02_21_Instance_19889" />
    <annotator id="CL_basic_2014_02_21_Instance_10000">Mike Bada, University of Colorado Anschutz Medical Campus</annotator>
    <span start="30854" end="30860" />
    <spannedText>neuron</spannedText>
  </annotation>
  <annotation>
    <mention id="CL_basic_2014_02_21_Instance_19891" />
    <annotator id="CL_basic_2014_02_21_Instance_10000">Mike Bada, University of Colorado Anschutz Medical Campus</annotator>
    <span start="32972" end="32979" />
    <spannedText>neurons</spannedText>
  </annotation>
  <annotation>
    <mention id="CL_basic_2014_02_21_Instance_19893" />
    <annotator id="CL_basic_2014_02_21_Instance_10000">Mike Bada, University of Colorado Anschutz Medical Campus</annotator>
    <span start="33903" end="33910" />
    <spannedText>neurons</spannedText>
  </annotation>
  <annotation>
    <mention id="CL_basic_2014_02_21_Instance_19897" />
    <annotator id="CL_basic_2014_02_21_Instance_10000">Mike Bada, University of Colorado Anschutz Medical Campus</annotator>
    <span start="35140" end="35160" />
    <spannedText>dopaminergic neurons</spannedText>
  </annotation>
  <annotation>
    <mention id="CL_basic_2014_02_21_Instance_19899" />
    <annotator id="CL_basic_2014_02_21_Instance_10000">Mike Bada, University of Colorado Anschutz Medical Campus</annotator>
    <span start="36495" end="36502" />
    <spannedText>neurons</spannedText>
  </annotation>
  <annotation>
    <mention id="CL_basic_2014_02_21_Instance_19901" />
    <annotator id="CL_basic_2014_02_21_Instance_10000">Mike Bada, University of Colorado Anschutz Medical Campus</annotator>
    <span start="39280" end="39287" />
    <spannedText>neurons</spannedText>
  </annotation>
  <annotation>
    <mention id="CL_basic_2014_02_21_Instance_19905" />
    <annotator id="CL_basic_2014_02_21_Instance_10000">Mike Bada, University of Colorado Anschutz Medical Campus</annotator>
    <span start="45541" end="45552" />
    <spannedText>glial cells</spannedText>
  </annotation>
  <annotation>
    <mention id="CL_basic_2014_02_21_Instance_26091" />
    <annotator id="CL_basic_2014_02_21_Instance_10000">Mike Bada, University of Colorado Anschutz Medical Campus</annotator>
    <span start="22333" end="22341" />
    <spannedText>neuronal</spannedText>
  </annotation>
  <annotation>
    <mention id="CL_basic_2014_02_21_Instance_26109" />
    <annotator id="CL_basic_2014_02_21_Instance_10000">Mike Bada, University of Colorado Anschutz Medical Campus</annotator>
    <span start="22528" end="22552" />
    <spannedText>rod photosensory neurons</spannedText>
  </annotation>
  <annotation>
    <mention id="CL_basic_2014_02_21_Instance_26131" />
    <annotator id="CL_basic_2014_02_21_Instance_10000">Mike Bada, University of Colorado Anschutz Medical Campus</annotator>
    <span start="36974" end="36982" />
    <spannedText>neuronal</spannedText>
  </annotation>
  <annotation>
    <mention id="CL_basic_2014_02_21_Instance_26151" />
    <annotator id="CL_basic_2014_02_21_Instance_10000">Mike Bada, University of Colorado Anschutz Medical Campus</annotator>
    <span start="1887" end="1895" />
    <spannedText>neuronal</spannedText>
  </annotation>
  <annotation>
    <mention id="CL_basic_2014_02_21_Instance_26161" />
    <annotator id="CL_basic_2014_02_21_Instance_10000">Mike Bada, University of Colorado Anschutz Medical Campus</annotator>
    <span start="16093" end="16097" />
    <spannedText>glia</spannedText>
  </annotation>
  <annotation>
    <mention id="CL_basic_2014_02_21_Instance_26163" />
    <annotator id="CL_basic_2014_02_21_Instance_10000">Mike Bada, University of Colorado Anschutz Medical Campus</annotator>
    <span start="16854" end="16875" />
    <spannedText>photoreceptor neurons</spannedText>
  </annotation>
  <annotation>
    <mention id="CL_basic_2014_02_21_Instance_26165" />
    <annotator id="CL_basic_2014_02_21_Instance_10000">Mike Bada, University of Colorado Anschutz Medical Campus</annotator>
    <span start="18590" end="18607" />
    <span start="18618" end="18624" />
    <spannedText>ganglion cells of ... retina</spannedText>
  </annotation>
  <annotation>
    <mention id="CL_basic_2014_02_21_Instance_26167" />
    <annotator id="CL_basic_2014_02_21_Instance_10000">Mike Bada, University of Colorado Anschutz Medical Campus</annotator>
    <span start="20289" end="20303" />
    <spannedText>photoreceptors</spannedText>
  </annotation>
  <annotation>
    <mention id="CL_basic_2014_02_21_Instance_26169" />
    <annotator id="CL_basic_2014_02_21_Instance_10000">Mike Bada, University of Colorado Anschutz Medical Campus</annotator>
    <span start="20534" end="20537" />
    <spannedText>rod</spannedText>
  </annotation>
  <annotation>
    <mention id="CL_basic_2014_02_21_Instance_26171" />
    <annotator id="CL_basic_2014_02_21_Instance_10000">Mike Bada, University of Colorado Anschutz Medical Campus</annotator>
    <span start="20558" end="20561" />
    <spannedText>rod</spannedText>
  </annotation>
  <annotation>
    <mention id="CL_basic_2014_02_21_Instance_26173" />
    <annotator id="CL_basic_2014_02_21_Instance_10000">Mike Bada, University of Colorado Anschutz Medical Campus</annotator>
    <span start="23663" end="23671" />
    <spannedText>neuronal</spannedText>
  </annotation>
  <annotation>
    <mention id="CL_basic_2014_02_21_Instance_26175" />
    <annotator id="CL_basic_2014_02_21_Instance_10000">Mike Bada, University of Colorado Anschutz Medical Campus</annotator>
    <span start="23805" end="23813" />
    <spannedText>neuronal</spannedText>
  </annotation>
  <annotation>
    <mention id="CL_basic_2014_02_21_Instance_26177" />
    <annotator id="CL_basic_2014_02_21_Instance_10000">Mike Bada, University of Colorado Anschutz Medical Campus</annotator>
    <span start="27770" end="27778" />
    <spannedText>neuronal</spannedText>
  </annotation>
  <annotation>
    <mention id="CL_basic_2014_02_21_Instance_26179" />
    <annotator id="CL_basic_2014_02_21_Instance_10000">Mike Bada, University of Colorado Anschutz Medical Campus</annotator>
    <span start="28096" end="28099" />
    <span start="28110" end="28123" />
    <spannedText>rod ... photoreceptor</spannedText>
  </annotation>
  <annotation>
    <mention id="CL_basic_2014_02_21_Instance_26181" />
    <annotator id="CL_basic_2014_02_21_Instance_10000">Mike Bada, University of Colorado Anschutz Medical Campus</annotator>
    <span start="28104" end="28108" />
    <span start="28110" end="28123" />
    <spannedText>cone ... photoreceptor</spannedText>
  </annotation>
  <annotation>
    <mention id="CL_basic_2014_02_21_Instance_26185" />
    <annotator id="CL_basic_2014_02_21_Instance_10000">Mike Bada, University of Colorado Anschutz Medical Campus</annotator>
    <span start="28247" end="28264" />
    <spannedText>rod photoreceptor</spannedText>
  </annotation>
  <annotation>
    <mention id="CL_basic_2014_02_21_Instance_26187" />
    <annotator id="CL_basic_2014_02_21_Instance_10000">Mike Bada, University of Colorado Anschutz Medical Campus</annotator>
    <span start="28311" end="28314" />
    <spannedText>rod</spannedText>
  </annotation>
  <annotation>
    <mention id="CL_basic_2014_02_21_Instance_26189" />
    <annotator id="CL_basic_2014_02_21_Instance_10000">Mike Bada, University of Colorado Anschutz Medical Campus</annotator>
    <span start="28319" end="28323" />
    <spannedText>cone</spannedText>
  </annotation>
  <annotation>
    <mention id="CL_basic_2014_02_21_Instance_26191" />
    <annotator id="CL_basic_2014_02_21_Instance_10000">Mike Bada, University of Colorado Anschutz Medical Campus</annotator>
    <span start="28492" end="28511" />
    <spannedText>cone photoreceptors</spannedText>
  </annotation>
  <annotation>
    <mention id="CL_basic_2014_02_21_Instance_26195" />
    <annotator id="CL_basic_2014_02_21_Instance_10000">Mike Bada, University of Colorado Anschutz Medical Campus</annotator>
    <span start="1782" end="1794" />
    <span start="1814" end="1821" />
    <spannedText>photosensory ... neurons</spannedText>
  </annotation>
  <annotation>
    <mention id="CL_basic_2014_02_21_Instance_26197" />
    <annotator id="CL_basic_2014_02_21_Instance_10000">Mike Bada, University of Colorado Anschutz Medical Campus</annotator>
    <span start="4673" end="4693" />
    <spannedText>photosensory neurons</spannedText>
  </annotation>
  <annotation>
    <mention id="CL_basic_2014_02_21_Instance_26199" />
    <annotator id="CL_basic_2014_02_21_Instance_10000">Mike Bada, University of Colorado Anschutz Medical Campus</annotator>
    <span start="5838" end="5858" />
    <spannedText>photosensory neurons</spannedText>
  </annotation>
  <annotation>
    <mention id="CL_basic_2014_02_21_Instance_26203" />
    <annotator id="CL_basic_2014_02_21_Instance_10000">Mike Bada, University of Colorado Anschutz Medical Campus</annotator>
    <span start="29081" end="29094" />
    <spannedText>photoreceptor</spannedText>
  </annotation>
  <annotation>
    <mention id="CL_basic_2014_02_21_Instance_26205" />
    <annotator id="CL_basic_2014_02_21_Instance_10000">Mike Bada, University of Colorado Anschutz Medical Campus</annotator>
    <span start="29162" end="29176" />
    <spannedText>photoreceptors</spannedText>
  </annotation>
  <annotation>
    <mention id="CL_basic_2014_02_21_Instance_26207" />
    <annotator id="CL_basic_2014_02_21_Instance_10000">Mike Bada, University of Colorado Anschutz Medical Campus</annotator>
    <span start="29301" end="29315" />
    <spannedText>photoreceptors</spannedText>
  </annotation>
  <annotation>
    <mention id="CL_basic_2014_02_21_Instance_26209" />
    <annotator id="CL_basic_2014_02_21_Instance_10000">Mike Bada, University of Colorado Anschutz Medical Campus</annotator>
    <span start="30031" end="30044" />
    <spannedText>Photoreceptor</spannedText>
  </annotation>
  <annotation>
    <mention id="CL_basic_2014_02_21_Instance_26211" />
    <annotator id="CL_basic_2014_02_21_Instance_10000">Mike Bada, University of Colorado Anschutz Medical Campus</annotator>
    <span start="30370" end="30396" />
    <spannedText>rod photoreceptor neuronal</spannedText>
  </annotation>
  <annotation>
    <mention id="CL_basic_2014_02_21_Instance_26213" />
    <annotator id="CL_basic_2014_02_21_Instance_10000">Mike Bada, University of Colorado Anschutz Medical Campus</annotator>
    <span start="30477" end="30480" />
    <spannedText>rod</spannedText>
  </annotation>
  <annotation>
    <mention id="CL_basic_2014_02_21_Instance_26215" />
    <annotator id="CL_basic_2014_02_21_Instance_10000">Mike Bada, University of Colorado Anschutz Medical Campus</annotator>
    <span start="30485" end="30489" />
    <spannedText>cone</spannedText>
  </annotation>
  <annotation>
    <mention id="CL_basic_2014_02_21_Instance_26217" />
    <annotator id="CL_basic_2014_02_21_Instance_10000">Mike Bada, University of Colorado Anschutz Medical Campus</annotator>
    <span start="30530" end="30548" />
    <spannedText>cone photoreceptor</spannedText>
  </annotation>
  <annotation>
    <mention id="CL_basic_2014_02_21_Instance_26219" />
    <annotator id="CL_basic_2014_02_21_Instance_10000">Mike Bada, University of Colorado Anschutz Medical Campus</annotator>
    <span start="30967" end="30980" />
    <spannedText>photoreceptor</spannedText>
  </annotation>
  <annotation>
    <mention id="CL_basic_2014_02_21_Instance_26221" />
    <annotator id="CL_basic_2014_02_21_Instance_10000">Mike Bada, University of Colorado Anschutz Medical Campus</annotator>
    <span start="32868" end="32888" />
    <spannedText>photosensory neurons</spannedText>
  </annotation>
  <annotation>
    <mention id="CL_basic_2014_02_21_Instance_26225" />
    <annotator id="CL_basic_2014_02_21_Instance_10000">Mike Bada, University of Colorado Anschutz Medical Campus</annotator>
    <span start="38531" end="38539" />
    <spannedText>Neuronal</spannedText>
  </annotation>
  <annotation>
    <mention id="CL_basic_2014_02_21_Instance_26227" />
    <annotator id="CL_basic_2014_02_21_Instance_10000">Mike Bada, University of Colorado Anschutz Medical Campus</annotator>
    <span start="38999" end="39019" />
    <spannedText>photosensory neurons</spannedText>
  </annotation>
  <annotation>
    <mention id="CL_basic_2014_02_21_Instance_26229" />
    <annotator id="CL_basic_2014_02_21_Instance_10000">Mike Bada, University of Colorado Anschutz Medical Campus</annotator>
    <span start="39703" end="39706" />
    <spannedText>rod</spannedText>
  </annotation>
  <annotation>
    <mention id="CL_basic_2014_02_21_Instance_26231" />
    <annotator id="CL_basic_2014_02_21_Instance_10000">Mike Bada, University of Colorado Anschutz Medical Campus</annotator>
    <span start="39727" end="39730" />
    <spannedText>rod</spannedText>
  </annotation>
  <annotation>
    <mention id="CL_basic_2014_02_21_Instance_26237" />
    <annotator id="CL_basic_2014_02_21_Instance_10000">Mike Bada, University of Colorado Anschutz Medical Campus</annotator>
    <span start="52956" end="52975" />
    <spannedText>photosensory neuron</spannedText>
  </annotation>
  <annotation>
    <mention id="CL_basic_2014_02_21_Instance_26239" />
    <annotator id="CL_basic_2014_02_21_Instance_10000">Mike Bada, University of Colorado Anschutz Medical Campus</annotator>
    <span start="53075" end="53096" />
    <spannedText>photoreceptor neurons</spannedText>
  </annotation>
  <annotation>
    <mention id="CL_basic_2014_02_21_Instance_26241" />
    <annotator id="CL_basic_2014_02_21_Instance_10000">Mike Bada, University of Colorado Anschutz Medical Campus</annotator>
    <span start="53422" end="53425" />
    <spannedText>rod</spannedText>
  </annotation>
  <annotation>
    <mention id="CL_basic_2014_02_21_Instance_26243" />
    <annotator id="CL_basic_2014_02_21_Instance_10000">Mike Bada, University of Colorado Anschutz Medical Campus</annotator>
    <span start="53446" end="53449" />
    <spannedText>rod</spannedText>
  </annotation>
  <annotation>
    <mention id="CL_basic_2014_02_21_Instance_26245" />
    <annotator id="CL_basic_2014_02_21_Instance_10000">Mike Bada, University of Colorado Anschutz Medical Campus</annotator>
    <span start="53578" end="53591" />
    <spannedText>ganglion cell</spannedText>
  </annotation>
  <annotation>
    <mention id="CL_basic_2014_02_21_Instance_26247" />
    <annotator id="CL_basic_2014_02_21_Instance_10000">Mike Bada, University of Colorado Anschutz Medical Campus</annotator>
    <span start="53686" end="53706" />
    <spannedText>photosensory neurons</spannedText>
  </annotation>
  <annotation>
    <mention id="CL_basic_2014_02_21_Instance_26527" />
    <annotator id="CL_basic_2014_02_21_Instance_10000">Mike Bada, University of Colorado Anschutz Medical Campus</annotator>
    <span start="17186" end="17200" />
    <spannedText>photoreceptors</spannedText>
  </annotation>
  <annotation>
    <mention id="CL_basic_2014_02_21_Instance_50037" />
    <annotator id="CL_basic_2014_02_21_Instance_10000">Mike Bada, University of Colorado Anschutz Medical Campus</annotator>
    <span start="6790" end="6811" />
    <spannedText>dopaminergic neuronal</spannedText>
  </annotation>
  <annotation>
    <mention id="CL_basic_2014_02_21_Instance_50053" />
    <annotator id="CL_basic_2014_02_21_Instance_10000">Mike Bada, University of Colorado Anschutz Medical Campus</annotator>
    <span start="15884" end="15903" />
    <spannedText>hippocampal neurons</spannedText>
  </annotation>
  <annotation>
    <mention id="CL_basic_2014_02_21_Instance_50058" />
    <annotator id="CL_basic_2014_02_21_Instance_10000">Mike Bada, University of Colorado Anschutz Medical Campus</annotator>
    <span start="15920" end="15943" />
    <spannedText>cerebral cortex neurons</spannedText>
  </annotation>
  <annotation>
    <mention id="CL_basic_2014_02_21_Instance_50073" />
    <annotator id="CL_basic_2014_02_21_Instance_10000">Mike Bada, University of Colorado Anschutz Medical Campus</annotator>
    <span start="16102" end="16108" />
    <spannedText>neuron</spannedText>
  </annotation>
  <annotation>
    <mention id="CL_basic_2014_02_21_Instance_50081" />
    <annotator id="CL_basic_2014_02_21_Instance_10000">Mike Bada, University of Colorado Anschutz Medical Campus</annotator>
    <span start="16613" end="16632" />
    <spannedText>hippocampal neurons</spannedText>
  </annotation>
  <annotation>
    <mention id="CL_basic_2014_02_21_Instance_50087" />
    <annotator id="CL_basic_2014_02_21_Instance_10000">Mike Bada, University of Colorado Anschutz Medical Campus</annotator>
    <span start="16711" end="16727" />
    <spannedText>cortical neurons</spannedText>
  </annotation>
  <annotation>
    <mention id="CL_basic_2014_02_21_Instance_50096" />
    <annotator id="CL_basic_2014_02_21_Instance_10000">Mike Bada, University of Colorado Anschutz Medical Campus</annotator>
    <span start="17406" end="17413" />
    <spannedText>neurons</spannedText>
  </annotation>
  <annotation>
    <mention id="CL_basic_2014_02_21_Instance_50100" />
    <annotator id="CL_basic_2014_02_21_Instance_10000">Mike Bada, University of Colorado Anschutz Medical Campus</annotator>
    <span start="17890" end="17904" />
    <span start="17912" end="17916" />
    <spannedText>embryonic stem ... cell</spannedText>
  </annotation>
  <annotation>
    <mention id="CL_basic_2014_02_21_Instance_50114" />
    <annotator id="CL_basic_2014_02_21_Instance_10000">Mike Bada, University of Colorado Anschutz Medical Campus</annotator>
    <span start="21172" end="21191" />
    <spannedText>hippocampal neurons</spannedText>
  </annotation>
  <annotation>
    <mention id="CL_basic_2014_02_21_Instance_50121" />
    <annotator id="CL_basic_2014_02_21_Instance_10000">Mike Bada, University of Colorado Anschutz Medical Campus</annotator>
    <span start="22850" end="22869" />
    <spannedText>hippocampal neurons</spannedText>
  </annotation>
  <annotation>
    <mention id="CL_basic_2014_02_21_Instance_50132" />
    <annotator id="CL_basic_2014_02_21_Instance_10000">Mike Bada, University of Colorado Anschutz Medical Campus</annotator>
    <span start="28537" end="28557" />
    <spannedText>photosensory neurons</spannedText>
  </annotation>
  <annotation>
    <mention id="CL_basic_2014_02_21_Instance_50141" />
    <annotator id="CL_basic_2014_02_21_Instance_10000">Mike Bada, University of Colorado Anschutz Medical Campus</annotator>
    <span start="45529" end="45536" />
    <spannedText>neurons</spannedText>
  </annotation>
  <annotation>
    <mention id="CL_basic_2014_02_21_Instance_50144" />
    <annotator id="CL_basic_2014_02_21_Instance_10000">Mike Bada, University of Colorado Anschutz Medical Campus</annotator>
    <span start="45665" end="45678" />
    <spannedText>Primary cells</spannedText>
  </annotation>
  <annotation>
    <mention id="CL_basic_2014_02_21_Instance_50146" />
    <annotator id="CL_basic_2014_02_21_Instance_10000">Mike Bada, University of Colorado Anschutz Medical Campus</annotator>
    <span start="47774" end="47781" />
    <spannedText>ES cell</spannedText>
  </annotation>
  <annotation>
    <mention id="CL_basic_2014_02_21_Instance_70115" />
    <annotator id="CL_basic_2014_02_21_Instance_10000">Mike Bada, University of Colorado Anschutz Medical Campus</annotator>
    <span start="15673" end="15686" />
    <spannedText>photoreceptor</spannedText>
  </annotation>
  <annotation>
    <mention id="CL_basic_2014_02_21_plus_nested_Instance_540" />
    <annotator id="CL_basic_2014_02_21_Instance_10000">Mike Bada, University of Colorado Anschutz Medical Campus</annotator>
    <span start="15659" end="15671" />
    <span start="15688" end="15698" />
    <span start="15703" end="15709" />
    <spannedText>photosensory ... neurons of ... retina</spannedText>
  </annotation>
  <annotation>
    <mention id="CL_basic_2014_02_21_plus_nested_Instance_550" />
    <annotator id="CL_basic_2014_02_21_Instance_10000">Mike Bada, University of Colorado Anschutz Medical Campus</annotator>
    <span start="16018" end="16041" />
    <span start="16046" end="16052" />
    <spannedText>photosensory neurons of ... retina</spannedText>
  </annotation>
  <annotation>
    <mention id="CL_basic_2014_02_21_plus_nested_test_Instance_10085" />
    <annotator id="CL_basic_2014_02_21_Instance_10000">Mike Bada, University of Colorado Anschutz Medical Campus</annotator>
    <span start="48334" end="48336" />
    <spannedText>ES</spannedText>
  </annotation>
  <annotation>
    <mention id="CL_basic_2014_02_21_plus_nested_test_Instance_10087" />
    <annotator id="CL_basic_2014_02_21_Instance_10000">Mike Bada, University of Colorado Anschutz Medical Campus</annotator>
    <span start="54282" end="54284" />
    <spannedText>ES</spannedText>
  </annotation>
  <classMention id="CL_basic_2014_02_21_Instance_26197">
    <mentionClass id="CL:0000210">photoreceptor cell</mentionClass>
  </classMention>
  <classMention id="CL_basic_2014_02_21_Instance_50081">
    <mentionClass id="CL:0002608">hippocampal neuron</mentionClass>
  </classMention>
  <classMention id="CL_basic_2014_02_21_Instance_26199">
    <mentionClass id="CL:0000210">photoreceptor cell</mentionClass>
  </classMention>
  <classMention id="CL_basic_2014_02_21_Instance_50087">
    <mentionClass id="CL:0010012">cerebral cortex neuron</mentionClass>
  </classMention>
  <classMention id="CL_basic_2014_02_21_Instance_70115">
    <mentionClass id="CL:0000210">photoreceptor cell</mentionClass>
  </classMention>
  <classMention id="CL_basic_2014_02_21_Instance_26191">
    <mentionClass id="CL:0000573">retinal cone cell</mentionClass>
  </classMention>
  <classMention id="CL_basic_2014_02_21_Instance_50058">
    <mentionClass id="CL:0010012">cerebral cortex neuron</mentionClass>
  </classMention>
  <classMention id="CL_basic_2014_02_21_Instance_26195">
    <mentionClass id="CL:0000210">photoreceptor cell</mentionClass>
  </classMention>
  <classMention id="CL_basic_2014_02_21_Instance_50073">
    <mentionClass id="CL:0000540">neuron</mentionClass>
  </classMention>
  <classMention id="CL_basic_2014_02_21_Instance_26207">
    <mentionClass id="CL:0000210">photoreceptor cell</mentionClass>
  </classMention>
  <classMention id="CL_basic_2014_02_21_Instance_50114">
    <mentionClass id="CL:0002608">hippocampal neuron</mentionClass>
  </classMention>
  <classMention id="CL_basic_2014_02_21_Instance_10249">
    <mentionClass id="CL:0000740">retinal ganglion cell</mentionClass>
  </classMention>
  <classMention id="CL_basic_2014_02_21_Instance_19847">
    <mentionClass id="CL:0000023">oocyte</mentionClass>
  </classMention>
  <classMention id="CL_basic_2014_02_21_Instance_26209">
    <mentionClass id="CL:0000210">photoreceptor cell</mentionClass>
  </classMention>
  <classMention id="CL_basic_2014_02_21_Instance_50121">
    <mentionClass id="CL:0002608">hippocampal neuron</mentionClass>
  </classMention>
  <classMention id="CL_basic_2014_02_21_Instance_19851">
    <mentionClass id="CL:0000540">neuron</mentionClass>
  </classMention>
  <classMention id="CL_basic_2014_02_21_Instance_26203">
    <mentionClass id="CL:0000210">photoreceptor cell</mentionClass>
  </classMention>
  <classMention id="CL_basic_2014_02_21_Instance_50096">
    <mentionClass id="CL:0000540">neuron</mentionClass>
  </classMention>
  <classMention id="CL_basic_2014_02_21_Instance_10253">
    <mentionClass id="CL:0000740">retinal ganglion cell</mentionClass>
  </classMention>
  <classMention id="CL_basic_2014_02_21_Instance_26205">
    <mentionClass id="CL:0000210">photoreceptor cell</mentionClass>
  </classMention>
  <classMention id="CL_basic_2014_02_21_Instance_50100">
    <mentionClass id="CL:0002322">embryonic stem cell</mentionClass>
  </classMention>
  <classMention id="CL_basic_2014_02_21_Instance_10251">
    <mentionClass id="CL:0000740">retinal ganglion cell</mentionClass>
  </classMention>
  <classMention id="CL_basic_2014_02_21_Instance_26215">
    <mentionClass id="CL:0000573">retinal cone cell</mentionClass>
  </classMention>
  <classMention id="CL_basic_2014_02_21_Instance_50144">
    <mentionClass id="CL:0000001">primary cultured cell</mentionClass>
  </classMention>
  <classMention id="CL_basic_2014_02_21_plus_nested_Instance_550">
    <mentionClass id="CL:0010009">camera type eye photoreceptor cell</mentionClass>
  </classMention>
  <classMention id="CL_basic_2014_02_21_Instance_10257">
    <mentionClass id="CL:0000006">neuronal receptor cell</mentionClass>
  </classMention>
  <classMention id="CL_basic_2014_02_21_Instance_19865">
    <mentionClass id="CL:0000125">glial cell</mentionClass>
  </classMention>
  <classMention id="CL_basic_2014_02_21_Instance_26217">
    <mentionClass id="CL:0000573">retinal cone cell</mentionClass>
  </classMention>
  <classMention id="CL_basic_2014_02_21_Instance_50146">
    <mentionClass id="CL:0002322">embryonic stem cell</mentionClass>
  </classMention>
  <classMention id="CL_basic_2014_02_21_Instance_10255">
    <mentionClass id="CL:0000740">retinal ganglion cell</mentionClass>
  </classMention>
  <classMention id="CL_basic_2014_02_21_Instance_19869">
    <mentionClass id="CL:0000540">neuron</mentionClass>
  </classMention>
  <classMention id="CL_basic_2014_02_21_Instance_26211">
    <mentionClass id="CL:0000604">retinal rod cell</mentionClass>
  </classMention>
  <classMention id="CL_basic_2014_02_21_Instance_50132">
    <mentionClass id="CL:0000210">photoreceptor cell</mentionClass>
  </classMention>
  <classMention id="CL_basic_2014_02_21_Instance_10261">
    <mentionClass id="CL:0000006">neuronal receptor cell</mentionClass>
  </classMention>
  <classMention id="CL_basic_2014_02_21_Instance_19857">
    <mentionClass id="CL:0000540">neuron</mentionClass>
  </classMention>
  <classMention id="CL_basic_2014_02_21_Instance_26213">
    <mentionClass id="CL:0000604">retinal rod cell</mentionClass>
  </classMention>
  <classMention id="CL_basic_2014_02_21_Instance_50141">
    <mentionClass id="CL:0000540">neuron</mentionClass>
  </classMention>
  <classMention id="CL_basic_2014_02_21_plus_nested_Instance_540">
    <mentionClass id="CL:0010009">camera type eye photoreceptor cell</mentionClass>
  </classMention>
  <classMention id="CL_basic_2014_02_21_Instance_10259">
    <mentionClass id="CL:0000006">neuronal receptor cell</mentionClass>
  </classMention>
  <classMention id="CL_basic_2014_02_21_Instance_19863">
    <mentionClass id="CL:0000099">interneuron</mentionClass>
  </classMention>
  <classMention id="CL_basic_2014_02_21_Instance_26225">
    <mentionClass id="CL:0000540">neuron</mentionClass>
  </classMention>
  <classMention id="CL_basic_2014_02_21_Instance_19881">
    <mentionClass id="CL:0000540">neuron</mentionClass>
  </classMention>
  <classMention id="CL_basic_2014_02_21_Instance_26227">
    <mentionClass id="CL:0000210">photoreceptor cell</mentionClass>
  </classMention>
  <classMention id="CL_basic_2014_02_21_Instance_19883">
    <mentionClass id="CL:0000540">neuron</mentionClass>
  </classMention>
  <classMention id="CL_basic_2014_02_21_Instance_26219">
    <mentionClass id="CL:0000210">photoreceptor cell</mentionClass>
  </classMention>
  <classMention id="CL_basic_2014_02_21_Instance_19877">
    <mentionClass id="CL:0000540">neuron</mentionClass>
  </classMention>
  <classMention id="CL_basic_2014_02_21_Instance_26221">
    <mentionClass id="CL:0000210">photoreceptor cell</mentionClass>
  </classMention>
  <classMention id="CL_basic_2014_02_21_Instance_19879">
    <mentionClass id="CL:0000540">neuron</mentionClass>
  </classMention>
  <classMention id="CL_basic_2014_02_21_Instance_26237">
    <mentionClass id="CL:0000210">photoreceptor cell</mentionClass>
  </classMention>
  <classMention id="CL_basic_2014_02_21_Instance_19889">
    <mentionClass id="CL:0000540">neuron</mentionClass>
  </classMention>
  <classMention id="CL_basic_2014_02_21_Instance_26239">
    <mentionClass id="CL:0000210">photoreceptor cell</mentionClass>
  </classMention>
  <classMention id="CL_basic_2014_02_21_Instance_19891">
    <mentionClass id="CL:0000540">neuron</mentionClass>
  </classMention>
  <classMention id="CL_basic_2014_02_21_Instance_26229">
    <mentionClass id="CL:0000604">retinal rod cell</mentionClass>
  </classMention>
  <classMention id="CL_basic_2014_02_21_Instance_19885">
    <mentionClass id="CL:0000540">neuron</mentionClass>
  </classMention>
  <classMention id="CL_basic_2014_02_21_Instance_26231">
    <mentionClass id="CL:0000604">retinal rod cell</mentionClass>
  </classMention>
  <classMention id="CL_basic_2014_02_21_Instance_19887">
    <mentionClass id="CL:0000540">neuron</mentionClass>
  </classMention>
  <classMention id="CL_basic_2014_02_21_Instance_26245">
    <mentionClass id="CL:0000740">retinal ganglion cell</mentionClass>
  </classMention>
  <classMention id="CL_basic_2014_02_21_plus_nested_test_Instance_10085">
    <mentionClass id="CL:0002322">embryonic stem cell</mentionClass>
  </classMention>
  <classMention id="CL_basic_2014_02_21_Instance_19899">
    <mentionClass id="CL:0000540">neuron</mentionClass>
  </classMention>
  <classMention id="CL_basic_2014_02_21_Instance_26247">
    <mentionClass id="CL:0000210">photoreceptor cell</mentionClass>
  </classMention>
  <classMention id="CL_basic_2014_02_21_plus_nested_test_Instance_10087">
    <mentionClass id="CL:0002322">embryonic stem cell</mentionClass>
  </classMention>
  <classMention id="CL_basic_2014_02_21_Instance_19901">
    <mentionClass id="CL:0000540">neuron</mentionClass>
  </classMention>
  <classMention id="CL_basic_2014_02_21_Instance_26241">
    <mentionClass id="CL:0000604">retinal rod cell</mentionClass>
  </classMention>
  <classMention id="CL_basic_2014_02_21_Instance_19893">
    <mentionClass id="CL:0000540">neuron</mentionClass>
  </classMention>
  <classMention id="CL_basic_2014_02_21_Instance_26243">
    <mentionClass id="CL:0000604">retinal rod cell</mentionClass>
  </classMention>
  <classMention id="CL_basic_2014_02_21_Instance_19897">
    <mentionClass id="CL:0000700">dopaminergic neuron</mentionClass>
  </classMention>
  <classMention id="CL_basic_2014_02_21_Instance_19905">
    <mentionClass id="CL:0000125">glial cell</mentionClass>
  </classMention>
  <classMention id="CL_basic_2014_02_21_Instance_26091">
    <mentionClass id="CL:0000540">neuron</mentionClass>
  </classMention>
  <classMention id="CL_basic_2014_02_21_Instance_26109">
    <mentionClass id="CL:0000604">retinal rod cell</mentionClass>
  </classMention>
  <classMention id="CL_basic_2014_02_21_Instance_26527">
    <mentionClass id="CL:0000210">photoreceptor cell</mentionClass>
  </classMention>
  <classMention id="CL_basic_2014_02_21_Instance_26131">
    <mentionClass id="CL:0000540">neuron</mentionClass>
  </classMention>
  <classMention id="CL_basic_2014_02_21_Instance_26161">
    <mentionClass id="CL:0000125">glial cell</mentionClass>
  </classMention>
  <classMention id="CL_basic_2014_02_21_Instance_10013">
    <mentionClass id="CL:0000210">photoreceptor cell</mentionClass>
  </classMention>
  <classMention id="CL_basic_2014_02_21_Instance_26163">
    <mentionClass id="CL:0000210">photoreceptor cell</mentionClass>
  </classMention>
  <classMention id="CL_basic_2014_02_21_Instance_26151">
    <mentionClass id="CL:0000540">neuron</mentionClass>
  </classMention>
  <classMention id="CL_basic_2014_02_21_Instance_10017">
    <mentionClass id="CL:0000604">retinal rod cell</mentionClass>
  </classMention>
  <classMention id="CL_basic_2014_02_21_Instance_26169">
    <mentionClass id="CL:0000604">retinal rod cell</mentionClass>
  </classMention>
  <classMention id="CL_basic_2014_02_21_Instance_26171">
    <mentionClass id="CL:0000604">retinal rod cell</mentionClass>
  </classMention>
  <classMention id="CL_basic_2014_02_21_Instance_26165">
    <mentionClass id="CL:0000740">retinal ganglion cell</mentionClass>
  </classMention>
  <classMention id="CL_basic_2014_02_21_Instance_26167">
    <mentionClass id="CL:0000210">photoreceptor cell</mentionClass>
  </classMention>
  <classMention id="CL_basic_2014_02_21_Instance_26177">
    <mentionClass id="CL:0000540">neuron</mentionClass>
  </classMention>
  <classMention id="CL_basic_2014_02_21_Instance_26179">
    <mentionClass id="CL:0000604">retinal rod cell</mentionClass>
  </classMention>
  <classMention id="CL_basic_2014_02_21_Instance_26173">
    <mentionClass id="CL:0000540">neuron</mentionClass>
  </classMention>
  <classMention id="CL_basic_2014_02_21_Instance_26175">
    <mentionClass id="CL:0000540">neuron</mentionClass>
  </classMention>
  <classMention id="CL_basic_2014_02_21_Instance_26187">
    <mentionClass id="CL:0000604">retinal rod cell</mentionClass>
  </classMention>
  <classMention id="CL_basic_2014_02_21_Instance_50037">
    <mentionClass id="CL:0000700">dopaminergic neuron</mentionClass>
  </classMention>
  <classMention id="CL_basic_2014_02_21_Instance_26189">
    <mentionClass id="CL:0000573">retinal cone cell</mentionClass>
  </classMention>
  <classMention id="CL_basic_2014_02_21_Instance_50053">
    <mentionClass id="CL:0002608">hippocampal neuron</mentionClass>
  </classMention>
  <classMention id="CL_basic_2014_02_21_Instance_26181">
    <mentionClass id="CL:0000573">retinal cone cell</mentionClass>
  </classMention>
  <classMention id="CL_basic_2014_02_21_Instance_26185">
    <mentionClass id="CL:0000604">retinal rod cell</mentionClass>
  </classMention>
</annotations>

