<?xml version="1.0" encoding="UTF-8"?>
<annotations textSource="17078885.txt">
  <annotation>
    <mention id="CL_basic_2014_02_21_Instance_19929" />
    <annotator id="CL_basic_2014_02_21_Instance_10000">Mike Bada, University of Colorado Anschutz Medical Campus</annotator>
    <span start="1780" end="1796" />
    <spannedText>mesenchymal cell</spannedText>
  </annotation>
  <annotation>
    <mention id="CL_basic_2014_02_21_Instance_19931" />
    <annotator id="CL_basic_2014_02_21_Instance_10000">Mike Bada, University of Colorado Anschutz Medical Campus</annotator>
    <span start="1937" end="1955" />
    <spannedText>smooth muscle cell</spannedText>
  </annotation>
  <annotation>
    <mention id="CL_basic_2014_02_21_Instance_19953" />
    <annotator id="CL_basic_2014_02_21_Instance_10000">Mike Bada, University of Colorado Anschutz Medical Campus</annotator>
    <span start="17029" end="17047" />
    <spannedText>smooth muscle cell</spannedText>
  </annotation>
  <annotation>
    <mention id="CL_basic_2014_02_21_Instance_19977" />
    <annotator id="CL_basic_2014_02_21_Instance_10000">Mike Bada, University of Colorado Anschutz Medical Campus</annotator>
    <span start="26305" end="26324" />
    <spannedText>smooth muscle cells</spannedText>
  </annotation>
  <annotation>
    <mention id="CL_basic_2014_02_21_Instance_19985" />
    <annotator id="CL_basic_2014_02_21_Instance_10000">Mike Bada, University of Colorado Anschutz Medical Campus</annotator>
    <span start="26663" end="26682" />
    <spannedText>smooth muscle cells</spannedText>
  </annotation>
  <annotation>
    <mention id="CL_basic_2014_02_21_Instance_19987" />
    <annotator id="CL_basic_2014_02_21_Instance_10000">Mike Bada, University of Colorado Anschutz Medical Campus</annotator>
    <span start="26799" end="26818" />
    <spannedText>smooth muscle cells</spannedText>
  </annotation>
  <annotation>
    <mention id="CL_basic_2014_02_21_Instance_19991" />
    <annotator id="CL_basic_2014_02_21_Instance_10000">Mike Bada, University of Colorado Anschutz Medical Campus</annotator>
    <span start="27858" end="27874" />
    <spannedText>mesenchymal cell</spannedText>
  </annotation>
  <annotation>
    <mention id="CL_basic_2014_02_21_Instance_19997" />
    <annotator id="CL_basic_2014_02_21_Instance_10000">Mike Bada, University of Colorado Anschutz Medical Campus</annotator>
    <span start="29897" end="29915" />
    <spannedText>smooth muscle cell</spannedText>
  </annotation>
  <annotation>
    <mention id="CL_basic_2014_02_21_Instance_26351" />
    <annotator id="CL_basic_2014_02_21_Instance_10000">Mike Bada, University of Colorado Anschutz Medical Campus</annotator>
    <span start="1766" end="1776" />
    <span start="1792" end="1796" />
    <spannedText>epithelial ... cell</spannedText>
  </annotation>
  <annotation>
    <mention id="CL_basic_2014_02_21_Instance_26367" />
    <annotator id="CL_basic_2014_02_21_Instance_10000">Mike Bada, University of Colorado Anschutz Medical Campus</annotator>
    <span start="19284" end="19293" />
    <span start="19315" end="19320" />
    <spannedText>apoptotic ... cells</spannedText>
  </annotation>
  <annotation>
    <mention id="CL_basic_2014_02_21_Instance_26371" />
    <annotator id="CL_basic_2014_02_21_Instance_10000">Mike Bada, University of Colorado Anschutz Medical Campus</annotator>
    <span start="20292" end="20307" />
    <spannedText>apoptotic cells</spannedText>
  </annotation>
  <annotation>
    <mention id="CL_basic_2014_02_21_Instance_26373" />
    <annotator id="CL_basic_2014_02_21_Instance_10000">Mike Bada, University of Colorado Anschutz Medical Campus</annotator>
    <span start="20403" end="20418" />
    <spannedText>apoptotic cells</spannedText>
  </annotation>
  <annotation>
    <mention id="CL_basic_2014_02_21_Instance_50175" />
    <annotator id="CL_basic_2014_02_21_Instance_10000">Mike Bada, University of Colorado Anschutz Medical Campus</annotator>
    <span start="384" end="395" />
    <span start="417" end="427" />
    <spannedText>pluripotent ... stem cells</spannedText>
  </annotation>
  <annotation>
    <mention id="CL_basic_2014_02_21_Instance_50177" />
    <annotator id="CL_basic_2014_02_21_Instance_10000">Mike Bada, University of Colorado Anschutz Medical Campus</annotator>
    <span start="1518" end="1529" />
    <span start="1543" end="1553" />
    <spannedText>pluripotent ... stem cells</spannedText>
  </annotation>
  <classMention id="CL_basic_2014_02_21_Instance_26373">
    <mentionClass id="CL:0000445">apoptosis fated cell</mentionClass>
  </classMention>
  <classMention id="CL_basic_2014_02_21_Instance_26367">
    <mentionClass id="CL:0000445">apoptosis fated cell</mentionClass>
  </classMention>
  <classMention id="CL_basic_2014_02_21_Instance_19997">
    <mentionClass id="CL:0000192">smooth muscle cell</mentionClass>
  </classMention>
  <classMention id="CL_basic_2014_02_21_Instance_26371">
    <mentionClass id="CL:0000445">apoptosis fated cell</mentionClass>
  </classMention>
  <classMention id="CL_basic_2014_02_21_Instance_19931">
    <mentionClass id="CL:0000192">smooth muscle cell</mentionClass>
  </classMention>
  <classMention id="CL_basic_2014_02_21_Instance_19953">
    <mentionClass id="CL:0000192">smooth muscle cell</mentionClass>
  </classMention>
  <classMention id="CL_basic_2014_02_21_Instance_19929">
    <mentionClass id="CL:0000134">mesenchymal cell</mentionClass>
  </classMention>
  <classMention id="CL_basic_2014_02_21_Instance_19987">
    <mentionClass id="CL:0000192">smooth muscle cell</mentionClass>
  </classMention>
  <classMention id="CL_basic_2014_02_21_Instance_26351">
    <mentionClass id="CL:0000066">epithelial cell</mentionClass>
  </classMention>
  <classMention id="CL_basic_2014_02_21_Instance_19991">
    <mentionClass id="CL:0000134">mesenchymal cell</mentionClass>
  </classMention>
  <classMention id="CL_basic_2014_02_21_Instance_50175">
    <mentionClass id="CL:0002248">pluripotent stem cell</mentionClass>
  </classMention>
  <classMention id="CL_basic_2014_02_21_Instance_19977">
    <mentionClass id="CL:0000192">smooth muscle cell</mentionClass>
  </classMention>
  <classMention id="CL_basic_2014_02_21_Instance_50177">
    <mentionClass id="CL:0002248">pluripotent stem cell</mentionClass>
  </classMention>
  <classMention id="CL_basic_2014_02_21_Instance_19985">
    <mentionClass id="CL:0000192">smooth muscle cell</mentionClass>
  </classMention>
</annotations>

