<?xml version="1.0" encoding="UTF-8"?>
<annotations textSource="17206865.txt">
  <annotation>
    <mention id="CL_basic_2014_02_21_Instance_10011" />
    <annotator id="CL_basic_2014_02_21_Instance_10000">Mike Bada, University of Colorado Anschutz Medical Campus</annotator>
    <span start="16825" end="16840" />
    <spannedText>apoptotic cells</spannedText>
  </annotation>
  <annotation>
    <mention id="CL_basic_2014_02_21_Instance_10021" />
    <annotator id="CL_basic_2014_02_21_Instance_10000">Mike Bada, University of Colorado Anschutz Medical Campus</annotator>
    <span start="22817" end="22825" />
    <spannedText>platelet</spannedText>
  </annotation>
  <annotation>
    <mention id="CL_basic_2014_02_21_Instance_10023" />
    <annotator id="CL_basic_2014_02_21_Instance_10000">Mike Bada, University of Colorado Anschutz Medical Campus</annotator>
    <span start="25084" end="25093" />
    <span start="25112" end="25117" />
    <spannedText>apoptotic ... cells</spannedText>
  </annotation>
  <annotation>
    <mention id="CL_basic_2014_02_21_Instance_10057" />
    <annotator id="CL_basic_2014_02_21_Instance_10000">Mike Bada, University of Colorado Anschutz Medical Campus</annotator>
    <span start="39999" end="40010" />
    <spannedText>fibroblasts</spannedText>
  </annotation>
  <annotation>
    <mention id="CL_basic_2014_02_21_Instance_10061" />
    <annotator id="CL_basic_2014_02_21_Instance_10000">Mike Bada, University of Colorado Anschutz Medical Campus</annotator>
    <span start="40176" end="40187" />
    <spannedText>fibroblasts</spannedText>
  </annotation>
  <annotation>
    <mention id="CL_basic_2014_02_21_Instance_10063" />
    <annotator id="CL_basic_2014_02_21_Instance_10000">Mike Bada, University of Colorado Anschutz Medical Campus</annotator>
    <span start="40682" end="40687" />
    <spannedText>sperm</spannedText>
  </annotation>
  <annotation>
    <mention id="CL_basic_2014_02_21_Instance_10073" />
    <annotator id="CL_basic_2014_02_21_Instance_10000">Mike Bada, University of Colorado Anschutz Medical Campus</annotator>
    <span start="42041" end="42057" />
    <spannedText>epithelial cells</spannedText>
  </annotation>
  <annotation>
    <mention id="CL_basic_2014_02_21_Instance_10075" />
    <annotator id="CL_basic_2014_02_21_Instance_10000">Mike Bada, University of Colorado Anschutz Medical Campus</annotator>
    <span start="42175" end="42190" />
    <spannedText>apoptotic cells</spannedText>
  </annotation>
  <annotation>
    <mention id="CL_basic_2014_02_21_Instance_11131" />
    <annotator id="CL_basic_2014_02_21_Instance_10000">Mike Bada, University of Colorado Anschutz Medical Campus</annotator>
    <span start="14884" end="14889" />
    <span start="14900" end="14914" />
    <spannedText>white ... fat adipocytes</spannedText>
  </annotation>
  <annotation>
    <mention id="CL_basic_2014_02_21_Instance_11133" />
    <annotator id="CL_basic_2014_02_21_Instance_10000">Mike Bada, University of Colorado Anschutz Medical Campus</annotator>
    <span start="14894" end="14914" />
    <spannedText>brown fat adipocytes</spannedText>
  </annotation>
  <annotation>
    <mention id="CL_basic_2014_02_21_Instance_20437" />
    <annotator id="CL_basic_2014_02_21_Instance_10000">Mike Bada, University of Colorado Anschutz Medical Campus</annotator>
    <span start="5558" end="5563" />
    <spannedText>sperm</spannedText>
  </annotation>
  <annotation>
    <mention id="CL_basic_2014_02_21_Instance_20439" />
    <annotator id="CL_basic_2014_02_21_Instance_10000">Mike Bada, University of Colorado Anschutz Medical Campus</annotator>
    <span start="5677" end="5696" />
    <spannedText>photoreceptor cells</spannedText>
  </annotation>
  <annotation>
    <mention id="CL_basic_2014_02_21_Instance_20469" />
    <annotator id="CL_basic_2014_02_21_Instance_10000">Mike Bada, University of Colorado Anschutz Medical Campus</annotator>
    <span start="13659" end="13670" />
    <spannedText>fibroblasts</spannedText>
  </annotation>
  <annotation>
    <mention id="CL_basic_2014_02_21_Instance_20479" />
    <annotator id="CL_basic_2014_02_21_Instance_10000">Mike Bada, University of Colorado Anschutz Medical Campus</annotator>
    <span start="14177" end="14188" />
    <spannedText>fibroblasts</spannedText>
  </annotation>
  <annotation>
    <mention id="CL_basic_2014_02_21_Instance_20485" />
    <annotator id="CL_basic_2014_02_21_Instance_10000">Mike Bada, University of Colorado Anschutz Medical Campus</annotator>
    <span start="15295" end="15300" />
    <spannedText>sperm</spannedText>
  </annotation>
  <annotation>
    <mention id="CL_basic_2014_02_21_Instance_20489" />
    <annotator id="CL_basic_2014_02_21_Instance_10000">Mike Bada, University of Colorado Anschutz Medical Campus</annotator>
    <span start="17212" end="17228" />
    <spannedText>epithelial cells</spannedText>
  </annotation>
  <annotation>
    <mention id="CL_basic_2014_02_21_Instance_20497" />
    <annotator id="CL_basic_2014_02_21_Instance_10000">Mike Bada, University of Colorado Anschutz Medical Campus</annotator>
    <span start="17827" end="17843" />
    <spannedText>epithelial cells</spannedText>
  </annotation>
  <annotation>
    <mention id="CL_basic_2014_02_21_Instance_20499" />
    <annotator id="CL_basic_2014_02_21_Instance_10000">Mike Bada, University of Colorado Anschutz Medical Campus</annotator>
    <span start="18635" end="18640" />
    <spannedText>sperm</spannedText>
  </annotation>
  <annotation>
    <mention id="CL_basic_2014_02_21_Instance_20501" />
    <annotator id="CL_basic_2014_02_21_Instance_10000">Mike Bada, University of Colorado Anschutz Medical Campus</annotator>
    <span start="18774" end="18793" />
    <spannedText>photoreceptor cells</spannedText>
  </annotation>
  <annotation>
    <mention id="CL_basic_2014_02_21_Instance_20525" />
    <annotator id="CL_basic_2014_02_21_Instance_10000">Mike Bada, University of Colorado Anschutz Medical Campus</annotator>
    <span start="26860" end="26876" />
    <spannedText>epithelial cells</spannedText>
  </annotation>
  <annotation>
    <mention id="CL_basic_2014_02_21_Instance_20561" />
    <annotator id="CL_basic_2014_02_21_Instance_10000">Mike Bada, University of Colorado Anschutz Medical Campus</annotator>
    <span start="33306" end="33317" />
    <spannedText>fibroblasts</spannedText>
  </annotation>
  <annotation>
    <mention id="CL_basic_2014_02_21_Instance_20563" />
    <annotator id="CL_basic_2014_02_21_Instance_10000">Mike Bada, University of Colorado Anschutz Medical Campus</annotator>
    <span start="33500" end="33511" />
    <spannedText>fibroblasts</spannedText>
  </annotation>
  <annotation>
    <mention id="CL_basic_2014_02_21_Instance_26613" />
    <annotator id="CL_basic_2014_02_21_Instance_10000">Mike Bada, University of Colorado Anschutz Medical Campus</annotator>
    <span start="3994" end="4002" />
    <spannedText>platelet</spannedText>
  </annotation>
  <annotation>
    <mention id="CL_basic_2014_02_21_Instance_50514" />
    <annotator id="CL_basic_2014_02_21_Instance_10000">Mike Bada, University of Colorado Anschutz Medical Campus</annotator>
    <span start="587" end="610" />
    <spannedText>kidney epithelial cells</spannedText>
  </annotation>
  <annotation>
    <mention id="CL_basic_2014_02_21_Instance_50516" />
    <annotator id="CL_basic_2014_02_21_Instance_10000">Mike Bada, University of Colorado Anschutz Medical Campus</annotator>
    <span start="966" end="979" />
    <spannedText>primary cells</spannedText>
  </annotation>
  <annotation>
    <mention id="CL_basic_2014_02_21_Instance_50518" />
    <annotator id="CL_basic_2014_02_21_Instance_10000">Mike Bada, University of Colorado Anschutz Medical Campus</annotator>
    <span start="2118" end="2130" />
    <spannedText>kidney cells</spannedText>
  </annotation>
  <annotation>
    <mention id="CL_basic_2014_02_21_Instance_50520" />
    <annotator id="CL_basic_2014_02_21_Instance_10000">Mike Bada, University of Colorado Anschutz Medical Campus</annotator>
    <span start="2388" end="2400" />
    <spannedText>kidney cells</spannedText>
  </annotation>
  <annotation>
    <mention id="CL_basic_2014_02_21_Instance_50529" />
    <annotator id="CL_basic_2014_02_21_Instance_10000">Mike Bada, University of Colorado Anschutz Medical Campus</annotator>
    <span start="5833" end="5851" />
    <spannedText>dermal fibroblasts</spannedText>
  </annotation>
  <annotation>
    <mention id="CL_basic_2014_02_21_Instance_50535" />
    <annotator id="CL_basic_2014_02_21_Instance_10000">Mike Bada, University of Colorado Anschutz Medical Campus</annotator>
    <span start="5900" end="5939" />
    <spannedText>kidney collecting duct epithelial cells</spannedText>
  </annotation>
  <annotation>
    <mention id="CL_basic_2014_02_21_Instance_50538" />
    <annotator id="CL_basic_2014_02_21_Instance_10000">Mike Bada, University of Colorado Anschutz Medical Campus</annotator>
    <span start="6921" end="6933" />
    <spannedText>Kidney Cells</spannedText>
  </annotation>
  <annotation>
    <mention id="CL_basic_2014_02_21_Instance_50540" />
    <annotator id="CL_basic_2014_02_21_Instance_10000">Mike Bada, University of Colorado Anschutz Medical Campus</annotator>
    <span start="7043" end="7054" />
    <spannedText>kidney cell</spannedText>
  </annotation>
  <annotation>
    <mention id="CL_basic_2014_02_21_Instance_50543" />
    <annotator id="CL_basic_2014_02_21_Instance_10000">Mike Bada, University of Colorado Anschutz Medical Campus</annotator>
    <span start="7089" end="7104" />
    <span start="7130" end="7135" />
    <spannedText>inner medullary ... cells</spannedText>
  </annotation>
  <annotation>
    <mention id="CL_basic_2014_02_21_Instance_50546" />
    <annotator id="CL_basic_2014_02_21_Instance_10000">Mike Bada, University of Colorado Anschutz Medical Campus</annotator>
    <span start="7105" end="7120" />
    <span start="7130" end="7135" />
    <spannedText>collecting duct ... cells</spannedText>
  </annotation>
  <annotation>
    <mention id="CL_basic_2014_02_21_Instance_50548" />
    <annotator id="CL_basic_2014_02_21_Instance_10000">Mike Bada, University of Colorado Anschutz Medical Campus</annotator>
    <span start="10015" end="10038" />
    <spannedText>kidney epithelial cells</spannedText>
  </annotation>
  <annotation>
    <mention id="CL_basic_2014_02_21_Instance_50550" />
    <annotator id="CL_basic_2014_02_21_Instance_10000">Mike Bada, University of Colorado Anschutz Medical Campus</annotator>
    <span start="10539" end="10562" />
    <spannedText>kidney epithelial cells</spannedText>
  </annotation>
  <annotation>
    <mention id="CL_basic_2014_02_21_Instance_50552" />
    <annotator id="CL_basic_2014_02_21_Instance_10000">Mike Bada, University of Colorado Anschutz Medical Campus</annotator>
    <span start="12777" end="12790" />
    <spannedText>primary cells</spannedText>
  </annotation>
  <annotation>
    <mention id="CL_basic_2014_02_21_Instance_50554" />
    <annotator id="CL_basic_2014_02_21_Instance_10000">Mike Bada, University of Colorado Anschutz Medical Campus</annotator>
    <span start="13464" end="13471" />
    <span start="13479" end="13484" />
    <spannedText>primary ... cells</spannedText>
  </annotation>
  <annotation>
    <mention id="CL_basic_2014_02_21_Instance_50556" />
    <annotator id="CL_basic_2014_02_21_Instance_10000">Mike Bada, University of Colorado Anschutz Medical Campus</annotator>
    <span start="13472" end="13484" />
    <spannedText>kidney cells</spannedText>
  </annotation>
  <annotation>
    <mention id="CL_basic_2014_02_21_Instance_50558" />
    <annotator id="CL_basic_2014_02_21_Instance_10000">Mike Bada, University of Colorado Anschutz Medical Campus</annotator>
    <span start="13651" end="13658" />
    <span start="13682" end="13687" />
    <spannedText>primary ... cells</spannedText>
  </annotation>
  <annotation>
    <mention id="CL_basic_2014_02_21_Instance_50561" />
    <annotator id="CL_basic_2014_02_21_Instance_10000">Mike Bada, University of Colorado Anschutz Medical Campus</annotator>
    <span start="13675" end="13687" />
    <spannedText>kidney cells</spannedText>
  </annotation>
  <annotation>
    <mention id="CL_basic_2014_02_21_Instance_50567" />
    <annotator id="CL_basic_2014_02_21_Instance_10000">Mike Bada, University of Colorado Anschutz Medical Campus</annotator>
    <span start="16326" end="16347" />
    <spannedText>collecting duct cells</spannedText>
  </annotation>
  <annotation>
    <mention id="CL_basic_2014_02_21_Instance_50569" />
    <annotator id="CL_basic_2014_02_21_Instance_10000">Mike Bada, University of Colorado Anschutz Medical Campus</annotator>
    <span start="16407" end="16419" />
    <spannedText>tubule cells</spannedText>
  </annotation>
  <annotation>
    <mention id="CL_basic_2014_02_21_Instance_50571" />
    <annotator id="CL_basic_2014_02_21_Instance_10000">Mike Bada, University of Colorado Anschutz Medical Campus</annotator>
    <span start="17316" end="17338" />
    <spannedText>kidney epithelial cell</spannedText>
  </annotation>
  <annotation>
    <mention id="CL_basic_2014_02_21_Instance_50573" />
    <annotator id="CL_basic_2014_02_21_Instance_10000">Mike Bada, University of Colorado Anschutz Medical Campus</annotator>
    <span start="20877" end="20890" />
    <spannedText>primary cells</spannedText>
  </annotation>
  <annotation>
    <mention id="CL_basic_2014_02_21_Instance_50575" />
    <annotator id="CL_basic_2014_02_21_Instance_10000">Mike Bada, University of Colorado Anschutz Medical Campus</annotator>
    <span start="25017" end="25043" />
    <spannedText>kidney epithelial cellular</spannedText>
  </annotation>
  <annotation>
    <mention id="CL_basic_2014_02_21_Instance_50577" />
    <annotator id="CL_basic_2014_02_21_Instance_10000">Mike Bada, University of Colorado Anschutz Medical Campus</annotator>
    <span start="33322" end="33337" />
    <span start="33343" end="33348" />
    <spannedText>kidney cortical ... cells</spannedText>
  </annotation>
  <annotation>
    <mention id="CL_basic_2014_02_21_Instance_50579" />
    <annotator id="CL_basic_2014_02_21_Instance_10000">Mike Bada, University of Colorado Anschutz Medical Campus</annotator>
    <span start="33576" end="33599" />
    <spannedText>kidney epithelial cells</spannedText>
  </annotation>
  <annotation>
    <mention id="CL_basic_2014_02_21_Instance_50581" />
    <annotator id="CL_basic_2014_02_21_Instance_10000">Mike Bada, University of Colorado Anschutz Medical Campus</annotator>
    <span start="33568" end="33575" />
    <span start="33594" end="33599" />
    <spannedText>primary ... cells</spannedText>
  </annotation>
  <annotation>
    <mention id="CL_basic_2014_02_21_Instance_50583" />
    <annotator id="CL_basic_2014_02_21_Instance_10000">Mike Bada, University of Colorado Anschutz Medical Campus</annotator>
    <span start="36869" end="36892" />
    <spannedText>Kidney Epithelial Cells</spannedText>
  </annotation>
  <annotation>
    <mention id="CL_basic_2014_02_21_Instance_50585" />
    <annotator id="CL_basic_2014_02_21_Instance_10000">Mike Bada, University of Colorado Anschutz Medical Campus</annotator>
    <span start="39799" end="39811" />
    <spannedText>kidney cells</spannedText>
  </annotation>
  <annotation>
    <mention id="CL_basic_2014_02_21_Instance_50587" />
    <annotator id="CL_basic_2014_02_21_Instance_10000">Mike Bada, University of Colorado Anschutz Medical Campus</annotator>
    <span start="39791" end="39798" />
    <span start="39806" end="39811" />
    <spannedText>primary ... cells</spannedText>
  </annotation>
  <annotation>
    <mention id="CL_basic_2014_02_21_Instance_50589" />
    <annotator id="CL_basic_2014_02_21_Instance_10000">Mike Bada, University of Colorado Anschutz Medical Campus</annotator>
    <span start="39892" end="39906" />
    <spannedText>ciliated cells</spannedText>
  </annotation>
  <annotation>
    <mention id="CL_basic_2014_02_21_Instance_50592" />
    <annotator id="CL_basic_2014_02_21_Instance_10000">Mike Bada, University of Colorado Anschutz Medical Campus</annotator>
    <span start="40021" end="40028" />
    <span start="40036" end="40041" />
    <spannedText>primary ... cells</spannedText>
  </annotation>
  <annotation>
    <mention id="CL_basic_2014_02_21_Instance_50594" />
    <annotator id="CL_basic_2014_02_21_Instance_10000">Mike Bada, University of Colorado Anschutz Medical Campus</annotator>
    <span start="40029" end="40041" />
    <spannedText>kidney cells</spannedText>
  </annotation>
  <annotation>
    <mention id="CL_basic_2014_02_21_Instance_50598" />
    <annotator id="CL_basic_2014_02_21_Instance_10000">Mike Bada, University of Colorado Anschutz Medical Campus</annotator>
    <span start="41783" end="41813" />
    <spannedText>kidney cortex epithelial cells</spannedText>
  </annotation>
  <classMention id="CL_basic_2014_02_21_Instance_50518">
    <mentionClass id="CL:1000497">kidney cell</mentionClass>
  </classMention>
  <classMention id="CL_basic_2014_02_21_Instance_20439">
    <mentionClass id="CL:0000210">photoreceptor cell</mentionClass>
  </classMention>
  <classMention id="CL_basic_2014_02_21_Instance_50520">
    <mentionClass id="CL:1000497">kidney cell</mentionClass>
  </classMention>
  <classMention id="CL_basic_2014_02_21_Instance_20469">
    <mentionClass id="CL:0000057">fibroblast</mentionClass>
  </classMention>
  <classMention id="CL_basic_2014_02_21_Instance_50514">
    <mentionClass id="CL:0002518">kidney epithelial cell</mentionClass>
  </classMention>
  <classMention id="CL_basic_2014_02_21_Instance_50516">
    <mentionClass id="CL:0000001">primary cultured cell</mentionClass>
  </classMention>
  <classMention id="CL_basic_2014_02_21_Instance_20437">
    <mentionClass id="CL:0000019">sperm</mentionClass>
  </classMention>
  <classMention id="CL_basic_2014_02_21_Instance_50538">
    <mentionClass id="CL:1000497">kidney cell</mentionClass>
  </classMention>
  <classMention id="CL_basic_2014_02_21_Instance_20489">
    <mentionClass id="CL:0000066">epithelial cell</mentionClass>
  </classMention>
  <classMention id="CL_basic_2014_02_21_Instance_50540">
    <mentionClass id="CL:1000497">kidney cell</mentionClass>
  </classMention>
  <classMention id="CL_basic_2014_02_21_Instance_20497">
    <mentionClass id="CL:0000066">epithelial cell</mentionClass>
  </classMention>
  <classMention id="CL_basic_2014_02_21_Instance_50529">
    <mentionClass id="CL:0002551">fibroblast of dermis</mentionClass>
  </classMention>
  <classMention id="CL_basic_2014_02_21_Instance_20479">
    <mentionClass id="CL:0000057">fibroblast</mentionClass>
  </classMention>
  <classMention id="CL_basic_2014_02_21_Instance_50535">
    <mentionClass id="CL:1000454">kidney collecting duct epithelial cell</mentionClass>
  </classMention>
  <classMention id="CL_basic_2014_02_21_Instance_20485">
    <mentionClass id="CL:0000019">sperm</mentionClass>
  </classMention>
  <classMention id="CL_basic_2014_02_21_Instance_50548">
    <mentionClass id="CL:0002518">kidney epithelial cell</mentionClass>
  </classMention>
  <classMention id="CL_basic_2014_02_21_Instance_20525">
    <mentionClass id="CL:0000066">epithelial cell</mentionClass>
  </classMention>
  <classMention id="CL_basic_2014_02_21_Instance_50550">
    <mentionClass id="CL:0002518">kidney epithelial cell</mentionClass>
  </classMention>
  <classMention id="CL_basic_2014_02_21_Instance_20561">
    <mentionClass id="CL:0000057">fibroblast</mentionClass>
  </classMention>
  <classMention id="CL_basic_2014_02_21_Instance_50543">
    <mentionClass id="CL:1000617">kidney inner medulla cell</mentionClass>
  </classMention>
  <classMention id="CL_basic_2014_02_21_Instance_20499">
    <mentionClass id="CL:0000019">sperm</mentionClass>
  </classMention>
  <classMention id="CL_basic_2014_02_21_Instance_50546">
    <mentionClass id="CL:1001225">kidney collecting duct cell</mentionClass>
  </classMention>
  <classMention id="CL_basic_2014_02_21_Instance_20501">
    <mentionClass id="CL:0000210">photoreceptor cell</mentionClass>
  </classMention>
  <classMention id="CL_basic_2014_02_21_Instance_50556">
    <mentionClass id="CL:1000497">kidney cell</mentionClass>
  </classMention>
  <classMention id="CL_basic_2014_02_21_Instance_50558">
    <mentionClass id="CL:0000001">primary cultured cell</mentionClass>
  </classMention>
  <classMention id="CL_basic_2014_02_21_Instance_50552">
    <mentionClass id="CL:0000001">primary cultured cell</mentionClass>
  </classMention>
  <classMention id="CL_basic_2014_02_21_Instance_20563">
    <mentionClass id="CL:0000057">fibroblast</mentionClass>
  </classMention>
  <classMention id="CL_basic_2014_02_21_Instance_50554">
    <mentionClass id="CL:0000001">primary cultured cell</mentionClass>
  </classMention>
  <classMention id="CL_basic_2014_02_21_Instance_50569">
    <mentionClass id="CL:1000507">kidney tubule cell</mentionClass>
  </classMention>
  <classMention id="CL_basic_2014_02_21_Instance_50571">
    <mentionClass id="CL:0002518">kidney epithelial cell</mentionClass>
  </classMention>
  <classMention id="CL_basic_2014_02_21_Instance_50561">
    <mentionClass id="CL:1000497">kidney cell</mentionClass>
  </classMention>
  <classMention id="CL_basic_2014_02_21_Instance_50567">
    <mentionClass id="CL:1001225">kidney collecting duct cell</mentionClass>
  </classMention>
  <classMention id="CL_basic_2014_02_21_Instance_50577">
    <mentionClass id="CL:0002681">kidney cortical cell</mentionClass>
  </classMention>
  <classMention id="CL_basic_2014_02_21_Instance_50579">
    <mentionClass id="CL:0002518">kidney epithelial cell</mentionClass>
  </classMention>
  <classMention id="CL_basic_2014_02_21_Instance_50573">
    <mentionClass id="CL:0000001">primary cultured cell</mentionClass>
  </classMention>
  <classMention id="CL_basic_2014_02_21_Instance_50575">
    <mentionClass id="CL:0002518">kidney epithelial cell</mentionClass>
  </classMention>
  <classMention id="CL_basic_2014_02_21_Instance_50585">
    <mentionClass id="CL:1000497">kidney cell</mentionClass>
  </classMention>
  <classMention id="CL_basic_2014_02_21_Instance_50587">
    <mentionClass id="CL:0000001">primary cultured cell</mentionClass>
  </classMention>
  <classMention id="CL_basic_2014_02_21_Instance_50581">
    <mentionClass id="CL:0000001">primary cultured cell</mentionClass>
  </classMention>
  <classMention id="CL_basic_2014_02_21_Instance_50583">
    <mentionClass id="CL:0002518">kidney epithelial cell</mentionClass>
  </classMention>
  <classMention id="CL_basic_2014_02_21_Instance_50594">
    <mentionClass id="CL:1000497">kidney cell</mentionClass>
  </classMention>
  <classMention id="CL_basic_2014_02_21_Instance_50598">
    <mentionClass id="CL:0002584">renal cortical epithelial cell</mentionClass>
  </classMention>
  <classMention id="CL_basic_2014_02_21_Instance_50589">
    <mentionClass id="CL:0000064">ciliated cell</mentionClass>
  </classMention>
  <classMention id="CL_basic_2014_02_21_Instance_50592">
    <mentionClass id="CL:0000001">primary cultured cell</mentionClass>
  </classMention>
  <classMention id="CL_basic_2014_02_21_Instance_10011">
    <mentionClass id="CL:0000445">apoptosis fated cell</mentionClass>
  </classMention>
  <classMention id="CL_basic_2014_02_21_Instance_10021">
    <mentionClass id="CL:0000233">platelet</mentionClass>
  </classMention>
  <classMention id="CL_basic_2014_02_21_Instance_10057">
    <mentionClass id="CL:0000057">fibroblast</mentionClass>
  </classMention>
  <classMention id="CL_basic_2014_02_21_Instance_10023">
    <mentionClass id="CL:0000445">apoptosis fated cell</mentionClass>
  </classMention>
  <classMention id="CL_basic_2014_02_21_Instance_10063">
    <mentionClass id="CL:0000019">sperm</mentionClass>
  </classMention>
  <classMention id="CL_basic_2014_02_21_Instance_10061">
    <mentionClass id="CL:0000057">fibroblast</mentionClass>
  </classMention>
  <classMention id="CL_basic_2014_02_21_Instance_11133">
    <mentionClass id="CL:0000449">brown fat cell</mentionClass>
  </classMention>
  <classMention id="CL_basic_2014_02_21_Instance_10075">
    <mentionClass id="CL:0000445">apoptosis fated cell</mentionClass>
  </classMention>
  <classMention id="CL_basic_2014_02_21_Instance_10073">
    <mentionClass id="CL:0000066">epithelial cell</mentionClass>
  </classMention>
  <classMention id="CL_basic_2014_02_21_Instance_11131">
    <mentionClass id="CL:0000448">white fat cell</mentionClass>
  </classMention>
  <classMention id="CL_basic_2014_02_21_Instance_26613">
    <mentionClass id="CL:0000233">platelet</mentionClass>
  </classMention>
</annotations>

