<?xml version="1.0" encoding="UTF-8"?>
<annotations textSource="17425782.txt">
  <annotation>
    <mention id="CL_basic_2014_02_21_Instance_22973" />
    <annotator id="CL_basic_2014_02_21_Instance_10000">Mike Bada, University of Colorado Anschutz Medical Campus</annotator>
    <span start="1259" end="1271" />
    <spannedText>stromal cell</spannedText>
  </annotation>
  <annotation>
    <mention id="CL_basic_2014_02_21_Instance_22975" />
    <annotator id="CL_basic_2014_02_21_Instance_10000">Mike Bada, University of Colorado Anschutz Medical Campus</annotator>
    <span start="2963" end="2973" />
    <spannedText>glial cell</spannedText>
  </annotation>
  <annotation>
    <mention id="CL_basic_2014_02_21_Instance_22977" />
    <annotator id="CL_basic_2014_02_21_Instance_10000">Mike Bada, University of Colorado Anschutz Medical Campus</annotator>
    <span start="8453" end="8466" />
    <spannedText>stromal cells</spannedText>
  </annotation>
  <annotation>
    <mention id="CL_basic_2014_02_21_Instance_22979" />
    <annotator id="CL_basic_2014_02_21_Instance_10000">Mike Bada, University of Colorado Anschutz Medical Campus</annotator>
    <span start="8552" end="8565" />
    <spannedText>stromal cells</spannedText>
  </annotation>
  <annotation>
    <mention id="CL_basic_2014_02_21_Instance_22983" />
    <annotator id="CL_basic_2014_02_21_Instance_10000">Mike Bada, University of Colorado Anschutz Medical Campus</annotator>
    <span start="9089" end="9101" />
    <spannedText>stromal cell</spannedText>
  </annotation>
  <annotation>
    <mention id="CL_basic_2014_02_21_Instance_22985" />
    <annotator id="CL_basic_2014_02_21_Instance_10000">Mike Bada, University of Colorado Anschutz Medical Campus</annotator>
    <span start="9124" end="9140" />
    <spannedText>Epithelial cells</spannedText>
  </annotation>
  <annotation>
    <mention id="CL_basic_2014_02_21_Instance_50607" />
    <annotator id="CL_basic_2014_02_21_Instance_10000">Mike Bada, University of Colorado Anschutz Medical Campus</annotator>
    <span start="8632" end="8640" />
    <span start="8656" end="8662" />
    <spannedText>cells of ... kidney</spannedText>
  </annotation>
  <annotation>
    <mention id="CL_basic_2014_02_21_Instance_50609" />
    <annotator id="CL_basic_2014_02_21_Instance_10000">Mike Bada, University of Colorado Anschutz Medical Campus</annotator>
    <span start="36044" end="36051" />
    <spannedText>ES cell</spannedText>
  </annotation>
  <annotation>
    <mention id="CL_basic_2014_02_21_Instance_50611" />
    <annotator id="CL_basic_2014_02_21_Instance_10000">Mike Bada, University of Colorado Anschutz Medical Campus</annotator>
    <span start="36657" end="36665" />
    <spannedText>ES cells</spannedText>
  </annotation>
  <annotation>
    <mention id="CL_basic_2014_02_21_Instance_50613" />
    <annotator id="CL_basic_2014_02_21_Instance_10000">Mike Bada, University of Colorado Anschutz Medical Campus</annotator>
    <span start="36690" end="36698" />
    <spannedText>ES cells</spannedText>
  </annotation>
  <classMention id="CL_basic_2014_02_21_Instance_22973">
    <mentionClass id="CL:0000499">stromal cell</mentionClass>
  </classMention>
  <classMention id="CL_basic_2014_02_21_Instance_22985">
    <mentionClass id="CL:0000066">epithelial cell</mentionClass>
  </classMention>
  <classMention id="CL_basic_2014_02_21_Instance_22979">
    <mentionClass id="CL:0000499">stromal cell</mentionClass>
  </classMention>
  <classMention id="CL_basic_2014_02_21_Instance_50611">
    <mentionClass id="CL:0002322">embryonic stem cell</mentionClass>
  </classMention>
  <classMention id="CL_basic_2014_02_21_Instance_22983">
    <mentionClass id="CL:0000499">stromal cell</mentionClass>
  </classMention>
  <classMention id="CL_basic_2014_02_21_Instance_50613">
    <mentionClass id="CL:0002322">embryonic stem cell</mentionClass>
  </classMention>
  <classMention id="CL_basic_2014_02_21_Instance_22975">
    <mentionClass id="CL:0000125">glial cell</mentionClass>
  </classMention>
  <classMention id="CL_basic_2014_02_21_Instance_50607">
    <mentionClass id="CL:1000497">kidney cell</mentionClass>
  </classMention>
  <classMention id="CL_basic_2014_02_21_Instance_22977">
    <mentionClass id="CL:0000499">stromal cell</mentionClass>
  </classMention>
  <classMention id="CL_basic_2014_02_21_Instance_50609">
    <mentionClass id="CL:0002322">embryonic stem cell</mentionClass>
  </classMention>
</annotations>

