<?xml version="1.0" encoding="UTF-8"?>
<annotations textSource="17447844.txt">
  <annotation>
    <mention id="CL_basic_2014_02_21_Instance_10083" />
    <annotator id="CL_basic_2014_02_21_Instance_10000">Mike Bada, University of Colorado Anschutz Medical Campus</annotator>
    <span start="11823" end="11836" />
    <spannedText>spermatogonia</spannedText>
  </annotation>
  <annotation>
    <mention id="CL_basic_2014_02_21_Instance_10087" />
    <annotator id="CL_basic_2014_02_21_Instance_10000">Mike Bada, University of Colorado Anschutz Medical Campus</annotator>
    <span start="16359" end="16372" />
    <spannedText>spermatogonia</spannedText>
  </annotation>
  <annotation>
    <mention id="CL_basic_2014_02_21_Instance_10089" />
    <annotator id="CL_basic_2014_02_21_Instance_10000">Mike Bada, University of Colorado Anschutz Medical Campus</annotator>
    <span start="16807" end="16818" />
    <spannedText>spermatozoa</spannedText>
  </annotation>
  <annotation>
    <mention id="CL_basic_2014_02_21_Instance_10091" />
    <annotator id="CL_basic_2014_02_21_Instance_10000">Mike Bada, University of Colorado Anschutz Medical Campus</annotator>
    <span start="17079" end="17092" />
    <spannedText>spermatogonia</spannedText>
  </annotation>
  <annotation>
    <mention id="CL_basic_2014_02_21_Instance_10093" />
    <annotator id="CL_basic_2014_02_21_Instance_10000">Mike Bada, University of Colorado Anschutz Medical Campus</annotator>
    <span start="17172" end="17192" />
    <spannedText>multinucleated cells</spannedText>
  </annotation>
  <annotation>
    <mention id="CL_basic_2014_02_21_Instance_10095" />
    <annotator id="CL_basic_2014_02_21_Instance_10000">Mike Bada, University of Colorado Anschutz Medical Campus</annotator>
    <span start="17250" end="17265" />
    <spannedText>apoptotic cells</spannedText>
  </annotation>
  <annotation>
    <mention id="CL_basic_2014_02_21_Instance_10097" />
    <annotator id="CL_basic_2014_02_21_Instance_10000">Mike Bada, University of Colorado Anschutz Medical Campus</annotator>
    <span start="18068" end="18083" />
    <spannedText>apoptotic cells</spannedText>
  </annotation>
  <annotation>
    <mention id="CL_basic_2014_02_21_Instance_10099" />
    <annotator id="CL_basic_2014_02_21_Instance_10000">Mike Bada, University of Colorado Anschutz Medical Campus</annotator>
    <span start="18142" end="18157" />
    <spannedText>Apoptotic cells</spannedText>
  </annotation>
  <annotation>
    <mention id="CL_basic_2014_02_21_Instance_10101" />
    <annotator id="CL_basic_2014_02_21_Instance_10000">Mike Bada, University of Colorado Anschutz Medical Campus</annotator>
    <span start="18501" end="18516" />
    <spannedText>apoptotic cells</spannedText>
  </annotation>
  <annotation>
    <mention id="CL_basic_2014_02_21_Instance_10103" />
    <annotator id="CL_basic_2014_02_21_Instance_10000">Mike Bada, University of Colorado Anschutz Medical Campus</annotator>
    <span start="18819" end="18834" />
    <spannedText>apoptotic cells</spannedText>
  </annotation>
  <annotation>
    <mention id="CL_basic_2014_02_21_Instance_10105" />
    <annotator id="CL_basic_2014_02_21_Instance_10000">Mike Bada, University of Colorado Anschutz Medical Campus</annotator>
    <span start="18882" end="18897" />
    <spannedText>apoptotic cells</spannedText>
  </annotation>
  <annotation>
    <mention id="CL_basic_2014_02_21_Instance_10107" />
    <annotator id="CL_basic_2014_02_21_Instance_10000">Mike Bada, University of Colorado Anschutz Medical Campus</annotator>
    <span start="19563" end="19576" />
    <spannedText>spermatogonia</spannedText>
  </annotation>
  <annotation>
    <mention id="CL_basic_2014_02_21_Instance_10109" />
    <annotator id="CL_basic_2014_02_21_Instance_10000">Mike Bada, University of Colorado Anschutz Medical Campus</annotator>
    <span start="21105" end="21118" />
    <spannedText>spermatogonia</spannedText>
  </annotation>
  <annotation>
    <mention id="CL_basic_2014_02_21_Instance_10113" />
    <annotator id="CL_basic_2014_02_21_Instance_10000">Mike Bada, University of Colorado Anschutz Medical Campus</annotator>
    <span start="25465" end="25477" />
    <spannedText>Sertoli cell</spannedText>
  </annotation>
  <annotation>
    <mention id="CL_basic_2014_02_21_Instance_10115" />
    <annotator id="CL_basic_2014_02_21_Instance_10000">Mike Bada, University of Colorado Anschutz Medical Campus</annotator>
    <span start="26296" end="26309" />
    <spannedText>Sertoli cells</spannedText>
  </annotation>
  <annotation>
    <mention id="CL_basic_2014_02_21_Instance_10117" />
    <annotator id="CL_basic_2014_02_21_Instance_10000">Mike Bada, University of Colorado Anschutz Medical Campus</annotator>
    <span start="26454" end="26461" />
    <spannedText>Sertoli</spannedText>
  </annotation>
  <annotation>
    <mention id="CL_basic_2014_02_21_Instance_10119" />
    <annotator id="CL_basic_2014_02_21_Instance_10000">Mike Bada, University of Colorado Anschutz Medical Campus</annotator>
    <span start="40353" end="40362" />
    <spannedText>germ-cell</spannedText>
  </annotation>
  <annotation>
    <mention id="CL_basic_2014_02_21_Instance_10123" />
    <annotator id="CL_basic_2014_02_21_Instance_10000">Mike Bada, University of Colorado Anschutz Medical Campus</annotator>
    <span start="47943" end="47958" />
    <spannedText>apoptotic cells</spannedText>
  </annotation>
  <annotation>
    <mention id="CL_basic_2014_02_21_Instance_10125" />
    <annotator id="CL_basic_2014_02_21_Instance_10000">Mike Bada, University of Colorado Anschutz Medical Campus</annotator>
    <span start="41413" end="41426" />
    <spannedText>spermatogonia</spannedText>
  </annotation>
  <annotation>
    <mention id="CL_basic_2014_02_21_Instance_11535" />
    <annotator id="CL_basic_2014_02_21_Instance_10000">Mike Bada, University of Colorado Anschutz Medical Campus</annotator>
    <span start="8989" end="8993" />
    <span start="9004" end="9014" />
    <spannedText>male ... germ cells</spannedText>
  </annotation>
  <annotation>
    <mention id="CL_basic_2014_02_21_Instance_11537" />
    <annotator id="CL_basic_2014_02_21_Instance_10000">Mike Bada, University of Colorado Anschutz Medical Campus</annotator>
    <span start="41398" end="41407" />
    <spannedText>gonocytes</spannedText>
  </annotation>
  <annotation>
    <mention id="CL_basic_2014_02_21_Instance_12601" />
    <annotator id="CL_basic_2014_02_21_Instance_10000">Mike Bada, University of Colorado Anschutz Medical Campus</annotator>
    <span start="20904" end="20914" />
    <spannedText>Germ Cells</spannedText>
  </annotation>
  <annotation>
    <mention id="CL_basic_2014_02_21_Instance_20569" />
    <annotator id="CL_basic_2014_02_21_Instance_10000">Mike Bada, University of Colorado Anschutz Medical Campus</annotator>
    <span start="195" end="204" />
    <spannedText>germ cell</spannedText>
  </annotation>
  <annotation>
    <mention id="CL_basic_2014_02_21_Instance_20571" />
    <annotator id="CL_basic_2014_02_21_Instance_10000">Mike Bada, University of Colorado Anschutz Medical Campus</annotator>
    <span start="1038" end="1048" />
    <spannedText>germ cells</spannedText>
  </annotation>
  <annotation>
    <mention id="CL_basic_2014_02_21_Instance_20577" />
    <annotator id="CL_basic_2014_02_21_Instance_10000">Mike Bada, University of Colorado Anschutz Medical Campus</annotator>
    <span start="2295" end="2309" />
    <spannedText>male germ cell</spannedText>
  </annotation>
  <annotation>
    <mention id="CL_basic_2014_02_21_Instance_20579" />
    <annotator id="CL_basic_2014_02_21_Instance_10000">Mike Bada, University of Colorado Anschutz Medical Campus</annotator>
    <span start="2495" end="2505" />
    <spannedText>germ cells</spannedText>
  </annotation>
  <annotation>
    <mention id="CL_basic_2014_02_21_Instance_20585" />
    <annotator id="CL_basic_2014_02_21_Instance_10000">Mike Bada, University of Colorado Anschutz Medical Campus</annotator>
    <span start="3334" end="3341" />
    <spannedText>gametes</spannedText>
  </annotation>
  <annotation>
    <mention id="CL_basic_2014_02_21_Instance_20587" />
    <annotator id="CL_basic_2014_02_21_Instance_10000">Mike Bada, University of Colorado Anschutz Medical Campus</annotator>
    <span start="3354" end="3361" />
    <spannedText>Gametes</spannedText>
  </annotation>
  <annotation>
    <mention id="CL_basic_2014_02_21_Instance_20589" />
    <annotator id="CL_basic_2014_02_21_Instance_10000">Mike Bada, University of Colorado Anschutz Medical Campus</annotator>
    <span start="3479" end="3485" />
    <spannedText>zygote</spannedText>
  </annotation>
  <annotation>
    <mention id="CL_basic_2014_02_21_Instance_20591" />
    <annotator id="CL_basic_2014_02_21_Instance_10000">Mike Bada, University of Colorado Anschutz Medical Campus</annotator>
    <span start="3527" end="3534" />
    <spannedText>gametes</spannedText>
  </annotation>
  <annotation>
    <mention id="CL_basic_2014_02_21_Instance_20593" />
    <annotator id="CL_basic_2014_02_21_Instance_10000">Mike Bada, University of Colorado Anschutz Medical Campus</annotator>
    <span start="3601" end="3608" />
    <spannedText>gametes</spannedText>
  </annotation>
  <annotation>
    <mention id="CL_basic_2014_02_21_Instance_20595" />
    <annotator id="CL_basic_2014_02_21_Instance_10000">Mike Bada, University of Colorado Anschutz Medical Campus</annotator>
    <span start="3879" end="3889" />
    <spannedText>germ cells</spannedText>
  </annotation>
  <annotation>
    <mention id="CL_basic_2014_02_21_Instance_20597" />
    <annotator id="CL_basic_2014_02_21_Instance_10000">Mike Bada, University of Colorado Anschutz Medical Campus</annotator>
    <span start="3988" end="3995" />
    <spannedText>oocytes</spannedText>
  </annotation>
  <annotation>
    <mention id="CL_basic_2014_02_21_Instance_20599" />
    <annotator id="CL_basic_2014_02_21_Instance_10000">Mike Bada, University of Colorado Anschutz Medical Campus</annotator>
    <span start="4283" end="4289" />
    <spannedText>oocyte</spannedText>
  </annotation>
  <annotation>
    <mention id="CL_basic_2014_02_21_Instance_20601" />
    <annotator id="CL_basic_2014_02_21_Instance_10000">Mike Bada, University of Colorado Anschutz Medical Campus</annotator>
    <span start="4374" end="4387" />
    <spannedText>spermatocytes</spannedText>
  </annotation>
  <annotation>
    <mention id="CL_basic_2014_02_21_Instance_20603" />
    <annotator id="CL_basic_2014_02_21_Instance_10000">Mike Bada, University of Colorado Anschutz Medical Campus</annotator>
    <span start="4605" end="4611" />
    <spannedText>oocyte</spannedText>
  </annotation>
  <annotation>
    <mention id="CL_basic_2014_02_21_Instance_20605" />
    <annotator id="CL_basic_2014_02_21_Instance_10000">Mike Bada, University of Colorado Anschutz Medical Campus</annotator>
    <span start="4664" end="4669" />
    <spannedText>sperm</spannedText>
  </annotation>
  <annotation>
    <mention id="CL_basic_2014_02_21_Instance_20607" />
    <annotator id="CL_basic_2014_02_21_Instance_10000">Mike Bada, University of Colorado Anschutz Medical Campus</annotator>
    <span start="5276" end="5291" />
    <spannedText>male germ cells</spannedText>
  </annotation>
  <annotation>
    <mention id="CL_basic_2014_02_21_Instance_20609" />
    <annotator id="CL_basic_2014_02_21_Instance_10000">Mike Bada, University of Colorado Anschutz Medical Campus</annotator>
    <span start="8192" end="8202" />
    <spannedText>germ cells</spannedText>
  </annotation>
  <annotation>
    <mention id="CL_basic_2014_02_21_Instance_20611" />
    <annotator id="CL_basic_2014_02_21_Instance_10000">Mike Bada, University of Colorado Anschutz Medical Campus</annotator>
    <span start="8207" end="8220" />
    <spannedText>Sertoli cells</spannedText>
  </annotation>
  <annotation>
    <mention id="CL_basic_2014_02_21_Instance_20613" />
    <annotator id="CL_basic_2014_02_21_Instance_10000">Mike Bada, University of Colorado Anschutz Medical Campus</annotator>
    <span start="8931" end="8941" />
    <spannedText>germ cells</spannedText>
  </annotation>
  <annotation>
    <mention id="CL_basic_2014_02_21_Instance_20617" />
    <annotator id="CL_basic_2014_02_21_Instance_10000">Mike Bada, University of Colorado Anschutz Medical Campus</annotator>
    <span start="11305" end="11318" />
    <spannedText>spermatocytes</spannedText>
  </annotation>
  <annotation>
    <mention id="CL_basic_2014_02_21_Instance_20619" />
    <annotator id="CL_basic_2014_02_21_Instance_10000">Mike Bada, University of Colorado Anschutz Medical Campus</annotator>
    <span start="11718" end="11731" />
    <spannedText>spermatocytes</spannedText>
  </annotation>
  <annotation>
    <mention id="CL_basic_2014_02_21_Instance_20621" />
    <annotator id="CL_basic_2014_02_21_Instance_10000">Mike Bada, University of Colorado Anschutz Medical Campus</annotator>
    <span start="11759" end="11764" />
    <spannedText>sperm</spannedText>
  </annotation>
  <annotation>
    <mention id="CL_basic_2014_02_21_Instance_20623" />
    <annotator id="CL_basic_2014_02_21_Instance_10000">Mike Bada, University of Colorado Anschutz Medical Campus</annotator>
    <span start="11797" end="11806" />
    <spannedText>germ cell</spannedText>
  </annotation>
  <annotation>
    <mention id="CL_basic_2014_02_21_Instance_20625" />
    <annotator id="CL_basic_2014_02_21_Instance_10000">Mike Bada, University of Colorado Anschutz Medical Campus</annotator>
    <span start="11847" end="11857" />
    <spannedText>spermatids</spannedText>
  </annotation>
  <annotation>
    <mention id="CL_basic_2014_02_21_Instance_20629" />
    <annotator id="CL_basic_2014_02_21_Instance_10000">Mike Bada, University of Colorado Anschutz Medical Campus</annotator>
    <span start="11916" end="11929" />
    <spannedText>Sertoli cells</spannedText>
  </annotation>
  <annotation>
    <mention id="CL_basic_2014_02_21_Instance_20633" />
    <annotator id="CL_basic_2014_02_21_Instance_10000">Mike Bada, University of Colorado Anschutz Medical Campus</annotator>
    <span start="11959" end="11971" />
    <spannedText>Leydig cells</spannedText>
  </annotation>
  <annotation>
    <mention id="CL_basic_2014_02_21_Instance_20635" />
    <annotator id="CL_basic_2014_02_21_Instance_10000">Mike Bada, University of Colorado Anschutz Medical Campus</annotator>
    <span start="12110" end="12123" />
    <spannedText>Sertoli cells</spannedText>
  </annotation>
  <annotation>
    <mention id="CL_basic_2014_02_21_Instance_20637" />
    <annotator id="CL_basic_2014_02_21_Instance_10000">Mike Bada, University of Colorado Anschutz Medical Campus</annotator>
    <span start="12217" end="12230" />
    <spannedText>spermatocytes</spannedText>
  </annotation>
  <annotation>
    <mention id="CL_basic_2014_02_21_Instance_20639" />
    <annotator id="CL_basic_2014_02_21_Instance_10000">Mike Bada, University of Colorado Anschutz Medical Campus</annotator>
    <span start="12342" end="12355" />
    <spannedText>spermatocytes</spannedText>
  </annotation>
  <annotation>
    <mention id="CL_basic_2014_02_21_Instance_20641" />
    <annotator id="CL_basic_2014_02_21_Instance_10000">Mike Bada, University of Colorado Anschutz Medical Campus</annotator>
    <span start="13511" end="13516" />
    <spannedText>sperm</spannedText>
  </annotation>
  <annotation>
    <mention id="CL_basic_2014_02_21_Instance_20643" />
    <annotator id="CL_basic_2014_02_21_Instance_10000">Mike Bada, University of Colorado Anschutz Medical Campus</annotator>
    <span start="13579" end="13584" />
    <spannedText>sperm</spannedText>
  </annotation>
  <annotation>
    <mention id="CL_basic_2014_02_21_Instance_20645" />
    <annotator id="CL_basic_2014_02_21_Instance_10000">Mike Bada, University of Colorado Anschutz Medical Campus</annotator>
    <span start="13695" end="13708" />
    <spannedText>spermatocytes</spannedText>
  </annotation>
  <annotation>
    <mention id="CL_basic_2014_02_21_Instance_20653" />
    <annotator id="CL_basic_2014_02_21_Instance_10000">Mike Bada, University of Colorado Anschutz Medical Campus</annotator>
    <span start="16391" end="16401" />
    <spannedText>germ cells</spannedText>
  </annotation>
  <annotation>
    <mention id="CL_basic_2014_02_21_Instance_20655" />
    <annotator id="CL_basic_2014_02_21_Instance_10000">Mike Bada, University of Colorado Anschutz Medical Campus</annotator>
    <span start="16626" end="16636" />
    <spannedText>germ cells</spannedText>
  </annotation>
  <annotation>
    <mention id="CL_basic_2014_02_21_Instance_20657" />
    <annotator id="CL_basic_2014_02_21_Instance_10000">Mike Bada, University of Colorado Anschutz Medical Campus</annotator>
    <span start="16678" end="16688" />
    <spannedText>germ cells</spannedText>
  </annotation>
  <annotation>
    <mention id="CL_basic_2014_02_21_Instance_20659" />
    <annotator id="CL_basic_2014_02_21_Instance_10000">Mike Bada, University of Colorado Anschutz Medical Campus</annotator>
    <span start="16776" end="16786" />
    <spannedText>spermatids</spannedText>
  </annotation>
  <annotation>
    <mention id="CL_basic_2014_02_21_Instance_20663" />
    <annotator id="CL_basic_2014_02_21_Instance_10000">Mike Bada, University of Colorado Anschutz Medical Campus</annotator>
    <span start="16862" end="16871" />
    <spannedText>spermatid</spannedText>
  </annotation>
  <annotation>
    <mention id="CL_basic_2014_02_21_Instance_20665" />
    <annotator id="CL_basic_2014_02_21_Instance_10000">Mike Bada, University of Colorado Anschutz Medical Campus</annotator>
    <span start="17061" end="17074" />
    <spannedText>Sertoli cells</spannedText>
  </annotation>
  <annotation>
    <mention id="CL_basic_2014_02_21_Instance_20667" />
    <annotator id="CL_basic_2014_02_21_Instance_10000">Mike Bada, University of Colorado Anschutz Medical Campus</annotator>
    <span start="17115" end="17136" />
    <spannedText>primary spermatocytes</spannedText>
  </annotation>
  <annotation>
    <mention id="CL_basic_2014_02_21_Instance_20671" />
    <annotator id="CL_basic_2014_02_21_Instance_10000">Mike Bada, University of Colorado Anschutz Medical Campus</annotator>
    <span start="17314" end="17323" />
    <spannedText>Germ Cell</spannedText>
  </annotation>
  <annotation>
    <mention id="CL_basic_2014_02_21_Instance_20673" />
    <annotator id="CL_basic_2014_02_21_Instance_10000">Mike Bada, University of Colorado Anschutz Medical Campus</annotator>
    <span start="17735" end="17748" />
    <spannedText>spermatocytes</spannedText>
  </annotation>
  <annotation>
    <mention id="CL_basic_2014_02_21_Instance_20677" />
    <annotator id="CL_basic_2014_02_21_Instance_10000">Mike Bada, University of Colorado Anschutz Medical Campus</annotator>
    <span start="17868" end="17887" />
    <spannedText>multinucleate cells</spannedText>
  </annotation>
  <annotation>
    <mention id="CL_basic_2014_02_21_Instance_20683" />
    <annotator id="CL_basic_2014_02_21_Instance_10000">Mike Bada, University of Colorado Anschutz Medical Campus</annotator>
    <span start="18979" end="18992" />
    <spannedText>Sertoli cells</spannedText>
  </annotation>
  <annotation>
    <mention id="CL_basic_2014_02_21_Instance_20689" />
    <annotator id="CL_basic_2014_02_21_Instance_10000">Mike Bada, University of Colorado Anschutz Medical Campus</annotator>
    <span start="19360" end="19370" />
    <spannedText>Germ Cells</spannedText>
  </annotation>
  <annotation>
    <mention id="CL_basic_2014_02_21_Instance_20691" />
    <annotator id="CL_basic_2014_02_21_Instance_10000">Mike Bada, University of Colorado Anschutz Medical Campus</annotator>
    <span start="19431" end="19446" />
    <spannedText>male germ cells</spannedText>
  </annotation>
  <annotation>
    <mention id="CL_basic_2014_02_21_Instance_20693" />
    <annotator id="CL_basic_2014_02_21_Instance_10000">Mike Bada, University of Colorado Anschutz Medical Campus</annotator>
    <span start="19513" end="19522" />
    <spannedText>germ cell</spannedText>
  </annotation>
  <annotation>
    <mention id="CL_basic_2014_02_21_Instance_20703" />
    <annotator id="CL_basic_2014_02_21_Instance_10000">Mike Bada, University of Colorado Anschutz Medical Campus</annotator>
    <span start="19851" end="19864" />
    <spannedText>spermatocytes</spannedText>
  </annotation>
  <annotation>
    <mention id="CL_basic_2014_02_21_Instance_20709" />
    <annotator id="CL_basic_2014_02_21_Instance_10000">Mike Bada, University of Colorado Anschutz Medical Campus</annotator>
    <span start="20188" end="20201" />
    <spannedText>spermatocytes</spannedText>
  </annotation>
  <annotation>
    <mention id="CL_basic_2014_02_21_Instance_20711" />
    <annotator id="CL_basic_2014_02_21_Instance_10000">Mike Bada, University of Colorado Anschutz Medical Campus</annotator>
    <span start="20220" end="20230" />
    <spannedText>spermatids</spannedText>
  </annotation>
  <annotation>
    <mention id="CL_basic_2014_02_21_Instance_20717" />
    <annotator id="CL_basic_2014_02_21_Instance_10000">Mike Bada, University of Colorado Anschutz Medical Campus</annotator>
    <span start="20437" end="20449" />
    <spannedText>spermatocyte</spannedText>
  </annotation>
  <annotation>
    <mention id="CL_basic_2014_02_21_Instance_20727" />
    <annotator id="CL_basic_2014_02_21_Instance_10000">Mike Bada, University of Colorado Anschutz Medical Campus</annotator>
    <span start="21188" end="21201" />
    <spannedText>spermatocytes</spannedText>
  </annotation>
  <annotation>
    <mention id="CL_basic_2014_02_21_Instance_20729" />
    <annotator id="CL_basic_2014_02_21_Instance_10000">Mike Bada, University of Colorado Anschutz Medical Campus</annotator>
    <span start="21294" end="21304" />
    <spannedText>germ cells</spannedText>
  </annotation>
  <annotation>
    <mention id="CL_basic_2014_02_21_Instance_20731" />
    <annotator id="CL_basic_2014_02_21_Instance_10000">Mike Bada, University of Colorado Anschutz Medical Campus</annotator>
    <span start="21461" end="21471" />
    <spannedText>germ cells</spannedText>
  </annotation>
  <annotation>
    <mention id="CL_basic_2014_02_21_Instance_20733" />
    <annotator id="CL_basic_2014_02_21_Instance_10000">Mike Bada, University of Colorado Anschutz Medical Campus</annotator>
    <span start="21720" end="21730" />
    <spannedText>Germ Cells</spannedText>
  </annotation>
  <annotation>
    <mention id="CL_basic_2014_02_21_Instance_20735" />
    <annotator id="CL_basic_2014_02_21_Instance_10000">Mike Bada, University of Colorado Anschutz Medical Campus</annotator>
    <span start="22339" end="22352" />
    <spannedText>spermatocytes</spannedText>
  </annotation>
  <annotation>
    <mention id="CL_basic_2014_02_21_Instance_20737" />
    <annotator id="CL_basic_2014_02_21_Instance_10000">Mike Bada, University of Colorado Anschutz Medical Campus</annotator>
    <span start="22528" end="22541" />
    <spannedText>spermatocytes</spannedText>
  </annotation>
  <annotation>
    <mention id="CL_basic_2014_02_21_Instance_20741" />
    <annotator id="CL_basic_2014_02_21_Instance_10000">Mike Bada, University of Colorado Anschutz Medical Campus</annotator>
    <span start="23042" end="23052" />
    <spannedText>Germ Cells</spannedText>
  </annotation>
  <annotation>
    <mention id="CL_basic_2014_02_21_Instance_20749" />
    <annotator id="CL_basic_2014_02_21_Instance_10000">Mike Bada, University of Colorado Anschutz Medical Campus</annotator>
    <span start="23638" end="23651" />
    <spannedText>spermatocytes</spannedText>
  </annotation>
  <annotation>
    <mention id="CL_basic_2014_02_21_Instance_20751" />
    <annotator id="CL_basic_2014_02_21_Instance_10000">Mike Bada, University of Colorado Anschutz Medical Campus</annotator>
    <span start="23701" end="23714" />
    <spannedText>Sertoli Cells</spannedText>
  </annotation>
  <annotation>
    <mention id="CL_basic_2014_02_21_Instance_20753" />
    <annotator id="CL_basic_2014_02_21_Instance_10000">Mike Bada, University of Colorado Anschutz Medical Campus</annotator>
    <span start="23716" end="23729" />
    <spannedText>Sertoli cells</spannedText>
  </annotation>
  <annotation>
    <mention id="CL_basic_2014_02_21_Instance_20755" />
    <annotator id="CL_basic_2014_02_21_Instance_10000">Mike Bada, University of Colorado Anschutz Medical Campus</annotator>
    <span start="23744" end="23754" />
    <spannedText>germ cells</spannedText>
  </annotation>
  <annotation>
    <mention id="CL_basic_2014_02_21_Instance_20757" />
    <annotator id="CL_basic_2014_02_21_Instance_10000">Mike Bada, University of Colorado Anschutz Medical Campus</annotator>
    <span start="23814" end="23823" />
    <spannedText>germ cell</spannedText>
  </annotation>
  <annotation>
    <mention id="CL_basic_2014_02_21_Instance_20759" />
    <annotator id="CL_basic_2014_02_21_Instance_10000">Mike Bada, University of Colorado Anschutz Medical Campus</annotator>
    <span start="23888" end="23901" />
    <spannedText>Sertoli cells</spannedText>
  </annotation>
  <annotation>
    <mention id="CL_basic_2014_02_21_Instance_20761" />
    <annotator id="CL_basic_2014_02_21_Instance_10000">Mike Bada, University of Colorado Anschutz Medical Campus</annotator>
    <span start="23972" end="23984" />
    <spannedText>Sertoli cell</spannedText>
  </annotation>
  <annotation>
    <mention id="CL_basic_2014_02_21_Instance_20763" />
    <annotator id="CL_basic_2014_02_21_Instance_10000">Mike Bada, University of Colorado Anschutz Medical Campus</annotator>
    <span start="24083" end="24095" />
    <spannedText>Sertoli cell</spannedText>
  </annotation>
  <annotation>
    <mention id="CL_basic_2014_02_21_Instance_20765" />
    <annotator id="CL_basic_2014_02_21_Instance_10000">Mike Bada, University of Colorado Anschutz Medical Campus</annotator>
    <span start="24143" end="24155" />
    <spannedText>Sertoli cell</spannedText>
  </annotation>
  <annotation>
    <mention id="CL_basic_2014_02_21_Instance_20767" />
    <annotator id="CL_basic_2014_02_21_Instance_10000">Mike Bada, University of Colorado Anschutz Medical Campus</annotator>
    <span start="24202" end="24215" />
    <spannedText>Sertoli cells</spannedText>
  </annotation>
  <annotation>
    <mention id="CL_basic_2014_02_21_Instance_20769" />
    <annotator id="CL_basic_2014_02_21_Instance_10000">Mike Bada, University of Colorado Anschutz Medical Campus</annotator>
    <span start="24237" end="24249" />
    <spannedText>Sertoli cell</spannedText>
  </annotation>
  <annotation>
    <mention id="CL_basic_2014_02_21_Instance_20771" />
    <annotator id="CL_basic_2014_02_21_Instance_10000">Mike Bada, University of Colorado Anschutz Medical Campus</annotator>
    <span start="24446" end="24459" />
    <spannedText>Sertoli cells</spannedText>
  </annotation>
  <annotation>
    <mention id="CL_basic_2014_02_21_Instance_20773" />
    <annotator id="CL_basic_2014_02_21_Instance_10000">Mike Bada, University of Colorado Anschutz Medical Campus</annotator>
    <span start="24528" end="24540" />
    <spannedText>Sertoli cell</spannedText>
  </annotation>
  <annotation>
    <mention id="CL_basic_2014_02_21_Instance_20775" />
    <annotator id="CL_basic_2014_02_21_Instance_10000">Mike Bada, University of Colorado Anschutz Medical Campus</annotator>
    <span start="24676" end="24686" />
    <spannedText>germ cells</spannedText>
  </annotation>
  <annotation>
    <mention id="CL_basic_2014_02_21_Instance_20777" />
    <annotator id="CL_basic_2014_02_21_Instance_10000">Mike Bada, University of Colorado Anschutz Medical Campus</annotator>
    <span start="24691" end="24704" />
    <spannedText>spermatocytes</spannedText>
  </annotation>
  <annotation>
    <mention id="CL_basic_2014_02_21_Instance_20779" />
    <annotator id="CL_basic_2014_02_21_Instance_10000">Mike Bada, University of Colorado Anschutz Medical Campus</annotator>
    <span start="24753" end="24763" />
    <spannedText>germ cells</spannedText>
  </annotation>
  <annotation>
    <mention id="CL_basic_2014_02_21_Instance_20781" />
    <annotator id="CL_basic_2014_02_21_Instance_10000">Mike Bada, University of Colorado Anschutz Medical Campus</annotator>
    <span start="24820" end="24832" />
    <spannedText>Sertoli Cell</spannedText>
  </annotation>
  <annotation>
    <mention id="CL_basic_2014_02_21_Instance_20783" />
    <annotator id="CL_basic_2014_02_21_Instance_10000">Mike Bada, University of Colorado Anschutz Medical Campus</annotator>
    <span start="25097" end="25109" />
    <spannedText>Sertoli cell</spannedText>
  </annotation>
  <annotation>
    <mention id="CL_basic_2014_02_21_Instance_20785" />
    <annotator id="CL_basic_2014_02_21_Instance_10000">Mike Bada, University of Colorado Anschutz Medical Campus</annotator>
    <span start="25219" end="25231" />
    <spannedText>Sertoli cell</spannedText>
  </annotation>
  <annotation>
    <mention id="CL_basic_2014_02_21_Instance_20787" />
    <annotator id="CL_basic_2014_02_21_Instance_10000">Mike Bada, University of Colorado Anschutz Medical Campus</annotator>
    <span start="25300" end="25313" />
    <spannedText>Sertoli cells</spannedText>
  </annotation>
  <annotation>
    <mention id="CL_basic_2014_02_21_Instance_20789" />
    <annotator id="CL_basic_2014_02_21_Instance_10000">Mike Bada, University of Colorado Anschutz Medical Campus</annotator>
    <span start="25793" end="25805" />
    <spannedText>Sertoli cell</spannedText>
  </annotation>
  <annotation>
    <mention id="CL_basic_2014_02_21_Instance_20791" />
    <annotator id="CL_basic_2014_02_21_Instance_10000">Mike Bada, University of Colorado Anschutz Medical Campus</annotator>
    <span start="25895" end="25907" />
    <spannedText>Sertoli cell</spannedText>
  </annotation>
  <annotation>
    <mention id="CL_basic_2014_02_21_Instance_20793" />
    <annotator id="CL_basic_2014_02_21_Instance_10000">Mike Bada, University of Colorado Anschutz Medical Campus</annotator>
    <span start="25976" end="25985" />
    <spannedText>germ cell</spannedText>
  </annotation>
  <annotation>
    <mention id="CL_basic_2014_02_21_Instance_20795" />
    <annotator id="CL_basic_2014_02_21_Instance_10000">Mike Bada, University of Colorado Anschutz Medical Campus</annotator>
    <span start="26036" end="26048" />
    <spannedText>Sertoli cell</spannedText>
  </annotation>
  <annotation>
    <mention id="CL_basic_2014_02_21_Instance_20797" />
    <annotator id="CL_basic_2014_02_21_Instance_10000">Mike Bada, University of Colorado Anschutz Medical Campus</annotator>
    <span start="26114" end="26126" />
    <spannedText>Sertoli cell</spannedText>
  </annotation>
  <annotation>
    <mention id="CL_basic_2014_02_21_Instance_20799" />
    <annotator id="CL_basic_2014_02_21_Instance_10000">Mike Bada, University of Colorado Anschutz Medical Campus</annotator>
    <span start="26321" end="26331" />
    <spannedText>germ cells</spannedText>
  </annotation>
  <annotation>
    <mention id="CL_basic_2014_02_21_Instance_20801" />
    <annotator id="CL_basic_2014_02_21_Instance_10000">Mike Bada, University of Colorado Anschutz Medical Campus</annotator>
    <span start="26363" end="26376" />
    <spannedText>Sertoli cells</spannedText>
  </annotation>
  <annotation>
    <mention id="CL_basic_2014_02_21_Instance_20803" />
    <annotator id="CL_basic_2014_02_21_Instance_10000">Mike Bada, University of Colorado Anschutz Medical Campus</annotator>
    <span start="26687" end="26692" />
    <spannedText>sperm</spannedText>
  </annotation>
  <annotation>
    <mention id="CL_basic_2014_02_21_Instance_20805" />
    <annotator id="CL_basic_2014_02_21_Instance_10000">Mike Bada, University of Colorado Anschutz Medical Campus</annotator>
    <span start="26781" end="26793" />
    <spannedText>Sertoli cell</spannedText>
  </annotation>
  <annotation>
    <mention id="CL_basic_2014_02_21_Instance_20807" />
    <annotator id="CL_basic_2014_02_21_Instance_10000">Mike Bada, University of Colorado Anschutz Medical Campus</annotator>
    <span start="26903" end="26912" />
    <spannedText>germ cell</spannedText>
  </annotation>
  <annotation>
    <mention id="CL_basic_2014_02_21_Instance_20809" />
    <annotator id="CL_basic_2014_02_21_Instance_10000">Mike Bada, University of Colorado Anschutz Medical Campus</annotator>
    <span start="26973" end="26986" />
    <spannedText>Sertoli cells</spannedText>
  </annotation>
  <annotation>
    <mention id="CL_basic_2014_02_21_Instance_20811" />
    <annotator id="CL_basic_2014_02_21_Instance_10000">Mike Bada, University of Colorado Anschutz Medical Campus</annotator>
    <span start="27025" end="27038" />
    <spannedText>Sertoli cells</spannedText>
  </annotation>
  <annotation>
    <mention id="CL_basic_2014_02_21_Instance_20815" />
    <annotator id="CL_basic_2014_02_21_Instance_10000">Mike Bada, University of Colorado Anschutz Medical Campus</annotator>
    <span start="27195" end="27205" />
    <spannedText>germ cells</spannedText>
  </annotation>
  <annotation>
    <mention id="CL_basic_2014_02_21_Instance_20817" />
    <annotator id="CL_basic_2014_02_21_Instance_10000">Mike Bada, University of Colorado Anschutz Medical Campus</annotator>
    <span start="27422" end="27432" />
    <spannedText>germ cells</spannedText>
  </annotation>
  <annotation>
    <mention id="CL_basic_2014_02_21_Instance_20823" />
    <annotator id="CL_basic_2014_02_21_Instance_10000">Mike Bada, University of Colorado Anschutz Medical Campus</annotator>
    <span start="28246" end="28256" />
    <spannedText>germ cells</spannedText>
  </annotation>
  <annotation>
    <mention id="CL_basic_2014_02_21_Instance_20825" />
    <annotator id="CL_basic_2014_02_21_Instance_10000">Mike Bada, University of Colorado Anschutz Medical Campus</annotator>
    <span start="28432" end="28445" />
    <spannedText>spermatocytes</spannedText>
  </annotation>
  <annotation>
    <mention id="CL_basic_2014_02_21_Instance_20827" />
    <annotator id="CL_basic_2014_02_21_Instance_10000">Mike Bada, University of Colorado Anschutz Medical Campus</annotator>
    <span start="28680" end="28690" />
    <spannedText>germ cells</spannedText>
  </annotation>
  <annotation>
    <mention id="CL_basic_2014_02_21_Instance_20837" />
    <annotator id="CL_basic_2014_02_21_Instance_10000">Mike Bada, University of Colorado Anschutz Medical Campus</annotator>
    <span start="29338" end="29351" />
    <spannedText>spermatocytes</spannedText>
  </annotation>
  <annotation>
    <mention id="CL_basic_2014_02_21_Instance_20839" />
    <annotator id="CL_basic_2014_02_21_Instance_10000">Mike Bada, University of Colorado Anschutz Medical Campus</annotator>
    <span start="29526" end="29536" />
    <spannedText>germ cells</spannedText>
  </annotation>
  <annotation>
    <mention id="CL_basic_2014_02_21_Instance_20847" />
    <annotator id="CL_basic_2014_02_21_Instance_10000">Mike Bada, University of Colorado Anschutz Medical Campus</annotator>
    <span start="30161" end="30171" />
    <spannedText>Germ Cells</spannedText>
  </annotation>
  <annotation>
    <mention id="CL_basic_2014_02_21_Instance_20851" />
    <annotator id="CL_basic_2014_02_21_Instance_10000">Mike Bada, University of Colorado Anschutz Medical Campus</annotator>
    <span start="30740" end="30749" />
    <spannedText>germ cell</spannedText>
  </annotation>
  <annotation>
    <mention id="CL_basic_2014_02_21_Instance_20859" />
    <annotator id="CL_basic_2014_02_21_Instance_10000">Mike Bada, University of Colorado Anschutz Medical Campus</annotator>
    <span start="32056" end="32066" />
    <spannedText>germ cells</spannedText>
  </annotation>
  <annotation>
    <mention id="CL_basic_2014_02_21_Instance_20861" />
    <annotator id="CL_basic_2014_02_21_Instance_10000">Mike Bada, University of Colorado Anschutz Medical Campus</annotator>
    <span start="32129" end="32139" />
    <spannedText>Germ Cells</spannedText>
  </annotation>
  <annotation>
    <mention id="CL_basic_2014_02_21_Instance_20863" />
    <annotator id="CL_basic_2014_02_21_Instance_10000">Mike Bada, University of Colorado Anschutz Medical Campus</annotator>
    <span start="32189" end="32201" />
    <spannedText>spermatocyte</spannedText>
  </annotation>
  <annotation>
    <mention id="CL_basic_2014_02_21_Instance_20865" />
    <annotator id="CL_basic_2014_02_21_Instance_10000">Mike Bada, University of Colorado Anschutz Medical Campus</annotator>
    <span start="32472" end="32485" />
    <spannedText>spermatocytes</spannedText>
  </annotation>
  <annotation>
    <mention id="CL_basic_2014_02_21_Instance_20887" />
    <annotator id="CL_basic_2014_02_21_Instance_10000">Mike Bada, University of Colorado Anschutz Medical Campus</annotator>
    <span start="33670" end="33683" />
    <spannedText>spermatocytes</spannedText>
  </annotation>
  <annotation>
    <mention id="CL_basic_2014_02_21_Instance_20923" />
    <annotator id="CL_basic_2014_02_21_Instance_10000">Mike Bada, University of Colorado Anschutz Medical Campus</annotator>
    <span start="36174" end="36183" />
    <spannedText>germ cell</spannedText>
  </annotation>
  <annotation>
    <mention id="CL_basic_2014_02_21_Instance_20925" />
    <annotator id="CL_basic_2014_02_21_Instance_10000">Mike Bada, University of Colorado Anschutz Medical Campus</annotator>
    <span start="36357" end="36366" />
    <spannedText>germ cell</spannedText>
  </annotation>
  <annotation>
    <mention id="CL_basic_2014_02_21_Instance_20927" />
    <annotator id="CL_basic_2014_02_21_Instance_10000">Mike Bada, University of Colorado Anschutz Medical Campus</annotator>
    <span start="36611" end="36626" />
    <spannedText>male germ cells</spannedText>
  </annotation>
  <annotation>
    <mention id="CL_basic_2014_02_21_Instance_20929" />
    <annotator id="CL_basic_2014_02_21_Instance_10000">Mike Bada, University of Colorado Anschutz Medical Campus</annotator>
    <span start="36751" end="36764" />
    <spannedText>spermatocytes</spannedText>
  </annotation>
  <annotation>
    <mention id="CL_basic_2014_02_21_Instance_20931" />
    <annotator id="CL_basic_2014_02_21_Instance_10000">Mike Bada, University of Colorado Anschutz Medical Campus</annotator>
    <span start="36882" end="36897" />
    <spannedText>male germ cells</spannedText>
  </annotation>
  <annotation>
    <mention id="CL_basic_2014_02_21_Instance_20939" />
    <annotator id="CL_basic_2014_02_21_Instance_10000">Mike Bada, University of Colorado Anschutz Medical Campus</annotator>
    <span start="37966" end="37979" />
    <spannedText>spermatocytes</spannedText>
  </annotation>
  <annotation>
    <mention id="CL_basic_2014_02_21_Instance_20951" />
    <annotator id="CL_basic_2014_02_21_Instance_10000">Mike Bada, University of Colorado Anschutz Medical Campus</annotator>
    <span start="38778" end="38788" />
    <spannedText>germ cells</spannedText>
  </annotation>
  <annotation>
    <mention id="CL_basic_2014_02_21_Instance_20957" />
    <annotator id="CL_basic_2014_02_21_Instance_10000">Mike Bada, University of Colorado Anschutz Medical Campus</annotator>
    <span start="39084" end="39094" />
    <spannedText>germ cells</spannedText>
  </annotation>
  <annotation>
    <mention id="CL_basic_2014_02_21_Instance_20963" />
    <annotator id="CL_basic_2014_02_21_Instance_10000">Mike Bada, University of Colorado Anschutz Medical Campus</annotator>
    <span start="39553" end="39563" />
    <spannedText>germ cells</spannedText>
  </annotation>
  <annotation>
    <mention id="CL_basic_2014_02_21_Instance_20969" />
    <annotator id="CL_basic_2014_02_21_Instance_10000">Mike Bada, University of Colorado Anschutz Medical Campus</annotator>
    <span start="41290" end="41299" />
    <spannedText>germ cell</spannedText>
  </annotation>
  <annotation>
    <mention id="CL_basic_2014_02_21_Instance_20971" />
    <annotator id="CL_basic_2014_02_21_Instance_10000">Mike Bada, University of Colorado Anschutz Medical Campus</annotator>
    <span start="41359" end="41374" />
    <spannedText>male germ cells</spannedText>
  </annotation>
  <annotation>
    <mention id="CL_basic_2014_02_21_Instance_20973" />
    <annotator id="CL_basic_2014_02_21_Instance_10000">Mike Bada, University of Colorado Anschutz Medical Campus</annotator>
    <span start="41442" end="41455" />
    <spannedText>Sertoli cells</spannedText>
  </annotation>
  <annotation>
    <mention id="CL_basic_2014_02_21_Instance_20977" />
    <annotator id="CL_basic_2014_02_21_Instance_10000">Mike Bada, University of Colorado Anschutz Medical Campus</annotator>
    <span start="41588" end="41598" />
    <spannedText>germ cells</spannedText>
  </annotation>
  <annotation>
    <mention id="CL_basic_2014_02_21_Instance_20979" />
    <annotator id="CL_basic_2014_02_21_Instance_10000">Mike Bada, University of Colorado Anschutz Medical Campus</annotator>
    <span start="41620" end="41630" />
    <spannedText>germ cells</spannedText>
  </annotation>
  <annotation>
    <mention id="CL_basic_2014_02_21_Instance_20981" />
    <annotator id="CL_basic_2014_02_21_Instance_10000">Mike Bada, University of Colorado Anschutz Medical Campus</annotator>
    <span start="41703" end="41717" />
    <spannedText>male germ cell</spannedText>
  </annotation>
  <annotation>
    <mention id="CL_basic_2014_02_21_Instance_20983" />
    <annotator id="CL_basic_2014_02_21_Instance_10000">Mike Bada, University of Colorado Anschutz Medical Campus</annotator>
    <span start="41820" end="41827" />
    <spannedText>oocytes</spannedText>
  </annotation>
  <annotation>
    <mention id="CL_basic_2014_02_21_Instance_20991" />
    <annotator id="CL_basic_2014_02_21_Instance_10000">Mike Bada, University of Colorado Anschutz Medical Campus</annotator>
    <span start="50644" end="50657" />
    <spannedText>spermatocytes</spannedText>
  </annotation>
  <annotation>
    <mention id="CL_basic_2014_02_21_Instance_21001" />
    <annotator id="CL_basic_2014_02_21_Instance_10000">Mike Bada, University of Colorado Anschutz Medical Campus</annotator>
    <span start="53016" end="53029" />
    <spannedText>Sertoli Cells</spannedText>
  </annotation>
  <annotation>
    <mention id="CL_basic_2014_02_21_Instance_21003" />
    <annotator id="CL_basic_2014_02_21_Instance_10000">Mike Bada, University of Colorado Anschutz Medical Campus</annotator>
    <span start="53252" end="53264" />
    <spannedText>Sertoli cell</spannedText>
  </annotation>
  <annotation>
    <mention id="CL_basic_2014_02_21_Instance_21007" />
    <annotator id="CL_basic_2014_02_21_Instance_10000">Mike Bada, University of Colorado Anschutz Medical Campus</annotator>
    <span start="53346" end="53358" />
    <spannedText>Sertoli cell</spannedText>
  </annotation>
  <annotation>
    <mention id="CL_basic_2014_02_21_Instance_21009" />
    <annotator id="CL_basic_2014_02_21_Instance_10000">Mike Bada, University of Colorado Anschutz Medical Campus</annotator>
    <span start="53546" end="53558" />
    <spannedText>Spermatocyte</spannedText>
  </annotation>
  <annotation>
    <mention id="CL_basic_2014_02_21_Instance_21011" />
    <annotator id="CL_basic_2014_02_21_Instance_10000">Mike Bada, University of Colorado Anschutz Medical Campus</annotator>
    <span start="53577" end="53590" />
    <spannedText>spermatocytes</spannedText>
  </annotation>
  <annotation>
    <mention id="CL_basic_2014_02_21_Instance_21015" />
    <annotator id="CL_basic_2014_02_21_Instance_10000">Mike Bada, University of Colorado Anschutz Medical Campus</annotator>
    <span start="53906" end="53919" />
    <spannedText>Spermatocytes</spannedText>
  </annotation>
  <annotation>
    <mention id="CL_basic_2014_02_21_Instance_21021" />
    <annotator id="CL_basic_2014_02_21_Instance_10000">Mike Bada, University of Colorado Anschutz Medical Campus</annotator>
    <span start="54120" end="54133" />
    <spannedText>spermatocytes</spannedText>
  </annotation>
  <annotation>
    <mention id="CL_basic_2014_02_21_Instance_50615" />
    <annotator id="CL_basic_2014_02_21_Instance_10000">Mike Bada, University of Colorado Anschutz Medical Campus</annotator>
    <span start="3228" end="3241" />
    <spannedText>somatic cells</spannedText>
  </annotation>
  <annotation>
    <mention id="CL_basic_2014_02_21_Instance_50622" />
    <annotator id="CL_basic_2014_02_21_Instance_10000">Mike Bada, University of Colorado Anschutz Medical Campus</annotator>
    <span start="11894" end="11907" />
    <spannedText>somatic cells</spannedText>
  </annotation>
  <annotation>
    <mention id="CL_basic_2014_02_21_Instance_50625" />
    <annotator id="CL_basic_2014_02_21_Instance_10000">Mike Bada, University of Colorado Anschutz Medical Campus</annotator>
    <span start="11931" end="11954" />
    <spannedText>peritubular myoid cells</spannedText>
  </annotation>
  <annotation>
    <mention id="CL_basic_2014_02_21_Instance_50628" />
    <annotator id="CL_basic_2014_02_21_Instance_10000">Mike Bada, University of Colorado Anschutz Medical Campus</annotator>
    <span start="13862" end="13876" />
    <span start="13882" end="13887" />
    <spannedText>embryonic stem ... cells</spannedText>
  </annotation>
  <annotation>
    <mention id="CL_basic_2014_02_21_Instance_50632" />
    <annotator id="CL_basic_2014_02_21_Instance_10000">Mike Bada, University of Colorado Anschutz Medical Campus</annotator>
    <span start="14612" end="14619" />
    <spannedText>ES cell</spannedText>
  </annotation>
  <annotation>
    <mention id="CL_basic_2014_02_21_Instance_50636" />
    <annotator id="CL_basic_2014_02_21_Instance_10000">Mike Bada, University of Colorado Anschutz Medical Campus</annotator>
    <span start="17197" end="17207" />
    <span start="17223" end="17229" />
    <spannedText>cells with ... nuclei</spannedText>
  </annotation>
  <annotation>
    <mention id="CL_basic_2014_02_21_Instance_50638" />
    <annotator id="CL_basic_2014_02_21_Instance_10000">Mike Bada, University of Colorado Anschutz Medical Campus</annotator>
    <span start="19096" end="19108" />
    <spannedText>somatic cell</spannedText>
  </annotation>
  <annotation>
    <mention id="CL_basic_2014_02_21_Instance_50640" />
    <annotator id="CL_basic_2014_02_21_Instance_10000">Mike Bada, University of Colorado Anschutz Medical Campus</annotator>
    <span start="19554" end="19558" />
    <spannedText>PGCs</spannedText>
  </annotation>
  <annotation>
    <mention id="CL_basic_2014_02_21_Instance_50644" />
    <annotator id="CL_basic_2014_02_21_Instance_10000">Mike Bada, University of Colorado Anschutz Medical Campus</annotator>
    <span start="26472" end="26474" />
    <spannedText>SC</spannedText>
  </annotation>
  <annotation>
    <mention id="CL_basic_2014_02_21_Instance_50647" />
    <annotator id="CL_basic_2014_02_21_Instance_10000">Mike Bada, University of Colorado Anschutz Medical Campus</annotator>
    <span start="26616" end="26618" />
    <spannedText>SC</spannedText>
  </annotation>
  <annotation>
    <mention id="CL_basic_2014_02_21_Instance_50650" />
    <annotator id="CL_basic_2014_02_21_Instance_10000">Mike Bada, University of Colorado Anschutz Medical Campus</annotator>
    <span start="26711" end="26713" />
    <spannedText>SC</spannedText>
  </annotation>
  <annotation>
    <mention id="CL_basic_2014_02_21_Instance_50653" />
    <annotator id="CL_basic_2014_02_21_Instance_10000">Mike Bada, University of Colorado Anschutz Medical Campus</annotator>
    <span start="41221" end="41234" />
    <spannedText>somatic cells</spannedText>
  </annotation>
  <annotation>
    <mention id="CL_basic_2014_02_21_Instance_50655" />
    <annotator id="CL_basic_2014_02_21_Instance_10000">Mike Bada, University of Colorado Anschutz Medical Campus</annotator>
    <span start="45286" end="45294" />
    <spannedText>ES cells</spannedText>
  </annotation>
  <annotation>
    <mention id="CL_basic_2014_02_21_Instance_50657" />
    <annotator id="CL_basic_2014_02_21_Instance_10000">Mike Bada, University of Colorado Anschutz Medical Campus</annotator>
    <span start="45796" end="45803" />
    <spannedText>ES cell</spannedText>
  </annotation>
  <annotation>
    <mention id="CL_basic_2014_02_21_Instance_50660" />
    <annotator id="CL_basic_2014_02_21_Instance_10000">Mike Bada, University of Colorado Anschutz Medical Campus</annotator>
    <span start="52354" end="52361" />
    <spannedText>ES cell</spannedText>
  </annotation>
  <annotation>
    <mention id="CL_basic_2014_02_21_Instance_50662" />
    <annotator id="CL_basic_2014_02_21_Instance_10000">Mike Bada, University of Colorado Anschutz Medical Campus</annotator>
    <span start="52388" end="52395" />
    <spannedText>ES cell</spannedText>
  </annotation>
  <annotation>
    <mention id="CL_basic_2014_02_21_Instance_50664" />
    <annotator id="CL_basic_2014_02_21_Instance_10000">Mike Bada, University of Colorado Anschutz Medical Campus</annotator>
    <span start="53269" end="53291" />
    <spannedText>peritubular myoid cell</spannedText>
  </annotation>
  <annotation>
    <mention id="CL_basic_2014_02_21_Instance_50667" />
    <annotator id="CL_basic_2014_02_21_Instance_10000">Mike Bada, University of Colorado Anschutz Medical Campus</annotator>
    <span start="54953" end="54960" />
    <spannedText>ES cell</spannedText>
  </annotation>
  <annotation>
    <mention id="CL_basic_2014_02_21_Instance_50670" />
    <annotator id="CL_basic_2014_02_21_Instance_10000">Mike Bada, University of Colorado Anschutz Medical Campus</annotator>
    <span start="25501" end="25503" />
    <spannedText>SC</spannedText>
  </annotation>
  <annotation>
    <mention id="CL_basic_2014_02_21_Instance_50673" />
    <annotator id="CL_basic_2014_02_21_Instance_10000">Mike Bada, University of Colorado Anschutz Medical Campus</annotator>
    <span start="25603" end="25605" />
    <spannedText>SC</spannedText>
  </annotation>
  <annotation>
    <mention id="CL_basic_2014_02_21_Instance_50677" />
    <annotator id="CL_basic_2014_02_21_Instance_10000">Mike Bada, University of Colorado Anschutz Medical Campus</annotator>
    <span start="25672" end="25674" />
    <spannedText>SC</spannedText>
  </annotation>
  <annotation>
    <mention id="CL_basic_2014_02_21_Instance_50680" />
    <annotator id="CL_basic_2014_02_21_Instance_10000">Mike Bada, University of Colorado Anschutz Medical Campus</annotator>
    <span start="25864" end="25866" />
    <spannedText>SC</spannedText>
  </annotation>
  <annotation>
    <mention id="CL_basic_2014_02_21_plus_nested_test_Instance_0" />
    <annotator id="CL_basic_2014_02_21_Instance_10000">Mike Bada, University of Colorado Anschutz Medical Campus</annotator>
    <span start="8264" end="8270" />
    <spannedText>ovular</spannedText>
  </annotation>
  <annotation>
    <mention id="CL_basic_2014_02_21_plus_nested_test_Instance_10091" />
    <annotator id="CL_basic_2014_02_21_Instance_10000">Mike Bada, University of Colorado Anschutz Medical Campus</annotator>
    <span start="13878" end="13880" />
    <span start="13882" end="13887" />
    <spannedText>ES ... cells</spannedText>
  </annotation>
  <annotation>
    <mention id="CL_basic_2014_02_21_plus_nested_test_Instance_4" />
    <annotator id="CL_basic_2014_02_21_Instance_10000">Mike Bada, University of Colorado Anschutz Medical Campus</annotator>
    <span start="41772" end="41778" />
    <spannedText>ovular</spannedText>
  </annotation>
  <classMention id="CL_basic_2014_02_21_Instance_20971">
    <mentionClass id="CL:0000015">male germ cell</mentionClass>
  </classMention>
  <classMention id="CL_basic_2014_02_21_Instance_20973">
    <mentionClass id="CL:0000216">Sertoli cell</mentionClass>
  </classMention>
  <classMention id="CL_basic_2014_02_21_Instance_20963">
    <mentionClass id="CL:0000586">germ cell</mentionClass>
  </classMention>
  <classMention id="CL_basic_2014_02_21_Instance_20969">
    <mentionClass id="CL:0000586">germ cell</mentionClass>
  </classMention>
  <classMention id="CL_basic_2014_02_21_Instance_20981">
    <mentionClass id="CL:0000015">male germ cell</mentionClass>
  </classMention>
  <classMention id="CL_basic_2014_02_21_Instance_20983">
    <mentionClass id="CL:0000023">oocyte</mentionClass>
  </classMention>
  <classMention id="CL_basic_2014_02_21_Instance_20977">
    <mentionClass id="CL:0000586">germ cell</mentionClass>
  </classMention>
  <classMention id="CL_basic_2014_02_21_Instance_20979">
    <mentionClass id="CL:0000586">germ cell</mentionClass>
  </classMention>
  <classMention id="CL_basic_2014_02_21_Instance_21003">
    <mentionClass id="CL:0000216">Sertoli cell</mentionClass>
  </classMention>
  <classMention id="CL_basic_2014_02_21_Instance_21007">
    <mentionClass id="CL:0000216">Sertoli cell</mentionClass>
  </classMention>
  <classMention id="CL_basic_2014_02_21_Instance_20991">
    <mentionClass id="CL:0000017">spermatocyte</mentionClass>
  </classMention>
  <classMention id="CL_basic_2014_02_21_Instance_21001">
    <mentionClass id="CL:0000216">Sertoli cell</mentionClass>
  </classMention>
  <classMention id="CL_basic_2014_02_21_Instance_21015">
    <mentionClass id="CL:0000017">spermatocyte</mentionClass>
  </classMention>
  <classMention id="CL_basic_2014_02_21_Instance_21021">
    <mentionClass id="CL:0000017">spermatocyte</mentionClass>
  </classMention>
  <classMention id="CL_basic_2014_02_21_Instance_21009">
    <mentionClass id="CL:0000017">spermatocyte</mentionClass>
  </classMention>
  <classMention id="CL_basic_2014_02_21_Instance_21011">
    <mentionClass id="CL:0000017">spermatocyte</mentionClass>
  </classMention>
  <classMention id="CL_basic_2014_02_21_Instance_20571">
    <mentionClass id="CL:0000586">germ cell</mentionClass>
  </classMention>
  <classMention id="CL_basic_2014_02_21_Instance_11535">
    <mentionClass id="CL:0000015">male germ cell</mentionClass>
  </classMention>
  <classMention id="CL_basic_2014_02_21_Instance_20577">
    <mentionClass id="CL:0000015">male germ cell</mentionClass>
  </classMention>
  <classMention id="CL_basic_2014_02_21_Instance_20569">
    <mentionClass id="CL:0000586">germ cell</mentionClass>
  </classMention>
  <classMention id="CL_basic_2014_02_21_Instance_20587">
    <mentionClass id="CL:0000300">gamete</mentionClass>
  </classMention>
  <classMention id="CL_basic_2014_02_21_Instance_20589">
    <mentionClass id="CL:0000365">zygote</mentionClass>
  </classMention>
  <classMention id="CL_basic_2014_02_21_Instance_11537">
    <mentionClass id="CL:0000670">primordial germ cell</mentionClass>
  </classMention>
  <classMention id="CL_basic_2014_02_21_Instance_20579">
    <mentionClass id="CL:0000586">germ cell</mentionClass>
  </classMention>
  <classMention id="CL_basic_2014_02_21_Instance_20585">
    <mentionClass id="CL:0000300">gamete</mentionClass>
  </classMention>
  <classMention id="CL_basic_2014_02_21_plus_nested_test_Instance_4">
    <mentionClass id="CL:0000025">egg cell</mentionClass>
  </classMention>
  <classMention id="CL_basic_2014_02_21_Instance_20595">
    <mentionClass id="CL:0000586">germ cell</mentionClass>
  </classMention>
  <classMention id="CL_basic_2014_02_21_Instance_20597">
    <mentionClass id="CL:0000023">oocyte</mentionClass>
  </classMention>
  <classMention id="CL_basic_2014_02_21_Instance_20591">
    <mentionClass id="CL:0000300">gamete</mentionClass>
  </classMention>
  <classMention id="CL_basic_2014_02_21_plus_nested_test_Instance_10091">
    <mentionClass id="CL:0002322">embryonic stem cell</mentionClass>
  </classMention>
  <classMention id="CL_basic_2014_02_21_Instance_20593">
    <mentionClass id="CL:0000300">gamete</mentionClass>
  </classMention>
  <classMention id="CL_basic_2014_02_21_Instance_20603">
    <mentionClass id="CL:0000023">oocyte</mentionClass>
  </classMention>
  <classMention id="CL_basic_2014_02_21_Instance_20605">
    <mentionClass id="CL:0000019">sperm</mentionClass>
  </classMention>
  <classMention id="CL_basic_2014_02_21_Instance_20599">
    <mentionClass id="CL:0000023">oocyte</mentionClass>
  </classMention>
  <classMention id="CL_basic_2014_02_21_Instance_20601">
    <mentionClass id="CL:0000017">spermatocyte</mentionClass>
  </classMention>
  <classMention id="CL_basic_2014_02_21_Instance_20611">
    <mentionClass id="CL:0000216">Sertoli cell</mentionClass>
  </classMention>
  <classMention id="CL_basic_2014_02_21_Instance_20613">
    <mentionClass id="CL:0000586">germ cell</mentionClass>
  </classMention>
  <classMention id="CL_basic_2014_02_21_Instance_20607">
    <mentionClass id="CL:0000015">male germ cell</mentionClass>
  </classMention>
  <classMention id="CL_basic_2014_02_21_Instance_20609">
    <mentionClass id="CL:0000586">germ cell</mentionClass>
  </classMention>
  <classMention id="CL_basic_2014_02_21_Instance_20621">
    <mentionClass id="CL:0000019">sperm</mentionClass>
  </classMention>
  <classMention id="CL_basic_2014_02_21_Instance_20623">
    <mentionClass id="CL:0000586">germ cell</mentionClass>
  </classMention>
  <classMention id="CL_basic_2014_02_21_Instance_20617">
    <mentionClass id="CL:0000017">spermatocyte</mentionClass>
  </classMention>
  <classMention id="CL_basic_2014_02_21_Instance_20619">
    <mentionClass id="CL:0000017">spermatocyte</mentionClass>
  </classMention>
  <classMention id="CL_basic_2014_02_21_Instance_20633">
    <mentionClass id="CL:0000178">Leydig cell</mentionClass>
  </classMention>
  <classMention id="CL_basic_2014_02_21_Instance_20635">
    <mentionClass id="CL:0000216">Sertoli cell</mentionClass>
  </classMention>
  <classMention id="CL_basic_2014_02_21_Instance_20625">
    <mentionClass id="CL:0000018">spermatid</mentionClass>
  </classMention>
  <classMention id="CL_basic_2014_02_21_Instance_20629">
    <mentionClass id="CL:0000216">Sertoli cell</mentionClass>
  </classMention>
  <classMention id="CL_basic_2014_02_21_Instance_20641">
    <mentionClass id="CL:0000019">sperm</mentionClass>
  </classMention>
  <classMention id="CL_basic_2014_02_21_Instance_20643">
    <mentionClass id="CL:0000019">sperm</mentionClass>
  </classMention>
  <classMention id="CL_basic_2014_02_21_Instance_20637">
    <mentionClass id="CL:0000017">spermatocyte</mentionClass>
  </classMention>
  <classMention id="CL_basic_2014_02_21_Instance_20639">
    <mentionClass id="CL:0000017">spermatocyte</mentionClass>
  </classMention>
  <classMention id="CL_basic_2014_02_21_Instance_20655">
    <mentionClass id="CL:0000586">germ cell</mentionClass>
  </classMention>
  <classMention id="CL_basic_2014_02_21_Instance_20657">
    <mentionClass id="CL:0000586">germ cell</mentionClass>
  </classMention>
  <classMention id="CL_basic_2014_02_21_Instance_20645">
    <mentionClass id="CL:0000017">spermatocyte</mentionClass>
  </classMention>
  <classMention id="CL_basic_2014_02_21_Instance_20653">
    <mentionClass id="CL:0000586">germ cell</mentionClass>
  </classMention>
  <classMention id="CL_basic_2014_02_21_Instance_20665">
    <mentionClass id="CL:0000216">Sertoli cell</mentionClass>
  </classMention>
  <classMention id="CL_basic_2014_02_21_Instance_20667">
    <mentionClass id="CL:0000656">primary spermatocyte</mentionClass>
  </classMention>
  <classMention id="CL_basic_2014_02_21_Instance_20659">
    <mentionClass id="CL:0000018">spermatid</mentionClass>
  </classMention>
  <classMention id="CL_basic_2014_02_21_Instance_20663">
    <mentionClass id="CL:0000018">spermatid</mentionClass>
  </classMention>
  <classMention id="CL_basic_2014_02_21_Instance_20677">
    <mentionClass id="CL:0000228">multinucleate cell</mentionClass>
  </classMention>
  <classMention id="CL_basic_2014_02_21_Instance_20683">
    <mentionClass id="CL:0000216">Sertoli cell</mentionClass>
  </classMention>
  <classMention id="CL_basic_2014_02_21_Instance_10087">
    <mentionClass id="CL:0000020">spermatogonium</mentionClass>
  </classMention>
  <classMention id="CL_basic_2014_02_21_Instance_20671">
    <mentionClass id="CL:0000586">germ cell</mentionClass>
  </classMention>
  <classMention id="CL_basic_2014_02_21_Instance_12601">
    <mentionClass id="CL:0000586">germ cell</mentionClass>
  </classMention>
  <classMention id="CL_basic_2014_02_21_Instance_10083">
    <mentionClass id="CL:0000020">spermatogonium</mentionClass>
  </classMention>
  <classMention id="CL_basic_2014_02_21_Instance_20673">
    <mentionClass id="CL:0000017">spermatocyte</mentionClass>
  </classMention>
  <classMention id="CL_basic_2014_02_21_Instance_10091">
    <mentionClass id="CL:0000020">spermatogonium</mentionClass>
  </classMention>
  <classMention id="CL_basic_2014_02_21_Instance_20693">
    <mentionClass id="CL:0000586">germ cell</mentionClass>
  </classMention>
  <classMention id="CL_basic_2014_02_21_Instance_10089">
    <mentionClass id="CL:0000019">sperm</mentionClass>
  </classMention>
  <classMention id="CL_basic_2014_02_21_Instance_20703">
    <mentionClass id="CL:0000017">spermatocyte</mentionClass>
  </classMention>
  <classMention id="CL_basic_2014_02_21_Instance_10095">
    <mentionClass id="CL:0000445">apoptosis fated cell</mentionClass>
  </classMention>
  <classMention id="CL_basic_2014_02_21_Instance_20689">
    <mentionClass id="CL:0000586">germ cell</mentionClass>
  </classMention>
  <classMention id="CL_basic_2014_02_21_Instance_10093">
    <mentionClass id="CL:0000228">multinucleate cell</mentionClass>
  </classMention>
  <classMention id="CL_basic_2014_02_21_Instance_20691">
    <mentionClass id="CL:0000015">male germ cell</mentionClass>
  </classMention>
  <classMention id="CL_basic_2014_02_21_Instance_10099">
    <mentionClass id="CL:0000445">apoptosis fated cell</mentionClass>
  </classMention>
  <classMention id="CL_basic_2014_02_21_Instance_20717">
    <mentionClass id="CL:0000017">spermatocyte</mentionClass>
  </classMention>
  <classMention id="CL_basic_2014_02_21_Instance_10097">
    <mentionClass id="CL:0000445">apoptosis fated cell</mentionClass>
  </classMention>
  <classMention id="CL_basic_2014_02_21_Instance_20727">
    <mentionClass id="CL:0000017">spermatocyte</mentionClass>
  </classMention>
  <classMention id="CL_basic_2014_02_21_Instance_10103">
    <mentionClass id="CL:0000445">apoptosis fated cell</mentionClass>
  </classMention>
  <classMention id="CL_basic_2014_02_21_Instance_20709">
    <mentionClass id="CL:0000017">spermatocyte</mentionClass>
  </classMention>
  <classMention id="CL_basic_2014_02_21_Instance_10101">
    <mentionClass id="CL:0000445">apoptosis fated cell</mentionClass>
  </classMention>
  <classMention id="CL_basic_2014_02_21_Instance_20711">
    <mentionClass id="CL:0000018">spermatid</mentionClass>
  </classMention>
  <classMention id="CL_basic_2014_02_21_Instance_10107">
    <mentionClass id="CL:0000020">spermatogonium</mentionClass>
  </classMention>
  <classMention id="CL_basic_2014_02_21_Instance_20733">
    <mentionClass id="CL:0000586">germ cell</mentionClass>
  </classMention>
  <classMention id="CL_basic_2014_02_21_Instance_10105">
    <mentionClass id="CL:0000445">apoptosis fated cell</mentionClass>
  </classMention>
  <classMention id="CL_basic_2014_02_21_Instance_20735">
    <mentionClass id="CL:0000017">spermatocyte</mentionClass>
  </classMention>
  <classMention id="CL_basic_2014_02_21_Instance_10113">
    <mentionClass id="CL:0000216">Sertoli cell</mentionClass>
  </classMention>
  <classMention id="CL_basic_2014_02_21_Instance_20729">
    <mentionClass id="CL:0000586">germ cell</mentionClass>
  </classMention>
  <classMention id="CL_basic_2014_02_21_Instance_10109">
    <mentionClass id="CL:0000020">spermatogonium</mentionClass>
  </classMention>
  <classMention id="CL_basic_2014_02_21_Instance_20731">
    <mentionClass id="CL:0000586">germ cell</mentionClass>
  </classMention>
  <classMention id="CL_basic_2014_02_21_Instance_10117">
    <mentionClass id="CL:0000216">Sertoli cell</mentionClass>
  </classMention>
  <classMention id="CL_basic_2014_02_21_Instance_20749">
    <mentionClass id="CL:0000017">spermatocyte</mentionClass>
  </classMention>
  <classMention id="CL_basic_2014_02_21_Instance_10115">
    <mentionClass id="CL:0000216">Sertoli cell</mentionClass>
  </classMention>
  <classMention id="CL_basic_2014_02_21_Instance_20751">
    <mentionClass id="CL:0000216">Sertoli cell</mentionClass>
  </classMention>
  <classMention id="CL_basic_2014_02_21_Instance_20737">
    <mentionClass id="CL:0000017">spermatocyte</mentionClass>
  </classMention>
  <classMention id="CL_basic_2014_02_21_Instance_10119">
    <mentionClass id="CL:0000586">germ cell</mentionClass>
  </classMention>
  <classMention id="CL_basic_2014_02_21_Instance_20741">
    <mentionClass id="CL:0000586">germ cell</mentionClass>
  </classMention>
  <classMention id="CL_basic_2014_02_21_Instance_10125">
    <mentionClass id="CL:0000020">spermatogonium</mentionClass>
  </classMention>
  <classMention id="CL_basic_2014_02_21_Instance_20757">
    <mentionClass id="CL:0000586">germ cell</mentionClass>
  </classMention>
  <classMention id="CL_basic_2014_02_21_Instance_10123">
    <mentionClass id="CL:0000445">apoptosis fated cell</mentionClass>
  </classMention>
  <classMention id="CL_basic_2014_02_21_Instance_20759">
    <mentionClass id="CL:0000216">Sertoli cell</mentionClass>
  </classMention>
  <classMention id="CL_basic_2014_02_21_Instance_20753">
    <mentionClass id="CL:0000216">Sertoli cell</mentionClass>
  </classMention>
  <classMention id="CL_basic_2014_02_21_Instance_20755">
    <mentionClass id="CL:0000586">germ cell</mentionClass>
  </classMention>
  <classMention id="CL_basic_2014_02_21_Instance_20765">
    <mentionClass id="CL:0000216">Sertoli cell</mentionClass>
  </classMention>
  <classMention id="CL_basic_2014_02_21_Instance_20767">
    <mentionClass id="CL:0000216">Sertoli cell</mentionClass>
  </classMention>
  <classMention id="CL_basic_2014_02_21_Instance_20761">
    <mentionClass id="CL:0000216">Sertoli cell</mentionClass>
  </classMention>
  <classMention id="CL_basic_2014_02_21_Instance_20763">
    <mentionClass id="CL:0000216">Sertoli cell</mentionClass>
  </classMention>
  <classMention id="CL_basic_2014_02_21_Instance_20773">
    <mentionClass id="CL:0000216">Sertoli cell</mentionClass>
  </classMention>
  <classMention id="CL_basic_2014_02_21_Instance_20775">
    <mentionClass id="CL:0000586">germ cell</mentionClass>
  </classMention>
  <classMention id="CL_basic_2014_02_21_Instance_20769">
    <mentionClass id="CL:0000216">Sertoli cell</mentionClass>
  </classMention>
  <classMention id="CL_basic_2014_02_21_Instance_20771">
    <mentionClass id="CL:0000216">Sertoli cell</mentionClass>
  </classMention>
  <classMention id="CL_basic_2014_02_21_Instance_20781">
    <mentionClass id="CL:0000216">Sertoli cell</mentionClass>
  </classMention>
  <classMention id="CL_basic_2014_02_21_Instance_20783">
    <mentionClass id="CL:0000216">Sertoli cell</mentionClass>
  </classMention>
  <classMention id="CL_basic_2014_02_21_Instance_20777">
    <mentionClass id="CL:0000017">spermatocyte</mentionClass>
  </classMention>
  <classMention id="CL_basic_2014_02_21_Instance_20779">
    <mentionClass id="CL:0000586">germ cell</mentionClass>
  </classMention>
  <classMention id="CL_basic_2014_02_21_Instance_20789">
    <mentionClass id="CL:0000216">Sertoli cell</mentionClass>
  </classMention>
  <classMention id="CL_basic_2014_02_21_Instance_20791">
    <mentionClass id="CL:0000216">Sertoli cell</mentionClass>
  </classMention>
  <classMention id="CL_basic_2014_02_21_Instance_20785">
    <mentionClass id="CL:0000216">Sertoli cell</mentionClass>
  </classMention>
  <classMention id="CL_basic_2014_02_21_Instance_20787">
    <mentionClass id="CL:0000216">Sertoli cell</mentionClass>
  </classMention>
  <classMention id="CL_basic_2014_02_21_Instance_20797">
    <mentionClass id="CL:0000216">Sertoli cell</mentionClass>
  </classMention>
  <classMention id="CL_basic_2014_02_21_Instance_20799">
    <mentionClass id="CL:0000586">germ cell</mentionClass>
  </classMention>
  <classMention id="CL_basic_2014_02_21_Instance_20793">
    <mentionClass id="CL:0000586">germ cell</mentionClass>
  </classMention>
  <classMention id="CL_basic_2014_02_21_Instance_20795">
    <mentionClass id="CL:0000216">Sertoli cell</mentionClass>
  </classMention>
  <classMention id="CL_basic_2014_02_21_Instance_20805">
    <mentionClass id="CL:0000216">Sertoli cell</mentionClass>
  </classMention>
  <classMention id="CL_basic_2014_02_21_Instance_20807">
    <mentionClass id="CL:0000586">germ cell</mentionClass>
  </classMention>
  <classMention id="CL_basic_2014_02_21_Instance_20801">
    <mentionClass id="CL:0000216">Sertoli cell</mentionClass>
  </classMention>
  <classMention id="CL_basic_2014_02_21_Instance_20803">
    <mentionClass id="CL:0000019">sperm</mentionClass>
  </classMention>
  <classMention id="CL_basic_2014_02_21_Instance_50625">
    <mentionClass id="CL:0002481">peritubular myoid cell</mentionClass>
  </classMention>
  <classMention id="CL_basic_2014_02_21_Instance_20815">
    <mentionClass id="CL:0000586">germ cell</mentionClass>
  </classMention>
  <classMention id="CL_basic_2014_02_21_Instance_50628">
    <mentionClass id="CL:0002322">embryonic stem cell</mentionClass>
  </classMention>
  <classMention id="CL_basic_2014_02_21_Instance_20817">
    <mentionClass id="CL:0000586">germ cell</mentionClass>
  </classMention>
  <classMention id="CL_basic_2014_02_21_Instance_50615">
    <mentionClass id="CL:0002371">somatic cell</mentionClass>
  </classMention>
  <classMention id="CL_basic_2014_02_21_Instance_20809">
    <mentionClass id="CL:0000216">Sertoli cell</mentionClass>
  </classMention>
  <classMention id="CL_basic_2014_02_21_Instance_50622">
    <mentionClass id="CL:0002371">somatic cell</mentionClass>
  </classMention>
  <classMention id="CL_basic_2014_02_21_Instance_20811">
    <mentionClass id="CL:0000216">Sertoli cell</mentionClass>
  </classMention>
  <classMention id="CL_basic_2014_02_21_Instance_50638">
    <mentionClass id="CL:0002371">somatic cell</mentionClass>
  </classMention>
  <classMention id="CL_basic_2014_02_21_Instance_20827">
    <mentionClass id="CL:0000586">germ cell</mentionClass>
  </classMention>
  <classMention id="CL_basic_2014_02_21_Instance_50640">
    <mentionClass id="CL:0000670">primordial germ cell</mentionClass>
  </classMention>
  <classMention id="CL_basic_2014_02_21_Instance_20837">
    <mentionClass id="CL:0000017">spermatocyte</mentionClass>
  </classMention>
  <classMention id="CL_basic_2014_02_21_Instance_50632">
    <mentionClass id="CL:0002322">embryonic stem cell</mentionClass>
  </classMention>
  <classMention id="CL_basic_2014_02_21_Instance_20823">
    <mentionClass id="CL:0000586">germ cell</mentionClass>
  </classMention>
  <classMention id="CL_basic_2014_02_21_Instance_50636">
    <mentionClass id="CL:0002242">nucleate cell</mentionClass>
  </classMention>
  <classMention id="CL_basic_2014_02_21_plus_nested_test_Instance_0">
    <mentionClass id="CL:0000025">egg cell</mentionClass>
  </classMention>
  <classMention id="CL_basic_2014_02_21_Instance_20825">
    <mentionClass id="CL:0000017">spermatocyte</mentionClass>
  </classMention>
  <classMention id="CL_basic_2014_02_21_Instance_50650">
    <mentionClass id="CL:0000216">Sertoli cell</mentionClass>
  </classMention>
  <classMention id="CL_basic_2014_02_21_Instance_20851">
    <mentionClass id="CL:0000586">germ cell</mentionClass>
  </classMention>
  <classMention id="CL_basic_2014_02_21_Instance_50653">
    <mentionClass id="CL:0002371">somatic cell</mentionClass>
  </classMention>
  <classMention id="CL_basic_2014_02_21_Instance_20859">
    <mentionClass id="CL:0000586">germ cell</mentionClass>
  </classMention>
  <classMention id="CL_basic_2014_02_21_Instance_50644">
    <mentionClass id="CL:0000216">Sertoli cell</mentionClass>
  </classMention>
  <classMention id="CL_basic_2014_02_21_Instance_20839">
    <mentionClass id="CL:0000586">germ cell</mentionClass>
  </classMention>
  <classMention id="CL_basic_2014_02_21_Instance_50647">
    <mentionClass id="CL:0000216">Sertoli cell</mentionClass>
  </classMention>
  <classMention id="CL_basic_2014_02_21_Instance_20847">
    <mentionClass id="CL:0000586">germ cell</mentionClass>
  </classMention>
  <classMention id="CL_basic_2014_02_21_Instance_50660">
    <mentionClass id="CL:0002322">embryonic stem cell</mentionClass>
  </classMention>
  <classMention id="CL_basic_2014_02_21_Instance_20865">
    <mentionClass id="CL:0000017">spermatocyte</mentionClass>
  </classMention>
  <classMention id="CL_basic_2014_02_21_Instance_50662">
    <mentionClass id="CL:0002322">embryonic stem cell</mentionClass>
  </classMention>
  <classMention id="CL_basic_2014_02_21_Instance_20887">
    <mentionClass id="CL:0000017">spermatocyte</mentionClass>
  </classMention>
  <classMention id="CL_basic_2014_02_21_Instance_50655">
    <mentionClass id="CL:0002322">embryonic stem cell</mentionClass>
  </classMention>
  <classMention id="CL_basic_2014_02_21_Instance_20861">
    <mentionClass id="CL:0000586">germ cell</mentionClass>
  </classMention>
  <classMention id="CL_basic_2014_02_21_Instance_50657">
    <mentionClass id="CL:0002322">embryonic stem cell</mentionClass>
  </classMention>
  <classMention id="CL_basic_2014_02_21_Instance_20863">
    <mentionClass id="CL:0000017">spermatocyte</mentionClass>
  </classMention>
  <classMention id="CL_basic_2014_02_21_Instance_50670">
    <mentionClass id="CL:0000216">Sertoli cell</mentionClass>
  </classMention>
  <classMention id="CL_basic_2014_02_21_Instance_20927">
    <mentionClass id="CL:0000015">male germ cell</mentionClass>
  </classMention>
  <classMention id="CL_basic_2014_02_21_Instance_50673">
    <mentionClass id="CL:0000216">Sertoli cell</mentionClass>
  </classMention>
  <classMention id="CL_basic_2014_02_21_Instance_20929">
    <mentionClass id="CL:0000017">spermatocyte</mentionClass>
  </classMention>
  <classMention id="CL_basic_2014_02_21_Instance_50664">
    <mentionClass id="CL:0002481">peritubular myoid cell</mentionClass>
  </classMention>
  <classMention id="CL_basic_2014_02_21_Instance_20923">
    <mentionClass id="CL:0000586">germ cell</mentionClass>
  </classMention>
  <classMention id="CL_basic_2014_02_21_Instance_50667">
    <mentionClass id="CL:0002322">embryonic stem cell</mentionClass>
  </classMention>
  <classMention id="CL_basic_2014_02_21_Instance_20925">
    <mentionClass id="CL:0000586">germ cell</mentionClass>
  </classMention>
  <classMention id="CL_basic_2014_02_21_Instance_20951">
    <mentionClass id="CL:0000586">germ cell</mentionClass>
  </classMention>
  <classMention id="CL_basic_2014_02_21_Instance_20957">
    <mentionClass id="CL:0000586">germ cell</mentionClass>
  </classMention>
  <classMention id="CL_basic_2014_02_21_Instance_50677">
    <mentionClass id="CL:0000216">Sertoli cell</mentionClass>
  </classMention>
  <classMention id="CL_basic_2014_02_21_Instance_20931">
    <mentionClass id="CL:0000015">male germ cell</mentionClass>
  </classMention>
  <classMention id="CL_basic_2014_02_21_Instance_50680">
    <mentionClass id="CL:0000216">Sertoli cell</mentionClass>
  </classMention>
  <classMention id="CL_basic_2014_02_21_Instance_20939">
    <mentionClass id="CL:0000017">spermatocyte</mentionClass>
  </classMention>
</annotations>

