<?xml version="1.0" encoding="UTF-8"?>
<annotations textSource="17696610.txt">
  <annotation>
    <mention id="CL_basic_2014_02_21_Instance_10985" />
    <annotator id="CL_basic_2014_02_21_Instance_10000">Mike Bada, University of Colorado Anschutz Medical Campus</annotator>
    <span start="8989" end="9002" />
    <spannedText>spermatogonia</spannedText>
  </annotation>
  <annotation>
    <mention id="CL_basic_2014_02_21_Instance_10987" />
    <annotator id="CL_basic_2014_02_21_Instance_10000">Mike Bada, University of Colorado Anschutz Medical Campus</annotator>
    <span start="12279" end="12292" />
    <spannedText>spermatogonia</spannedText>
  </annotation>
  <annotation>
    <mention id="CL_basic_2014_02_21_Instance_10989" />
    <annotator id="CL_basic_2014_02_21_Instance_10000">Mike Bada, University of Colorado Anschutz Medical Campus</annotator>
    <span start="16265" end="16271" />
    <spannedText>gamete</spannedText>
  </annotation>
  <annotation>
    <mention id="CL_basic_2014_02_21_Instance_10991" />
    <annotator id="CL_basic_2014_02_21_Instance_10000">Mike Bada, University of Colorado Anschutz Medical Campus</annotator>
    <span start="25346" end="25359" />
    <spannedText>spermatogonia</spannedText>
  </annotation>
  <annotation>
    <mention id="CL_basic_2014_02_21_Instance_21577" />
    <annotator id="CL_basic_2014_02_21_Instance_10000">Mike Bada, University of Colorado Anschutz Medical Campus</annotator>
    <span start="571" end="583" />
    <spannedText>spermatocyte</spannedText>
  </annotation>
  <annotation>
    <mention id="CL_basic_2014_02_21_Instance_21579" />
    <annotator id="CL_basic_2014_02_21_Instance_10000">Mike Bada, University of Colorado Anschutz Medical Campus</annotator>
    <span start="615" end="622" />
    <spannedText>oocytes</spannedText>
  </annotation>
  <annotation>
    <mention id="CL_basic_2014_02_21_Instance_21581" />
    <annotator id="CL_basic_2014_02_21_Instance_10000">Mike Bada, University of Colorado Anschutz Medical Campus</annotator>
    <span start="663" end="676" />
    <spannedText>spermatocytes</spannedText>
  </annotation>
  <annotation>
    <mention id="CL_basic_2014_02_21_Instance_21583" />
    <annotator id="CL_basic_2014_02_21_Instance_10000">Mike Bada, University of Colorado Anschutz Medical Campus</annotator>
    <span start="889" end="902" />
    <spannedText>spermatocytes</spannedText>
  </annotation>
  <annotation>
    <mention id="CL_basic_2014_02_21_Instance_21585" />
    <annotator id="CL_basic_2014_02_21_Instance_10000">Mike Bada, University of Colorado Anschutz Medical Campus</annotator>
    <span start="1635" end="1640" />
    <spannedText>sperm</spannedText>
  </annotation>
  <annotation>
    <mention id="CL_basic_2014_02_21_Instance_21587" />
    <annotator id="CL_basic_2014_02_21_Instance_10000">Mike Bada, University of Colorado Anschutz Medical Campus</annotator>
    <span start="1645" end="1649" />
    <spannedText>eggs</spannedText>
  </annotation>
  <annotation>
    <mention id="CL_basic_2014_02_21_Instance_21595" />
    <annotator id="CL_basic_2014_02_21_Instance_10000">Mike Bada, University of Colorado Anschutz Medical Campus</annotator>
    <span start="2279" end="2284" />
    <spannedText>sperm</spannedText>
  </annotation>
  <annotation>
    <mention id="CL_basic_2014_02_21_Instance_21597" />
    <annotator id="CL_basic_2014_02_21_Instance_10000">Mike Bada, University of Colorado Anschutz Medical Campus</annotator>
    <span start="2288" end="2292" />
    <spannedText>eggs</spannedText>
  </annotation>
  <annotation>
    <mention id="CL_basic_2014_02_21_Instance_21599" />
    <annotator id="CL_basic_2014_02_21_Instance_10000">Mike Bada, University of Colorado Anschutz Medical Campus</annotator>
    <span start="2716" end="2723" />
    <spannedText>oocytes</spannedText>
  </annotation>
  <annotation>
    <mention id="CL_basic_2014_02_21_Instance_21601" />
    <annotator id="CL_basic_2014_02_21_Instance_10000">Mike Bada, University of Colorado Anschutz Medical Campus</annotator>
    <span start="2728" end="2741" />
    <spannedText>spermatocytes</spannedText>
  </annotation>
  <annotation>
    <mention id="CL_basic_2014_02_21_Instance_21605" />
    <annotator id="CL_basic_2014_02_21_Instance_10000">Mike Bada, University of Colorado Anschutz Medical Campus</annotator>
    <span start="2957" end="2964" />
    <spannedText>gametes</spannedText>
  </annotation>
  <annotation>
    <mention id="CL_basic_2014_02_21_Instance_21611" />
    <annotator id="CL_basic_2014_02_21_Instance_10000">Mike Bada, University of Colorado Anschutz Medical Campus</annotator>
    <span start="4910" end="4923" />
    <spannedText>spermatocytes</spannedText>
  </annotation>
  <annotation>
    <mention id="CL_basic_2014_02_21_Instance_21613" />
    <annotator id="CL_basic_2014_02_21_Instance_10000">Mike Bada, University of Colorado Anschutz Medical Campus</annotator>
    <span start="4928" end="4935" />
    <spannedText>oocytes</spannedText>
  </annotation>
  <annotation>
    <mention id="CL_basic_2014_02_21_Instance_21615" />
    <annotator id="CL_basic_2014_02_21_Instance_10000">Mike Bada, University of Colorado Anschutz Medical Campus</annotator>
    <span start="5055" end="5068" />
    <spannedText>spermatocytes</spannedText>
  </annotation>
  <annotation>
    <mention id="CL_basic_2014_02_21_Instance_21617" />
    <annotator id="CL_basic_2014_02_21_Instance_10000">Mike Bada, University of Colorado Anschutz Medical Campus</annotator>
    <span start="5141" end="5148" />
    <spannedText>oocytes</spannedText>
  </annotation>
  <annotation>
    <mention id="CL_basic_2014_02_21_Instance_21621" />
    <annotator id="CL_basic_2014_02_21_Instance_10000">Mike Bada, University of Colorado Anschutz Medical Campus</annotator>
    <span start="7378" end="7385" />
    <spannedText>oocytes</spannedText>
  </annotation>
  <annotation>
    <mention id="CL_basic_2014_02_21_Instance_21623" />
    <annotator id="CL_basic_2014_02_21_Instance_10000">Mike Bada, University of Colorado Anschutz Medical Campus</annotator>
    <span start="9019" end="9032" />
    <spannedText>spermatocytes</spannedText>
  </annotation>
  <annotation>
    <mention id="CL_basic_2014_02_21_Instance_21625" />
    <annotator id="CL_basic_2014_02_21_Instance_10000">Mike Bada, University of Colorado Anschutz Medical Campus</annotator>
    <span start="9059" end="9072" />
    <spannedText>spermatocytes</spannedText>
  </annotation>
  <annotation>
    <mention id="CL_basic_2014_02_21_Instance_21627" />
    <annotator id="CL_basic_2014_02_21_Instance_10000">Mike Bada, University of Colorado Anschutz Medical Campus</annotator>
    <span start="9102" end="9115" />
    <spannedText>spermatocytes</spannedText>
  </annotation>
  <annotation>
    <mention id="CL_basic_2014_02_21_Instance_21631" />
    <annotator id="CL_basic_2014_02_21_Instance_10000">Mike Bada, University of Colorado Anschutz Medical Campus</annotator>
    <span start="9390" end="9403" />
    <spannedText>spermatocytes</spannedText>
  </annotation>
  <annotation>
    <mention id="CL_basic_2014_02_21_Instance_21633" />
    <annotator id="CL_basic_2014_02_21_Instance_10000">Mike Bada, University of Colorado Anschutz Medical Campus</annotator>
    <span start="9574" end="9587" />
    <spannedText>spermatocytes</spannedText>
  </annotation>
  <annotation>
    <mention id="CL_basic_2014_02_21_Instance_21637" />
    <annotator id="CL_basic_2014_02_21_Instance_10000">Mike Bada, University of Colorado Anschutz Medical Campus</annotator>
    <span start="10904" end="10917" />
    <spannedText>spermatocytes</spannedText>
  </annotation>
  <annotation>
    <mention id="CL_basic_2014_02_21_Instance_21639" />
    <annotator id="CL_basic_2014_02_21_Instance_10000">Mike Bada, University of Colorado Anschutz Medical Campus</annotator>
    <span start="11961" end="11970" />
    <spannedText>germ cell</spannedText>
  </annotation>
  <annotation>
    <mention id="CL_basic_2014_02_21_Instance_21643" />
    <annotator id="CL_basic_2014_02_21_Instance_10000">Mike Bada, University of Colorado Anschutz Medical Campus</annotator>
    <span start="12307" end="12320" />
    <spannedText>spermatocytes</spannedText>
  </annotation>
  <annotation>
    <mention id="CL_basic_2014_02_21_Instance_21645" />
    <annotator id="CL_basic_2014_02_21_Instance_10000">Mike Bada, University of Colorado Anschutz Medical Campus</annotator>
    <span start="12353" end="12366" />
    <spannedText>spermatocytes</spannedText>
  </annotation>
  <annotation>
    <mention id="CL_basic_2014_02_21_Instance_21647" />
    <annotator id="CL_basic_2014_02_21_Instance_10000">Mike Bada, University of Colorado Anschutz Medical Campus</annotator>
    <span start="12445" end="12458" />
    <spannedText>spermatocytes</spannedText>
  </annotation>
  <annotation>
    <mention id="CL_basic_2014_02_21_Instance_21649" />
    <annotator id="CL_basic_2014_02_21_Instance_10000">Mike Bada, University of Colorado Anschutz Medical Campus</annotator>
    <span start="12704" end="12716" />
    <spannedText>spermatocyte</spannedText>
  </annotation>
  <annotation>
    <mention id="CL_basic_2014_02_21_Instance_21651" />
    <annotator id="CL_basic_2014_02_21_Instance_10000">Mike Bada, University of Colorado Anschutz Medical Campus</annotator>
    <span start="13254" end="13260" />
    <spannedText>oocyte</spannedText>
  </annotation>
  <annotation>
    <mention id="CL_basic_2014_02_21_Instance_21691" />
    <annotator id="CL_basic_2014_02_21_Instance_10000">Mike Bada, University of Colorado Anschutz Medical Campus</annotator>
    <span start="13435" end="13442" />
    <spannedText>oocytes</spannedText>
  </annotation>
  <annotation>
    <mention id="CL_basic_2014_02_21_Instance_21693" />
    <annotator id="CL_basic_2014_02_21_Instance_10000">Mike Bada, University of Colorado Anschutz Medical Campus</annotator>
    <span start="13496" end="13503" />
    <spannedText>oocytes</spannedText>
  </annotation>
  <annotation>
    <mention id="CL_basic_2014_02_21_Instance_21695" />
    <annotator id="CL_basic_2014_02_21_Instance_10000">Mike Bada, University of Colorado Anschutz Medical Campus</annotator>
    <span start="13574" end="13581" />
    <spannedText>oocytes</spannedText>
  </annotation>
  <annotation>
    <mention id="CL_basic_2014_02_21_Instance_21697" />
    <annotator id="CL_basic_2014_02_21_Instance_10000">Mike Bada, University of Colorado Anschutz Medical Campus</annotator>
    <span start="13695" end="13702" />
    <spannedText>oocytes</spannedText>
  </annotation>
  <annotation>
    <mention id="CL_basic_2014_02_21_Instance_21699" />
    <annotator id="CL_basic_2014_02_21_Instance_10000">Mike Bada, University of Colorado Anschutz Medical Campus</annotator>
    <span start="14014" end="14021" />
    <spannedText>oocytes</spannedText>
  </annotation>
  <annotation>
    <mention id="CL_basic_2014_02_21_Instance_21701" />
    <annotator id="CL_basic_2014_02_21_Instance_10000">Mike Bada, University of Colorado Anschutz Medical Campus</annotator>
    <span start="14078" end="14085" />
    <spannedText>oocytes</spannedText>
  </annotation>
  <annotation>
    <mention id="CL_basic_2014_02_21_Instance_21703" />
    <annotator id="CL_basic_2014_02_21_Instance_10000">Mike Bada, University of Colorado Anschutz Medical Campus</annotator>
    <span start="14170" end="14177" />
    <spannedText>oocytes</spannedText>
  </annotation>
  <annotation>
    <mention id="CL_basic_2014_02_21_Instance_21705" />
    <annotator id="CL_basic_2014_02_21_Instance_10000">Mike Bada, University of Colorado Anschutz Medical Campus</annotator>
    <span start="14364" end="14374" />
    <spannedText>spermatids</spannedText>
  </annotation>
  <annotation>
    <mention id="CL_basic_2014_02_21_Instance_21707" />
    <annotator id="CL_basic_2014_02_21_Instance_10000">Mike Bada, University of Colorado Anschutz Medical Campus</annotator>
    <span start="14421" end="14434" />
    <spannedText>spermatocytes</spannedText>
  </annotation>
  <annotation>
    <mention id="CL_basic_2014_02_21_Instance_21709" />
    <annotator id="CL_basic_2014_02_21_Instance_10000">Mike Bada, University of Colorado Anschutz Medical Campus</annotator>
    <span start="14510" end="14523" />
    <spannedText>spermatocytes</spannedText>
  </annotation>
  <annotation>
    <mention id="CL_basic_2014_02_21_Instance_21711" />
    <annotator id="CL_basic_2014_02_21_Instance_10000">Mike Bada, University of Colorado Anschutz Medical Campus</annotator>
    <span start="14728" end="14741" />
    <spannedText>spermatocytes</spannedText>
  </annotation>
  <annotation>
    <mention id="CL_basic_2014_02_21_Instance_21715" />
    <annotator id="CL_basic_2014_02_21_Instance_10000">Mike Bada, University of Colorado Anschutz Medical Campus</annotator>
    <span start="15744" end="15757" />
    <spannedText>spermatocytes</spannedText>
  </annotation>
  <annotation>
    <mention id="CL_basic_2014_02_21_Instance_21717" />
    <annotator id="CL_basic_2014_02_21_Instance_10000">Mike Bada, University of Colorado Anschutz Medical Campus</annotator>
    <span start="16065" end="16075" />
    <spannedText>spermatids</spannedText>
  </annotation>
  <annotation>
    <mention id="CL_basic_2014_02_21_Instance_21719" />
    <annotator id="CL_basic_2014_02_21_Instance_10000">Mike Bada, University of Colorado Anschutz Medical Campus</annotator>
    <span start="16126" end="16131" />
    <spannedText>sperm</spannedText>
  </annotation>
  <annotation>
    <mention id="CL_basic_2014_02_21_Instance_21721" />
    <annotator id="CL_basic_2014_02_21_Instance_10000">Mike Bada, University of Colorado Anschutz Medical Campus</annotator>
    <span start="16484" end="16497" />
    <spannedText>spermatocytes</spannedText>
  </annotation>
  <annotation>
    <mention id="CL_basic_2014_02_21_Instance_21723" />
    <annotator id="CL_basic_2014_02_21_Instance_10000">Mike Bada, University of Colorado Anschutz Medical Campus</annotator>
    <span start="16681" end="16693" />
    <spannedText>spermatocyte</spannedText>
  </annotation>
  <annotation>
    <mention id="CL_basic_2014_02_21_Instance_21725" />
    <annotator id="CL_basic_2014_02_21_Instance_10000">Mike Bada, University of Colorado Anschutz Medical Campus</annotator>
    <span start="17041" end="17054" />
    <spannedText>spermatocytes</spannedText>
  </annotation>
  <annotation>
    <mention id="CL_basic_2014_02_21_Instance_21727" />
    <annotator id="CL_basic_2014_02_21_Instance_10000">Mike Bada, University of Colorado Anschutz Medical Campus</annotator>
    <span start="17383" end="17396" />
    <spannedText>spermatocytes</spannedText>
  </annotation>
  <annotation>
    <mention id="CL_basic_2014_02_21_Instance_21729" />
    <annotator id="CL_basic_2014_02_21_Instance_10000">Mike Bada, University of Colorado Anschutz Medical Campus</annotator>
    <span start="17455" end="17462" />
    <spannedText>oocytes</spannedText>
  </annotation>
  <annotation>
    <mention id="CL_basic_2014_02_21_Instance_21731" />
    <annotator id="CL_basic_2014_02_21_Instance_10000">Mike Bada, University of Colorado Anschutz Medical Campus</annotator>
    <span start="17693" end="17705" />
    <spannedText>Spermatocyte</spannedText>
  </annotation>
  <annotation>
    <mention id="CL_basic_2014_02_21_Instance_21735" />
    <annotator id="CL_basic_2014_02_21_Instance_10000">Mike Bada, University of Colorado Anschutz Medical Campus</annotator>
    <span start="18000" end="18013" />
    <spannedText>spermatocytes</spannedText>
  </annotation>
  <annotation>
    <mention id="CL_basic_2014_02_21_Instance_21737" />
    <annotator id="CL_basic_2014_02_21_Instance_10000">Mike Bada, University of Colorado Anschutz Medical Campus</annotator>
    <span start="18118" end="18131" />
    <spannedText>Spermatocytes</spannedText>
  </annotation>
  <annotation>
    <mention id="CL_basic_2014_02_21_Instance_21739" />
    <annotator id="CL_basic_2014_02_21_Instance_10000">Mike Bada, University of Colorado Anschutz Medical Campus</annotator>
    <span start="18329" end="18342" />
    <spannedText>spermatocytes</spannedText>
  </annotation>
  <annotation>
    <mention id="CL_basic_2014_02_21_Instance_21741" />
    <annotator id="CL_basic_2014_02_21_Instance_10000">Mike Bada, University of Colorado Anschutz Medical Campus</annotator>
    <span start="18892" end="18905" />
    <spannedText>spermatocytes</spannedText>
  </annotation>
  <annotation>
    <mention id="CL_basic_2014_02_21_Instance_21743" />
    <annotator id="CL_basic_2014_02_21_Instance_10000">Mike Bada, University of Colorado Anschutz Medical Campus</annotator>
    <span start="19269" end="19282" />
    <spannedText>spermatocytes</spannedText>
  </annotation>
  <annotation>
    <mention id="CL_basic_2014_02_21_Instance_21745" />
    <annotator id="CL_basic_2014_02_21_Instance_10000">Mike Bada, University of Colorado Anschutz Medical Campus</annotator>
    <span start="19717" end="19730" />
    <spannedText>spermatocytes</spannedText>
  </annotation>
  <annotation>
    <mention id="CL_basic_2014_02_21_Instance_21747" />
    <annotator id="CL_basic_2014_02_21_Instance_10000">Mike Bada, University of Colorado Anschutz Medical Campus</annotator>
    <span start="20020" end="20033" />
    <spannedText>spermatocytes</spannedText>
  </annotation>
  <annotation>
    <mention id="CL_basic_2014_02_21_Instance_21749" />
    <annotator id="CL_basic_2014_02_21_Instance_10000">Mike Bada, University of Colorado Anschutz Medical Campus</annotator>
    <span start="20838" end="20850" />
    <spannedText>spermatocyte</spannedText>
  </annotation>
  <annotation>
    <mention id="CL_basic_2014_02_21_Instance_21751" />
    <annotator id="CL_basic_2014_02_21_Instance_10000">Mike Bada, University of Colorado Anschutz Medical Campus</annotator>
    <span start="21183" end="21196" />
    <spannedText>spermatocytes</spannedText>
  </annotation>
  <annotation>
    <mention id="CL_basic_2014_02_21_Instance_21753" />
    <annotator id="CL_basic_2014_02_21_Instance_10000">Mike Bada, University of Colorado Anschutz Medical Campus</annotator>
    <span start="22835" end="22848" />
    <spannedText>spermatocytes</spannedText>
  </annotation>
  <annotation>
    <mention id="CL_basic_2014_02_21_Instance_21755" />
    <annotator id="CL_basic_2014_02_21_Instance_10000">Mike Bada, University of Colorado Anschutz Medical Campus</annotator>
    <span start="23206" end="23219" />
    <spannedText>spermatocytes</spannedText>
  </annotation>
  <annotation>
    <mention id="CL_basic_2014_02_21_Instance_21757" />
    <annotator id="CL_basic_2014_02_21_Instance_10000">Mike Bada, University of Colorado Anschutz Medical Campus</annotator>
    <span start="23384" end="23396" />
    <spannedText>spermatocyte</spannedText>
  </annotation>
  <annotation>
    <mention id="CL_basic_2014_02_21_Instance_21759" />
    <annotator id="CL_basic_2014_02_21_Instance_10000">Mike Bada, University of Colorado Anschutz Medical Campus</annotator>
    <span start="24491" end="24504" />
    <spannedText>spermatocytes</spannedText>
  </annotation>
  <annotation>
    <mention id="CL_basic_2014_02_21_Instance_21763" />
    <annotator id="CL_basic_2014_02_21_Instance_10000">Mike Bada, University of Colorado Anschutz Medical Campus</annotator>
    <span start="25140" end="25153" />
    <spannedText>spermatocytes</spannedText>
  </annotation>
  <annotation>
    <mention id="CL_basic_2014_02_21_Instance_21765" />
    <annotator id="CL_basic_2014_02_21_Instance_10000">Mike Bada, University of Colorado Anschutz Medical Campus</annotator>
    <span start="25365" end="25378" />
    <spannedText>spermatocytes</spannedText>
  </annotation>
  <annotation>
    <mention id="CL_basic_2014_02_21_Instance_21767" />
    <annotator id="CL_basic_2014_02_21_Instance_10000">Mike Bada, University of Colorado Anschutz Medical Campus</annotator>
    <span start="25811" end="25818" />
    <spannedText>gametes</spannedText>
  </annotation>
  <annotation>
    <mention id="CL_basic_2014_02_21_Instance_21769" />
    <annotator id="CL_basic_2014_02_21_Instance_10000">Mike Bada, University of Colorado Anschutz Medical Campus</annotator>
    <span start="25922" end="25935" />
    <spannedText>spermatocytes</spannedText>
  </annotation>
  <annotation>
    <mention id="CL_basic_2014_02_21_Instance_21771" />
    <annotator id="CL_basic_2014_02_21_Instance_10000">Mike Bada, University of Colorado Anschutz Medical Campus</annotator>
    <span start="26106" end="26119" />
    <spannedText>Spermatocytes</spannedText>
  </annotation>
  <annotation>
    <mention id="CL_basic_2014_02_21_Instance_21773" />
    <annotator id="CL_basic_2014_02_21_Instance_10000">Mike Bada, University of Colorado Anschutz Medical Campus</annotator>
    <span start="26283" end="26296" />
    <spannedText>spermatocytes</spannedText>
  </annotation>
  <annotation>
    <mention id="CL_basic_2014_02_21_Instance_21775" />
    <annotator id="CL_basic_2014_02_21_Instance_10000">Mike Bada, University of Colorado Anschutz Medical Campus</annotator>
    <span start="26340" end="26353" />
    <spannedText>spermatocytes</spannedText>
  </annotation>
  <annotation>
    <mention id="CL_basic_2014_02_21_Instance_21777" />
    <annotator id="CL_basic_2014_02_21_Instance_10000">Mike Bada, University of Colorado Anschutz Medical Campus</annotator>
    <span start="26369" end="26379" />
    <spannedText>spermatids</spannedText>
  </annotation>
  <annotation>
    <mention id="CL_basic_2014_02_21_Instance_21779" />
    <annotator id="CL_basic_2014_02_21_Instance_10000">Mike Bada, University of Colorado Anschutz Medical Campus</annotator>
    <span start="26515" end="26528" />
    <spannedText>spermatocytes</spannedText>
  </annotation>
  <annotation>
    <mention id="CL_basic_2014_02_21_Instance_21781" />
    <annotator id="CL_basic_2014_02_21_Instance_10000">Mike Bada, University of Colorado Anschutz Medical Campus</annotator>
    <span start="26711" end="26724" />
    <spannedText>spermatocytes</spannedText>
  </annotation>
  <annotation>
    <mention id="CL_basic_2014_02_21_Instance_21783" />
    <annotator id="CL_basic_2014_02_21_Instance_10000">Mike Bada, University of Colorado Anschutz Medical Campus</annotator>
    <span start="27527" end="27540" />
    <spannedText>spermatocytes</spannedText>
  </annotation>
  <annotation>
    <mention id="CL_basic_2014_02_21_Instance_21785" />
    <annotator id="CL_basic_2014_02_21_Instance_10000">Mike Bada, University of Colorado Anschutz Medical Campus</annotator>
    <span start="28075" end="28088" />
    <spannedText>spermatocytes</spannedText>
  </annotation>
  <annotation>
    <mention id="CL_basic_2014_02_21_Instance_21787" />
    <annotator id="CL_basic_2014_02_21_Instance_10000">Mike Bada, University of Colorado Anschutz Medical Campus</annotator>
    <span start="28817" end="28830" />
    <spannedText>spermatocytes</spannedText>
  </annotation>
  <annotation>
    <mention id="CL_basic_2014_02_21_Instance_21789" />
    <annotator id="CL_basic_2014_02_21_Instance_10000">Mike Bada, University of Colorado Anschutz Medical Campus</annotator>
    <span start="29233" end="29246" />
    <spannedText>spermatocytes</spannedText>
  </annotation>
  <annotation>
    <mention id="CL_basic_2014_02_21_Instance_21791" />
    <annotator id="CL_basic_2014_02_21_Instance_10000">Mike Bada, University of Colorado Anschutz Medical Campus</annotator>
    <span start="29421" end="29434" />
    <spannedText>spermatocytes</spannedText>
  </annotation>
  <annotation>
    <mention id="CL_basic_2014_02_21_Instance_21793" />
    <annotator id="CL_basic_2014_02_21_Instance_10000">Mike Bada, University of Colorado Anschutz Medical Campus</annotator>
    <span start="29951" end="29958" />
    <spannedText>Oocytes</spannedText>
  </annotation>
  <annotation>
    <mention id="CL_basic_2014_02_21_Instance_21795" />
    <annotator id="CL_basic_2014_02_21_Instance_10000">Mike Bada, University of Colorado Anschutz Medical Campus</annotator>
    <span start="30348" end="30354" />
    <spannedText>oocyte</spannedText>
  </annotation>
  <annotation>
    <mention id="CL_basic_2014_02_21_Instance_21797" />
    <annotator id="CL_basic_2014_02_21_Instance_10000">Mike Bada, University of Colorado Anschutz Medical Campus</annotator>
    <span start="30640" end="30647" />
    <spannedText>oocytes</spannedText>
  </annotation>
  <annotation>
    <mention id="CL_basic_2014_02_21_Instance_21801" />
    <annotator id="CL_basic_2014_02_21_Instance_10000">Mike Bada, University of Colorado Anschutz Medical Campus</annotator>
    <span start="32703" end="32716" />
    <spannedText>spermatocytes</spannedText>
  </annotation>
  <annotation>
    <mention id="CL_basic_2014_02_21_Instance_21805" />
    <annotator id="CL_basic_2014_02_21_Instance_10000">Mike Bada, University of Colorado Anschutz Medical Campus</annotator>
    <span start="33519" end="33532" />
    <spannedText>spermatocytes</spannedText>
  </annotation>
  <annotation>
    <mention id="CL_basic_2014_02_21_Instance_21809" />
    <annotator id="CL_basic_2014_02_21_Instance_10000">Mike Bada, University of Colorado Anschutz Medical Campus</annotator>
    <span start="34833" end="34839" />
    <spannedText>oocyte</spannedText>
  </annotation>
  <annotation>
    <mention id="CL_basic_2014_02_21_Instance_21811" />
    <annotator id="CL_basic_2014_02_21_Instance_10000">Mike Bada, University of Colorado Anschutz Medical Campus</annotator>
    <span start="34914" end="34927" />
    <spannedText>spermatocytes</spannedText>
  </annotation>
  <annotation>
    <mention id="CL_basic_2014_02_21_Instance_21813" />
    <annotator id="CL_basic_2014_02_21_Instance_10000">Mike Bada, University of Colorado Anschutz Medical Campus</annotator>
    <span start="35262" end="35269" />
    <spannedText>oocytes</spannedText>
  </annotation>
  <annotation>
    <mention id="CL_basic_2014_02_21_Instance_21815" />
    <annotator id="CL_basic_2014_02_21_Instance_10000">Mike Bada, University of Colorado Anschutz Medical Campus</annotator>
    <span start="35274" end="35287" />
    <spannedText>spermatocytes</spannedText>
  </annotation>
  <annotation>
    <mention id="CL_basic_2014_02_21_Instance_21817" />
    <annotator id="CL_basic_2014_02_21_Instance_10000">Mike Bada, University of Colorado Anschutz Medical Campus</annotator>
    <span start="35459" end="35472" />
    <spannedText>spermatocytes</spannedText>
  </annotation>
  <annotation>
    <mention id="CL_basic_2014_02_21_Instance_21819" />
    <annotator id="CL_basic_2014_02_21_Instance_10000">Mike Bada, University of Colorado Anschutz Medical Campus</annotator>
    <span start="35570" end="35583" />
    <spannedText>spermatocytes</spannedText>
  </annotation>
  <annotation>
    <mention id="CL_basic_2014_02_21_Instance_21821" />
    <annotator id="CL_basic_2014_02_21_Instance_10000">Mike Bada, University of Colorado Anschutz Medical Campus</annotator>
    <span start="35845" end="35858" />
    <spannedText>spermatocytes</spannedText>
  </annotation>
  <annotation>
    <mention id="CL_basic_2014_02_21_Instance_21823" />
    <annotator id="CL_basic_2014_02_21_Instance_10000">Mike Bada, University of Colorado Anschutz Medical Campus</annotator>
    <span start="36117" end="36129" />
    <spannedText>spermatocyte</spannedText>
  </annotation>
  <annotation>
    <mention id="CL_basic_2014_02_21_Instance_21825" />
    <annotator id="CL_basic_2014_02_21_Instance_10000">Mike Bada, University of Colorado Anschutz Medical Campus</annotator>
    <span start="36431" end="36444" />
    <spannedText>spermatocytes</spannedText>
  </annotation>
  <annotation>
    <mention id="CL_basic_2014_02_21_Instance_21833" />
    <annotator id="CL_basic_2014_02_21_Instance_10000">Mike Bada, University of Colorado Anschutz Medical Campus</annotator>
    <span start="43201" end="43207" />
    <spannedText>Oocyte</spannedText>
  </annotation>
  <annotation>
    <mention id="CL_basic_2014_02_21_Instance_21835" />
    <annotator id="CL_basic_2014_02_21_Instance_10000">Mike Bada, University of Colorado Anschutz Medical Campus</annotator>
    <span start="43290" end="43296" />
    <spannedText>oocyte</spannedText>
  </annotation>
  <annotation>
    <mention id="CL_basic_2014_02_21_Instance_21837" />
    <annotator id="CL_basic_2014_02_21_Instance_10000">Mike Bada, University of Colorado Anschutz Medical Campus</annotator>
    <span start="43397" end="43410" />
    <spannedText>spermatocytes</spannedText>
  </annotation>
  <annotation>
    <mention id="CL_basic_2014_02_21_Instance_21839" />
    <annotator id="CL_basic_2014_02_21_Instance_10000">Mike Bada, University of Colorado Anschutz Medical Campus</annotator>
    <span start="43415" end="43422" />
    <spannedText>oocytes</spannedText>
  </annotation>
  <annotation>
    <mention id="CL_basic_2014_02_21_Instance_21841" />
    <annotator id="CL_basic_2014_02_21_Instance_10000">Mike Bada, University of Colorado Anschutz Medical Campus</annotator>
    <span start="45308" end="45320" />
    <spannedText>spermatocyte</spannedText>
  </annotation>
  <annotation>
    <mention id="CL_basic_2014_02_21_Instance_21843" />
    <annotator id="CL_basic_2014_02_21_Instance_10000">Mike Bada, University of Colorado Anschutz Medical Campus</annotator>
    <span start="45364" end="45377" />
    <spannedText>spermatocytes</spannedText>
  </annotation>
  <annotation>
    <mention id="CL_basic_2014_02_21_Instance_21847" />
    <annotator id="CL_basic_2014_02_21_Instance_10000">Mike Bada, University of Colorado Anschutz Medical Campus</annotator>
    <span start="46769" end="46782" />
    <spannedText>Spermatocytes</spannedText>
  </annotation>
  <annotation>
    <mention id="CL_basic_2014_02_21_Instance_60095" />
    <annotator id="CL_basic_2014_02_21_Instance_10000">Mike Bada, University of Colorado Anschutz Medical Campus</annotator>
    <span start="5494" end="5507" />
    <spannedText>somatic cells</spannedText>
  </annotation>
  <annotation>
    <mention id="CL_basic_2014_02_21_Instance_60097" />
    <annotator id="CL_basic_2014_02_21_Instance_10000">Mike Bada, University of Colorado Anschutz Medical Campus</annotator>
    <span start="9004" end="9006" />
    <spannedText>Sg</spannedText>
  </annotation>
  <annotation>
    <mention id="CL_basic_2014_02_21_Instance_60100" />
    <annotator id="CL_basic_2014_02_21_Instance_10000">Mike Bada, University of Colorado Anschutz Medical Campus</annotator>
    <span start="16259" end="16264" />
    <spannedText>spore</spannedText>
  </annotation>
  <annotation>
    <mention id="CL_basic_2014_02_21_Instance_60104" />
    <annotator id="CL_basic_2014_02_21_Instance_10000">Mike Bada, University of Colorado Anschutz Medical Campus</annotator>
    <span start="38657" end="38675" />
    <spannedText>primordial oocytes</spannedText>
  </annotation>
  <annotation>
    <mention id="CL_basic_2014_02_21_Instance_60108" />
    <annotator id="CL_basic_2014_02_21_Instance_10000">Mike Bada, University of Colorado Anschutz Medical Campus</annotator>
    <span start="39712" end="39731" />
    <spannedText>embryonic stem cell</spannedText>
  </annotation>
  <annotation>
    <mention id="CL_basic_2014_02_21_Instance_60111" />
    <annotator id="CL_basic_2014_02_21_Instance_10000">Mike Bada, University of Colorado Anschutz Medical Campus</annotator>
    <span start="47357" end="47377" />
    <spannedText>embryonic stem cells</spannedText>
  </annotation>
  <annotation>
    <mention id="CL_basic_2014_02_21_Instance_70120" />
    <annotator id="CL_basic_2014_02_21_Instance_10000">Mike Bada, University of Colorado Anschutz Medical Campus</annotator>
    <span start="11074" end="11086" />
    <spannedText>spermatocyes</spannedText>
  </annotation>
  <classMention id="CL_basic_2014_02_21_Instance_21597">
    <mentionClass id="CL:0000025">egg cell</mentionClass>
  </classMention>
  <classMention id="CL_basic_2014_02_21_Instance_21599">
    <mentionClass id="CL:0000023">oocyte</mentionClass>
  </classMention>
  <classMention id="CL_basic_2014_02_21_Instance_21595">
    <mentionClass id="CL:0000019">sperm</mentionClass>
  </classMention>
  <classMention id="CL_basic_2014_02_21_Instance_21605">
    <mentionClass id="CL:0000300">gamete</mentionClass>
  </classMention>
  <classMention id="CL_basic_2014_02_21_Instance_21611">
    <mentionClass id="CL:0000017">spermatocyte</mentionClass>
  </classMention>
  <classMention id="CL_basic_2014_02_21_Instance_21601">
    <mentionClass id="CL:0000017">spermatocyte</mentionClass>
  </classMention>
  <classMention id="CL_basic_2014_02_21_Instance_21617">
    <mentionClass id="CL:0000023">oocyte</mentionClass>
  </classMention>
  <classMention id="CL_basic_2014_02_21_Instance_21621">
    <mentionClass id="CL:0000023">oocyte</mentionClass>
  </classMention>
  <classMention id="CL_basic_2014_02_21_Instance_21613">
    <mentionClass id="CL:0000023">oocyte</mentionClass>
  </classMention>
  <classMention id="CL_basic_2014_02_21_Instance_21615">
    <mentionClass id="CL:0000017">spermatocyte</mentionClass>
  </classMention>
  <classMention id="CL_basic_2014_02_21_Instance_21627">
    <mentionClass id="CL:0000017">spermatocyte</mentionClass>
  </classMention>
  <classMention id="CL_basic_2014_02_21_Instance_21631">
    <mentionClass id="CL:0000017">spermatocyte</mentionClass>
  </classMention>
  <classMention id="CL_basic_2014_02_21_Instance_21623">
    <mentionClass id="CL:0000017">spermatocyte</mentionClass>
  </classMention>
  <classMention id="CL_basic_2014_02_21_Instance_21625">
    <mentionClass id="CL:0000017">spermatocyte</mentionClass>
  </classMention>
  <classMention id="CL_basic_2014_02_21_Instance_21637">
    <mentionClass id="CL:0000017">spermatocyte</mentionClass>
  </classMention>
  <classMention id="CL_basic_2014_02_21_Instance_21639">
    <mentionClass id="CL:0000586">germ cell</mentionClass>
  </classMention>
  <classMention id="CL_basic_2014_02_21_Instance_21633">
    <mentionClass id="CL:0000017">spermatocyte</mentionClass>
  </classMention>
  <classMention id="CL_basic_2014_02_21_Instance_21647">
    <mentionClass id="CL:0000017">spermatocyte</mentionClass>
  </classMention>
  <classMention id="CL_basic_2014_02_21_Instance_21649">
    <mentionClass id="CL:0000017">spermatocyte</mentionClass>
  </classMention>
  <classMention id="CL_basic_2014_02_21_Instance_21643">
    <mentionClass id="CL:0000017">spermatocyte</mentionClass>
  </classMention>
  <classMention id="CL_basic_2014_02_21_Instance_21645">
    <mentionClass id="CL:0000017">spermatocyte</mentionClass>
  </classMention>
  <classMention id="CL_basic_2014_02_21_Instance_21651">
    <mentionClass id="CL:0000023">oocyte</mentionClass>
  </classMention>
  <classMention id="CL_basic_2014_02_21_Instance_60095">
    <mentionClass id="CL:0002371">somatic cell</mentionClass>
  </classMention>
  <classMention id="CL_basic_2014_02_21_Instance_60097">
    <mentionClass id="CL:0000020">spermatogonium</mentionClass>
  </classMention>
  <classMention id="CL_basic_2014_02_21_Instance_21693">
    <mentionClass id="CL:0000023">oocyte</mentionClass>
  </classMention>
  <classMention id="CL_basic_2014_02_21_Instance_60108">
    <mentionClass id="CL:0002322">embryonic stem cell</mentionClass>
  </classMention>
  <classMention id="CL_basic_2014_02_21_Instance_21695">
    <mentionClass id="CL:0000023">oocyte</mentionClass>
  </classMention>
  <classMention id="CL_basic_2014_02_21_Instance_60111">
    <mentionClass id="CL:0002322">embryonic stem cell</mentionClass>
  </classMention>
  <classMention id="CL_basic_2014_02_21_Instance_60100">
    <mentionClass id="CL:0002369">fungal spore</mentionClass>
  </classMention>
  <classMention id="CL_basic_2014_02_21_Instance_21691">
    <mentionClass id="CL:0000023">oocyte</mentionClass>
  </classMention>
  <classMention id="CL_basic_2014_02_21_Instance_60104">
    <mentionClass id="CL:0000654">primary oocyte</mentionClass>
  </classMention>
  <classMention id="CL_basic_2014_02_21_Instance_21701">
    <mentionClass id="CL:0000023">oocyte</mentionClass>
  </classMention>
  <classMention id="CL_basic_2014_02_21_Instance_21703">
    <mentionClass id="CL:0000023">oocyte</mentionClass>
  </classMention>
  <classMention id="CL_basic_2014_02_21_Instance_21697">
    <mentionClass id="CL:0000023">oocyte</mentionClass>
  </classMention>
  <classMention id="CL_basic_2014_02_21_Instance_21699">
    <mentionClass id="CL:0000023">oocyte</mentionClass>
  </classMention>
  <classMention id="CL_basic_2014_02_21_Instance_21709">
    <mentionClass id="CL:0000017">spermatocyte</mentionClass>
  </classMention>
  <classMention id="CL_basic_2014_02_21_Instance_21711">
    <mentionClass id="CL:0000017">spermatocyte</mentionClass>
  </classMention>
  <classMention id="CL_basic_2014_02_21_Instance_21705">
    <mentionClass id="CL:0000018">spermatid</mentionClass>
  </classMention>
  <classMention id="CL_basic_2014_02_21_Instance_21707">
    <mentionClass id="CL:0000017">spermatocyte</mentionClass>
  </classMention>
  <classMention id="CL_basic_2014_02_21_Instance_21719">
    <mentionClass id="CL:0000019">sperm</mentionClass>
  </classMention>
  <classMention id="CL_basic_2014_02_21_Instance_21721">
    <mentionClass id="CL:0000017">spermatocyte</mentionClass>
  </classMention>
  <classMention id="CL_basic_2014_02_21_Instance_21715">
    <mentionClass id="CL:0000017">spermatocyte</mentionClass>
  </classMention>
  <classMention id="CL_basic_2014_02_21_Instance_21717">
    <mentionClass id="CL:0000018">spermatid</mentionClass>
  </classMention>
  <classMention id="CL_basic_2014_02_21_Instance_21727">
    <mentionClass id="CL:0000017">spermatocyte</mentionClass>
  </classMention>
  <classMention id="CL_basic_2014_02_21_Instance_21729">
    <mentionClass id="CL:0000023">oocyte</mentionClass>
  </classMention>
  <classMention id="CL_basic_2014_02_21_Instance_21723">
    <mentionClass id="CL:0000017">spermatocyte</mentionClass>
  </classMention>
  <classMention id="CL_basic_2014_02_21_Instance_21725">
    <mentionClass id="CL:0000017">spermatocyte</mentionClass>
  </classMention>
  <classMention id="CL_basic_2014_02_21_Instance_21737">
    <mentionClass id="CL:0000017">spermatocyte</mentionClass>
  </classMention>
  <classMention id="CL_basic_2014_02_21_Instance_21739">
    <mentionClass id="CL:0000017">spermatocyte</mentionClass>
  </classMention>
  <classMention id="CL_basic_2014_02_21_Instance_21731">
    <mentionClass id="CL:0000017">spermatocyte</mentionClass>
  </classMention>
  <classMention id="CL_basic_2014_02_21_Instance_21735">
    <mentionClass id="CL:0000017">spermatocyte</mentionClass>
  </classMention>
  <classMention id="CL_basic_2014_02_21_Instance_21745">
    <mentionClass id="CL:0000017">spermatocyte</mentionClass>
  </classMention>
  <classMention id="CL_basic_2014_02_21_Instance_21747">
    <mentionClass id="CL:0000017">spermatocyte</mentionClass>
  </classMention>
  <classMention id="CL_basic_2014_02_21_Instance_21741">
    <mentionClass id="CL:0000017">spermatocyte</mentionClass>
  </classMention>
  <classMention id="CL_basic_2014_02_21_Instance_21743">
    <mentionClass id="CL:0000017">spermatocyte</mentionClass>
  </classMention>
  <classMention id="CL_basic_2014_02_21_Instance_21753">
    <mentionClass id="CL:0000017">spermatocyte</mentionClass>
  </classMention>
  <classMention id="CL_basic_2014_02_21_Instance_21755">
    <mentionClass id="CL:0000017">spermatocyte</mentionClass>
  </classMention>
  <classMention id="CL_basic_2014_02_21_Instance_21749">
    <mentionClass id="CL:0000017">spermatocyte</mentionClass>
  </classMention>
  <classMention id="CL_basic_2014_02_21_Instance_70120">
    <mentionClass id="CL:0000017">spermatocyte</mentionClass>
  </classMention>
  <classMention id="CL_basic_2014_02_21_Instance_21751">
    <mentionClass id="CL:0000017">spermatocyte</mentionClass>
  </classMention>
  <classMention id="CL_basic_2014_02_21_Instance_21763">
    <mentionClass id="CL:0000017">spermatocyte</mentionClass>
  </classMention>
  <classMention id="CL_basic_2014_02_21_Instance_21765">
    <mentionClass id="CL:0000017">spermatocyte</mentionClass>
  </classMention>
  <classMention id="CL_basic_2014_02_21_Instance_21757">
    <mentionClass id="CL:0000017">spermatocyte</mentionClass>
  </classMention>
  <classMention id="CL_basic_2014_02_21_Instance_21759">
    <mentionClass id="CL:0000017">spermatocyte</mentionClass>
  </classMention>
  <classMention id="CL_basic_2014_02_21_Instance_21771">
    <mentionClass id="CL:0000017">spermatocyte</mentionClass>
  </classMention>
  <classMention id="CL_basic_2014_02_21_Instance_21773">
    <mentionClass id="CL:0000017">spermatocyte</mentionClass>
  </classMention>
  <classMention id="CL_basic_2014_02_21_Instance_21767">
    <mentionClass id="CL:0000300">gamete</mentionClass>
  </classMention>
  <classMention id="CL_basic_2014_02_21_Instance_21769">
    <mentionClass id="CL:0000017">spermatocyte</mentionClass>
  </classMention>
  <classMention id="CL_basic_2014_02_21_Instance_10985">
    <mentionClass id="CL:0000020">spermatogonium</mentionClass>
  </classMention>
  <classMention id="CL_basic_2014_02_21_Instance_21779">
    <mentionClass id="CL:0000017">spermatocyte</mentionClass>
  </classMention>
  <classMention id="CL_basic_2014_02_21_Instance_10987">
    <mentionClass id="CL:0000020">spermatogonium</mentionClass>
  </classMention>
  <classMention id="CL_basic_2014_02_21_Instance_21781">
    <mentionClass id="CL:0000017">spermatocyte</mentionClass>
  </classMention>
  <classMention id="CL_basic_2014_02_21_Instance_21775">
    <mentionClass id="CL:0000017">spermatocyte</mentionClass>
  </classMention>
  <classMention id="CL_basic_2014_02_21_Instance_21777">
    <mentionClass id="CL:0000018">spermatid</mentionClass>
  </classMention>
  <classMention id="CL_basic_2014_02_21_Instance_21787">
    <mentionClass id="CL:0000017">spermatocyte</mentionClass>
  </classMention>
  <classMention id="CL_basic_2014_02_21_Instance_21789">
    <mentionClass id="CL:0000017">spermatocyte</mentionClass>
  </classMention>
  <classMention id="CL_basic_2014_02_21_Instance_10989">
    <mentionClass id="CL:0000300">gamete</mentionClass>
  </classMention>
  <classMention id="CL_basic_2014_02_21_Instance_21783">
    <mentionClass id="CL:0000017">spermatocyte</mentionClass>
  </classMention>
  <classMention id="CL_basic_2014_02_21_Instance_10991">
    <mentionClass id="CL:0000020">spermatogonium</mentionClass>
  </classMention>
  <classMention id="CL_basic_2014_02_21_Instance_21785">
    <mentionClass id="CL:0000017">spermatocyte</mentionClass>
  </classMention>
  <classMention id="CL_basic_2014_02_21_Instance_21795">
    <mentionClass id="CL:0000023">oocyte</mentionClass>
  </classMention>
  <classMention id="CL_basic_2014_02_21_Instance_21797">
    <mentionClass id="CL:0000023">oocyte</mentionClass>
  </classMention>
  <classMention id="CL_basic_2014_02_21_Instance_21791">
    <mentionClass id="CL:0000017">spermatocyte</mentionClass>
  </classMention>
  <classMention id="CL_basic_2014_02_21_Instance_21793">
    <mentionClass id="CL:0000023">oocyte</mentionClass>
  </classMention>
  <classMention id="CL_basic_2014_02_21_Instance_21809">
    <mentionClass id="CL:0000023">oocyte</mentionClass>
  </classMention>
  <classMention id="CL_basic_2014_02_21_Instance_21811">
    <mentionClass id="CL:0000017">spermatocyte</mentionClass>
  </classMention>
  <classMention id="CL_basic_2014_02_21_Instance_21801">
    <mentionClass id="CL:0000017">spermatocyte</mentionClass>
  </classMention>
  <classMention id="CL_basic_2014_02_21_Instance_21805">
    <mentionClass id="CL:0000017">spermatocyte</mentionClass>
  </classMention>
  <classMention id="CL_basic_2014_02_21_Instance_21817">
    <mentionClass id="CL:0000017">spermatocyte</mentionClass>
  </classMention>
  <classMention id="CL_basic_2014_02_21_Instance_21819">
    <mentionClass id="CL:0000017">spermatocyte</mentionClass>
  </classMention>
  <classMention id="CL_basic_2014_02_21_Instance_21813">
    <mentionClass id="CL:0000023">oocyte</mentionClass>
  </classMention>
  <classMention id="CL_basic_2014_02_21_Instance_21815">
    <mentionClass id="CL:0000017">spermatocyte</mentionClass>
  </classMention>
  <classMention id="CL_basic_2014_02_21_Instance_21825">
    <mentionClass id="CL:0000017">spermatocyte</mentionClass>
  </classMention>
  <classMention id="CL_basic_2014_02_21_Instance_21833">
    <mentionClass id="CL:0000023">oocyte</mentionClass>
  </classMention>
  <classMention id="CL_basic_2014_02_21_Instance_21821">
    <mentionClass id="CL:0000017">spermatocyte</mentionClass>
  </classMention>
  <classMention id="CL_basic_2014_02_21_Instance_21823">
    <mentionClass id="CL:0000017">spermatocyte</mentionClass>
  </classMention>
  <classMention id="CL_basic_2014_02_21_Instance_21839">
    <mentionClass id="CL:0000023">oocyte</mentionClass>
  </classMention>
  <classMention id="CL_basic_2014_02_21_Instance_21841">
    <mentionClass id="CL:0000017">spermatocyte</mentionClass>
  </classMention>
  <classMention id="CL_basic_2014_02_21_Instance_21835">
    <mentionClass id="CL:0000023">oocyte</mentionClass>
  </classMention>
  <classMention id="CL_basic_2014_02_21_Instance_21587">
    <mentionClass id="CL:0000025">egg cell</mentionClass>
  </classMention>
  <classMention id="CL_basic_2014_02_21_Instance_21837">
    <mentionClass id="CL:0000017">spermatocyte</mentionClass>
  </classMention>
  <classMention id="CL_basic_2014_02_21_Instance_21843">
    <mentionClass id="CL:0000017">spermatocyte</mentionClass>
  </classMention>
  <classMention id="CL_basic_2014_02_21_Instance_21847">
    <mentionClass id="CL:0000017">spermatocyte</mentionClass>
  </classMention>
  <classMention id="CL_basic_2014_02_21_Instance_21577">
    <mentionClass id="CL:0000017">spermatocyte</mentionClass>
  </classMention>
  <classMention id="CL_basic_2014_02_21_Instance_21583">
    <mentionClass id="CL:0000017">spermatocyte</mentionClass>
  </classMention>
  <classMention id="CL_basic_2014_02_21_Instance_21585">
    <mentionClass id="CL:0000019">sperm</mentionClass>
  </classMention>
  <classMention id="CL_basic_2014_02_21_Instance_21579">
    <mentionClass id="CL:0000023">oocyte</mentionClass>
  </classMention>
  <classMention id="CL_basic_2014_02_21_Instance_21581">
    <mentionClass id="CL:0000017">spermatocyte</mentionClass>
  </classMention>
</annotations>

