<?xml version="1.0" encoding="UTF-8"?>
<annotations textSource="11597317.txt">
  <annotation>
    <mention id="CHEBI_2015_08_26_Instance_25299" />
    <annotator id="CHEBI_2015_08_26_Instance_10000">Mike Bada, University of Colorado Anschutz Medical Campus</annotator>
    <span start="7406" end="7415" />
    <spannedText>inhibitor</spannedText>
  </annotation>
  <annotation>
    <mention id="CHEBI_2015_08_26_Instance_330682" />
    <annotator id="CHEBI_2015_08_26_Instance_10000">Mike Bada, University of Colorado Anschutz Medical Campus</annotator>
    <span start="7902" end="7910" />
    <spannedText>electron</spannedText>
  </annotation>
  <annotation>
    <mention id="CHEBI_2015_08_26_Instance_60025" />
    <annotator id="CHEBI_2015_08_26_Instance_10000">Mike Bada, University of Colorado Anschutz Medical Campus</annotator>
    <span start="1789" end="1808" />
    <spannedText>DNA damaging agents</spannedText>
  </annotation>
  <classMention id="CHEBI_2015_08_26_Instance_60025">
    <mentionClass id="CHEBI:50902">genotoxin</mentionClass>
  </classMention>
  <classMention id="CHEBI_2015_08_26_Instance_25299">
    <mentionClass id="CHEBI:35222">inhibitor</mentionClass>
  </classMention>
  <classMention id="CHEBI_2015_08_26_Instance_330682">
    <mentionClass id="CHEBI:10545">electron</mentionClass>
  </classMention>
</annotations>

