<?xml version="1.0" encoding="UTF-8"?>
<annotations textSource="12585968.txt">
  <annotation>
    <mention id="CHEBI_2015_08_26_Instance_100049" />
    <annotator id="CHEBI_2015_08_26_Instance_10000">Mike Bada, University of Colorado Anschutz Medical Campus</annotator>
    <span start="34142" end="34150" />
    <spannedText>fixative</spannedText>
  </annotation>
  <annotation>
    <mention id="CHEBI_2015_08_26_Instance_100051" />
    <annotator id="CHEBI_2015_08_26_Instance_10000">Mike Bada, University of Colorado Anschutz Medical Campus</annotator>
    <span start="34219" end="34222" />
    <spannedText>DiI</spannedText>
  </annotation>
  <annotation>
    <mention id="CHEBI_2015_08_26_Instance_100053" />
    <annotator id="CHEBI_2015_08_26_Instance_10000">Mike Bada, University of Colorado Anschutz Medical Campus</annotator>
    <span start="34337" end="34340" />
    <spannedText>DiI</spannedText>
  </annotation>
  <annotation>
    <mention id="CHEBI_2015_08_26_Instance_100055" />
    <annotator id="CHEBI_2015_08_26_Instance_10000">Mike Bada, University of Colorado Anschutz Medical Campus</annotator>
    <span start="34864" end="34867" />
    <spannedText>DiI</spannedText>
  </annotation>
  <annotation>
    <mention id="CHEBI_2015_08_26_Instance_100059" />
    <annotator id="CHEBI_2015_08_26_Instance_10000">Mike Bada, University of Colorado Anschutz Medical Campus</annotator>
    <span start="35427" end="35430" />
    <spannedText>DiI</spannedText>
  </annotation>
  <annotation>
    <mention id="CHEBI_2015_08_26_Instance_100061" />
    <annotator id="CHEBI_2015_08_26_Instance_10000">Mike Bada, University of Colorado Anschutz Medical Campus</annotator>
    <span start="35470" end="35473" />
    <spannedText>DiA</spannedText>
  </annotation>
  <annotation>
    <mention id="CHEBI_2015_08_26_Instance_100063" />
    <annotator id="CHEBI_2015_08_26_Instance_10000">Mike Bada, University of Colorado Anschutz Medical Campus</annotator>
    <span start="35698" end="35705" />
    <spannedText>gelatin</spannedText>
  </annotation>
  <annotation>
    <mention id="CHEBI_2015_08_26_Instance_100067" />
    <annotator id="CHEBI_2015_08_26_Instance_10000">Mike Bada, University of Colorado Anschutz Medical Campus</annotator>
    <span start="36940" end="36953" />
    <spannedText>Cresyl Violet</spannedText>
  </annotation>
  <annotation>
    <mention id="CHEBI_2015_08_26_Instance_10419" />
    <annotator id="CHEBI_2015_08_26_Instance_10000">Mike Bada, University of Colorado Anschutz Medical Campus</annotator>
    <span start="34007" end="34020" />
    <spannedText>pentobarbital</spannedText>
  </annotation>
  <annotation>
    <mention id="CHEBI_2015_08_26_Instance_10423" />
    <annotator id="CHEBI_2015_08_26_Instance_10000">Mike Bada, University of Colorado Anschutz Medical Campus</annotator>
    <span start="34518" end="34521" />
    <spannedText>dye</spannedText>
  </annotation>
  <annotation>
    <mention id="CHEBI_2015_08_26_Instance_10425" />
    <annotator id="CHEBI_2015_08_26_Instance_10000">Mike Bada, University of Colorado Anschutz Medical Campus</annotator>
    <span start="35136" end="35140" />
    <spannedText>H2O2</spannedText>
  </annotation>
  <annotation>
    <mention id="CHEBI_2015_08_26_Instance_80000" />
    <annotator id="CHEBI_2015_08_26_Instance_10000">Mike Bada, University of Colorado Anschutz Medical Campus</annotator>
    <span start="623" end="626" />
    <spannedText>DiI</spannedText>
  </annotation>
  <annotation>
    <mention id="CHEBI_2015_08_26_Instance_90000" />
    <annotator id="CHEBI_2015_08_26_Instance_10000">Mike Bada, University of Colorado Anschutz Medical Campus</annotator>
    <span start="17054" end="17057" />
    <spannedText>DiI</spannedText>
  </annotation>
  <annotation>
    <mention id="CHEBI_2015_08_26_Instance_90004" />
    <annotator id="CHEBI_2015_08_26_Instance_10000">Mike Bada, University of Colorado Anschutz Medical Campus</annotator>
    <span start="6414" end="6417" />
    <spannedText>DiI</spannedText>
  </annotation>
  <annotation>
    <mention id="CHEBI_2015_08_26_Instance_90006" />
    <annotator id="CHEBI_2015_08_26_Instance_10000">Mike Bada, University of Colorado Anschutz Medical Campus</annotator>
    <span start="7933" end="7936" />
    <spannedText>DiI</spannedText>
  </annotation>
  <annotation>
    <mention id="CHEBI_2015_08_26_Instance_90008" />
    <annotator id="CHEBI_2015_08_26_Instance_10000">Mike Bada, University of Colorado Anschutz Medical Campus</annotator>
    <span start="11186" end="11189" />
    <spannedText>DiI</spannedText>
  </annotation>
  <annotation>
    <mention id="CHEBI_2015_08_26_Instance_90013" />
    <annotator id="CHEBI_2015_08_26_Instance_10000">Mike Bada, University of Colorado Anschutz Medical Campus</annotator>
    <span start="16366" end="16369" />
    <spannedText>DiI</spannedText>
  </annotation>
  <annotation>
    <mention id="CHEBI_2015_08_26_Instance_90015" />
    <annotator id="CHEBI_2015_08_26_Instance_10000">Mike Bada, University of Colorado Anschutz Medical Campus</annotator>
    <span start="16374" end="16377" />
    <spannedText>DiA</spannedText>
  </annotation>
  <annotation>
    <mention id="CHEBI_2015_08_26_Instance_90017" />
    <annotator id="CHEBI_2015_08_26_Instance_10000">Mike Bada, University of Colorado Anschutz Medical Campus</annotator>
    <span start="17098" end="17101" />
    <spannedText>DiA</spannedText>
  </annotation>
  <annotation>
    <mention id="CHEBI_2015_08_26_Instance_90019" />
    <annotator id="CHEBI_2015_08_26_Instance_10000">Mike Bada, University of Colorado Anschutz Medical Campus</annotator>
    <span start="18207" end="18210" />
    <spannedText>DiI</spannedText>
  </annotation>
  <annotation>
    <mention id="CHEBI_2015_08_26_Instance_90021" />
    <annotator id="CHEBI_2015_08_26_Instance_10000">Mike Bada, University of Colorado Anschutz Medical Campus</annotator>
    <span start="18694" end="18697" />
    <spannedText>DiI</spannedText>
  </annotation>
  <classMention id="CHEBI_2015_08_26_Instance_90015">
    <mentionClass id="CHEBI:52024">4-(4-dihexadecylaminostyryl)-N-methylpyridium iodide</mentionClass>
  </classMention>
  <classMention id="CHEBI_2015_08_26_Instance_90017">
    <mentionClass id="CHEBI:52024">4-(4-dihexadecylaminostyryl)-N-methylpyridium iodide</mentionClass>
  </classMention>
  <classMention id="CHEBI_2015_08_26_Instance_90019">
    <mentionClass id="CHEBI:52029">dilC18(3) dye</mentionClass>
  </classMention>
  <classMention id="CHEBI_2015_08_26_Instance_90021">
    <mentionClass id="CHEBI:52029">dilC18(3) dye</mentionClass>
  </classMention>
  <classMention id="CHEBI_2015_08_26_Instance_100049">
    <mentionClass id="CHEBI:50913">fixative</mentionClass>
  </classMention>
  <classMention id="CHEBI_2015_08_26_Instance_10419">
    <mentionClass id="CHEBI:7983">pentobarbital</mentionClass>
  </classMention>
  <classMention id="CHEBI_2015_08_26_Instance_100051">
    <mentionClass id="CHEBI:52029">dilC18(3) dye</mentionClass>
  </classMention>
  <classMention id="CHEBI_2015_08_26_Instance_10423">
    <mentionClass id="CHEBI:37958">dye</mentionClass>
  </classMention>
  <classMention id="CHEBI_2015_08_26_Instance_100053">
    <mentionClass id="CHEBI:52029">dilC18(3) dye</mentionClass>
  </classMention>
  <classMention id="CHEBI_2015_08_26_Instance_80000">
    <mentionClass id="CHEBI:52029">dilC18(3) dye</mentionClass>
  </classMention>
  <classMention id="CHEBI_2015_08_26_Instance_10425">
    <mentionClass id="CHEBI:16240">hydrogen peroxide</mentionClass>
  </classMention>
  <classMention id="CHEBI_2015_08_26_Instance_100055">
    <mentionClass id="CHEBI:52029">dilC18(3) dye</mentionClass>
  </classMention>
  <classMention id="CHEBI_2015_08_26_Instance_100059">
    <mentionClass id="CHEBI:52029">dilC18(3) dye</mentionClass>
  </classMention>
  <classMention id="CHEBI_2015_08_26_Instance_90000">
    <mentionClass id="CHEBI:52029">dilC18(3) dye</mentionClass>
  </classMention>
  <classMention id="CHEBI_2015_08_26_Instance_90004">
    <mentionClass id="CHEBI:52029">dilC18(3) dye</mentionClass>
  </classMention>
  <classMention id="CHEBI_2015_08_26_Instance_100061">
    <mentionClass id="CHEBI:52024">4-(4-dihexadecylaminostyryl)-N-methylpyridium iodide</mentionClass>
  </classMention>
  <classMention id="CHEBI_2015_08_26_Instance_90006">
    <mentionClass id="CHEBI:52029">dilC18(3) dye</mentionClass>
  </classMention>
  <classMention id="CHEBI_2015_08_26_Instance_100063">
    <mentionClass id="CHEBI:5291">gelatin</mentionClass>
  </classMention>
  <classMention id="CHEBI_2015_08_26_Instance_90008">
    <mentionClass id="CHEBI:52029">dilC18(3) dye</mentionClass>
  </classMention>
  <classMention id="CHEBI_2015_08_26_Instance_100067">
    <mentionClass id="CHEBI:52815">cresyl violet</mentionClass>
  </classMention>
  <classMention id="CHEBI_2015_08_26_Instance_90013">
    <mentionClass id="CHEBI:52029">dilC18(3) dye</mentionClass>
  </classMention>
</annotations>

