<?xml version="1.0" encoding="UTF-8"?>
<annotations textSource="12925238.txt">
  <annotation>
    <mention id="CHEBI_2015_08_26_Instance_100073" />
    <annotator id="CHEBI_2015_08_26_Instance_10000">Mike Bada, University of Colorado Anschutz Medical Campus</annotator>
    <span start="2476" end="2508" />
    <spannedText>negatively charged phospholipids</spannedText>
  </annotation>
  <annotation>
    <mention id="CHEBI_2015_08_26_Instance_100081" />
    <annotator id="CHEBI_2015_08_26_Instance_10000">Mike Bada, University of Colorado Anschutz Medical Campus</annotator>
    <span start="10370" end="10379" />
    <spannedText>iodixanol</spannedText>
  </annotation>
  <annotation>
    <mention id="CHEBI_2015_08_26_Instance_100083" />
    <annotator id="CHEBI_2015_08_26_Instance_10000">Mike Bada, University of Colorado Anschutz Medical Campus</annotator>
    <span start="11288" end="11297" />
    <spannedText>iodixanol</spannedText>
  </annotation>
  <annotation>
    <mention id="CHEBI_2015_08_26_Instance_100085" />
    <annotator id="CHEBI_2015_08_26_Instance_10000">Mike Bada, University of Colorado Anschutz Medical Campus</annotator>
    <span start="17062" end="17072" />
    <spannedText>ristocetin</spannedText>
  </annotation>
  <annotation>
    <mention id="CHEBI_2015_08_26_Instance_100087" />
    <annotator id="CHEBI_2015_08_26_Instance_10000">Mike Bada, University of Colorado Anschutz Medical Campus</annotator>
    <span start="18015" end="18025" />
    <spannedText>ristocetin</spannedText>
  </annotation>
  <annotation>
    <mention id="CHEBI_2015_08_26_Instance_100089" />
    <annotator id="CHEBI_2015_08_26_Instance_10000">Mike Bada, University of Colorado Anschutz Medical Campus</annotator>
    <span start="20342" end="20354" />
    <spannedText>Triton X-100</spannedText>
  </annotation>
  <annotation>
    <mention id="CHEBI_2015_08_26_Instance_100096" />
    <annotator id="CHEBI_2015_08_26_Instance_10000">Mike Bada, University of Colorado Anschutz Medical Campus</annotator>
    <span start="20874" end="20884" />
    <spannedText>surfactant</spannedText>
  </annotation>
  <annotation>
    <mention id="CHEBI_2015_08_26_Instance_100100" />
    <annotator id="CHEBI_2015_08_26_Instance_10000">Mike Bada, University of Colorado Anschutz Medical Campus</annotator>
    <span start="26326" end="26333" />
    <spannedText>antigen</spannedText>
  </annotation>
  <annotation>
    <mention id="CHEBI_2015_08_26_Instance_100108" />
    <annotator id="CHEBI_2015_08_26_Instance_10000">Mike Bada, University of Colorado Anschutz Medical Campus</annotator>
    <span start="28747" end="28756" />
    <spannedText>iodixanol</spannedText>
  </annotation>
  <annotation>
    <mention id="CHEBI_2015_08_26_Instance_100112" />
    <annotator id="CHEBI_2015_08_26_Instance_10000">Mike Bada, University of Colorado Anschutz Medical Campus</annotator>
    <span start="29190" end="29199" />
    <spannedText>iodixanol</spannedText>
  </annotation>
  <annotation>
    <mention id="CHEBI_2015_08_26_Instance_100114" />
    <annotator id="CHEBI_2015_08_26_Instance_10000">Mike Bada, University of Colorado Anschutz Medical Campus</annotator>
    <span start="29259" end="29268" />
    <spannedText>iodixanol</spannedText>
  </annotation>
  <annotation>
    <mention id="CHEBI_2015_08_26_Instance_100118" />
    <annotator id="CHEBI_2015_08_26_Instance_10000">Mike Bada, University of Colorado Anschutz Medical Campus</annotator>
    <span start="29368" end="29377" />
    <spannedText>iodixanol</spannedText>
  </annotation>
  <annotation>
    <mention id="CHEBI_2015_08_26_Instance_100120" />
    <annotator id="CHEBI_2015_08_26_Instance_10000">Mike Bada, University of Colorado Anschutz Medical Campus</annotator>
    <span start="29499" end="29508" />
    <spannedText>iodixanol</spannedText>
  </annotation>
  <annotation>
    <mention id="CHEBI_2015_08_26_Instance_100122" />
    <annotator id="CHEBI_2015_08_26_Instance_10000">Mike Bada, University of Colorado Anschutz Medical Campus</annotator>
    <span start="29514" end="29521" />
    <spannedText>mixture</spannedText>
  </annotation>
  <annotation>
    <mention id="CHEBI_2015_08_26_Instance_100124" />
    <annotator id="CHEBI_2015_08_26_Instance_10000">Mike Bada, University of Colorado Anschutz Medical Campus</annotator>
    <span start="29596" end="29605" />
    <spannedText>iodixanol</spannedText>
  </annotation>
  <annotation>
    <mention id="CHEBI_2015_08_26_Instance_100144" />
    <annotator id="CHEBI_2015_08_26_Instance_10000">Mike Bada, University of Colorado Anschutz Medical Campus</annotator>
    <span start="31442" end="31454" />
    <spannedText>Triton X-100</spannedText>
  </annotation>
  <annotation>
    <mention id="CHEBI_2015_08_26_Instance_100150" />
    <annotator id="CHEBI_2015_08_26_Instance_10000">Mike Bada, University of Colorado Anschutz Medical Campus</annotator>
    <span start="33272" end="33282" />
    <spannedText>ristocetin</spannedText>
  </annotation>
  <annotation>
    <mention id="CHEBI_2015_08_26_Instance_100152" />
    <annotator id="CHEBI_2015_08_26_Instance_10000">Mike Bada, University of Colorado Anschutz Medical Campus</annotator>
    <span start="33283" end="33291" />
    <spannedText>solution</spannedText>
  </annotation>
  <annotation>
    <mention id="CHEBI_2015_08_26_Instance_100158" />
    <annotator id="CHEBI_2015_08_26_Instance_10000">Mike Bada, University of Colorado Anschutz Medical Campus</annotator>
    <span start="13608" end="13616" />
    <spannedText>solution</spannedText>
  </annotation>
  <annotation>
    <mention id="CHEBI_2015_08_26_Instance_100160" />
    <annotator id="CHEBI_2015_08_26_Instance_10000">Mike Bada, University of Colorado Anschutz Medical Campus</annotator>
    <span start="13696" end="13704" />
    <spannedText>solution</spannedText>
  </annotation>
  <annotation>
    <mention id="CHEBI_2015_08_26_Instance_100162" />
    <annotator id="CHEBI_2015_08_26_Instance_10000">Mike Bada, University of Colorado Anschutz Medical Campus</annotator>
    <span start="13895" end="13903" />
    <spannedText>solution</spannedText>
  </annotation>
  <annotation>
    <mention id="CHEBI_2015_08_26_Instance_100164" />
    <annotator id="CHEBI_2015_08_26_Instance_10000">Mike Bada, University of Colorado Anschutz Medical Campus</annotator>
    <span start="16933" end="16941" />
    <spannedText>solution</spannedText>
  </annotation>
  <annotation>
    <mention id="CHEBI_2015_08_26_Instance_100168" />
    <annotator id="CHEBI_2015_08_26_Instance_10000">Mike Bada, University of Colorado Anschutz Medical Campus</annotator>
    <span start="29200" end="29208" />
    <spannedText>solution</spannedText>
  </annotation>
  <annotation>
    <mention id="CHEBI_2015_08_26_Instance_100170" />
    <annotator id="CHEBI_2015_08_26_Instance_10000">Mike Bada, University of Colorado Anschutz Medical Campus</annotator>
    <span start="29244" end="29252" />
    <spannedText>solution</spannedText>
  </annotation>
  <annotation>
    <mention id="CHEBI_2015_08_26_Instance_100172" />
    <annotator id="CHEBI_2015_08_26_Instance_10000">Mike Bada, University of Colorado Anschutz Medical Campus</annotator>
    <span start="29378" end="29386" />
    <spannedText>solution</spannedText>
  </annotation>
  <annotation>
    <mention id="CHEBI_2015_08_26_Instance_100174" />
    <annotator id="CHEBI_2015_08_26_Instance_10000">Mike Bada, University of Colorado Anschutz Medical Campus</annotator>
    <span start="29440" end="29448" />
    <spannedText>solution</spannedText>
  </annotation>
  <annotation>
    <mention id="CHEBI_2015_08_26_Instance_100176" />
    <annotator id="CHEBI_2015_08_26_Instance_10000">Mike Bada, University of Colorado Anschutz Medical Campus</annotator>
    <span start="29472" end="29480" />
    <spannedText>solution</spannedText>
  </annotation>
  <annotation>
    <mention id="CHEBI_2015_08_26_Instance_100178" />
    <annotator id="CHEBI_2015_08_26_Instance_10000">Mike Bada, University of Colorado Anschutz Medical Campus</annotator>
    <span start="30589" end="30597" />
    <spannedText>solution</spannedText>
  </annotation>
  <annotation>
    <mention id="CHEBI_2015_08_26_Instance_100180" />
    <annotator id="CHEBI_2015_08_26_Instance_10000">Mike Bada, University of Colorado Anschutz Medical Campus</annotator>
    <span start="32149" end="32157" />
    <spannedText>solution</spannedText>
  </annotation>
  <annotation>
    <mention id="CHEBI_2015_08_26_Instance_10431" />
    <annotator id="CHEBI_2015_08_26_Instance_10000">Mike Bada, University of Colorado Anschutz Medical Campus</annotator>
    <span start="174" end="178" />
    <spannedText>Ca2+</spannedText>
  </annotation>
  <annotation>
    <mention id="CHEBI_2015_08_26_Instance_10433" />
    <annotator id="CHEBI_2015_08_26_Instance_10000">Mike Bada, University of Colorado Anschutz Medical Campus</annotator>
    <span start="184" end="196" />
    <spannedText>phospholipid</spannedText>
  </annotation>
  <annotation>
    <mention id="CHEBI_2015_08_26_Instance_10435" />
    <annotator id="CHEBI_2015_08_26_Instance_10000">Mike Bada, University of Colorado Anschutz Medical Campus</annotator>
    <span start="443" end="447" />
    <spannedText>Ca2+</spannedText>
  </annotation>
  <annotation>
    <mention id="CHEBI_2015_08_26_Instance_10437" />
    <annotator id="CHEBI_2015_08_26_Instance_10000">Mike Bada, University of Colorado Anschutz Medical Campus</annotator>
    <span start="714" end="718" />
    <spannedText>Ca2+</spannedText>
  </annotation>
  <annotation>
    <mention id="CHEBI_2015_08_26_Instance_10439" />
    <annotator id="CHEBI_2015_08_26_Instance_10000">Mike Bada, University of Colorado Anschutz Medical Campus</annotator>
    <span start="1864" end="1868" />
    <spannedText>Ca2+</spannedText>
  </annotation>
  <annotation>
    <mention id="CHEBI_2015_08_26_Instance_10441" />
    <annotator id="CHEBI_2015_08_26_Instance_10000">Mike Bada, University of Colorado Anschutz Medical Campus</annotator>
    <span start="2041" end="2045" />
    <spannedText>Ca2+</spannedText>
  </annotation>
  <annotation>
    <mention id="CHEBI_2015_08_26_Instance_10443" />
    <annotator id="CHEBI_2015_08_26_Instance_10000">Mike Bada, University of Colorado Anschutz Medical Campus</annotator>
    <span start="2361" end="2365" />
    <spannedText>Ca2+</spannedText>
  </annotation>
  <annotation>
    <mention id="CHEBI_2015_08_26_Instance_10445" />
    <annotator id="CHEBI_2015_08_26_Instance_10000">Mike Bada, University of Colorado Anschutz Medical Campus</annotator>
    <span start="2538" end="2547" />
    <spannedText>Ca2+ ions</spannedText>
  </annotation>
  <annotation>
    <mention id="CHEBI_2015_08_26_Instance_10447" />
    <annotator id="CHEBI_2015_08_26_Instance_10000">Mike Bada, University of Colorado Anschutz Medical Campus</annotator>
    <span start="3259" end="3263" />
    <spannedText>Ca2+</spannedText>
  </annotation>
  <annotation>
    <mention id="CHEBI_2015_08_26_Instance_10449" />
    <annotator id="CHEBI_2015_08_26_Instance_10000">Mike Bada, University of Colorado Anschutz Medical Campus</annotator>
    <span start="3306" end="3310" />
    <spannedText>Ca2+</spannedText>
  </annotation>
  <annotation>
    <mention id="CHEBI_2015_08_26_Instance_10451" />
    <annotator id="CHEBI_2015_08_26_Instance_10000">Mike Bada, University of Colorado Anschutz Medical Campus</annotator>
    <span start="3701" end="3705" />
    <spannedText>Ca2+</spannedText>
  </annotation>
  <annotation>
    <mention id="CHEBI_2015_08_26_Instance_10453" />
    <annotator id="CHEBI_2015_08_26_Instance_10000">Mike Bada, University of Colorado Anschutz Medical Campus</annotator>
    <span start="3819" end="3823" />
    <spannedText>Ca2+</spannedText>
  </annotation>
  <annotation>
    <mention id="CHEBI_2015_08_26_Instance_10455" />
    <annotator id="CHEBI_2015_08_26_Instance_10000">Mike Bada, University of Colorado Anschutz Medical Campus</annotator>
    <span start="4170" end="4174" />
    <spannedText>Ca2+</spannedText>
  </annotation>
  <annotation>
    <mention id="CHEBI_2015_08_26_Instance_10457" />
    <annotator id="CHEBI_2015_08_26_Instance_10000">Mike Bada, University of Colorado Anschutz Medical Campus</annotator>
    <span start="4210" end="4214" />
    <spannedText>Ca2+</spannedText>
  </annotation>
  <annotation>
    <mention id="CHEBI_2015_08_26_Instance_10459" />
    <annotator id="CHEBI_2015_08_26_Instance_10000">Mike Bada, University of Colorado Anschutz Medical Campus</annotator>
    <span start="5133" end="5137" />
    <spannedText>Ca2+</spannedText>
  </annotation>
  <annotation>
    <mention id="CHEBI_2015_08_26_Instance_10461" />
    <annotator id="CHEBI_2015_08_26_Instance_10000">Mike Bada, University of Colorado Anschutz Medical Campus</annotator>
    <span start="5154" end="5158" />
    <spannedText>Ca2+</spannedText>
  </annotation>
  <annotation>
    <mention id="CHEBI_2015_08_26_Instance_10463" />
    <annotator id="CHEBI_2015_08_26_Instance_10000">Mike Bada, University of Colorado Anschutz Medical Campus</annotator>
    <span start="6072" end="6076" />
    <spannedText>Ca2+</spannedText>
  </annotation>
  <annotation>
    <mention id="CHEBI_2015_08_26_Instance_10465" />
    <annotator id="CHEBI_2015_08_26_Instance_10000">Mike Bada, University of Colorado Anschutz Medical Campus</annotator>
    <span start="8863" end="8867" />
    <spannedText>Ca2+</spannedText>
  </annotation>
  <annotation>
    <mention id="CHEBI_2015_08_26_Instance_10467" />
    <annotator id="CHEBI_2015_08_26_Instance_10000">Mike Bada, University of Colorado Anschutz Medical Campus</annotator>
    <span start="9818" end="9822" />
    <spannedText>Ca2+</spannedText>
  </annotation>
  <annotation>
    <mention id="CHEBI_2015_08_26_Instance_10469" />
    <annotator id="CHEBI_2015_08_26_Instance_10000">Mike Bada, University of Colorado Anschutz Medical Campus</annotator>
    <span start="21554" end="21558" />
    <spannedText>Ca2+</spannedText>
  </annotation>
  <annotation>
    <mention id="CHEBI_2015_08_26_Instance_10471" />
    <annotator id="CHEBI_2015_08_26_Instance_10000">Mike Bada, University of Colorado Anschutz Medical Campus</annotator>
    <span start="21806" end="21810" />
    <spannedText>Ca2+</spannedText>
  </annotation>
  <annotation>
    <mention id="CHEBI_2015_08_26_Instance_10473" />
    <annotator id="CHEBI_2015_08_26_Instance_10000">Mike Bada, University of Colorado Anschutz Medical Campus</annotator>
    <span start="22628" end="22632" />
    <spannedText>Ca2+</spannedText>
  </annotation>
  <annotation>
    <mention id="CHEBI_2015_08_26_Instance_10475" />
    <annotator id="CHEBI_2015_08_26_Instance_10000">Mike Bada, University of Colorado Anschutz Medical Campus</annotator>
    <span start="22836" end="22840" />
    <spannedText>Ca2+</spannedText>
  </annotation>
  <annotation>
    <mention id="CHEBI_2015_08_26_Instance_10477" />
    <annotator id="CHEBI_2015_08_26_Instance_10000">Mike Bada, University of Colorado Anschutz Medical Campus</annotator>
    <span start="24244" end="24248" />
    <spannedText>Ca2+</spannedText>
  </annotation>
  <annotation>
    <mention id="CHEBI_2015_08_26_Instance_10479" />
    <annotator id="CHEBI_2015_08_26_Instance_10000">Mike Bada, University of Colorado Anschutz Medical Campus</annotator>
    <span start="24809" end="24813" />
    <spannedText>Ca2+</spannedText>
  </annotation>
  <annotation>
    <mention id="CHEBI_2015_08_26_Instance_10481" />
    <annotator id="CHEBI_2015_08_26_Instance_10000">Mike Bada, University of Colorado Anschutz Medical Campus</annotator>
    <span start="24897" end="24901" />
    <spannedText>Ca2+</spannedText>
  </annotation>
  <annotation>
    <mention id="CHEBI_2015_08_26_Instance_10483" />
    <annotator id="CHEBI_2015_08_26_Instance_10000">Mike Bada, University of Colorado Anschutz Medical Campus</annotator>
    <span start="25050" end="25054" />
    <spannedText>Ca2+</spannedText>
  </annotation>
  <annotation>
    <mention id="CHEBI_2015_08_26_Instance_10485" />
    <annotator id="CHEBI_2015_08_26_Instance_10000">Mike Bada, University of Colorado Anschutz Medical Campus</annotator>
    <span start="25162" end="25166" />
    <spannedText>Ca2+</spannedText>
  </annotation>
  <annotation>
    <mention id="CHEBI_2015_08_26_Instance_10487" />
    <annotator id="CHEBI_2015_08_26_Instance_10000">Mike Bada, University of Colorado Anschutz Medical Campus</annotator>
    <span start="25285" end="25294" />
    <spannedText>Ca2+ ions</spannedText>
  </annotation>
  <annotation>
    <mention id="CHEBI_2015_08_26_Instance_10489" />
    <annotator id="CHEBI_2015_08_26_Instance_10000">Mike Bada, University of Colorado Anschutz Medical Campus</annotator>
    <span start="26540" end="26544" />
    <spannedText>Ca2+</spannedText>
  </annotation>
  <annotation>
    <mention id="CHEBI_2015_08_26_Instance_10491" />
    <annotator id="CHEBI_2015_08_26_Instance_10000">Mike Bada, University of Colorado Anschutz Medical Campus</annotator>
    <span start="27109" end="27113" />
    <spannedText>Ca2+</spannedText>
  </annotation>
  <annotation>
    <mention id="CHEBI_2015_08_26_Instance_10493" />
    <annotator id="CHEBI_2015_08_26_Instance_10000">Mike Bada, University of Colorado Anschutz Medical Campus</annotator>
    <span start="30109" end="30113" />
    <spannedText>Ca2+</spannedText>
  </annotation>
  <annotation>
    <mention id="CHEBI_2015_08_26_Instance_10495" />
    <annotator id="CHEBI_2015_08_26_Instance_10000">Mike Bada, University of Colorado Anschutz Medical Campus</annotator>
    <span start="30489" end="30493" />
    <spannedText>Ca2+</spannedText>
  </annotation>
  <annotation>
    <mention id="CHEBI_2015_08_26_Instance_10499" />
    <annotator id="CHEBI_2015_08_26_Instance_10000">Mike Bada, University of Colorado Anschutz Medical Campus</annotator>
    <span start="1874" end="1886" />
    <spannedText>phospholipid</spannedText>
  </annotation>
  <annotation>
    <mention id="CHEBI_2015_08_26_Instance_10557" />
    <annotator id="CHEBI_2015_08_26_Instance_10000">Mike Bada, University of Colorado Anschutz Medical Campus</annotator>
    <span start="1999" end="2011" />
    <spannedText>phospholipid</spannedText>
  </annotation>
  <annotation>
    <mention id="CHEBI_2015_08_26_Instance_10559" />
    <annotator id="CHEBI_2015_08_26_Instance_10000">Mike Bada, University of Colorado Anschutz Medical Campus</annotator>
    <span start="2371" end="2383" />
    <spannedText>phospholipid</spannedText>
  </annotation>
  <annotation>
    <mention id="CHEBI_2015_08_26_Instance_10563" />
    <annotator id="CHEBI_2015_08_26_Instance_10000">Mike Bada, University of Colorado Anschutz Medical Campus</annotator>
    <span start="7130" end="7142" />
    <spannedText>phospholipid</spannedText>
  </annotation>
  <annotation>
    <mention id="CHEBI_2015_08_26_Instance_10565" />
    <annotator id="CHEBI_2015_08_26_Instance_10000">Mike Bada, University of Colorado Anschutz Medical Campus</annotator>
    <span start="20167" end="20180" />
    <spannedText>phospholipids</spannedText>
  </annotation>
  <annotation>
    <mention id="CHEBI_2015_08_26_Instance_10567" />
    <annotator id="CHEBI_2015_08_26_Instance_10000">Mike Bada, University of Colorado Anschutz Medical Campus</annotator>
    <span start="21496" end="21508" />
    <spannedText>phospholipid</spannedText>
  </annotation>
  <annotation>
    <mention id="CHEBI_2015_08_26_Instance_10569" />
    <annotator id="CHEBI_2015_08_26_Instance_10000">Mike Bada, University of Colorado Anschutz Medical Campus</annotator>
    <span start="25195" end="25207" />
    <spannedText>phospholipid</spannedText>
  </annotation>
  <annotation>
    <mention id="CHEBI_2015_08_26_Instance_10571" />
    <annotator id="CHEBI_2015_08_26_Instance_10000">Mike Bada, University of Colorado Anschutz Medical Campus</annotator>
    <span start="2140" end="2154" />
    <spannedText>catecholamines</spannedText>
  </annotation>
  <annotation>
    <mention id="CHEBI_2015_08_26_Instance_10587" />
    <annotator id="CHEBI_2015_08_26_Instance_10000">Mike Bada, University of Colorado Anschutz Medical Campus</annotator>
    <span start="3468" end="3473" />
    <spannedText>lipid</spannedText>
  </annotation>
  <annotation>
    <mention id="CHEBI_2015_08_26_Instance_10589" />
    <annotator id="CHEBI_2015_08_26_Instance_10000">Mike Bada, University of Colorado Anschutz Medical Campus</annotator>
    <span start="3485" end="3490" />
    <spannedText>Lipid</spannedText>
  </annotation>
  <annotation>
    <mention id="CHEBI_2015_08_26_Instance_10591" />
    <annotator id="CHEBI_2015_08_26_Instance_10000">Mike Bada, University of Colorado Anschutz Medical Campus</annotator>
    <span start="6639" end="6644" />
    <spannedText>lipid</spannedText>
  </annotation>
  <annotation>
    <mention id="CHEBI_2015_08_26_Instance_10593" />
    <annotator id="CHEBI_2015_08_26_Instance_10000">Mike Bada, University of Colorado Anschutz Medical Campus</annotator>
    <span start="6782" end="6787" />
    <spannedText>lipid</spannedText>
  </annotation>
  <annotation>
    <mention id="CHEBI_2015_08_26_Instance_10595" />
    <annotator id="CHEBI_2015_08_26_Instance_10000">Mike Bada, University of Colorado Anschutz Medical Campus</annotator>
    <span start="6934" end="6939" />
    <spannedText>lipid</spannedText>
  </annotation>
  <annotation>
    <mention id="CHEBI_2015_08_26_Instance_10597" />
    <annotator id="CHEBI_2015_08_26_Instance_10000">Mike Bada, University of Colorado Anschutz Medical Campus</annotator>
    <span start="10797" end="10802" />
    <spannedText>lipid</spannedText>
  </annotation>
  <annotation>
    <mention id="CHEBI_2015_08_26_Instance_10599" />
    <annotator id="CHEBI_2015_08_26_Instance_10000">Mike Bada, University of Colorado Anschutz Medical Campus</annotator>
    <span start="10806" end="10811" />
    <spannedText>lipid</spannedText>
  </annotation>
  <annotation>
    <mention id="CHEBI_2015_08_26_Instance_10601" />
    <annotator id="CHEBI_2015_08_26_Instance_10000">Mike Bada, University of Colorado Anschutz Medical Campus</annotator>
    <span start="12666" end="12671" />
    <spannedText>lipid</spannedText>
  </annotation>
  <annotation>
    <mention id="CHEBI_2015_08_26_Instance_10603" />
    <annotator id="CHEBI_2015_08_26_Instance_10000">Mike Bada, University of Colorado Anschutz Medical Campus</annotator>
    <span start="3903" end="3912" />
    <spannedText>ryanodine</spannedText>
  </annotation>
  <annotation>
    <mention id="CHEBI_2015_08_26_Instance_10605" />
    <annotator id="CHEBI_2015_08_26_Instance_10000">Mike Bada, University of Colorado Anschutz Medical Campus</annotator>
    <span start="4024" end="4033" />
    <spannedText>ryanodine</spannedText>
  </annotation>
  <annotation>
    <mention id="CHEBI_2015_08_26_Instance_10615" />
    <annotator id="CHEBI_2015_08_26_Instance_10000">Mike Bada, University of Colorado Anschutz Medical Campus</annotator>
    <span start="6605" end="6616" />
    <spannedText>cholesterol</spannedText>
  </annotation>
  <annotation>
    <mention id="CHEBI_2015_08_26_Instance_10617" />
    <annotator id="CHEBI_2015_08_26_Instance_10000">Mike Bada, University of Colorado Anschutz Medical Campus</annotator>
    <span start="6621" end="6633" />
    <spannedText>sphingolipid</spannedText>
  </annotation>
  <annotation>
    <mention id="CHEBI_2015_08_26_Instance_10621" />
    <annotator id="CHEBI_2015_08_26_Instance_10000">Mike Bada, University of Colorado Anschutz Medical Campus</annotator>
    <span start="8062" end="8065" />
    <spannedText>SDS</spannedText>
  </annotation>
  <annotation>
    <mention id="CHEBI_2015_08_26_Instance_10623" />
    <annotator id="CHEBI_2015_08_26_Instance_10000">Mike Bada, University of Colorado Anschutz Medical Campus</annotator>
    <span start="8077" end="8087" />
    <spannedText>acrylamide</spannedText>
  </annotation>
  <annotation>
    <mention id="CHEBI_2015_08_26_Instance_10625" />
    <annotator id="CHEBI_2015_08_26_Instance_10000">Mike Bada, University of Colorado Anschutz Medical Campus</annotator>
    <span start="8868" end="8877" />
    <spannedText>ionophore</spannedText>
  </annotation>
  <annotation>
    <mention id="CHEBI_2015_08_26_Instance_10627" />
    <annotator id="CHEBI_2015_08_26_Instance_10000">Mike Bada, University of Colorado Anschutz Medical Campus</annotator>
    <span start="8905" end="8918" />
    <spannedText>acetylcholine</spannedText>
  </annotation>
  <annotation>
    <mention id="CHEBI_2015_08_26_Instance_10629" />
    <annotator id="CHEBI_2015_08_26_Instance_10000">Mike Bada, University of Colorado Anschutz Medical Campus</annotator>
    <span start="9823" end="9832" />
    <spannedText>ionophore</spannedText>
  </annotation>
  <annotation>
    <mention id="CHEBI_2015_08_26_Instance_10631" />
    <annotator id="CHEBI_2015_08_26_Instance_10000">Mike Bada, University of Colorado Anschutz Medical Campus</annotator>
    <span start="10177" end="10190" />
    <spannedText>acetylcholine</spannedText>
  </annotation>
  <annotation>
    <mention id="CHEBI_2015_08_26_Instance_10633" />
    <annotator id="CHEBI_2015_08_26_Instance_10000">Mike Bada, University of Colorado Anschutz Medical Campus</annotator>
    <span start="12845" end="12850" />
    <spannedText>ionic</spannedText>
  </annotation>
  <annotation>
    <mention id="CHEBI_2015_08_26_Instance_10635" />
    <annotator id="CHEBI_2015_08_26_Instance_10000">Mike Bada, University of Colorado Anschutz Medical Campus</annotator>
    <span start="12951" end="12966" />
    <spannedText>sodium chloride</spannedText>
  </annotation>
  <annotation>
    <mention id="CHEBI_2015_08_26_Instance_10637" />
    <annotator id="CHEBI_2015_08_26_Instance_10000">Mike Bada, University of Colorado Anschutz Medical Campus</annotator>
    <span start="13235" end="13238" />
    <spannedText>ion</spannedText>
  </annotation>
  <annotation>
    <mention id="CHEBI_2015_08_26_Instance_10639" />
    <annotator id="CHEBI_2015_08_26_Instance_10000">Mike Bada, University of Colorado Anschutz Medical Campus</annotator>
    <span start="13603" end="13607" />
    <spannedText>NaCl</spannedText>
  </annotation>
  <annotation>
    <mention id="CHEBI_2015_08_26_Instance_10641" />
    <annotator id="CHEBI_2015_08_26_Instance_10000">Mike Bada, University of Colorado Anschutz Medical Campus</annotator>
    <span start="13691" end="13695" />
    <spannedText>NaCl</spannedText>
  </annotation>
  <annotation>
    <mention id="CHEBI_2015_08_26_Instance_10643" />
    <annotator id="CHEBI_2015_08_26_Instance_10000">Mike Bada, University of Colorado Anschutz Medical Campus</annotator>
    <span start="13734" end="13738" />
    <spannedText>NaCl</spannedText>
  </annotation>
  <annotation>
    <mention id="CHEBI_2015_08_26_Instance_10645" />
    <annotator id="CHEBI_2015_08_26_Instance_10000">Mike Bada, University of Colorado Anschutz Medical Campus</annotator>
    <span start="13890" end="13894" />
    <spannedText>NaCl</spannedText>
  </annotation>
  <annotation>
    <mention id="CHEBI_2015_08_26_Instance_10647" />
    <annotator id="CHEBI_2015_08_26_Instance_10000">Mike Bada, University of Colorado Anschutz Medical Campus</annotator>
    <span start="30314" end="30318" />
    <spannedText>NaCl</spannedText>
  </annotation>
  <annotation>
    <mention id="CHEBI_2015_08_26_Instance_10649" />
    <annotator id="CHEBI_2015_08_26_Instance_10000">Mike Bada, University of Colorado Anschutz Medical Campus</annotator>
    <span start="30455" end="30459" />
    <spannedText>NaCl</spannedText>
  </annotation>
  <annotation>
    <mention id="CHEBI_2015_08_26_Instance_10651" />
    <annotator id="CHEBI_2015_08_26_Instance_10000">Mike Bada, University of Colorado Anschutz Medical Campus</annotator>
    <span start="31430" end="31434" />
    <spannedText>NaCl</spannedText>
  </annotation>
  <annotation>
    <mention id="CHEBI_2015_08_26_Instance_10653" />
    <annotator id="CHEBI_2015_08_26_Instance_10000">Mike Bada, University of Colorado Anschutz Medical Campus</annotator>
    <span start="31953" end="31957" />
    <spannedText>NaCl</spannedText>
  </annotation>
  <annotation>
    <mention id="CHEBI_2015_08_26_Instance_10655" />
    <annotator id="CHEBI_2015_08_26_Instance_10000">Mike Bada, University of Colorado Anschutz Medical Campus</annotator>
    <span start="32003" end="32007" />
    <spannedText>NaCl</spannedText>
  </annotation>
  <annotation>
    <mention id="CHEBI_2015_08_26_Instance_10657" />
    <annotator id="CHEBI_2015_08_26_Instance_10000">Mike Bada, University of Colorado Anschutz Medical Campus</annotator>
    <span start="32954" end="32958" />
    <spannedText>NaCl</spannedText>
  </annotation>
  <annotation>
    <mention id="CHEBI_2015_08_26_Instance_10709" />
    <annotator id="CHEBI_2015_08_26_Instance_10000">Mike Bada, University of Colorado Anschutz Medical Campus</annotator>
    <span start="14720" end="14725" />
    <spannedText>ionic</spannedText>
  </annotation>
  <annotation>
    <mention id="CHEBI_2015_08_26_Instance_10739" />
    <annotator id="CHEBI_2015_08_26_Instance_10000">Mike Bada, University of Colorado Anschutz Medical Campus</annotator>
    <span start="14823" end="14838" />
    <spannedText>sodium chloride</spannedText>
  </annotation>
  <annotation>
    <mention id="CHEBI_2015_08_26_Instance_10755" />
    <annotator id="CHEBI_2015_08_26_Instance_10000">Mike Bada, University of Colorado Anschutz Medical Campus</annotator>
    <span start="15384" end="15387" />
    <spannedText>ion</spannedText>
  </annotation>
  <annotation>
    <mention id="CHEBI_2015_08_26_Instance_10863" />
    <annotator id="CHEBI_2015_08_26_Instance_10000">Mike Bada, University of Colorado Anschutz Medical Campus</annotator>
    <span start="17098" end="17106" />
    <spannedText>cofactor</spannedText>
  </annotation>
  <annotation>
    <mention id="CHEBI_2015_08_26_Instance_10865" />
    <annotator id="CHEBI_2015_08_26_Instance_10000">Mike Bada, University of Colorado Anschutz Medical Campus</annotator>
    <span start="20087" end="20100" />
    <spannedText>sphingolipids</spannedText>
  </annotation>
  <annotation>
    <mention id="CHEBI_2015_08_26_Instance_10867" />
    <annotator id="CHEBI_2015_08_26_Instance_10000">Mike Bada, University of Colorado Anschutz Medical Campus</annotator>
    <span start="20105" end="20116" />
    <spannedText>cholesterol</spannedText>
  </annotation>
  <annotation>
    <mention id="CHEBI_2015_08_26_Instance_10869" />
    <annotator id="CHEBI_2015_08_26_Instance_10000">Mike Bada, University of Colorado Anschutz Medical Campus</annotator>
    <span start="20185" end="20196" />
    <spannedText>cholesterol</spannedText>
  </annotation>
  <annotation>
    <mention id="CHEBI_2015_08_26_Instance_13533" />
    <annotator id="CHEBI_2015_08_26_Instance_10000">Mike Bada, University of Colorado Anschutz Medical Campus</annotator>
    <span start="23578" end="23589" />
    <spannedText>cholesterol</spannedText>
  </annotation>
  <annotation>
    <mention id="CHEBI_2015_08_26_Instance_13547" />
    <annotator id="CHEBI_2015_08_26_Instance_10000">Mike Bada, University of Colorado Anschutz Medical Campus</annotator>
    <span start="23680" end="23691" />
    <spannedText>cholesterol</spannedText>
  </annotation>
  <annotation>
    <mention id="CHEBI_2015_08_26_Instance_13551" />
    <annotator id="CHEBI_2015_08_26_Instance_10000">Mike Bada, University of Colorado Anschutz Medical Campus</annotator>
    <span start="24647" end="24652" />
    <spannedText>ionic</spannedText>
  </annotation>
  <annotation>
    <mention id="CHEBI_2015_08_26_Instance_13553" />
    <annotator id="CHEBI_2015_08_26_Instance_10000">Mike Bada, University of Colorado Anschutz Medical Campus</annotator>
    <span start="26706" end="26711" />
    <spannedText>lipid</spannedText>
  </annotation>
  <annotation>
    <mention id="CHEBI_2015_08_26_Instance_13555" />
    <annotator id="CHEBI_2015_08_26_Instance_10000">Mike Bada, University of Colorado Anschutz Medical Campus</annotator>
    <span start="27664" end="27685" />
    <spannedText>anaesthetic chemicals</spannedText>
  </annotation>
  <annotation>
    <mention id="CHEBI_2015_08_26_Instance_13559" />
    <annotator id="CHEBI_2015_08_26_Instance_10000">Mike Bada, University of Colorado Anschutz Medical Campus</annotator>
    <span start="29021" end="29026" />
    <spannedText>CaCl2</spannedText>
  </annotation>
  <annotation>
    <mention id="CHEBI_2015_08_26_Instance_13561" />
    <annotator id="CHEBI_2015_08_26_Instance_10000">Mike Bada, University of Colorado Anschutz Medical Campus</annotator>
    <span start="29035" end="29042" />
    <spannedText>sucrose</spannedText>
  </annotation>
  <annotation>
    <mention id="CHEBI_2015_08_26_Instance_13565" />
    <annotator id="CHEBI_2015_08_26_Instance_10000">Mike Bada, University of Colorado Anschutz Medical Campus</annotator>
    <span start="29297" end="29302" />
    <spannedText>Hepes</spannedText>
  </annotation>
  <annotation>
    <mention id="CHEBI_2015_08_26_Instance_13567" />
    <annotator id="CHEBI_2015_08_26_Instance_10000">Mike Bada, University of Colorado Anschutz Medical Campus</annotator>
    <span start="29319" end="29324" />
    <spannedText>CaCl2</spannedText>
  </annotation>
  <annotation>
    <mention id="CHEBI_2015_08_26_Instance_13569" />
    <annotator id="CHEBI_2015_08_26_Instance_10000">Mike Bada, University of Colorado Anschutz Medical Campus</annotator>
    <span start="29333" end="29340" />
    <spannedText>sucrose</spannedText>
  </annotation>
  <annotation>
    <mention id="CHEBI_2015_08_26_Instance_13573" />
    <annotator id="CHEBI_2015_08_26_Instance_10000">Mike Bada, University of Colorado Anschutz Medical Campus</annotator>
    <span start="30149" end="30156" />
    <spannedText>heparin</spannedText>
  </annotation>
  <annotation>
    <mention id="CHEBI_2015_08_26_Instance_13575" />
    <annotator id="CHEBI_2015_08_26_Instance_10000">Mike Bada, University of Colorado Anschutz Medical Campus</annotator>
    <span start="30288" end="30293" />
    <spannedText>Hepes</spannedText>
  </annotation>
  <annotation>
    <mention id="CHEBI_2015_08_26_Instance_13577" />
    <annotator id="CHEBI_2015_08_26_Instance_10000">Mike Bada, University of Colorado Anschutz Medical Campus</annotator>
    <span start="30433" end="30438" />
    <spannedText>Hepes</spannedText>
  </annotation>
  <annotation>
    <mention id="CHEBI_2015_08_26_Instance_13579" />
    <annotator id="CHEBI_2015_08_26_Instance_10000">Mike Bada, University of Colorado Anschutz Medical Campus</annotator>
    <span start="30466" end="30471" />
    <spannedText>CaCl2</spannedText>
  </annotation>
  <annotation>
    <mention id="CHEBI_2015_08_26_Instance_13581" />
    <annotator id="CHEBI_2015_08_26_Instance_10000">Mike Bada, University of Colorado Anschutz Medical Campus</annotator>
    <span start="30494" end="30503" />
    <spannedText>ionophore</spannedText>
  </annotation>
  <annotation>
    <mention id="CHEBI_2015_08_26_Instance_13583" />
    <annotator id="CHEBI_2015_08_26_Instance_10000">Mike Bada, University of Colorado Anschutz Medical Campus</annotator>
    <span start="31224" end="31237" />
    <spannedText>acetylcholine</spannedText>
  </annotation>
  <annotation>
    <mention id="CHEBI_2015_08_26_Instance_13585" />
    <annotator id="CHEBI_2015_08_26_Instance_10000">Mike Bada, University of Colorado Anschutz Medical Campus</annotator>
    <span start="31288" end="31301" />
    <spannedText>Acetylcholine</spannedText>
  </annotation>
  <annotation>
    <mention id="CHEBI_2015_08_26_Instance_13587" />
    <annotator id="CHEBI_2015_08_26_Instance_10000">Mike Bada, University of Colorado Anschutz Medical Campus</annotator>
    <span start="31408" end="31413" />
    <spannedText>Hepes</spannedText>
  </annotation>
  <annotation>
    <mention id="CHEBI_2015_08_26_Instance_13589" />
    <annotator id="CHEBI_2015_08_26_Instance_10000">Mike Bada, University of Colorado Anschutz Medical Campus</annotator>
    <span start="32940" end="32945" />
    <spannedText>Hepes</spannedText>
  </annotation>
  <annotation>
    <mention id="CHEBI_2015_08_26_Instance_13591" />
    <annotator id="CHEBI_2015_08_26_Instance_10000">Mike Bada, University of Colorado Anschutz Medical Campus</annotator>
    <span start="28999" end="29004" />
    <spannedText>Hepes</spannedText>
  </annotation>
  <annotation>
    <mention id="CHEBI_2015_08_26_Instance_13593" />
    <annotator id="CHEBI_2015_08_26_Instance_10000">Mike Bada, University of Colorado Anschutz Medical Campus</annotator>
    <span start="31523" end="31539" />
    <spannedText>sodium phosphate</spannedText>
  </annotation>
  <annotation>
    <mention id="CHEBI_2015_08_26_Instance_13595" />
    <annotator id="CHEBI_2015_08_26_Instance_10000">Mike Bada, University of Colorado Anschutz Medical Campus</annotator>
    <span start="31631" end="31647" />
    <spannedText>sodium phosphate</spannedText>
  </annotation>
  <annotation>
    <mention id="CHEBI_2015_08_26_Instance_13597" />
    <annotator id="CHEBI_2015_08_26_Instance_10000">Mike Bada, University of Colorado Anschutz Medical Campus</annotator>
    <span start="31706" end="31709" />
    <spannedText>H2O</spannedText>
  </annotation>
  <annotation>
    <mention id="CHEBI_2015_08_26_Instance_13599" />
    <annotator id="CHEBI_2015_08_26_Instance_10000">Mike Bada, University of Colorado Anschutz Medical Campus</annotator>
    <span start="31928" end="31935" />
    <spannedText>Na2HPO4</spannedText>
  </annotation>
  <annotation>
    <mention id="CHEBI_2015_08_26_Instance_13601" />
    <annotator id="CHEBI_2015_08_26_Instance_10000">Mike Bada, University of Colorado Anschutz Medical Campus</annotator>
    <span start="31936" end="31943" />
    <spannedText>NaH2PO4</spannedText>
  </annotation>
  <annotation>
    <mention id="CHEBI_2015_08_26_Instance_13603" />
    <annotator id="CHEBI_2015_08_26_Instance_10000">Mike Bada, University of Colorado Anschutz Medical Campus</annotator>
    <span start="33370" end="33377" />
    <spannedText>reagent</spannedText>
  </annotation>
  <annotation>
    <mention id="CHEBI_2015_08_26_Instance_13605" />
    <annotator id="CHEBI_2015_08_26_Instance_10000">Mike Bada, University of Colorado Anschutz Medical Campus</annotator>
    <span start="34922" end="34925" />
    <spannedText>SDS</spannedText>
  </annotation>
  <annotation>
    <mention id="CHEBI_2015_08_26_Instance_14509" />
    <annotator id="CHEBI_2015_08_26_Instance_10000">Mike Bada, University of Colorado Anschutz Medical Campus</annotator>
    <span start="20394" end="20401" />
    <spannedText>sucrose</spannedText>
  </annotation>
  <annotation>
    <mention id="CHEBI_2015_08_26_Instance_14511" />
    <annotator id="CHEBI_2015_08_26_Instance_10000">Mike Bada, University of Colorado Anschutz Medical Campus</annotator>
    <span start="20778" end="20788" />
    <spannedText>surfactant</spannedText>
  </annotation>
  <annotation>
    <mention id="CHEBI_2015_08_26_Instance_240577" />
    <annotator id="CHEBI_2015_08_26_Instance_10000">Mike Bada, University of Colorado Anschutz Medical Campus</annotator>
    <span start="4448" end="4457" />
    <spannedText>molecules</spannedText>
  </annotation>
  <annotation>
    <mention id="CHEBI_2015_08_26_Instance_240579" />
    <annotator id="CHEBI_2015_08_26_Instance_10000">Mike Bada, University of Colorado Anschutz Medical Campus</annotator>
    <span start="4473" end="4481" />
    <spannedText>molecule</spannedText>
  </annotation>
  <annotation>
    <mention id="CHEBI_2015_08_26_Instance_24841" />
    <annotator id="CHEBI_2015_08_26_Instance_10000">Mike Bada, University of Colorado Anschutz Medical Campus</annotator>
    <span start="27314" end="27318" />
    <spannedText>food</spannedText>
  </annotation>
  <annotation>
    <mention id="CHEBI_2015_08_26_Instance_330404" />
    <annotator id="CHEBI_2015_08_26_Instance_10000">Mike Bada, University of Colorado Anschutz Medical Campus</annotator>
    <span start="31578" end="31582" />
    <spannedText>DTNB</spannedText>
  </annotation>
  <annotation>
    <mention id="CHEBI_2015_08_26_Instance_330406" />
    <annotator id="CHEBI_2015_08_26_Instance_10000">Mike Bada, University of Colorado Anschutz Medical Campus</annotator>
    <span start="31584" end="31619" />
    <spannedText>5,5'-dithiobis-(2-nitrobenzoic acid</spannedText>
  </annotation>
  <annotation>
    <mention id="CHEBI_2015_08_26_Instance_340264" />
    <annotator id="CHEBI_2015_08_26_Instance_10000">Mike Bada, University of Colorado Anschutz Medical Campus</annotator>
    <span start="25979" end="25987" />
    <spannedText>thrombin</spannedText>
  </annotation>
  <classMention id="CHEBI_2015_08_26_Instance_100081">
    <mentionClass id="CHEBI:31705">iodixanol</mentionClass>
  </classMention>
  <classMention id="CHEBI_2015_08_26_Instance_10655">
    <mentionClass id="CHEBI:26710">sodium chloride</mentionClass>
  </classMention>
  <classMention id="CHEBI_2015_08_26_Instance_100083">
    <mentionClass id="CHEBI:31705">iodixanol</mentionClass>
  </classMention>
  <classMention id="CHEBI_2015_08_26_Instance_10657">
    <mentionClass id="CHEBI:26710">sodium chloride</mentionClass>
  </classMention>
  <classMention id="CHEBI_2015_08_26_Instance_100085">
    <mentionClass id="CHEBI:85129">ristocetin</mentionClass>
  </classMention>
  <classMention id="CHEBI_2015_08_26_Instance_100087">
    <mentionClass id="CHEBI:85129">ristocetin</mentionClass>
  </classMention>
  <classMention id="CHEBI_2015_08_26_Instance_100089">
    <mentionClass id="CHEBI:9750">Triton X-100</mentionClass>
  </classMention>
  <classMention id="CHEBI_2015_08_26_Instance_100096">
    <mentionClass id="CHEBI:35195">surfactant</mentionClass>
  </classMention>
  <classMention id="CHEBI_2015_08_26_Instance_100100">
    <mentionClass id="CHEBI:59132">antigen</mentionClass>
  </classMention>
  <classMention id="CHEBI_2015_08_26_Instance_100108">
    <mentionClass id="CHEBI:31705">iodixanol</mentionClass>
  </classMention>
  <classMention id="CHEBI_2015_08_26_Instance_100112">
    <mentionClass id="CHEBI:31705">iodixanol</mentionClass>
  </classMention>
  <classMention id="CHEBI_2015_08_26_Instance_100114">
    <mentionClass id="CHEBI:31705">iodixanol</mentionClass>
  </classMention>
  <classMention id="CHEBI_2015_08_26_Instance_100118">
    <mentionClass id="CHEBI:31705">iodixanol</mentionClass>
  </classMention>
  <classMention id="CHEBI_2015_08_26_Instance_100120">
    <mentionClass id="CHEBI:31705">iodixanol</mentionClass>
  </classMention>
  <classMention id="CHEBI_2015_08_26_Instance_100122">
    <mentionClass id="CHEBI:60004">mixture</mentionClass>
  </classMention>
  <classMention id="CHEBI_2015_08_26_Instance_100124">
    <mentionClass id="CHEBI:31705">iodixanol</mentionClass>
  </classMention>
  <classMention id="CHEBI_2015_08_26_Instance_100144">
    <mentionClass id="CHEBI:9750">Triton X-100</mentionClass>
  </classMention>
  <classMention id="CHEBI_2015_08_26_Instance_100150">
    <mentionClass id="CHEBI:85129">ristocetin</mentionClass>
  </classMention>
  <classMention id="CHEBI_2015_08_26_Instance_10709">
    <mentionClass id="CHEBI:24870">ion</mentionClass>
  </classMention>
  <classMention id="CHEBI_2015_08_26_Instance_100152">
    <mentionClass id="CHEBI:75958">solution</mentionClass>
  </classMention>
  <classMention id="CHEBI_2015_08_26_Instance_100158">
    <mentionClass id="CHEBI:75958">solution</mentionClass>
  </classMention>
  <classMention id="CHEBI_2015_08_26_Instance_100160">
    <mentionClass id="CHEBI:75958">solution</mentionClass>
  </classMention>
  <classMention id="CHEBI_2015_08_26_Instance_100162">
    <mentionClass id="CHEBI:75958">solution</mentionClass>
  </classMention>
  <classMention id="CHEBI_2015_08_26_Instance_10739">
    <mentionClass id="CHEBI:26710">sodium chloride</mentionClass>
  </classMention>
  <classMention id="CHEBI_2015_08_26_Instance_100164">
    <mentionClass id="CHEBI:75958">solution</mentionClass>
  </classMention>
  <classMention id="CHEBI_2015_08_26_Instance_10755">
    <mentionClass id="CHEBI:24870">ion</mentionClass>
  </classMention>
  <classMention id="CHEBI_2015_08_26_Instance_100168">
    <mentionClass id="CHEBI:75958">solution</mentionClass>
  </classMention>
  <classMention id="CHEBI_2015_08_26_Instance_10863">
    <mentionClass id="CHEBI:23357">cofactor</mentionClass>
  </classMention>
  <classMention id="CHEBI_2015_08_26_Instance_100170">
    <mentionClass id="CHEBI:75958">solution</mentionClass>
  </classMention>
  <classMention id="CHEBI_2015_08_26_Instance_10865">
    <mentionClass id="CHEBI:26739">sphingolipid</mentionClass>
  </classMention>
  <classMention id="CHEBI_2015_08_26_Instance_100172">
    <mentionClass id="CHEBI:75958">solution</mentionClass>
  </classMention>
  <classMention id="CHEBI_2015_08_26_Instance_10867">
    <mentionClass id="CHEBI:16113">cholesterol</mentionClass>
  </classMention>
  <classMention id="CHEBI_2015_08_26_Instance_100174">
    <mentionClass id="CHEBI:75958">solution</mentionClass>
  </classMention>
  <classMention id="CHEBI_2015_08_26_Instance_10869">
    <mentionClass id="CHEBI:16113">cholesterol</mentionClass>
  </classMention>
  <classMention id="CHEBI_2015_08_26_Instance_100176">
    <mentionClass id="CHEBI:75958">solution</mentionClass>
  </classMention>
  <classMention id="CHEBI_2015_08_26_Instance_100178">
    <mentionClass id="CHEBI:75958">solution</mentionClass>
  </classMention>
  <classMention id="CHEBI_2015_08_26_Instance_100180">
    <mentionClass id="CHEBI:75958">solution</mentionClass>
  </classMention>
  <classMention id="CHEBI_2015_08_26_Instance_240577">
    <mentionClass id="CHEBI:36357">polyatomic entity</mentionClass>
  </classMention>
  <classMention id="CHEBI_2015_08_26_Instance_240579">
    <mentionClass id="CHEBI:36357">polyatomic entity</mentionClass>
  </classMention>
  <classMention id="CHEBI_2015_08_26_Instance_340264">
    <mentionClass id="CHEBI:9574">Thrombin</mentionClass>
  </classMention>
  <classMention id="CHEBI_2015_08_26_Instance_330404">
    <mentionClass id="CHEBI:86228">dithionitrobenzoic acid</mentionClass>
  </classMention>
  <classMention id="CHEBI_2015_08_26_Instance_10431">
    <mentionClass id="CHEBI:29108">calcium(2+)</mentionClass>
  </classMention>
  <classMention id="CHEBI_2015_08_26_Instance_330406">
    <mentionClass id="CHEBI:86228">dithionitrobenzoic acid</mentionClass>
  </classMention>
  <classMention id="CHEBI_2015_08_26_Instance_10433">
    <mentionClass id="CHEBI:16247">phospholipid</mentionClass>
  </classMention>
  <classMention id="CHEBI_2015_08_26_Instance_10435">
    <mentionClass id="CHEBI:29108">calcium(2+)</mentionClass>
  </classMention>
  <classMention id="CHEBI_2015_08_26_Instance_10437">
    <mentionClass id="CHEBI:29108">calcium(2+)</mentionClass>
  </classMention>
  <classMention id="CHEBI_2015_08_26_Instance_10439">
    <mentionClass id="CHEBI:29108">calcium(2+)</mentionClass>
  </classMention>
  <classMention id="CHEBI_2015_08_26_Instance_10441">
    <mentionClass id="CHEBI:29108">calcium(2+)</mentionClass>
  </classMention>
  <classMention id="CHEBI_2015_08_26_Instance_10443">
    <mentionClass id="CHEBI:29108">calcium(2+)</mentionClass>
  </classMention>
  <classMention id="CHEBI_2015_08_26_Instance_10445">
    <mentionClass id="CHEBI:29108">calcium(2+)</mentionClass>
  </classMention>
  <classMention id="CHEBI_2015_08_26_Instance_10447">
    <mentionClass id="CHEBI:29108">calcium(2+)</mentionClass>
  </classMention>
  <classMention id="CHEBI_2015_08_26_Instance_10449">
    <mentionClass id="CHEBI:29108">calcium(2+)</mentionClass>
  </classMention>
  <classMention id="CHEBI_2015_08_26_Instance_10451">
    <mentionClass id="CHEBI:29108">calcium(2+)</mentionClass>
  </classMention>
  <classMention id="CHEBI_2015_08_26_Instance_10453">
    <mentionClass id="CHEBI:29108">calcium(2+)</mentionClass>
  </classMention>
  <classMention id="CHEBI_2015_08_26_Instance_10455">
    <mentionClass id="CHEBI:29108">calcium(2+)</mentionClass>
  </classMention>
  <classMention id="CHEBI_2015_08_26_Instance_10457">
    <mentionClass id="CHEBI:29108">calcium(2+)</mentionClass>
  </classMention>
  <classMention id="CHEBI_2015_08_26_Instance_10459">
    <mentionClass id="CHEBI:29108">calcium(2+)</mentionClass>
  </classMention>
  <classMention id="CHEBI_2015_08_26_Instance_10461">
    <mentionClass id="CHEBI:29108">calcium(2+)</mentionClass>
  </classMention>
  <classMention id="CHEBI_2015_08_26_Instance_10463">
    <mentionClass id="CHEBI:29108">calcium(2+)</mentionClass>
  </classMention>
  <classMention id="CHEBI_2015_08_26_Instance_10465">
    <mentionClass id="CHEBI:29108">calcium(2+)</mentionClass>
  </classMention>
  <classMention id="CHEBI_2015_08_26_Instance_10467">
    <mentionClass id="CHEBI:29108">calcium(2+)</mentionClass>
  </classMention>
  <classMention id="CHEBI_2015_08_26_Instance_10469">
    <mentionClass id="CHEBI:29108">calcium(2+)</mentionClass>
  </classMention>
  <classMention id="CHEBI_2015_08_26_Instance_10471">
    <mentionClass id="CHEBI:29108">calcium(2+)</mentionClass>
  </classMention>
  <classMention id="CHEBI_2015_08_26_Instance_10473">
    <mentionClass id="CHEBI:29108">calcium(2+)</mentionClass>
  </classMention>
  <classMention id="CHEBI_2015_08_26_Instance_10475">
    <mentionClass id="CHEBI:29108">calcium(2+)</mentionClass>
  </classMention>
  <classMention id="CHEBI_2015_08_26_Instance_14509">
    <mentionClass id="CHEBI:17992">sucrose</mentionClass>
  </classMention>
  <classMention id="CHEBI_2015_08_26_Instance_10477">
    <mentionClass id="CHEBI:29108">calcium(2+)</mentionClass>
  </classMention>
  <classMention id="CHEBI_2015_08_26_Instance_14511">
    <mentionClass id="CHEBI:35195">surfactant</mentionClass>
  </classMention>
  <classMention id="CHEBI_2015_08_26_Instance_10479">
    <mentionClass id="CHEBI:29108">calcium(2+)</mentionClass>
  </classMention>
  <classMention id="CHEBI_2015_08_26_Instance_10481">
    <mentionClass id="CHEBI:29108">calcium(2+)</mentionClass>
  </classMention>
  <classMention id="CHEBI_2015_08_26_Instance_13533">
    <mentionClass id="CHEBI:16113">cholesterol</mentionClass>
  </classMention>
  <classMention id="CHEBI_2015_08_26_Instance_10483">
    <mentionClass id="CHEBI:29108">calcium(2+)</mentionClass>
  </classMention>
  <classMention id="CHEBI_2015_08_26_Instance_13547">
    <mentionClass id="CHEBI:16113">cholesterol</mentionClass>
  </classMention>
  <classMention id="CHEBI_2015_08_26_Instance_10485">
    <mentionClass id="CHEBI:29108">calcium(2+)</mentionClass>
  </classMention>
  <classMention id="CHEBI_2015_08_26_Instance_13551">
    <mentionClass id="CHEBI:24870">ion</mentionClass>
  </classMention>
  <classMention id="CHEBI_2015_08_26_Instance_10487">
    <mentionClass id="CHEBI:29108">calcium(2+)</mentionClass>
  </classMention>
  <classMention id="CHEBI_2015_08_26_Instance_13553">
    <mentionClass id="CHEBI:18059">lipid</mentionClass>
  </classMention>
  <classMention id="CHEBI_2015_08_26_Instance_10489">
    <mentionClass id="CHEBI:29108">calcium(2+)</mentionClass>
  </classMention>
  <classMention id="CHEBI_2015_08_26_Instance_13555">
    <mentionClass id="CHEBI:38867">anaesthetic</mentionClass>
  </classMention>
  <classMention id="CHEBI_2015_08_26_Instance_10491">
    <mentionClass id="CHEBI:29108">calcium(2+)</mentionClass>
  </classMention>
  <classMention id="CHEBI_2015_08_26_Instance_13559">
    <mentionClass id="CHEBI:3312">calcium dichloride</mentionClass>
  </classMention>
  <classMention id="CHEBI_2015_08_26_Instance_10493">
    <mentionClass id="CHEBI:29108">calcium(2+)</mentionClass>
  </classMention>
  <classMention id="CHEBI_2015_08_26_Instance_13561">
    <mentionClass id="CHEBI:17992">sucrose</mentionClass>
  </classMention>
  <classMention id="CHEBI_2015_08_26_Instance_10495">
    <mentionClass id="CHEBI:29108">calcium(2+)</mentionClass>
  </classMention>
  <classMention id="CHEBI_2015_08_26_Instance_13565">
    <mentionClass id="CHEBI:46756">HEPES</mentionClass>
  </classMention>
  <classMention id="CHEBI_2015_08_26_Instance_10499">
    <mentionClass id="CHEBI:16247">phospholipid</mentionClass>
  </classMention>
  <classMention id="CHEBI_2015_08_26_Instance_13567">
    <mentionClass id="CHEBI:3312">calcium dichloride</mentionClass>
  </classMention>
  <classMention id="CHEBI_2015_08_26_Instance_10557">
    <mentionClass id="CHEBI:16247">phospholipid</mentionClass>
  </classMention>
  <classMention id="CHEBI_2015_08_26_Instance_13569">
    <mentionClass id="CHEBI:17992">sucrose</mentionClass>
  </classMention>
  <classMention id="CHEBI_2015_08_26_Instance_10559">
    <mentionClass id="CHEBI:16247">phospholipid</mentionClass>
  </classMention>
  <classMention id="CHEBI_2015_08_26_Instance_13573">
    <mentionClass id="CHEBI:28304">heparin</mentionClass>
  </classMention>
  <classMention id="CHEBI_2015_08_26_Instance_10563">
    <mentionClass id="CHEBI:16247">phospholipid</mentionClass>
  </classMention>
  <classMention id="CHEBI_2015_08_26_Instance_13575">
    <mentionClass id="CHEBI:46756">HEPES</mentionClass>
  </classMention>
  <classMention id="CHEBI_2015_08_26_Instance_10565">
    <mentionClass id="CHEBI:16247">phospholipid</mentionClass>
  </classMention>
  <classMention id="CHEBI_2015_08_26_Instance_13577">
    <mentionClass id="CHEBI:46756">HEPES</mentionClass>
  </classMention>
  <classMention id="CHEBI_2015_08_26_Instance_10567">
    <mentionClass id="CHEBI:16247">phospholipid</mentionClass>
  </classMention>
  <classMention id="CHEBI_2015_08_26_Instance_13579">
    <mentionClass id="CHEBI:3312">calcium dichloride</mentionClass>
  </classMention>
  <classMention id="CHEBI_2015_08_26_Instance_10569">
    <mentionClass id="CHEBI:16247">phospholipid</mentionClass>
  </classMention>
  <classMention id="CHEBI_2015_08_26_Instance_13581">
    <mentionClass id="CHEBI:24869">ionophore</mentionClass>
  </classMention>
  <classMention id="CHEBI_2015_08_26_Instance_10571">
    <mentionClass id="CHEBI:33567">catecholamine</mentionClass>
  </classMention>
  <classMention id="CHEBI_2015_08_26_Instance_13583">
    <mentionClass id="CHEBI:15355">acetylcholine</mentionClass>
  </classMention>
  <classMention id="CHEBI_2015_08_26_Instance_10587">
    <mentionClass id="CHEBI:18059">lipid</mentionClass>
  </classMention>
  <classMention id="CHEBI_2015_08_26_Instance_13585">
    <mentionClass id="CHEBI:15355">acetylcholine</mentionClass>
  </classMention>
  <classMention id="CHEBI_2015_08_26_Instance_10589">
    <mentionClass id="CHEBI:18059">lipid</mentionClass>
  </classMention>
  <classMention id="CHEBI_2015_08_26_Instance_13587">
    <mentionClass id="CHEBI:46756">HEPES</mentionClass>
  </classMention>
  <classMention id="CHEBI_2015_08_26_Instance_10591">
    <mentionClass id="CHEBI:18059">lipid</mentionClass>
  </classMention>
  <classMention id="CHEBI_2015_08_26_Instance_13589">
    <mentionClass id="CHEBI:46756">HEPES</mentionClass>
  </classMention>
  <classMention id="CHEBI_2015_08_26_Instance_10593">
    <mentionClass id="CHEBI:18059">lipid</mentionClass>
  </classMention>
  <classMention id="CHEBI_2015_08_26_Instance_13591">
    <mentionClass id="CHEBI:46756">HEPES</mentionClass>
  </classMention>
  <classMention id="CHEBI_2015_08_26_Instance_10595">
    <mentionClass id="CHEBI:18059">lipid</mentionClass>
  </classMention>
  <classMention id="CHEBI_2015_08_26_Instance_13593">
    <mentionClass id="CHEBI:37586">sodium phosphate</mentionClass>
  </classMention>
  <classMention id="CHEBI_2015_08_26_Instance_10597">
    <mentionClass id="CHEBI:18059">lipid</mentionClass>
  </classMention>
  <classMention id="CHEBI_2015_08_26_Instance_13595">
    <mentionClass id="CHEBI:37586">sodium phosphate</mentionClass>
  </classMention>
  <classMention id="CHEBI_2015_08_26_Instance_10599">
    <mentionClass id="CHEBI:18059">lipid</mentionClass>
  </classMention>
  <classMention id="CHEBI_2015_08_26_Instance_13597">
    <mentionClass id="CHEBI:15377">water</mentionClass>
  </classMention>
  <classMention id="CHEBI_2015_08_26_Instance_10601">
    <mentionClass id="CHEBI:18059">lipid</mentionClass>
  </classMention>
  <classMention id="CHEBI_2015_08_26_Instance_13599">
    <mentionClass id="CHEBI:34683">disodium hydrogenphosphate</mentionClass>
  </classMention>
  <classMention id="CHEBI_2015_08_26_Instance_10603">
    <mentionClass id="CHEBI:8925">ryanodine</mentionClass>
  </classMention>
  <classMention id="CHEBI_2015_08_26_Instance_13601">
    <mentionClass id="CHEBI:37585">sodium dihydrogenphosphate</mentionClass>
  </classMention>
  <classMention id="CHEBI_2015_08_26_Instance_10605">
    <mentionClass id="CHEBI:8925">ryanodine</mentionClass>
  </classMention>
  <classMention id="CHEBI_2015_08_26_Instance_13603">
    <mentionClass id="CHEBI:33893">reagent</mentionClass>
  </classMention>
  <classMention id="CHEBI_2015_08_26_Instance_10615">
    <mentionClass id="CHEBI:16113">cholesterol</mentionClass>
  </classMention>
  <classMention id="CHEBI_2015_08_26_Instance_13605">
    <mentionClass id="CHEBI:8984">sodium dodecyl sulfate</mentionClass>
  </classMention>
  <classMention id="CHEBI_2015_08_26_Instance_10617">
    <mentionClass id="CHEBI:26739">sphingolipid</mentionClass>
  </classMention>
  <classMention id="CHEBI_2015_08_26_Instance_24841">
    <mentionClass id="CHEBI:33290">food</mentionClass>
  </classMention>
  <classMention id="CHEBI_2015_08_26_Instance_10621">
    <mentionClass id="CHEBI:8984">sodium dodecyl sulfate</mentionClass>
  </classMention>
  <classMention id="CHEBI_2015_08_26_Instance_10623">
    <mentionClass id="CHEBI:28619">acrylamide</mentionClass>
  </classMention>
  <classMention id="CHEBI_2015_08_26_Instance_10625">
    <mentionClass id="CHEBI:24869">ionophore</mentionClass>
  </classMention>
  <classMention id="CHEBI_2015_08_26_Instance_10627">
    <mentionClass id="CHEBI:15355">acetylcholine</mentionClass>
  </classMention>
  <classMention id="CHEBI_2015_08_26_Instance_10629">
    <mentionClass id="CHEBI:24869">ionophore</mentionClass>
  </classMention>
  <classMention id="CHEBI_2015_08_26_Instance_10631">
    <mentionClass id="CHEBI:15355">acetylcholine</mentionClass>
  </classMention>
  <classMention id="CHEBI_2015_08_26_Instance_10633">
    <mentionClass id="CHEBI:24870">ion</mentionClass>
  </classMention>
  <classMention id="CHEBI_2015_08_26_Instance_10635">
    <mentionClass id="CHEBI:26710">sodium chloride</mentionClass>
  </classMention>
  <classMention id="CHEBI_2015_08_26_Instance_10637">
    <mentionClass id="CHEBI:24870">ion</mentionClass>
  </classMention>
  <classMention id="CHEBI_2015_08_26_Instance_10639">
    <mentionClass id="CHEBI:26710">sodium chloride</mentionClass>
  </classMention>
  <classMention id="CHEBI_2015_08_26_Instance_10641">
    <mentionClass id="CHEBI:26710">sodium chloride</mentionClass>
  </classMention>
  <classMention id="CHEBI_2015_08_26_Instance_10643">
    <mentionClass id="CHEBI:26710">sodium chloride</mentionClass>
  </classMention>
  <classMention id="CHEBI_2015_08_26_Instance_10645">
    <mentionClass id="CHEBI:26710">sodium chloride</mentionClass>
  </classMention>
  <classMention id="CHEBI_2015_08_26_Instance_10647">
    <mentionClass id="CHEBI:26710">sodium chloride</mentionClass>
  </classMention>
  <classMention id="CHEBI_2015_08_26_Instance_10649">
    <mentionClass id="CHEBI:26710">sodium chloride</mentionClass>
  </classMention>
  <classMention id="CHEBI_2015_08_26_Instance_10651">
    <mentionClass id="CHEBI:26710">sodium chloride</mentionClass>
  </classMention>
  <classMention id="CHEBI_2015_08_26_Instance_100073">
    <mentionClass id="CHEBI:62643">anionic phospholipid</mentionClass>
  </classMention>
  <classMention id="CHEBI_2015_08_26_Instance_10653">
    <mentionClass id="CHEBI:26710">sodium chloride</mentionClass>
  </classMention>
</annotations>

