<?xml version="1.0" encoding="UTF-8"?>
<annotations textSource="14611657.txt">
  <annotation>
    <mention id="CHEBI_2015_08_26_Instance_120004" />
    <annotator id="CHEBI_2015_08_26_Instance_10000">Mike Bada, University of Colorado Anschutz Medical Campus</annotator>
    <span start="6309" end="6321" />
    <spannedText>glycoprotein</spannedText>
  </annotation>
  <annotation>
    <mention id="CHEBI_2015_08_26_Instance_14149" />
    <annotator id="CHEBI_2015_08_26_Instance_10000">Mike Bada, University of Colorado Anschutz Medical Campus</annotator>
    <span start="39884" end="39891" />
    <spannedText>agarose</spannedText>
  </annotation>
  <annotation>
    <mention id="CHEBI_2015_08_26_Instance_14157" />
    <annotator id="CHEBI_2015_08_26_Instance_10000">Mike Bada, University of Colorado Anschutz Medical Campus</annotator>
    <span start="47669" end="47680" />
    <spannedText>digoxigenin</spannedText>
  </annotation>
  <annotation>
    <mention id="CHEBI_2015_08_26_Instance_14159" />
    <annotator id="CHEBI_2015_08_26_Instance_10000">Mike Bada, University of Colorado Anschutz Medical Campus</annotator>
    <span start="48056" end="48065" />
    <spannedText>formamide</spannedText>
  </annotation>
  <annotation>
    <mention id="CHEBI_2015_08_26_Instance_14161" />
    <annotator id="CHEBI_2015_08_26_Instance_10000">Mike Bada, University of Colorado Anschutz Medical Campus</annotator>
    <span start="52431" end="52442" />
    <spannedText>digoxigenin</spannedText>
  </annotation>
  <annotation>
    <mention id="CHEBI_2015_08_26_Instance_14607" />
    <annotator id="CHEBI_2015_08_26_Instance_10000">Mike Bada, University of Colorado Anschutz Medical Campus</annotator>
    <span start="39986" end="39989" />
    <spannedText>dye</spannedText>
  </annotation>
  <annotation>
    <mention id="CHEBI_2015_08_26_Instance_14609" />
    <annotator id="CHEBI_2015_08_26_Instance_10000">Mike Bada, University of Colorado Anschutz Medical Campus</annotator>
    <span start="46481" end="46498" />
    <spannedText>fluorescent probe</spannedText>
  </annotation>
  <classMention id="CHEBI_2015_08_26_Instance_14159">
    <mentionClass id="CHEBI:16397">formamide</mentionClass>
  </classMention>
  <classMention id="CHEBI_2015_08_26_Instance_14161">
    <mentionClass id="CHEBI:42098">digoxigenin</mentionClass>
  </classMention>
  <classMention id="CHEBI_2015_08_26_Instance_14607">
    <mentionClass id="CHEBI:37958">dye</mentionClass>
  </classMention>
  <classMention id="CHEBI_2015_08_26_Instance_14609">
    <mentionClass id="CHEBI:39442">fluorescent probe</mentionClass>
  </classMention>
  <classMention id="CHEBI_2015_08_26_Instance_14149">
    <mentionClass id="CHEBI:2511">agarose</mentionClass>
  </classMention>
  <classMention id="CHEBI_2015_08_26_Instance_120004">
    <mentionClass id="CHEBI:17089">glycoprotein</mentionClass>
  </classMention>
  <classMention id="CHEBI_2015_08_26_Instance_14157">
    <mentionClass id="CHEBI:42098">digoxigenin</mentionClass>
  </classMention>
</annotations>

