<?xml version="1.0" encoding="UTF-8"?>
<annotations textSource="14737183.txt">
  <annotation>
    <mention id="CHEBI_2015_08_26_Instance_140000" />
    <annotator id="CHEBI_2015_08_26_Instance_10000">Mike Bada, University of Colorado Anschutz Medical Campus</annotator>
    <span start="10453" end="10464" />
    <spannedText>pheomelanin</spannedText>
  </annotation>
  <annotation>
    <mention id="CHEBI_2015_08_26_Instance_14733" />
    <annotator id="CHEBI_2015_08_26_Instance_10000">Mike Bada, University of Colorado Anschutz Medical Campus</annotator>
    <span start="2662" end="2669" />
    <spannedText>pigment</spannedText>
  </annotation>
  <annotation>
    <mention id="CHEBI_2015_08_26_Instance_14735" />
    <annotator id="CHEBI_2015_08_26_Instance_10000">Mike Bada, University of Colorado Anschutz Medical Campus</annotator>
    <span start="2775" end="2782" />
    <spannedText>pigment</spannedText>
  </annotation>
  <annotation>
    <mention id="CHEBI_2015_08_26_Instance_14737" />
    <annotator id="CHEBI_2015_08_26_Instance_10000">Mike Bada, University of Colorado Anschutz Medical Campus</annotator>
    <span start="3123" end="3130" />
    <spannedText>pigment</spannedText>
  </annotation>
  <annotation>
    <mention id="CHEBI_2015_08_26_Instance_14739" />
    <annotator id="CHEBI_2015_08_26_Instance_10000">Mike Bada, University of Colorado Anschutz Medical Campus</annotator>
    <span start="3764" end="3771" />
    <spannedText>pigment</spannedText>
  </annotation>
  <annotation>
    <mention id="CHEBI_2015_08_26_Instance_14741" />
    <annotator id="CHEBI_2015_08_26_Instance_10000">Mike Bada, University of Colorado Anschutz Medical Campus</annotator>
    <span start="3884" end="3891" />
    <spannedText>pigment</spannedText>
  </annotation>
  <annotation>
    <mention id="CHEBI_2015_08_26_Instance_14743" />
    <annotator id="CHEBI_2015_08_26_Instance_10000">Mike Bada, University of Colorado Anschutz Medical Campus</annotator>
    <span start="4048" end="4055" />
    <spannedText>pigment</spannedText>
  </annotation>
  <annotation>
    <mention id="CHEBI_2015_08_26_Instance_15053" />
    <annotator id="CHEBI_2015_08_26_Instance_10000">Mike Bada, University of Colorado Anschutz Medical Campus</annotator>
    <span start="4337" end="4344" />
    <spannedText>pigment</spannedText>
  </annotation>
  <annotation>
    <mention id="CHEBI_2015_08_26_Instance_15055" />
    <annotator id="CHEBI_2015_08_26_Instance_10000">Mike Bada, University of Colorado Anschutz Medical Campus</annotator>
    <span start="4918" end="4925" />
    <spannedText>pigment</spannedText>
  </annotation>
  <annotation>
    <mention id="CHEBI_2015_08_26_Instance_15057" />
    <annotator id="CHEBI_2015_08_26_Instance_10000">Mike Bada, University of Colorado Anschutz Medical Campus</annotator>
    <span start="6649" end="6656" />
    <spannedText>pigment</spannedText>
  </annotation>
  <annotation>
    <mention id="CHEBI_2015_08_26_Instance_15059" />
    <annotator id="CHEBI_2015_08_26_Instance_10000">Mike Bada, University of Colorado Anschutz Medical Campus</annotator>
    <span start="7155" end="7162" />
    <spannedText>pigment</spannedText>
  </annotation>
  <annotation>
    <mention id="CHEBI_2015_08_26_Instance_15061" />
    <annotator id="CHEBI_2015_08_26_Instance_10000">Mike Bada, University of Colorado Anschutz Medical Campus</annotator>
    <span start="8195" end="8202" />
    <spannedText>pigment</spannedText>
  </annotation>
  <annotation>
    <mention id="CHEBI_2015_08_26_Instance_15063" />
    <annotator id="CHEBI_2015_08_26_Instance_10000">Mike Bada, University of Colorado Anschutz Medical Campus</annotator>
    <span start="9624" end="9631" />
    <spannedText>pigment</spannedText>
  </annotation>
  <annotation>
    <mention id="CHEBI_2015_08_26_Instance_15065" />
    <annotator id="CHEBI_2015_08_26_Instance_10000">Mike Bada, University of Colorado Anschutz Medical Campus</annotator>
    <span start="9662" end="9669" />
    <spannedText>pigment</spannedText>
  </annotation>
  <annotation>
    <mention id="CHEBI_2015_08_26_Instance_15067" />
    <annotator id="CHEBI_2015_08_26_Instance_10000">Mike Bada, University of Colorado Anschutz Medical Campus</annotator>
    <span start="10171" end="10178" />
    <spannedText>pigment</spannedText>
  </annotation>
  <annotation>
    <mention id="CHEBI_2015_08_26_Instance_15069" />
    <annotator id="CHEBI_2015_08_26_Instance_10000">Mike Bada, University of Colorado Anschutz Medical Campus</annotator>
    <span start="11257" end="11264" />
    <spannedText>pigment</spannedText>
  </annotation>
  <annotation>
    <mention id="CHEBI_2015_08_26_Instance_15071" />
    <annotator id="CHEBI_2015_08_26_Instance_10000">Mike Bada, University of Colorado Anschutz Medical Campus</annotator>
    <span start="12159" end="12166" />
    <spannedText>pigment</spannedText>
  </annotation>
  <annotation>
    <mention id="CHEBI_2015_08_26_Instance_15073" />
    <annotator id="CHEBI_2015_08_26_Instance_10000">Mike Bada, University of Colorado Anschutz Medical Campus</annotator>
    <span start="12943" end="12950" />
    <spannedText>pigment</spannedText>
  </annotation>
  <annotation>
    <mention id="CHEBI_2015_08_26_Instance_15075" />
    <annotator id="CHEBI_2015_08_26_Instance_10000">Mike Bada, University of Colorado Anschutz Medical Campus</annotator>
    <span start="13036" end="13043" />
    <spannedText>pigment</spannedText>
  </annotation>
  <annotation>
    <mention id="CHEBI_2015_08_26_Instance_15077" />
    <annotator id="CHEBI_2015_08_26_Instance_10000">Mike Bada, University of Colorado Anschutz Medical Campus</annotator>
    <span start="13264" end="13271" />
    <spannedText>pigment</spannedText>
  </annotation>
  <annotation>
    <mention id="CHEBI_2015_08_26_Instance_15079" />
    <annotator id="CHEBI_2015_08_26_Instance_10000">Mike Bada, University of Colorado Anschutz Medical Campus</annotator>
    <span start="14162" end="14169" />
    <spannedText>pigment</spannedText>
  </annotation>
  <annotation>
    <mention id="CHEBI_2015_08_26_Instance_15081" />
    <annotator id="CHEBI_2015_08_26_Instance_10000">Mike Bada, University of Colorado Anschutz Medical Campus</annotator>
    <span start="14455" end="14462" />
    <spannedText>pigment</spannedText>
  </annotation>
  <annotation>
    <mention id="CHEBI_2015_08_26_Instance_15083" />
    <annotator id="CHEBI_2015_08_26_Instance_10000">Mike Bada, University of Colorado Anschutz Medical Campus</annotator>
    <span start="15944" end="15951" />
    <spannedText>pigment</spannedText>
  </annotation>
  <annotation>
    <mention id="CHEBI_2015_08_26_Instance_15085" />
    <annotator id="CHEBI_2015_08_26_Instance_10000">Mike Bada, University of Colorado Anschutz Medical Campus</annotator>
    <span start="16777" end="16784" />
    <spannedText>pigment</spannedText>
  </annotation>
  <annotation>
    <mention id="CHEBI_2015_08_26_Instance_15087" />
    <annotator id="CHEBI_2015_08_26_Instance_10000">Mike Bada, University of Colorado Anschutz Medical Campus</annotator>
    <span start="22289" end="22296" />
    <spannedText>pigment</spannedText>
  </annotation>
  <annotation>
    <mention id="CHEBI_2015_08_26_Instance_15089" />
    <annotator id="CHEBI_2015_08_26_Instance_10000">Mike Bada, University of Colorado Anschutz Medical Campus</annotator>
    <span start="23953" end="23960" />
    <spannedText>pigment</spannedText>
  </annotation>
  <annotation>
    <mention id="CHEBI_2015_08_26_Instance_15091" />
    <annotator id="CHEBI_2015_08_26_Instance_10000">Mike Bada, University of Colorado Anschutz Medical Campus</annotator>
    <span start="26537" end="26544" />
    <spannedText>Pigment</spannedText>
  </annotation>
  <annotation>
    <mention id="CHEBI_2015_08_26_Instance_15093" />
    <annotator id="CHEBI_2015_08_26_Instance_10000">Mike Bada, University of Colorado Anschutz Medical Campus</annotator>
    <span start="32038" end="32045" />
    <spannedText>pigment</spannedText>
  </annotation>
  <annotation>
    <mention id="CHEBI_2015_08_26_Instance_15095" />
    <annotator id="CHEBI_2015_08_26_Instance_10000">Mike Bada, University of Colorado Anschutz Medical Campus</annotator>
    <span start="32065" end="32072" />
    <spannedText>pigment</spannedText>
  </annotation>
  <annotation>
    <mention id="CHEBI_2015_08_26_Instance_15097" />
    <annotator id="CHEBI_2015_08_26_Instance_10000">Mike Bada, University of Colorado Anschutz Medical Campus</annotator>
    <span start="32235" end="32242" />
    <spannedText>pigment</spannedText>
  </annotation>
  <annotation>
    <mention id="CHEBI_2015_08_26_Instance_15099" />
    <annotator id="CHEBI_2015_08_26_Instance_10000">Mike Bada, University of Colorado Anschutz Medical Campus</annotator>
    <span start="32491" end="32498" />
    <spannedText>pigment</spannedText>
  </annotation>
  <annotation>
    <mention id="CHEBI_2015_08_26_Instance_15101" />
    <annotator id="CHEBI_2015_08_26_Instance_10000">Mike Bada, University of Colorado Anschutz Medical Campus</annotator>
    <span start="36472" end="36479" />
    <spannedText>pigment</spannedText>
  </annotation>
  <annotation>
    <mention id="CHEBI_2015_08_26_Instance_15103" />
    <annotator id="CHEBI_2015_08_26_Instance_10000">Mike Bada, University of Colorado Anschutz Medical Campus</annotator>
    <span start="39374" end="39381" />
    <spannedText>pigment</spannedText>
  </annotation>
  <annotation>
    <mention id="CHEBI_2015_08_26_Instance_15105" />
    <annotator id="CHEBI_2015_08_26_Instance_10000">Mike Bada, University of Colorado Anschutz Medical Campus</annotator>
    <span start="39925" end="39932" />
    <spannedText>pigment</spannedText>
  </annotation>
  <annotation>
    <mention id="CHEBI_2015_08_26_Instance_15107" />
    <annotator id="CHEBI_2015_08_26_Instance_10000">Mike Bada, University of Colorado Anschutz Medical Campus</annotator>
    <span start="40072" end="40079" />
    <spannedText>pigment</spannedText>
  </annotation>
  <annotation>
    <mention id="CHEBI_2015_08_26_Instance_15109" />
    <annotator id="CHEBI_2015_08_26_Instance_10000">Mike Bada, University of Colorado Anschutz Medical Campus</annotator>
    <span start="42284" end="42291" />
    <spannedText>pigment</spannedText>
  </annotation>
  <annotation>
    <mention id="CHEBI_2015_08_26_Instance_15111" />
    <annotator id="CHEBI_2015_08_26_Instance_10000">Mike Bada, University of Colorado Anschutz Medical Campus</annotator>
    <span start="45050" end="45057" />
    <spannedText>pigment</spannedText>
  </annotation>
  <annotation>
    <mention id="CHEBI_2015_08_26_Instance_15113" />
    <annotator id="CHEBI_2015_08_26_Instance_10000">Mike Bada, University of Colorado Anschutz Medical Campus</annotator>
    <span start="3391" end="3401" />
    <spannedText>pigmentary</spannedText>
  </annotation>
  <annotation>
    <mention id="CHEBI_2015_08_26_Instance_15115" />
    <annotator id="CHEBI_2015_08_26_Instance_10000">Mike Bada, University of Colorado Anschutz Medical Campus</annotator>
    <span start="20678" end="20688" />
    <spannedText>pigmentary</spannedText>
  </annotation>
  <annotation>
    <mention id="CHEBI_2015_08_26_Instance_15117" />
    <annotator id="CHEBI_2015_08_26_Instance_10000">Mike Bada, University of Colorado Anschutz Medical Campus</annotator>
    <span start="30786" end="30796" />
    <spannedText>pigmentary</spannedText>
  </annotation>
  <annotation>
    <mention id="CHEBI_2015_08_26_Instance_15119" />
    <annotator id="CHEBI_2015_08_26_Instance_10000">Mike Bada, University of Colorado Anschutz Medical Campus</annotator>
    <span start="46630" end="46640" />
    <spannedText>pigmentary</spannedText>
  </annotation>
  <annotation>
    <mention id="CHEBI_2015_08_26_Instance_15121" />
    <annotator id="CHEBI_2015_08_26_Instance_10000">Mike Bada, University of Colorado Anschutz Medical Campus</annotator>
    <span start="806" end="816" />
    <spannedText>pigmentary</spannedText>
  </annotation>
  <annotation>
    <mention id="CHEBI_2015_08_26_Instance_15123" />
    <annotator id="CHEBI_2015_08_26_Instance_10000">Mike Bada, University of Colorado Anschutz Medical Campus</annotator>
    <span start="5205" end="5214" />
    <spannedText>eumelanin</spannedText>
  </annotation>
  <annotation>
    <mention id="CHEBI_2015_08_26_Instance_15127" />
    <annotator id="CHEBI_2015_08_26_Instance_10000">Mike Bada, University of Colorado Anschutz Medical Campus</annotator>
    <span start="12346" end="12353" />
    <spannedText>melanin</spannedText>
  </annotation>
  <annotation>
    <mention id="CHEBI_2015_08_26_Instance_15129" />
    <annotator id="CHEBI_2015_08_26_Instance_10000">Mike Bada, University of Colorado Anschutz Medical Campus</annotator>
    <span start="12762" end="12769" />
    <spannedText>melanin</spannedText>
  </annotation>
  <annotation>
    <mention id="CHEBI_2015_08_26_Instance_15131" />
    <annotator id="CHEBI_2015_08_26_Instance_10000">Mike Bada, University of Colorado Anschutz Medical Campus</annotator>
    <span start="12858" end="12865" />
    <spannedText>Melanin</spannedText>
  </annotation>
  <annotation>
    <mention id="CHEBI_2015_08_26_Instance_15133" />
    <annotator id="CHEBI_2015_08_26_Instance_10000">Mike Bada, University of Colorado Anschutz Medical Campus</annotator>
    <span start="13366" end="13373" />
    <spannedText>melanin</spannedText>
  </annotation>
  <annotation>
    <mention id="CHEBI_2015_08_26_Instance_15135" />
    <annotator id="CHEBI_2015_08_26_Instance_10000">Mike Bada, University of Colorado Anschutz Medical Campus</annotator>
    <span start="57164" end="57171" />
    <spannedText>melanin</spannedText>
  </annotation>
  <annotation>
    <mention id="CHEBI_2015_08_26_Instance_15137" />
    <annotator id="CHEBI_2015_08_26_Instance_10000">Mike Bada, University of Colorado Anschutz Medical Campus</annotator>
    <span start="15208" end="15217" />
    <spannedText>eumelanic</spannedText>
  </annotation>
  <annotation>
    <mention id="CHEBI_2015_08_26_Instance_15139" />
    <annotator id="CHEBI_2015_08_26_Instance_10000">Mike Bada, University of Colorado Anschutz Medical Campus</annotator>
    <span start="17010" end="17019" />
    <spannedText>eumelanin</spannedText>
  </annotation>
  <annotation>
    <mention id="CHEBI_2015_08_26_Instance_15141" />
    <annotator id="CHEBI_2015_08_26_Instance_10000">Mike Bada, University of Colorado Anschutz Medical Campus</annotator>
    <span start="28387" end="28396" />
    <spannedText>eumelanin</spannedText>
  </annotation>
  <annotation>
    <mention id="CHEBI_2015_08_26_Instance_15143" />
    <annotator id="CHEBI_2015_08_26_Instance_10000">Mike Bada, University of Colorado Anschutz Medical Campus</annotator>
    <span start="19237" end="19256" />
    <spannedText>mannose-6-phosphate</spannedText>
  </annotation>
  <annotation>
    <mention id="CHEBI_2015_08_26_Instance_15163" />
    <annotator id="CHEBI_2015_08_26_Instance_10000">Mike Bada, University of Colorado Anschutz Medical Campus</annotator>
    <span start="47930" end="47948" />
    <spannedText>sodium bicarbonate</spannedText>
  </annotation>
  <annotation>
    <mention id="CHEBI_2015_08_26_Instance_15169" />
    <annotator id="CHEBI_2015_08_26_Instance_10000">Mike Bada, University of Colorado Anschutz Medical Campus</annotator>
    <span start="49047" end="49063" />
    <spannedText>sodium phosphate</spannedText>
  </annotation>
  <annotation>
    <mention id="CHEBI_2015_08_26_Instance_15171" />
    <annotator id="CHEBI_2015_08_26_Instance_10000">Mike Bada, University of Colorado Anschutz Medical Campus</annotator>
    <span start="50735" end="50749" />
    <spannedText>hydroxysteroid</spannedText>
  </annotation>
  <annotation>
    <mention id="CHEBI_2015_08_26_Instance_15177" />
    <annotator id="CHEBI_2015_08_26_Instance_10000">Mike Bada, University of Colorado Anschutz Medical Campus</annotator>
    <span start="52240" end="52251" />
    <spannedText>digoxigenin</spannedText>
  </annotation>
  <annotation>
    <mention id="CHEBI_2015_08_26_Instance_15179" />
    <annotator id="CHEBI_2015_08_26_Instance_10000">Mike Bada, University of Colorado Anschutz Medical Campus</annotator>
    <span start="56215" end="56234" />
    <spannedText>mannose-6-phosphate</spannedText>
  </annotation>
  <annotation>
    <mention id="CHEBI_2015_08_26_Instance_15181" />
    <annotator id="CHEBI_2015_08_26_Instance_10000">Mike Bada, University of Colorado Anschutz Medical Campus</annotator>
    <span start="64943" end="64951" />
    <spannedText>reagents</spannedText>
  </annotation>
  <annotation>
    <mention id="CHEBI_2015_08_26_Instance_15439" />
    <annotator id="CHEBI_2015_08_26_Instance_10000">Mike Bada, University of Colorado Anschutz Medical Campus</annotator>
    <span start="50815" end="50824" />
    <spannedText>hydroacid</spannedText>
  </annotation>
  <annotation>
    <mention id="CHEBI_2015_08_26_Instance_15531" />
    <annotator id="CHEBI_2015_08_26_Instance_10000">Mike Bada, University of Colorado Anschutz Medical Campus</annotator>
    <span start="12447" end="12451" />
    <spannedText>DOPA</spannedText>
  </annotation>
  <annotation>
    <mention id="CHEBI_2015_08_26_Instance_15533" />
    <annotator id="CHEBI_2015_08_26_Instance_10000">Mike Bada, University of Colorado Anschutz Medical Campus</annotator>
    <span start="12691" end="12695" />
    <spannedText>DOPA</spannedText>
  </annotation>
  <annotation>
    <mention id="CHEBI_2015_08_26_Instance_15535" />
    <annotator id="CHEBI_2015_08_26_Instance_10000">Mike Bada, University of Colorado Anschutz Medical Campus</annotator>
    <span start="48749" end="48753" />
    <spannedText>DOPA</spannedText>
  </annotation>
  <annotation>
    <mention id="CHEBI_2015_08_26_Instance_15537" />
    <annotator id="CHEBI_2015_08_26_Instance_10000">Mike Bada, University of Colorado Anschutz Medical Campus</annotator>
    <span start="57184" end="57188" />
    <spannedText>DOPA</spannedText>
  </annotation>
  <annotation>
    <mention id="CHEBI_2015_08_26_Instance_15539" />
    <annotator id="CHEBI_2015_08_26_Instance_10000">Mike Bada, University of Colorado Anschutz Medical Campus</annotator>
    <span start="57436" end="57440" />
    <spannedText>DOPA</spannedText>
  </annotation>
  <annotation>
    <mention id="CHEBI_2015_08_26_Instance_15541" />
    <annotator id="CHEBI_2015_08_26_Instance_10000">Mike Bada, University of Colorado Anschutz Medical Campus</annotator>
    <span start="48989" end="48995" />
    <spannedText>L-DOPA</spannedText>
  </annotation>
  <annotation>
    <mention id="CHEBI_2015_08_26_Instance_160407" />
    <annotator id="CHEBI_2015_08_26_Instance_10000">Mike Bada, University of Colorado Anschutz Medical Campus</annotator>
    <span start="5229" end="5240" />
    <spannedText>pheomelanin</spannedText>
  </annotation>
  <annotation>
    <mention id="CHEBI_2015_08_26_Instance_170004" />
    <annotator id="CHEBI_2015_08_26_Instance_10000">Mike Bada, University of Colorado Anschutz Medical Campus</annotator>
    <span start="17401" end="17412" />
    <spannedText>pheomelanin</spannedText>
  </annotation>
  <annotation>
    <mention id="CHEBI_2015_08_26_Instance_170026" />
    <annotator id="CHEBI_2015_08_26_Instance_10000">Mike Bada, University of Colorado Anschutz Medical Campus</annotator>
    <span start="27869" end="27874" />
    <spannedText>X-Gal</spannedText>
  </annotation>
  <annotation>
    <mention id="CHEBI_2015_08_26_Instance_170028" />
    <annotator id="CHEBI_2015_08_26_Instance_10000">Mike Bada, University of Colorado Anschutz Medical Campus</annotator>
    <span start="28060" end="28065" />
    <spannedText>X-Gal</spannedText>
  </annotation>
  <annotation>
    <mention id="CHEBI_2015_08_26_Instance_170030" />
    <annotator id="CHEBI_2015_08_26_Instance_10000">Mike Bada, University of Colorado Anschutz Medical Campus</annotator>
    <span start="28246" end="28257" />
    <spannedText>pheomelanin</spannedText>
  </annotation>
  <annotation>
    <mention id="CHEBI_2015_08_26_Instance_170042" />
    <annotator id="CHEBI_2015_08_26_Instance_10000">Mike Bada, University of Colorado Anschutz Medical Campus</annotator>
    <span start="48722" end="48733" />
    <spannedText>hematoxylin</spannedText>
  </annotation>
  <annotation>
    <mention id="CHEBI_2015_08_26_Instance_170046" />
    <annotator id="CHEBI_2015_08_26_Instance_10000">Mike Bada, University of Colorado Anschutz Medical Campus</annotator>
    <span start="48831" end="48845" />
    <spannedText>sodium bromide</spannedText>
  </annotation>
  <annotation>
    <mention id="CHEBI_2015_08_26_Instance_170050" />
    <annotator id="CHEBI_2015_08_26_Instance_10000">Mike Bada, University of Colorado Anschutz Medical Campus</annotator>
    <span start="49131" end="49139" />
    <spannedText>solution</spannedText>
  </annotation>
  <annotation>
    <mention id="CHEBI_2015_08_26_Instance_170081" />
    <annotator id="CHEBI_2015_08_26_Instance_10000">Mike Bada, University of Colorado Anschutz Medical Campus</annotator>
    <span start="53047" end="53055" />
    <spannedText>solution</spannedText>
  </annotation>
  <annotation>
    <mention id="CHEBI_2015_08_26_Instance_170093" />
    <annotator id="CHEBI_2015_08_26_Instance_10000">Mike Bada, University of Colorado Anschutz Medical Campus</annotator>
    <span start="62703" end="62708" />
    <spannedText>X-Gal</spannedText>
  </annotation>
  <annotation>
    <mention id="CHEBI_2015_08_26_Instance_170095" />
    <annotator id="CHEBI_2015_08_26_Instance_10000">Mike Bada, University of Colorado Anschutz Medical Campus</annotator>
    <span start="62829" end="62834" />
    <spannedText>X-Gal</spannedText>
  </annotation>
  <annotation>
    <mention id="CHEBI_2015_08_26_Instance_330416" />
    <annotator id="CHEBI_2015_08_26_Instance_10000">Mike Bada, University of Colorado Anschutz Medical Campus</annotator>
    <span start="49318" end="49326" />
    <spannedText>fixative</spannedText>
  </annotation>
  <classMention id="CHEBI_2015_08_26_Instance_15143">
    <mentionClass id="CHEBI:17369">D-mannose 6-phosphate</mentionClass>
  </classMention>
  <classMention id="CHEBI_2015_08_26_Instance_15163">
    <mentionClass id="CHEBI:32139">sodium hydrogencarbonate</mentionClass>
  </classMention>
  <classMention id="CHEBI_2015_08_26_Instance_15169">
    <mentionClass id="CHEBI:37586">sodium phosphate</mentionClass>
  </classMention>
  <classMention id="CHEBI_2015_08_26_Instance_15171">
    <mentionClass id="CHEBI:35350">hydroxy steroid</mentionClass>
  </classMention>
  <classMention id="CHEBI_2015_08_26_Instance_15177">
    <mentionClass id="CHEBI:42098">digoxigenin</mentionClass>
  </classMention>
  <classMention id="CHEBI_2015_08_26_Instance_15179">
    <mentionClass id="CHEBI:17369">D-mannose 6-phosphate</mentionClass>
  </classMention>
  <classMention id="CHEBI_2015_08_26_Instance_15181">
    <mentionClass id="CHEBI:33893">reagent</mentionClass>
  </classMention>
  <classMention id="CHEBI_2015_08_26_Instance_15531">
    <mentionClass id="CHEBI:49168">dopa</mentionClass>
  </classMention>
  <classMention id="CHEBI_2015_08_26_Instance_15533">
    <mentionClass id="CHEBI:49168">dopa</mentionClass>
  </classMention>
  <classMention id="CHEBI_2015_08_26_Instance_15535">
    <mentionClass id="CHEBI:49168">dopa</mentionClass>
  </classMention>
  <classMention id="CHEBI_2015_08_26_Instance_15537">
    <mentionClass id="CHEBI:49168">dopa</mentionClass>
  </classMention>
  <classMention id="CHEBI_2015_08_26_Instance_15539">
    <mentionClass id="CHEBI:49168">dopa</mentionClass>
  </classMention>
  <classMention id="CHEBI_2015_08_26_Instance_15053">
    <mentionClass id="CHEBI:26130">biological pigment</mentionClass>
  </classMention>
  <classMention id="CHEBI_2015_08_26_Instance_15541">
    <mentionClass id="CHEBI:15765">L-dopa</mentionClass>
  </classMention>
  <classMention id="CHEBI_2015_08_26_Instance_15055">
    <mentionClass id="CHEBI:26130">biological pigment</mentionClass>
  </classMention>
  <classMention id="CHEBI_2015_08_26_Instance_15057">
    <mentionClass id="CHEBI:26130">biological pigment</mentionClass>
  </classMention>
  <classMention id="CHEBI_2015_08_26_Instance_15059">
    <mentionClass id="CHEBI:26130">biological pigment</mentionClass>
  </classMention>
  <classMention id="CHEBI_2015_08_26_Instance_15061">
    <mentionClass id="CHEBI:26130">biological pigment</mentionClass>
  </classMention>
  <classMention id="CHEBI_2015_08_26_Instance_15063">
    <mentionClass id="CHEBI:26130">biological pigment</mentionClass>
  </classMention>
  <classMention id="CHEBI_2015_08_26_Instance_15065">
    <mentionClass id="CHEBI:26130">biological pigment</mentionClass>
  </classMention>
  <classMention id="CHEBI_2015_08_26_Instance_15067">
    <mentionClass id="CHEBI:26130">biological pigment</mentionClass>
  </classMention>
  <classMention id="CHEBI_2015_08_26_Instance_15069">
    <mentionClass id="CHEBI:26130">biological pigment</mentionClass>
  </classMention>
  <classMention id="CHEBI_2015_08_26_Instance_15071">
    <mentionClass id="CHEBI:26130">biological pigment</mentionClass>
  </classMention>
  <classMention id="CHEBI_2015_08_26_Instance_15073">
    <mentionClass id="CHEBI:26130">biological pigment</mentionClass>
  </classMention>
  <classMention id="CHEBI_2015_08_26_Instance_15075">
    <mentionClass id="CHEBI:26130">biological pigment</mentionClass>
  </classMention>
  <classMention id="CHEBI_2015_08_26_Instance_15077">
    <mentionClass id="CHEBI:26130">biological pigment</mentionClass>
  </classMention>
  <classMention id="CHEBI_2015_08_26_Instance_140000">
    <mentionClass id="CHEBI:81393">Phaeomelanin</mentionClass>
  </classMention>
  <classMention id="CHEBI_2015_08_26_Instance_15079">
    <mentionClass id="CHEBI:26130">biological pigment</mentionClass>
  </classMention>
  <classMention id="CHEBI_2015_08_26_Instance_15081">
    <mentionClass id="CHEBI:26130">biological pigment</mentionClass>
  </classMention>
  <classMention id="CHEBI_2015_08_26_Instance_15083">
    <mentionClass id="CHEBI:26130">biological pigment</mentionClass>
  </classMention>
  <classMention id="CHEBI_2015_08_26_Instance_160407">
    <mentionClass id="CHEBI:81393">Phaeomelanin</mentionClass>
  </classMention>
  <classMention id="CHEBI_2015_08_26_Instance_15085">
    <mentionClass id="CHEBI:26130">biological pigment</mentionClass>
  </classMention>
  <classMention id="CHEBI_2015_08_26_Instance_15087">
    <mentionClass id="CHEBI:26130">biological pigment</mentionClass>
  </classMention>
  <classMention id="CHEBI_2015_08_26_Instance_15089">
    <mentionClass id="CHEBI:26130">biological pigment</mentionClass>
  </classMention>
  <classMention id="CHEBI_2015_08_26_Instance_15091">
    <mentionClass id="CHEBI:26130">biological pigment</mentionClass>
  </classMention>
  <classMention id="CHEBI_2015_08_26_Instance_15093">
    <mentionClass id="CHEBI:26130">biological pigment</mentionClass>
  </classMention>
  <classMention id="CHEBI_2015_08_26_Instance_15095">
    <mentionClass id="CHEBI:26130">biological pigment</mentionClass>
  </classMention>
  <classMention id="CHEBI_2015_08_26_Instance_15097">
    <mentionClass id="CHEBI:26130">biological pigment</mentionClass>
  </classMention>
  <classMention id="CHEBI_2015_08_26_Instance_15099">
    <mentionClass id="CHEBI:26130">biological pigment</mentionClass>
  </classMention>
  <classMention id="CHEBI_2015_08_26_Instance_15101">
    <mentionClass id="CHEBI:26130">biological pigment</mentionClass>
  </classMention>
  <classMention id="CHEBI_2015_08_26_Instance_15103">
    <mentionClass id="CHEBI:26130">biological pigment</mentionClass>
  </classMention>
  <classMention id="CHEBI_2015_08_26_Instance_15105">
    <mentionClass id="CHEBI:26130">biological pigment</mentionClass>
  </classMention>
  <classMention id="CHEBI_2015_08_26_Instance_15107">
    <mentionClass id="CHEBI:26130">biological pigment</mentionClass>
  </classMention>
  <classMention id="CHEBI_2015_08_26_Instance_15109">
    <mentionClass id="CHEBI:26130">biological pigment</mentionClass>
  </classMention>
  <classMention id="CHEBI_2015_08_26_Instance_14733">
    <mentionClass id="CHEBI:26130">biological pigment</mentionClass>
  </classMention>
  <classMention id="CHEBI_2015_08_26_Instance_15111">
    <mentionClass id="CHEBI:26130">biological pigment</mentionClass>
  </classMention>
  <classMention id="CHEBI_2015_08_26_Instance_14735">
    <mentionClass id="CHEBI:26130">biological pigment</mentionClass>
  </classMention>
  <classMention id="CHEBI_2015_08_26_Instance_15113">
    <mentionClass id="CHEBI:26130">biological pigment</mentionClass>
  </classMention>
  <classMention id="CHEBI_2015_08_26_Instance_14737">
    <mentionClass id="CHEBI:26130">biological pigment</mentionClass>
  </classMention>
  <classMention id="CHEBI_2015_08_26_Instance_15115">
    <mentionClass id="CHEBI:26130">biological pigment</mentionClass>
  </classMention>
  <classMention id="CHEBI_2015_08_26_Instance_14739">
    <mentionClass id="CHEBI:26130">biological pigment</mentionClass>
  </classMention>
  <classMention id="CHEBI_2015_08_26_Instance_15117">
    <mentionClass id="CHEBI:26130">biological pigment</mentionClass>
  </classMention>
  <classMention id="CHEBI_2015_08_26_Instance_170004">
    <mentionClass id="CHEBI:81393">Phaeomelanin</mentionClass>
  </classMention>
  <classMention id="CHEBI_2015_08_26_Instance_14741">
    <mentionClass id="CHEBI:26130">biological pigment</mentionClass>
  </classMention>
  <classMention id="CHEBI_2015_08_26_Instance_15119">
    <mentionClass id="CHEBI:26130">biological pigment</mentionClass>
  </classMention>
  <classMention id="CHEBI_2015_08_26_Instance_15439">
    <mentionClass id="CHEBI:24669">hydroxy carboxylic acid</mentionClass>
  </classMention>
  <classMention id="CHEBI_2015_08_26_Instance_170026">
    <mentionClass id="CHEBI:75055">5-bromo-4-chloro-3-indolyl beta-D-galactoside</mentionClass>
  </classMention>
  <classMention id="CHEBI_2015_08_26_Instance_14743">
    <mentionClass id="CHEBI:26130">biological pigment</mentionClass>
  </classMention>
  <classMention id="CHEBI_2015_08_26_Instance_15121">
    <mentionClass id="CHEBI:26130">biological pigment</mentionClass>
  </classMention>
  <classMention id="CHEBI_2015_08_26_Instance_170028">
    <mentionClass id="CHEBI:75055">5-bromo-4-chloro-3-indolyl beta-D-galactoside</mentionClass>
  </classMention>
  <classMention id="CHEBI_2015_08_26_Instance_15123">
    <mentionClass id="CHEBI:24009">eumelanin</mentionClass>
  </classMention>
  <classMention id="CHEBI_2015_08_26_Instance_170030">
    <mentionClass id="CHEBI:81393">Phaeomelanin</mentionClass>
  </classMention>
  <classMention id="CHEBI_2015_08_26_Instance_15127">
    <mentionClass id="CHEBI:25179">melanin</mentionClass>
  </classMention>
  <classMention id="CHEBI_2015_08_26_Instance_170042">
    <mentionClass id="CHEBI:51686">haematoxylin</mentionClass>
  </classMention>
  <classMention id="CHEBI_2015_08_26_Instance_15129">
    <mentionClass id="CHEBI:25179">melanin</mentionClass>
  </classMention>
  <classMention id="CHEBI_2015_08_26_Instance_170046">
    <mentionClass id="CHEBI:63004">sodium bromide</mentionClass>
  </classMention>
  <classMention id="CHEBI_2015_08_26_Instance_15131">
    <mentionClass id="CHEBI:25179">melanin</mentionClass>
  </classMention>
  <classMention id="CHEBI_2015_08_26_Instance_170050">
    <mentionClass id="CHEBI:75958">solution</mentionClass>
  </classMention>
  <classMention id="CHEBI_2015_08_26_Instance_15133">
    <mentionClass id="CHEBI:25179">melanin</mentionClass>
  </classMention>
  <classMention id="CHEBI_2015_08_26_Instance_170081">
    <mentionClass id="CHEBI:75958">solution</mentionClass>
  </classMention>
  <classMention id="CHEBI_2015_08_26_Instance_15135">
    <mentionClass id="CHEBI:25179">melanin</mentionClass>
  </classMention>
  <classMention id="CHEBI_2015_08_26_Instance_170093">
    <mentionClass id="CHEBI:75055">5-bromo-4-chloro-3-indolyl beta-D-galactoside</mentionClass>
  </classMention>
  <classMention id="CHEBI_2015_08_26_Instance_15137">
    <mentionClass id="CHEBI:24009">eumelanin</mentionClass>
  </classMention>
  <classMention id="CHEBI_2015_08_26_Instance_170095">
    <mentionClass id="CHEBI:75055">5-bromo-4-chloro-3-indolyl beta-D-galactoside</mentionClass>
  </classMention>
  <classMention id="CHEBI_2015_08_26_Instance_330416">
    <mentionClass id="CHEBI:50913">fixative</mentionClass>
  </classMention>
  <classMention id="CHEBI_2015_08_26_Instance_15139">
    <mentionClass id="CHEBI:24009">eumelanin</mentionClass>
  </classMention>
  <classMention id="CHEBI_2015_08_26_Instance_15141">
    <mentionClass id="CHEBI:24009">eumelanin</mentionClass>
  </classMention>
</annotations>

