<?xml version="1.0" encoding="UTF-8"?>
<annotations textSource="15070402.txt">
  <annotation>
    <mention id="CHEBI_2015_08_26_Instance_150000" />
    <annotator id="CHEBI_2015_08_26_Instance_10000">Mike Bada, University of Colorado Anschutz Medical Campus</annotator>
    <span start="872" end="880" />
    <spannedText>moieties</spannedText>
  </annotation>
  <annotation>
    <mention id="CHEBI_2015_08_26_Instance_15447" />
    <annotator id="CHEBI_2015_08_26_Instance_10000">Mike Bada, University of Colorado Anschutz Medical Campus</annotator>
    <span start="37583" end="37587" />
    <spannedText>FITC</spannedText>
  </annotation>
  <annotation>
    <mention id="CHEBI_2015_08_26_Instance_16345" />
    <annotator id="CHEBI_2015_08_26_Instance_10000">Mike Bada, University of Colorado Anschutz Medical Campus</annotator>
    <span start="37774" end="37778" />
    <spannedText>DMSO</spannedText>
  </annotation>
  <annotation>
    <mention id="CHEBI_2015_08_26_Instance_16539" />
    <annotator id="CHEBI_2015_08_26_Instance_10000">Mike Bada, University of Colorado Anschutz Medical Campus</annotator>
    <span start="38045" end="38050" />
    <spannedText>PIPES</spannedText>
  </annotation>
  <annotation>
    <mention id="CHEBI_2015_08_26_Instance_16705" />
    <annotator id="CHEBI_2015_08_26_Instance_10000">Mike Bada, University of Colorado Anschutz Medical Campus</annotator>
    <span start="7659" end="7668" />
    <spannedText>galactose</spannedText>
  </annotation>
  <annotation>
    <mention id="CHEBI_2015_08_26_Instance_16707" />
    <annotator id="CHEBI_2015_08_26_Instance_10000">Mike Bada, University of Colorado Anschutz Medical Campus</annotator>
    <span start="7670" end="7673" />
    <spannedText>Gal</spannedText>
  </annotation>
  <annotation>
    <mention id="CHEBI_2015_08_26_Instance_16709" />
    <annotator id="CHEBI_2015_08_26_Instance_10000">Mike Bada, University of Colorado Anschutz Medical Campus</annotator>
    <span start="7684" end="7691" />
    <spannedText>glucose</spannedText>
  </annotation>
  <annotation>
    <mention id="CHEBI_2015_08_26_Instance_16711" />
    <annotator id="CHEBI_2015_08_26_Instance_10000">Mike Bada, University of Colorado Anschutz Medical Campus</annotator>
    <span start="7693" end="7696" />
    <spannedText>Glu</spannedText>
  </annotation>
  <annotation>
    <mention id="CHEBI_2015_08_26_Instance_16719" />
    <annotator id="CHEBI_2015_08_26_Instance_10000">Mike Bada, University of Colorado Anschutz Medical Campus</annotator>
    <span start="10324" end="10335" />
    <spannedText>fatty acids</spannedText>
  </annotation>
  <annotation>
    <mention id="CHEBI_2015_08_26_Instance_16729" />
    <annotator id="CHEBI_2015_08_26_Instance_10000">Mike Bada, University of Colorado Anschutz Medical Campus</annotator>
    <span start="20243" end="20248" />
    <spannedText>taxol</spannedText>
  </annotation>
  <annotation>
    <mention id="CHEBI_2015_08_26_Instance_16731" />
    <annotator id="CHEBI_2015_08_26_Instance_10000">Mike Bada, University of Colorado Anschutz Medical Campus</annotator>
    <span start="20311" end="20318" />
    <spannedText>sucrose</spannedText>
  </annotation>
  <annotation>
    <mention id="CHEBI_2015_08_26_Instance_16733" />
    <annotator id="CHEBI_2015_08_26_Instance_10000">Mike Bada, University of Colorado Anschutz Medical Campus</annotator>
    <span start="21247" end="21252" />
    <spannedText>taxol</spannedText>
  </annotation>
  <annotation>
    <mention id="CHEBI_2015_08_26_Instance_16735" />
    <annotator id="CHEBI_2015_08_26_Instance_10000">Mike Bada, University of Colorado Anschutz Medical Campus</annotator>
    <span start="21311" end="21316" />
    <spannedText>taxol</spannedText>
  </annotation>
  <annotation>
    <mention id="CHEBI_2015_08_26_Instance_16737" />
    <annotator id="CHEBI_2015_08_26_Instance_10000">Mike Bada, University of Colorado Anschutz Medical Campus</annotator>
    <span start="21587" end="21592" />
    <spannedText>taxol</spannedText>
  </annotation>
  <annotation>
    <mention id="CHEBI_2015_08_26_Instance_16739" />
    <annotator id="CHEBI_2015_08_26_Instance_10000">Mike Bada, University of Colorado Anschutz Medical Campus</annotator>
    <span start="22506" end="22511" />
    <spannedText>taxol</spannedText>
  </annotation>
  <annotation>
    <mention id="CHEBI_2015_08_26_Instance_16741" />
    <annotator id="CHEBI_2015_08_26_Instance_10000">Mike Bada, University of Colorado Anschutz Medical Campus</annotator>
    <span start="38437" end="38442" />
    <spannedText>taxol</spannedText>
  </annotation>
  <annotation>
    <mention id="CHEBI_2015_08_26_Instance_16743" />
    <annotator id="CHEBI_2015_08_26_Instance_10000">Mike Bada, University of Colorado Anschutz Medical Campus</annotator>
    <span start="38526" end="38531" />
    <spannedText>taxol</spannedText>
  </annotation>
  <annotation>
    <mention id="CHEBI_2015_08_26_Instance_16745" />
    <annotator id="CHEBI_2015_08_26_Instance_10000">Mike Bada, University of Colorado Anschutz Medical Campus</annotator>
    <span start="21678" end="21685" />
    <spannedText>sucrose</spannedText>
  </annotation>
  <annotation>
    <mention id="CHEBI_2015_08_26_Instance_16747" />
    <annotator id="CHEBI_2015_08_26_Instance_10000">Mike Bada, University of Colorado Anschutz Medical Campus</annotator>
    <span start="24182" end="24186" />
    <spannedText>drug</spannedText>
  </annotation>
  <annotation>
    <mention id="CHEBI_2015_08_26_Instance_16757" />
    <annotator id="CHEBI_2015_08_26_Instance_10000">Mike Bada, University of Colorado Anschutz Medical Campus</annotator>
    <span start="34440" end="34443" />
    <spannedText>CO2</spannedText>
  </annotation>
  <annotation>
    <mention id="CHEBI_2015_08_26_Instance_16759" />
    <annotator id="CHEBI_2015_08_26_Instance_10000">Mike Bada, University of Colorado Anschutz Medical Campus</annotator>
    <span start="34963" end="34967" />
    <spannedText>NaCl</spannedText>
  </annotation>
  <annotation>
    <mention id="CHEBI_2015_08_26_Instance_16761" />
    <annotator id="CHEBI_2015_08_26_Instance_10000">Mike Bada, University of Colorado Anschutz Medical Campus</annotator>
    <span start="34995" end="34998" />
    <spannedText>SDS</spannedText>
  </annotation>
  <annotation>
    <mention id="CHEBI_2015_08_26_Instance_16763" />
    <annotator id="CHEBI_2015_08_26_Instance_10000">Mike Bada, University of Colorado Anschutz Medical Campus</annotator>
    <span start="35006" end="35010" />
    <spannedText>Tris</spannedText>
  </annotation>
  <annotation>
    <mention id="CHEBI_2015_08_26_Instance_16765" />
    <annotator id="CHEBI_2015_08_26_Instance_10000">Mike Bada, University of Colorado Anschutz Medical Campus</annotator>
    <span start="35011" end="35014" />
    <spannedText>HCl</spannedText>
  </annotation>
  <annotation>
    <mention id="CHEBI_2015_08_26_Instance_16769" />
    <annotator id="CHEBI_2015_08_26_Instance_10000">Mike Bada, University of Colorado Anschutz Medical Campus</annotator>
    <span start="35525" end="35528" />
    <spannedText>SDS</spannedText>
  </annotation>
  <annotation>
    <mention id="CHEBI_2015_08_26_Instance_16771" />
    <annotator id="CHEBI_2015_08_26_Instance_10000">Mike Bada, University of Colorado Anschutz Medical Campus</annotator>
    <span start="35590" end="35593" />
    <spannedText>SDS</spannedText>
  </annotation>
  <annotation>
    <mention id="CHEBI_2015_08_26_Instance_16773" />
    <annotator id="CHEBI_2015_08_26_Instance_10000">Mike Bada, University of Colorado Anschutz Medical Campus</annotator>
    <span start="35672" end="35680" />
    <spannedText>methanol</spannedText>
  </annotation>
  <annotation>
    <mention id="CHEBI_2015_08_26_Instance_16775" />
    <annotator id="CHEBI_2015_08_26_Instance_10000">Mike Bada, University of Colorado Anschutz Medical Campus</annotator>
    <span start="35708" end="35712" />
    <spannedText>Tris</spannedText>
  </annotation>
  <annotation>
    <mention id="CHEBI_2015_08_26_Instance_16777" />
    <annotator id="CHEBI_2015_08_26_Instance_10000">Mike Bada, University of Colorado Anschutz Medical Campus</annotator>
    <span start="35713" end="35716" />
    <spannedText>HCl</spannedText>
  </annotation>
  <annotation>
    <mention id="CHEBI_2015_08_26_Instance_16779" />
    <annotator id="CHEBI_2015_08_26_Instance_10000">Mike Bada, University of Colorado Anschutz Medical Campus</annotator>
    <span start="35729" end="35733" />
    <spannedText>NaCl</spannedText>
  </annotation>
  <annotation>
    <mention id="CHEBI_2015_08_26_Instance_16781" />
    <annotator id="CHEBI_2015_08_26_Instance_10000">Mike Bada, University of Colorado Anschutz Medical Campus</annotator>
    <span start="37430" end="37456" />
    <spannedText>fluorescein isothiocyanate</spannedText>
  </annotation>
  <annotation>
    <mention id="CHEBI_2015_08_26_Instance_16783" />
    <annotator id="CHEBI_2015_08_26_Instance_10000">Mike Bada, University of Colorado Anschutz Medical Campus</annotator>
    <span start="37458" end="37462" />
    <spannedText>FITC</spannedText>
  </annotation>
  <annotation>
    <mention id="CHEBI_2015_08_26_Instance_16795" />
    <annotator id="CHEBI_2015_08_26_Instance_10000">Mike Bada, University of Colorado Anschutz Medical Campus</annotator>
    <span start="38075" end="38080" />
    <spannedText>MgCl2</spannedText>
  </annotation>
  <annotation>
    <mention id="CHEBI_2015_08_26_Instance_16797" />
    <annotator id="CHEBI_2015_08_26_Instance_10000">Mike Bada, University of Colorado Anschutz Medical Campus</annotator>
    <span start="38089" end="38092" />
    <spannedText>DTT</spannedText>
  </annotation>
  <annotation>
    <mention id="CHEBI_2015_08_26_Instance_16799" />
    <annotator id="CHEBI_2015_08_26_Instance_10000">Mike Bada, University of Colorado Anschutz Medical Campus</annotator>
    <span start="38101" end="38105" />
    <spannedText>NaCl</spannedText>
  </annotation>
  <annotation>
    <mention id="CHEBI_2015_08_26_Instance_16805" />
    <annotator id="CHEBI_2015_08_26_Instance_10000">Mike Bada, University of Colorado Anschutz Medical Campus</annotator>
    <span start="38587" end="38594" />
    <spannedText>sucrose</spannedText>
  </annotation>
  <annotation>
    <mention id="CHEBI_2015_08_26_Instance_16809" />
    <annotator id="CHEBI_2015_08_26_Instance_10000">Mike Bada, University of Colorado Anschutz Medical Campus</annotator>
    <span start="39093" end="39096" />
    <spannedText>35S</spannedText>
  </annotation>
  <annotation>
    <mention id="CHEBI_2015_08_26_Instance_180008" />
    <annotator id="CHEBI_2015_08_26_Instance_10000">Mike Bada, University of Colorado Anschutz Medical Campus</annotator>
    <span start="7591" end="7596" />
    <spannedText>X-gal</spannedText>
  </annotation>
  <annotation>
    <mention id="CHEBI_2015_08_26_Instance_180039" />
    <annotator id="CHEBI_2015_08_26_Instance_10000">Mike Bada, University of Colorado Anschutz Medical Campus</annotator>
    <span start="22473" end="22504" />
    <spannedText>microtubule stabilization agent</spannedText>
  </annotation>
  <annotation>
    <mention id="CHEBI_2015_08_26_Instance_180041" />
    <annotator id="CHEBI_2015_08_26_Instance_10000">Mike Bada, University of Colorado Anschutz Medical Campus</annotator>
    <span start="23975" end="23985" />
    <spannedText>nocodazole</spannedText>
  </annotation>
  <annotation>
    <mention id="CHEBI_2015_08_26_Instance_180043" />
    <annotator id="CHEBI_2015_08_26_Instance_10000">Mike Bada, University of Colorado Anschutz Medical Campus</annotator>
    <span start="24485" end="24495" />
    <spannedText>nocodazole</spannedText>
  </annotation>
  <annotation>
    <mention id="CHEBI_2015_08_26_Instance_180045" />
    <annotator id="CHEBI_2015_08_26_Instance_10000">Mike Bada, University of Colorado Anschutz Medical Campus</annotator>
    <span start="24586" end="24596" />
    <spannedText>Nocodazole</spannedText>
  </annotation>
  <annotation>
    <mention id="CHEBI_2015_08_26_Instance_180047" />
    <annotator id="CHEBI_2015_08_26_Instance_10000">Mike Bada, University of Colorado Anschutz Medical Campus</annotator>
    <span start="25095" end="25105" />
    <spannedText>nocodazole</spannedText>
  </annotation>
  <annotation>
    <mention id="CHEBI_2015_08_26_Instance_180049" />
    <annotator id="CHEBI_2015_08_26_Instance_10000">Mike Bada, University of Colorado Anschutz Medical Campus</annotator>
    <span start="25299" end="25309" />
    <spannedText>nocodazole</spannedText>
  </annotation>
  <annotation>
    <mention id="CHEBI_2015_08_26_Instance_180051" />
    <annotator id="CHEBI_2015_08_26_Instance_10000">Mike Bada, University of Colorado Anschutz Medical Campus</annotator>
    <span start="26232" end="26247" />
    <spannedText>thyroid hormone</spannedText>
  </annotation>
  <annotation>
    <mention id="CHEBI_2015_08_26_Instance_180053" />
    <annotator id="CHEBI_2015_08_26_Instance_10000">Mike Bada, University of Colorado Anschutz Medical Campus</annotator>
    <span start="26262" end="26267" />
    <spannedText>lipid</spannedText>
  </annotation>
  <annotation>
    <mention id="CHEBI_2015_08_26_Instance_180057" />
    <annotator id="CHEBI_2015_08_26_Instance_10000">Mike Bada, University of Colorado Anschutz Medical Campus</annotator>
    <span start="29171" end="29179" />
    <spannedText>moieties</spannedText>
  </annotation>
  <annotation>
    <mention id="CHEBI_2015_08_26_Instance_180059" />
    <annotator id="CHEBI_2015_08_26_Instance_10000">Mike Bada, University of Colorado Anschutz Medical Campus</annotator>
    <span start="29696" end="29706" />
    <spannedText>nocodazole</spannedText>
  </annotation>
  <annotation>
    <mention id="CHEBI_2015_08_26_Instance_180069" />
    <annotator id="CHEBI_2015_08_26_Instance_10000">Mike Bada, University of Colorado Anschutz Medical Campus</annotator>
    <span start="33959" end="33964" />
    <spannedText>X-gal</spannedText>
  </annotation>
  <annotation>
    <mention id="CHEBI_2015_08_26_Instance_180073" />
    <annotator id="CHEBI_2015_08_26_Instance_10000">Mike Bada, University of Colorado Anschutz Medical Campus</annotator>
    <span start="34494" end="34511" />
    <spannedText>calcium phosphate</spannedText>
  </annotation>
  <annotation>
    <mention id="CHEBI_2015_08_26_Instance_180088" />
    <annotator id="CHEBI_2015_08_26_Instance_10000">Mike Bada, University of Colorado Anschutz Medical Campus</annotator>
    <span start="35616" end="35620" />
    <spannedText>PVDF</spannedText>
  </annotation>
  <annotation>
    <mention id="CHEBI_2015_08_26_Instance_180090" />
    <annotator id="CHEBI_2015_08_26_Instance_10000">Mike Bada, University of Colorado Anschutz Medical Campus</annotator>
    <span start="35743" end="35751" />
    <spannedText>Tween-20</spannedText>
  </annotation>
  <annotation>
    <mention id="CHEBI_2015_08_26_Instance_180094" />
    <annotator id="CHEBI_2015_08_26_Instance_10000">Mike Bada, University of Colorado Anschutz Medical Campus</annotator>
    <span start="36933" end="36945" />
    <spannedText>Triton X-100</spannedText>
  </annotation>
  <annotation>
    <mention id="CHEBI_2015_08_26_Instance_180096" />
    <annotator id="CHEBI_2015_08_26_Instance_10000">Mike Bada, University of Colorado Anschutz Medical Campus</annotator>
    <span start="37671" end="37674" />
    <spannedText>Cy3</spannedText>
  </annotation>
  <annotation>
    <mention id="CHEBI_2015_08_26_Instance_180098" />
    <annotator id="CHEBI_2015_08_26_Instance_10000">Mike Bada, University of Colorado Anschutz Medical Campus</annotator>
    <span start="37760" end="37770" />
    <spannedText>nocodazole</spannedText>
  </annotation>
  <annotation>
    <mention id="CHEBI_2015_08_26_Instance_18043" />
    <annotator id="CHEBI_2015_08_26_Instance_10000">Mike Bada, University of Colorado Anschutz Medical Campus</annotator>
    <span start="39469" end="39472" />
    <spannedText>dye</spannedText>
  </annotation>
  <classMention id="CHEBI_2015_08_26_Instance_18043">
    <mentionClass id="CHEBI:37958">dye</mentionClass>
  </classMention>
  <classMention id="CHEBI_2015_08_26_Instance_16345">
    <mentionClass id="CHEBI:28262">dimethyl sulfoxide</mentionClass>
  </classMention>
  <classMention id="CHEBI_2015_08_26_Instance_16539">
    <mentionClass id="CHEBI:39033">PIPES</mentionClass>
  </classMention>
  <classMention id="CHEBI_2015_08_26_Instance_16705">
    <mentionClass id="CHEBI:28260">galactose</mentionClass>
  </classMention>
  <classMention id="CHEBI_2015_08_26_Instance_16707">
    <mentionClass id="CHEBI:28260">galactose</mentionClass>
  </classMention>
  <classMention id="CHEBI_2015_08_26_Instance_16709">
    <mentionClass id="CHEBI:17234">glucose</mentionClass>
  </classMention>
  <classMention id="CHEBI_2015_08_26_Instance_16711">
    <mentionClass id="CHEBI:17234">glucose</mentionClass>
  </classMention>
  <classMention id="CHEBI_2015_08_26_Instance_16719">
    <mentionClass id="CHEBI:35366">fatty acid</mentionClass>
  </classMention>
  <classMention id="CHEBI_2015_08_26_Instance_16729">
    <mentionClass id="CHEBI:45863">paclitaxel</mentionClass>
  </classMention>
  <classMention id="CHEBI_2015_08_26_Instance_16731">
    <mentionClass id="CHEBI:17992">sucrose</mentionClass>
  </classMention>
  <classMention id="CHEBI_2015_08_26_Instance_16733">
    <mentionClass id="CHEBI:45863">paclitaxel</mentionClass>
  </classMention>
  <classMention id="CHEBI_2015_08_26_Instance_16735">
    <mentionClass id="CHEBI:45863">paclitaxel</mentionClass>
  </classMention>
  <classMention id="CHEBI_2015_08_26_Instance_16737">
    <mentionClass id="CHEBI:45863">paclitaxel</mentionClass>
  </classMention>
  <classMention id="CHEBI_2015_08_26_Instance_16739">
    <mentionClass id="CHEBI:45863">paclitaxel</mentionClass>
  </classMention>
  <classMention id="CHEBI_2015_08_26_Instance_16741">
    <mentionClass id="CHEBI:45863">paclitaxel</mentionClass>
  </classMention>
  <classMention id="CHEBI_2015_08_26_Instance_180008">
    <mentionClass id="CHEBI:75055">5-bromo-4-chloro-3-indolyl beta-D-galactoside</mentionClass>
  </classMention>
  <classMention id="CHEBI_2015_08_26_Instance_16743">
    <mentionClass id="CHEBI:45863">paclitaxel</mentionClass>
  </classMention>
  <classMention id="CHEBI_2015_08_26_Instance_16745">
    <mentionClass id="CHEBI:17992">sucrose</mentionClass>
  </classMention>
  <classMention id="CHEBI_2015_08_26_Instance_180039">
    <mentionClass id="CHEBI:61950">microtubule-stabilising agent</mentionClass>
  </classMention>
  <classMention id="CHEBI_2015_08_26_Instance_16747">
    <mentionClass id="CHEBI:23888">drug</mentionClass>
  </classMention>
  <classMention id="CHEBI_2015_08_26_Instance_180041">
    <mentionClass id="CHEBI:34892">nocodazole</mentionClass>
  </classMention>
  <classMention id="CHEBI_2015_08_26_Instance_16757">
    <mentionClass id="CHEBI:16526">carbon dioxide</mentionClass>
  </classMention>
  <classMention id="CHEBI_2015_08_26_Instance_180043">
    <mentionClass id="CHEBI:34892">nocodazole</mentionClass>
  </classMention>
  <classMention id="CHEBI_2015_08_26_Instance_16759">
    <mentionClass id="CHEBI:26710">sodium chloride</mentionClass>
  </classMention>
  <classMention id="CHEBI_2015_08_26_Instance_180045">
    <mentionClass id="CHEBI:34892">nocodazole</mentionClass>
  </classMention>
  <classMention id="CHEBI_2015_08_26_Instance_16761">
    <mentionClass id="CHEBI:8984">sodium dodecyl sulfate</mentionClass>
  </classMention>
  <classMention id="CHEBI_2015_08_26_Instance_180047">
    <mentionClass id="CHEBI:34892">nocodazole</mentionClass>
  </classMention>
  <classMention id="CHEBI_2015_08_26_Instance_16763">
    <mentionClass id="CHEBI:9754">tris</mentionClass>
  </classMention>
  <classMention id="CHEBI_2015_08_26_Instance_180049">
    <mentionClass id="CHEBI:34892">nocodazole</mentionClass>
  </classMention>
  <classMention id="CHEBI_2015_08_26_Instance_16765">
    <mentionClass id="CHEBI:17883">hydrogen chloride</mentionClass>
  </classMention>
  <classMention id="CHEBI_2015_08_26_Instance_16769">
    <mentionClass id="CHEBI:8984">sodium dodecyl sulfate</mentionClass>
  </classMention>
  <classMention id="CHEBI_2015_08_26_Instance_180051">
    <mentionClass id="CHEBI:60311">thyroid hormone</mentionClass>
  </classMention>
  <classMention id="CHEBI_2015_08_26_Instance_16771">
    <mentionClass id="CHEBI:8984">sodium dodecyl sulfate</mentionClass>
  </classMention>
  <classMention id="CHEBI_2015_08_26_Instance_180053">
    <mentionClass id="CHEBI:18059">lipid</mentionClass>
  </classMention>
  <classMention id="CHEBI_2015_08_26_Instance_16773">
    <mentionClass id="CHEBI:17790">methanol</mentionClass>
  </classMention>
  <classMention id="CHEBI_2015_08_26_Instance_180057">
    <mentionClass id="CHEBI:24433">group</mentionClass>
  </classMention>
  <classMention id="CHEBI_2015_08_26_Instance_16775">
    <mentionClass id="CHEBI:9754">tris</mentionClass>
  </classMention>
  <classMention id="CHEBI_2015_08_26_Instance_180059">
    <mentionClass id="CHEBI:34892">nocodazole</mentionClass>
  </classMention>
  <classMention id="CHEBI_2015_08_26_Instance_16777">
    <mentionClass id="CHEBI:17883">hydrogen chloride</mentionClass>
  </classMention>
  <classMention id="CHEBI_2015_08_26_Instance_180069">
    <mentionClass id="CHEBI:75055">5-bromo-4-chloro-3-indolyl beta-D-galactoside</mentionClass>
  </classMention>
  <classMention id="CHEBI_2015_08_26_Instance_16779">
    <mentionClass id="CHEBI:26710">sodium chloride</mentionClass>
  </classMention>
  <classMention id="CHEBI_2015_08_26_Instance_180073">
    <mentionClass id="CHEBI:77635">calcium phosphate</mentionClass>
  </classMention>
  <classMention id="CHEBI_2015_08_26_Instance_16781">
    <mentionClass id="CHEBI:37926">fluorescein isothiocyanate</mentionClass>
  </classMention>
  <classMention id="CHEBI_2015_08_26_Instance_180088">
    <mentionClass id="CHEBI:53250">poly(vinylene fluoride)</mentionClass>
  </classMention>
  <classMention id="CHEBI_2015_08_26_Instance_16783">
    <mentionClass id="CHEBI:37926">fluorescein isothiocyanate</mentionClass>
  </classMention>
  <classMention id="CHEBI_2015_08_26_Instance_180090">
    <mentionClass id="CHEBI:53424">polysorbate 20</mentionClass>
  </classMention>
  <classMention id="CHEBI_2015_08_26_Instance_16795">
    <mentionClass id="CHEBI:6636">magnesium dichloride</mentionClass>
  </classMention>
  <classMention id="CHEBI_2015_08_26_Instance_180094">
    <mentionClass id="CHEBI:9750">Triton X-100</mentionClass>
  </classMention>
  <classMention id="CHEBI_2015_08_26_Instance_16797">
    <mentionClass id="CHEBI:18320">1,4-dithiothreitol</mentionClass>
  </classMention>
  <classMention id="CHEBI_2015_08_26_Instance_180096">
    <mentionClass id="CHEBI:37987">Cy3 dye</mentionClass>
  </classMention>
  <classMention id="CHEBI_2015_08_26_Instance_16799">
    <mentionClass id="CHEBI:26710">sodium chloride</mentionClass>
  </classMention>
  <classMention id="CHEBI_2015_08_26_Instance_180098">
    <mentionClass id="CHEBI:34892">nocodazole</mentionClass>
  </classMention>
  <classMention id="CHEBI_2015_08_26_Instance_16805">
    <mentionClass id="CHEBI:17992">sucrose</mentionClass>
  </classMention>
  <classMention id="CHEBI_2015_08_26_Instance_16809">
    <mentionClass id="CHEBI:37983">sulfur-35 atom</mentionClass>
  </classMention>
  <classMention id="CHEBI_2015_08_26_Instance_15447">
    <mentionClass id="CHEBI:37926">fluorescein isothiocyanate</mentionClass>
  </classMention>
  <classMention id="CHEBI_2015_08_26_Instance_150000">
    <mentionClass id="CHEBI:24433">group</mentionClass>
  </classMention>
</annotations>

