<?xml version="1.0" encoding="UTF-8"?>
<annotations textSource="15328533.txt">
  <annotation>
    <mention id="CHEBI_2015_08_26_backup_Instance_20007" />
    <annotator id="CHEBI_2015_08_26_Instance_10000">Mike Bada, University of Colorado Anschutz Medical Campus</annotator>
    <span start="705" end="718" />
    <spannedText>PPARδ agonist</spannedText>
  </annotation>
  <annotation>
    <mention id="CHEBI_2015_08_26_backup_Instance_20012" />
    <annotator id="CHEBI_2015_08_26_Instance_10000">Mike Bada, University of Colorado Anschutz Medical Campus</annotator>
    <span start="9722" end="9735" />
    <spannedText>PPARδ agonist</spannedText>
  </annotation>
  <annotation>
    <mention id="CHEBI_2015_08_26_backup_Instance_20014" />
    <annotator id="CHEBI_2015_08_26_Instance_10000">Mike Bada, University of Colorado Anschutz Medical Campus</annotator>
    <span start="10081" end="10094" />
    <spannedText>PPARδ agonist</spannedText>
  </annotation>
  <annotation>
    <mention id="CHEBI_2015_08_26_backup_Instance_20016" />
    <annotator id="CHEBI_2015_08_26_Instance_10000">Mike Bada, University of Colorado Anschutz Medical Campus</annotator>
    <span start="22883" end="22896" />
    <spannedText>PPARδ agonist</spannedText>
  </annotation>
  <annotation>
    <mention id="CHEBI_2015_08_26_backup_Instance_20018" />
    <annotator id="CHEBI_2015_08_26_Instance_10000">Mike Bada, University of Colorado Anschutz Medical Campus</annotator>
    <span start="23874" end="23888" />
    <spannedText>PPARδ Agonists</spannedText>
  </annotation>
  <annotation>
    <mention id="CHEBI_2015_08_26_Instance_13947" />
    <annotator id="CHEBI_2015_08_26_Instance_10000">Mike Bada, University of Colorado Anschutz Medical Campus</annotator>
    <span start="17485" end="17493" />
    <spannedText>compound</spannedText>
  </annotation>
  <annotation>
    <mention id="CHEBI_2015_08_26_Instance_17751" />
    <annotator id="CHEBI_2015_08_26_Instance_10000">Mike Bada, University of Colorado Anschutz Medical Campus</annotator>
    <span start="6538" end="6546" />
    <spannedText>electron</spannedText>
  </annotation>
  <annotation>
    <mention id="CHEBI_2015_08_26_Instance_17953" />
    <annotator id="CHEBI_2015_08_26_Instance_10000">Mike Bada, University of Colorado Anschutz Medical Campus</annotator>
    <span start="9478" end="9490" />
    <spannedText>triglyceride</spannedText>
  </annotation>
  <annotation>
    <mention id="CHEBI_2015_08_26_Instance_17955" />
    <annotator id="CHEBI_2015_08_26_Instance_10000">Mike Bada, University of Colorado Anschutz Medical Campus</annotator>
    <span start="9589" end="9596" />
    <spannedText>glucose</spannedText>
  </annotation>
  <annotation>
    <mention id="CHEBI_2015_08_26_Instance_17957" />
    <annotator id="CHEBI_2015_08_26_Instance_10000">Mike Bada, University of Colorado Anschutz Medical Campus</annotator>
    <span start="9958" end="9965" />
    <spannedText>glucose</spannedText>
  </annotation>
  <annotation>
    <mention id="CHEBI_2015_08_26_Instance_17961" />
    <annotator id="CHEBI_2015_08_26_Instance_10000">Mike Bada, University of Colorado Anschutz Medical Campus</annotator>
    <span start="14598" end="14608" />
    <spannedText>fatty-acid</spannedText>
  </annotation>
  <annotation>
    <mention id="CHEBI_2015_08_26_Instance_17963" />
    <annotator id="CHEBI_2015_08_26_Instance_10000">Mike Bada, University of Colorado Anschutz Medical Campus</annotator>
    <span start="14638" end="14649" />
    <spannedText>Fatty acids</spannedText>
  </annotation>
  <annotation>
    <mention id="CHEBI_2015_08_26_Instance_17965" />
    <annotator id="CHEBI_2015_08_26_Instance_10000">Mike Bada, University of Colorado Anschutz Medical Campus</annotator>
    <span start="15369" end="15379" />
    <spannedText>fatty-acid</spannedText>
  </annotation>
  <annotation>
    <mention id="CHEBI_2015_08_26_Instance_17967" />
    <annotator id="CHEBI_2015_08_26_Instance_10000">Mike Bada, University of Colorado Anschutz Medical Campus</annotator>
    <span start="15384" end="15391" />
    <spannedText>glucose</spannedText>
  </annotation>
  <annotation>
    <mention id="CHEBI_2015_08_26_Instance_17969" />
    <annotator id="CHEBI_2015_08_26_Instance_10000">Mike Bada, University of Colorado Anschutz Medical Campus</annotator>
    <span start="15500" end="15507" />
    <spannedText>glucose</spannedText>
  </annotation>
  <annotation>
    <mention id="CHEBI_2015_08_26_Instance_17971" />
    <annotator id="CHEBI_2015_08_26_Instance_10000">Mike Bada, University of Colorado Anschutz Medical Campus</annotator>
    <span start="15682" end="15689" />
    <spannedText>glucose</spannedText>
  </annotation>
  <annotation>
    <mention id="CHEBI_2015_08_26_Instance_17973" />
    <annotator id="CHEBI_2015_08_26_Instance_10000">Mike Bada, University of Colorado Anschutz Medical Campus</annotator>
    <span start="23641" end="23648" />
    <spannedText>Glucose</spannedText>
  </annotation>
  <annotation>
    <mention id="CHEBI_2015_08_26_Instance_17975" />
    <annotator id="CHEBI_2015_08_26_Instance_10000">Mike Bada, University of Colorado Anschutz Medical Campus</annotator>
    <span start="23743" end="23750" />
    <spannedText>glucose</spannedText>
  </annotation>
  <annotation>
    <mention id="CHEBI_2015_08_26_Instance_17977" />
    <annotator id="CHEBI_2015_08_26_Instance_10000">Mike Bada, University of Colorado Anschutz Medical Campus</annotator>
    <span start="23803" end="23810" />
    <spannedText>glucose</spannedText>
  </annotation>
  <annotation>
    <mention id="CHEBI_2015_08_26_Instance_17979" />
    <annotator id="CHEBI_2015_08_26_Instance_10000">Mike Bada, University of Colorado Anschutz Medical Campus</annotator>
    <span start="24509" end="24516" />
    <spannedText>Glucose</spannedText>
  </annotation>
  <annotation>
    <mention id="CHEBI_2015_08_26_Instance_17981" />
    <annotator id="CHEBI_2015_08_26_Instance_10000">Mike Bada, University of Colorado Anschutz Medical Campus</annotator>
    <span start="24604" end="24611" />
    <spannedText>glucose</spannedText>
  </annotation>
  <annotation>
    <mention id="CHEBI_2015_08_26_Instance_17983" />
    <annotator id="CHEBI_2015_08_26_Instance_10000">Mike Bada, University of Colorado Anschutz Medical Campus</annotator>
    <span start="24659" end="24666" />
    <spannedText>glucose</spannedText>
  </annotation>
  <annotation>
    <mention id="CHEBI_2015_08_26_Instance_17999" />
    <annotator id="CHEBI_2015_08_26_Instance_10000">Mike Bada, University of Colorado Anschutz Medical Campus</annotator>
    <span start="18467" end="18470" />
    <spannedText>dye</spannedText>
  </annotation>
  <annotation>
    <mention id="CHEBI_2015_08_26_Instance_18001" />
    <annotator id="CHEBI_2015_08_26_Instance_10000">Mike Bada, University of Colorado Anschutz Medical Campus</annotator>
    <span start="18634" end="18641" />
    <spannedText>agarose</spannedText>
  </annotation>
  <annotation>
    <mention id="CHEBI_2015_08_26_Instance_18005" />
    <annotator id="CHEBI_2015_08_26_Instance_10000">Mike Bada, University of Colorado Anschutz Medical Campus</annotator>
    <span start="22571" end="22578" />
    <spannedText>agarose</spannedText>
  </annotation>
  <annotation>
    <mention id="CHEBI_2015_08_26_Instance_18023" />
    <annotator id="CHEBI_2015_08_26_Instance_10000">Mike Bada, University of Colorado Anschutz Medical Campus</annotator>
    <span start="23564" end="23576" />
    <spannedText>triglyceride</spannedText>
  </annotation>
  <annotation>
    <mention id="CHEBI_2015_08_26_Instance_18027" />
    <annotator id="CHEBI_2015_08_26_Instance_10000">Mike Bada, University of Colorado Anschutz Medical Campus</annotator>
    <span start="25537" end="25545" />
    <spannedText>reagents</spannedText>
  </annotation>
  <annotation>
    <mention id="CHEBI_2015_08_26_Instance_180802" />
    <annotator id="CHEBI_2015_08_26_Instance_10000">Mike Bada, University of Colorado Anschutz Medical Campus</annotator>
    <span start="2362" end="2370" />
    <spannedText>cofactor</spannedText>
  </annotation>
  <annotation>
    <mention id="CHEBI_2015_08_26_Instance_180816" />
    <annotator id="CHEBI_2015_08_26_Instance_10000">Mike Bada, University of Colorado Anschutz Medical Campus</annotator>
    <span start="8040" end="8048" />
    <spannedText>GW501516</spannedText>
  </annotation>
  <annotation>
    <mention id="CHEBI_2015_08_26_Instance_180823" />
    <annotator id="CHEBI_2015_08_26_Instance_10000">Mike Bada, University of Colorado Anschutz Medical Campus</annotator>
    <span start="9736" end="9744" />
    <spannedText>GW501516</spannedText>
  </annotation>
  <annotation>
    <mention id="CHEBI_2015_08_26_Instance_180825" />
    <annotator id="CHEBI_2015_08_26_Instance_10000">Mike Bada, University of Colorado Anschutz Medical Campus</annotator>
    <span start="9755" end="9763" />
    <spannedText>GW501516</spannedText>
  </annotation>
  <annotation>
    <mention id="CHEBI_2015_08_26_Instance_180853" />
    <annotator id="CHEBI_2015_08_26_Instance_10000">Mike Bada, University of Colorado Anschutz Medical Campus</annotator>
    <span start="17476" end="17484" />
    <spannedText>GW501516</spannedText>
  </annotation>
  <annotation>
    <mention id="CHEBI_2015_08_26_Instance_180887" />
    <annotator id="CHEBI_2015_08_26_Instance_10000">Mike Bada, University of Colorado Anschutz Medical Campus</annotator>
    <span start="22897" end="22905" />
    <spannedText>GW501516</spannedText>
  </annotation>
  <annotation>
    <mention id="CHEBI_2015_08_26_Instance_180893" />
    <annotator id="CHEBI_2015_08_26_Instance_10000">Mike Bada, University of Colorado Anschutz Medical Campus</annotator>
    <span start="24031" end="24039" />
    <spannedText>GW501516</spannedText>
  </annotation>
  <annotation>
    <mention id="CHEBI_2015_08_26_Instance_180899" />
    <annotator id="CHEBI_2015_08_26_Instance_10000">Mike Bada, University of Colorado Anschutz Medical Campus</annotator>
    <span start="24343" end="24351" />
    <spannedText>GW501516</spannedText>
  </annotation>
  <annotation>
    <mention id="CHEBI_2015_08_26_Instance_18713" />
    <annotator id="CHEBI_2015_08_26_Instance_10000">Mike Bada, University of Colorado Anschutz Medical Campus</annotator>
    <span start="3561" end="3582" />
    <spannedText>long-chain fatty-acid</spannedText>
  </annotation>
  <annotation>
    <mention id="CHEBI_2015_08_26_Instance_18723" />
    <annotator id="CHEBI_2015_08_26_Instance_10000">Mike Bada, University of Colorado Anschutz Medical Campus</annotator>
    <span start="6557" end="6569" />
    <spannedText>cytochrome c</spannedText>
  </annotation>
  <annotation>
    <mention id="CHEBI_2015_08_26_Instance_18725" />
    <annotator id="CHEBI_2015_08_26_Instance_10000">Mike Bada, University of Colorado Anschutz Medical Campus</annotator>
    <span start="6574" end="6586" />
    <spannedText>cytochrome c</spannedText>
  </annotation>
  <annotation>
    <mention id="CHEBI_2015_08_26_Instance_18727" />
    <annotator id="CHEBI_2015_08_26_Instance_10000">Mike Bada, University of Colorado Anschutz Medical Campus</annotator>
    <span start="7465" end="7477" />
    <spannedText>cytochrome c</spannedText>
  </annotation>
  <annotation>
    <mention id="CHEBI_2015_08_26_Instance_18729" />
    <annotator id="CHEBI_2015_08_26_Instance_10000">Mike Bada, University of Colorado Anschutz Medical Campus</annotator>
    <span start="7465" end="7475" />
    <span start="7482" end="7483" />
    <spannedText>cytochrome ... b</spannedText>
  </annotation>
  <annotation>
    <mention id="CHEBI_2015_08_26_Instance_18731" />
    <annotator id="CHEBI_2015_08_26_Instance_10000">Mike Bada, University of Colorado Anschutz Medical Campus</annotator>
    <span start="20493" end="20505" />
    <spannedText>cytochrome c</spannedText>
  </annotation>
  <annotation>
    <mention id="CHEBI_2015_08_26_Instance_18733" />
    <annotator id="CHEBI_2015_08_26_Instance_10000">Mike Bada, University of Colorado Anschutz Medical Campus</annotator>
    <span start="6616" end="6626" />
    <spannedText>fatty-acid</spannedText>
  </annotation>
  <annotation>
    <mention id="CHEBI_2015_08_26_Instance_18739" />
    <annotator id="CHEBI_2015_08_26_Instance_10000">Mike Bada, University of Colorado Anschutz Medical Campus</annotator>
    <span start="14660" end="14671" />
    <spannedText>metabolites</spannedText>
  </annotation>
  <annotation>
    <mention id="CHEBI_2015_08_26_Instance_18743" />
    <annotator id="CHEBI_2015_08_26_Instance_10000">Mike Bada, University of Colorado Anschutz Medical Campus</annotator>
    <span start="20530" end="20539" />
    <spannedText>carnitine</spannedText>
  </annotation>
  <annotation>
    <mention id="CHEBI_2015_08_26_Instance_26735" />
    <annotator id="CHEBI_2015_08_26_Instance_10000">Mike Bada, University of Colorado Anschutz Medical Campus</annotator>
    <span start="17024" end="17028" />
    <spannedText>chow</spannedText>
  </annotation>
  <annotation>
    <mention id="CHEBI_2015_08_26_Instance_27179" />
    <annotator id="CHEBI_2015_08_26_Instance_10000">Mike Bada, University of Colorado Anschutz Medical Campus</annotator>
    <span start="17210" end="17214" />
    <spannedText>chow</spannedText>
  </annotation>
  <annotation>
    <mention id="CHEBI_2015_08_26_Instance_331728" />
    <annotator id="CHEBI_2015_08_26_Instance_10000">Mike Bada, University of Colorado Anschutz Medical Campus</annotator>
    <span start="9456" end="9464" />
    <spannedText>glycogen</spannedText>
  </annotation>
  <annotation>
    <mention id="CHEBI_2015_08_26_Instance_331730" />
    <annotator id="CHEBI_2015_08_26_Instance_10000">Mike Bada, University of Colorado Anschutz Medical Campus</annotator>
    <span start="23539" end="23547" />
    <spannedText>glycogen</spannedText>
  </annotation>
  <classMention id="CHEBI_2015_08_26_Instance_18005">
    <mentionClass id="CHEBI:2511">agarose</mentionClass>
  </classMention>
  <classMention id="CHEBI_2015_08_26_backup_Instance_20007">
    <mentionClass id="CHEBI:73730">PPARbeta/delta agonist</mentionClass>
  </classMention>
  <classMention id="CHEBI_2015_08_26_backup_Instance_20012">
    <mentionClass id="CHEBI:73730">PPARbeta/delta agonist</mentionClass>
  </classMention>
  <classMention id="CHEBI_2015_08_26_backup_Instance_20014">
    <mentionClass id="CHEBI:73730">PPARbeta/delta agonist</mentionClass>
  </classMention>
  <classMention id="CHEBI_2015_08_26_backup_Instance_20016">
    <mentionClass id="CHEBI:73730">PPARbeta/delta agonist</mentionClass>
  </classMention>
  <classMention id="CHEBI_2015_08_26_backup_Instance_20018">
    <mentionClass id="CHEBI:73730">PPARbeta/delta agonist</mentionClass>
  </classMention>
  <classMention id="CHEBI_2015_08_26_Instance_17953">
    <mentionClass id="CHEBI:17855">triglyceride</mentionClass>
  </classMention>
  <classMention id="CHEBI_2015_08_26_Instance_17955">
    <mentionClass id="CHEBI:17234">glucose</mentionClass>
  </classMention>
  <classMention id="CHEBI_2015_08_26_Instance_17751">
    <mentionClass id="CHEBI:10545">electron</mentionClass>
  </classMention>
  <classMention id="CHEBI_2015_08_26_Instance_17957">
    <mentionClass id="CHEBI:17234">glucose</mentionClass>
  </classMention>
  <classMention id="CHEBI_2015_08_26_Instance_17961">
    <mentionClass id="CHEBI:35366">fatty acid</mentionClass>
  </classMention>
  <classMention id="CHEBI_2015_08_26_Instance_17963">
    <mentionClass id="CHEBI:35366">fatty acid</mentionClass>
  </classMention>
  <classMention id="CHEBI_2015_08_26_Instance_18023">
    <mentionClass id="CHEBI:17855">triglyceride</mentionClass>
  </classMention>
  <classMention id="CHEBI_2015_08_26_Instance_180802">
    <mentionClass id="CHEBI:23357">cofactor</mentionClass>
  </classMention>
  <classMention id="CHEBI_2015_08_26_Instance_17965">
    <mentionClass id="CHEBI:35366">fatty acid</mentionClass>
  </classMention>
  <classMention id="CHEBI_2015_08_26_Instance_180816">
    <mentionClass id="CHEBI:73726">GW 501516</mentionClass>
  </classMention>
  <classMention id="CHEBI_2015_08_26_Instance_18713">
    <mentionClass id="CHEBI:15904">long-chain fatty acid</mentionClass>
  </classMention>
  <classMention id="CHEBI_2015_08_26_Instance_17967">
    <mentionClass id="CHEBI:17234">glucose</mentionClass>
  </classMention>
  <classMention id="CHEBI_2015_08_26_Instance_180823">
    <mentionClass id="CHEBI:73726">GW 501516</mentionClass>
  </classMention>
  <classMention id="CHEBI_2015_08_26_Instance_18723">
    <mentionClass id="CHEBI:18070">cytochrome c</mentionClass>
  </classMention>
  <classMention id="CHEBI_2015_08_26_Instance_17969">
    <mentionClass id="CHEBI:17234">glucose</mentionClass>
  </classMention>
  <classMention id="CHEBI_2015_08_26_Instance_18027">
    <mentionClass id="CHEBI:33893">reagent</mentionClass>
  </classMention>
  <classMention id="CHEBI_2015_08_26_Instance_180825">
    <mentionClass id="CHEBI:73726">GW 501516</mentionClass>
  </classMention>
  <classMention id="CHEBI_2015_08_26_Instance_18725">
    <mentionClass id="CHEBI:18070">cytochrome c</mentionClass>
  </classMention>
  <classMention id="CHEBI_2015_08_26_Instance_17971">
    <mentionClass id="CHEBI:17234">glucose</mentionClass>
  </classMention>
  <classMention id="CHEBI_2015_08_26_Instance_18727">
    <mentionClass id="CHEBI:18070">cytochrome c</mentionClass>
  </classMention>
  <classMention id="CHEBI_2015_08_26_Instance_17973">
    <mentionClass id="CHEBI:17234">glucose</mentionClass>
  </classMention>
  <classMention id="CHEBI_2015_08_26_Instance_18729">
    <mentionClass id="CHEBI:38551">cytochrome b</mentionClass>
  </classMention>
  <classMention id="CHEBI_2015_08_26_Instance_17975">
    <mentionClass id="CHEBI:17234">glucose</mentionClass>
  </classMention>
  <classMention id="CHEBI_2015_08_26_Instance_180853">
    <mentionClass id="CHEBI:73726">GW 501516</mentionClass>
  </classMention>
  <classMention id="CHEBI_2015_08_26_Instance_18731">
    <mentionClass id="CHEBI:18070">cytochrome c</mentionClass>
  </classMention>
  <classMention id="CHEBI_2015_08_26_Instance_13947">
    <mentionClass id="CHEBI:36357">polyatomic entity</mentionClass>
  </classMention>
  <classMention id="CHEBI_2015_08_26_Instance_17977">
    <mentionClass id="CHEBI:17234">glucose</mentionClass>
  </classMention>
  <classMention id="CHEBI_2015_08_26_Instance_18733">
    <mentionClass id="CHEBI:35366">fatty acid</mentionClass>
  </classMention>
  <classMention id="CHEBI_2015_08_26_Instance_17979">
    <mentionClass id="CHEBI:17234">glucose</mentionClass>
  </classMention>
  <classMention id="CHEBI_2015_08_26_Instance_180887">
    <mentionClass id="CHEBI:73726">GW 501516</mentionClass>
  </classMention>
  <classMention id="CHEBI_2015_08_26_Instance_18739">
    <mentionClass id="CHEBI:25212">metabolite</mentionClass>
  </classMention>
  <classMention id="CHEBI_2015_08_26_Instance_26735">
    <mentionClass id="CHEBI:33290">food</mentionClass>
  </classMention>
  <classMention id="CHEBI_2015_08_26_Instance_17981">
    <mentionClass id="CHEBI:17234">glucose</mentionClass>
  </classMention>
  <classMention id="CHEBI_2015_08_26_Instance_180893">
    <mentionClass id="CHEBI:73726">GW 501516</mentionClass>
  </classMention>
  <classMention id="CHEBI_2015_08_26_Instance_18743">
    <mentionClass id="CHEBI:17126">carnitine</mentionClass>
  </classMention>
  <classMention id="CHEBI_2015_08_26_Instance_17983">
    <mentionClass id="CHEBI:17234">glucose</mentionClass>
  </classMention>
  <classMention id="CHEBI_2015_08_26_Instance_180899">
    <mentionClass id="CHEBI:73726">GW 501516</mentionClass>
  </classMention>
  <classMention id="CHEBI_2015_08_26_Instance_27179">
    <mentionClass id="CHEBI:33290">food</mentionClass>
  </classMention>
  <classMention id="CHEBI_2015_08_26_Instance_331728">
    <mentionClass id="CHEBI:24384">glycogens</mentionClass>
  </classMention>
  <classMention id="CHEBI_2015_08_26_Instance_17999">
    <mentionClass id="CHEBI:37958">dye</mentionClass>
  </classMention>
  <classMention id="CHEBI_2015_08_26_Instance_331730">
    <mentionClass id="CHEBI:24384">glycogens</mentionClass>
  </classMention>
  <classMention id="CHEBI_2015_08_26_Instance_18001">
    <mentionClass id="CHEBI:2511">agarose</mentionClass>
  </classMention>
</annotations>

