<?xml version="1.0" encoding="UTF-8"?>
<annotations textSource="15550985.txt">
  <annotation>
    <mention id="CHEBI_2015_08_26_Instance_181425" />
    <annotator id="CHEBI_2015_08_26_Instance_10000">Mike Bada, University of Colorado Anschutz Medical Campus</annotator>
    <span start="4934" end="4940" />
    <spannedText>tracer</spannedText>
  </annotation>
  <annotation>
    <mention id="CHEBI_2015_08_26_Instance_181427" />
    <annotator id="CHEBI_2015_08_26_Instance_10000">Mike Bada, University of Colorado Anschutz Medical Campus</annotator>
    <span start="4941" end="4944" />
    <spannedText>DiI</spannedText>
  </annotation>
  <annotation>
    <mention id="CHEBI_2015_08_26_Instance_181429" />
    <annotator id="CHEBI_2015_08_26_Instance_10000">Mike Bada, University of Colorado Anschutz Medical Campus</annotator>
    <span start="5212" end="5215" />
    <spannedText>DiI</spannedText>
  </annotation>
  <annotation>
    <mention id="CHEBI_2015_08_26_Instance_181431" />
    <annotator id="CHEBI_2015_08_26_Instance_10000">Mike Bada, University of Colorado Anschutz Medical Campus</annotator>
    <span start="5906" end="5909" />
    <spannedText>DiI</spannedText>
  </annotation>
  <annotation>
    <mention id="CHEBI_2015_08_26_Instance_181433" />
    <annotator id="CHEBI_2015_08_26_Instance_10000">Mike Bada, University of Colorado Anschutz Medical Campus</annotator>
    <span start="6066" end="6069" />
    <spannedText>DiI</spannedText>
  </annotation>
  <annotation>
    <mention id="CHEBI_2015_08_26_Instance_181435" />
    <annotator id="CHEBI_2015_08_26_Instance_10000">Mike Bada, University of Colorado Anschutz Medical Campus</annotator>
    <span start="6380" end="6383" />
    <spannedText>DiI</spannedText>
  </annotation>
  <annotation>
    <mention id="CHEBI_2015_08_26_Instance_181440" />
    <annotator id="CHEBI_2015_08_26_Instance_10000">Mike Bada, University of Colorado Anschutz Medical Campus</annotator>
    <span start="8736" end="8739" />
    <spannedText>DiI</spannedText>
  </annotation>
  <annotation>
    <mention id="CHEBI_2015_08_26_Instance_181442" />
    <annotator id="CHEBI_2015_08_26_Instance_10000">Mike Bada, University of Colorado Anschutz Medical Campus</annotator>
    <span start="9177" end="9180" />
    <spannedText>DiI</spannedText>
  </annotation>
  <annotation>
    <mention id="CHEBI_2015_08_26_Instance_181444" />
    <annotator id="CHEBI_2015_08_26_Instance_10000">Mike Bada, University of Colorado Anschutz Medical Campus</annotator>
    <span start="9379" end="9382" />
    <spannedText>DiI</spannedText>
  </annotation>
  <annotation>
    <mention id="CHEBI_2015_08_26_Instance_181454" />
    <annotator id="CHEBI_2015_08_26_Instance_10000">Mike Bada, University of Colorado Anschutz Medical Campus</annotator>
    <span start="12142" end="12145" />
    <spannedText>DiI</spannedText>
  </annotation>
  <annotation>
    <mention id="CHEBI_2015_08_26_Instance_181456" />
    <annotator id="CHEBI_2015_08_26_Instance_10000">Mike Bada, University of Colorado Anschutz Medical Campus</annotator>
    <span start="16706" end="16709" />
    <spannedText>DiI</spannedText>
  </annotation>
  <annotation>
    <mention id="CHEBI_2015_08_26_Instance_181468" />
    <annotator id="CHEBI_2015_08_26_Instance_10000">Mike Bada, University of Colorado Anschutz Medical Campus</annotator>
    <span start="18012" end="18015" />
    <spannedText>DiI</spannedText>
  </annotation>
  <annotation>
    <mention id="CHEBI_2015_08_26_Instance_181470" />
    <annotator id="CHEBI_2015_08_26_Instance_10000">Mike Bada, University of Colorado Anschutz Medical Campus</annotator>
    <span start="18273" end="18276" />
    <spannedText>DiI</spannedText>
  </annotation>
  <annotation>
    <mention id="CHEBI_2015_08_26_Instance_181486" />
    <annotator id="CHEBI_2015_08_26_Instance_10000">Mike Bada, University of Colorado Anschutz Medical Campus</annotator>
    <span start="25792" end="25800" />
    <spannedText>cocktail</spannedText>
  </annotation>
  <annotation>
    <mention id="CHEBI_2015_08_26_Instance_181488" />
    <annotator id="CHEBI_2015_08_26_Instance_10000">Mike Bada, University of Colorado Anschutz Medical Campus</annotator>
    <span start="25909" end="25917" />
    <spannedText>cocktail</spannedText>
  </annotation>
  <annotation>
    <mention id="CHEBI_2015_08_26_Instance_181490" />
    <annotator id="CHEBI_2015_08_26_Instance_10000">Mike Bada, University of Colorado Anschutz Medical Campus</annotator>
    <span start="25921" end="25924" />
    <spannedText>CY3</spannedText>
  </annotation>
  <annotation>
    <mention id="CHEBI_2015_08_26_Instance_181492" />
    <annotator id="CHEBI_2015_08_26_Instance_10000">Mike Bada, University of Colorado Anschutz Medical Campus</annotator>
    <span start="26075" end="26086" />
    <spannedText>TritonX-100</spannedText>
  </annotation>
  <annotation>
    <mention id="CHEBI_2015_08_26_Instance_181494" />
    <annotator id="CHEBI_2015_08_26_Instance_10000">Mike Bada, University of Colorado Anschutz Medical Campus</annotator>
    <span start="27010" end="27013" />
    <spannedText>CY3</spannedText>
  </annotation>
  <annotation>
    <mention id="CHEBI_2015_08_26_Instance_181496" />
    <annotator id="CHEBI_2015_08_26_Instance_10000">Mike Bada, University of Colorado Anschutz Medical Campus</annotator>
    <span start="27123" end="27126" />
    <spannedText>DiI</spannedText>
  </annotation>
  <annotation>
    <mention id="CHEBI_2015_08_26_Instance_181498" />
    <annotator id="CHEBI_2015_08_26_Instance_10000">Mike Bada, University of Colorado Anschutz Medical Campus</annotator>
    <span start="27449" end="27515" />
    <spannedText>1,1′-dioctadecyl-3,3,3′,3′-tetramethylindocarbocyanine perchlorate</spannedText>
  </annotation>
  <annotation>
    <mention id="CHEBI_2015_08_26_Instance_181500" />
    <annotator id="CHEBI_2015_08_26_Instance_10000">Mike Bada, University of Colorado Anschutz Medical Campus</annotator>
    <span start="27517" end="27520" />
    <spannedText>DiI</spannedText>
  </annotation>
  <annotation>
    <mention id="CHEBI_2015_08_26_Instance_181502" />
    <annotator id="CHEBI_2015_08_26_Instance_10000">Mike Bada, University of Colorado Anschutz Medical Campus</annotator>
    <span start="27302" end="27305" />
    <spannedText>DiI</spannedText>
  </annotation>
  <annotation>
    <mention id="CHEBI_2015_08_26_Instance_181518" />
    <annotator id="CHEBI_2015_08_26_Instance_10000">Mike Bada, University of Colorado Anschutz Medical Campus</annotator>
    <span start="29903" end="29906" />
    <spannedText>DiI</spannedText>
  </annotation>
  <annotation>
    <mention id="CHEBI_2015_08_26_Instance_181524" />
    <annotator id="CHEBI_2015_08_26_Instance_10000">Mike Bada, University of Colorado Anschutz Medical Campus</annotator>
    <span start="33171" end="33174" />
    <spannedText>DiI</spannedText>
  </annotation>
  <annotation>
    <mention id="CHEBI_2015_08_26_Instance_181526" />
    <annotator id="CHEBI_2015_08_26_Instance_10000">Mike Bada, University of Colorado Anschutz Medical Campus</annotator>
    <span start="33791" end="33794" />
    <spannedText>DiI</spannedText>
  </annotation>
  <annotation>
    <mention id="CHEBI_2015_08_26_Instance_181528" />
    <annotator id="CHEBI_2015_08_26_Instance_10000">Mike Bada, University of Colorado Anschutz Medical Campus</annotator>
    <span start="33823" end="33826" />
    <spannedText>DiI</spannedText>
  </annotation>
  <annotation>
    <mention id="CHEBI_2015_08_26_Instance_181530" />
    <annotator id="CHEBI_2015_08_26_Instance_10000">Mike Bada, University of Colorado Anschutz Medical Campus</annotator>
    <span start="35026" end="35029" />
    <spannedText>DiI</spannedText>
  </annotation>
  <annotation>
    <mention id="CHEBI_2015_08_26_Instance_19637" />
    <annotator id="CHEBI_2015_08_26_Instance_10000">Mike Bada, University of Colorado Anschutz Medical Campus</annotator>
    <span start="29992" end="29995" />
    <spannedText>dye</spannedText>
  </annotation>
  <annotation>
    <mention id="CHEBI_2015_08_26_Instance_19639" />
    <annotator id="CHEBI_2015_08_26_Instance_10000">Mike Bada, University of Colorado Anschutz Medical Campus</annotator>
    <span start="29818" end="29821" />
    <spannedText>CO2</spannedText>
  </annotation>
  <annotation>
    <mention id="CHEBI_2015_08_26_Instance_19641" />
    <annotator id="CHEBI_2015_08_26_Instance_10000">Mike Bada, University of Colorado Anschutz Medical Campus</annotator>
    <span start="28250" end="28261" />
    <spannedText>acetic acid</spannedText>
  </annotation>
  <annotation>
    <mention id="CHEBI_2015_08_26_Instance_19645" />
    <annotator id="CHEBI_2015_08_26_Instance_10000">Mike Bada, University of Colorado Anschutz Medical Campus</annotator>
    <span start="27928" end="27932" />
    <spannedText>Tris</spannedText>
  </annotation>
  <annotation>
    <mention id="CHEBI_2015_08_26_Instance_19653" />
    <annotator id="CHEBI_2015_08_26_Instance_10000">Mike Bada, University of Colorado Anschutz Medical Campus</annotator>
    <span start="25959" end="25963" />
    <spannedText>FITC</spannedText>
  </annotation>
  <annotation>
    <mention id="CHEBI_2015_08_26_Instance_19711" />
    <annotator id="CHEBI_2015_08_26_Instance_10000">Mike Bada, University of Colorado Anschutz Medical Campus</annotator>
    <span start="26275" end="26286" />
    <spannedText>fluorescein</spannedText>
  </annotation>
  <annotation>
    <mention id="CHEBI_2015_08_26_Instance_21043" />
    <annotator id="CHEBI_2015_08_26_Instance_10000">Mike Bada, University of Colorado Anschutz Medical Campus</annotator>
    <span start="852" end="860" />
    <spannedText>molecule</spannedText>
  </annotation>
  <annotation>
    <mention id="CHEBI_2015_08_26_Instance_21049" />
    <annotator id="CHEBI_2015_08_26_Instance_10000">Mike Bada, University of Colorado Anschutz Medical Campus</annotator>
    <span start="21552" end="21561" />
    <spannedText>molecules</spannedText>
  </annotation>
  <annotation>
    <mention id="CHEBI_2015_08_26_Instance_21051" />
    <annotator id="CHEBI_2015_08_26_Instance_10000">Mike Bada, University of Colorado Anschutz Medical Campus</annotator>
    <span start="22278" end="22286" />
    <spannedText>molecule</spannedText>
  </annotation>
  <annotation>
    <mention id="CHEBI_2015_08_26_Instance_21053" />
    <annotator id="CHEBI_2015_08_26_Instance_10000">Mike Bada, University of Colorado Anschutz Medical Campus</annotator>
    <span start="23907" end="23915" />
    <spannedText>molecule</spannedText>
  </annotation>
  <annotation>
    <mention id="CHEBI_2015_08_26_Instance_21055" />
    <annotator id="CHEBI_2015_08_26_Instance_10000">Mike Bada, University of Colorado Anschutz Medical Campus</annotator>
    <span start="24076" end="24085" />
    <spannedText>molecules</spannedText>
  </annotation>
  <annotation>
    <mention id="CHEBI_2015_08_26_Instance_340242" />
    <annotator id="CHEBI_2015_08_26_Instance_10000">Mike Bada, University of Colorado Anschutz Medical Campus</annotator>
    <span start="29167" end="29182" />
    <spannedText>Pharmaceuticals</spannedText>
  </annotation>
  <classMention id="CHEBI_2015_08_26_Instance_181524">
    <mentionClass id="CHEBI:52029">dilC18(3) dye</mentionClass>
  </classMention>
  <classMention id="CHEBI_2015_08_26_Instance_19653">
    <mentionClass id="CHEBI:37926">fluorescein isothiocyanate</mentionClass>
  </classMention>
  <classMention id="CHEBI_2015_08_26_Instance_181526">
    <mentionClass id="CHEBI:52029">dilC18(3) dye</mentionClass>
  </classMention>
  <classMention id="CHEBI_2015_08_26_Instance_181528">
    <mentionClass id="CHEBI:52029">dilC18(3) dye</mentionClass>
  </classMention>
  <classMention id="CHEBI_2015_08_26_Instance_181530">
    <mentionClass id="CHEBI:52029">dilC18(3) dye</mentionClass>
  </classMention>
  <classMention id="CHEBI_2015_08_26_Instance_19711">
    <mentionClass id="CHEBI:31624">fluorescein</mentionClass>
  </classMention>
  <classMention id="CHEBI_2015_08_26_Instance_181425">
    <mentionClass id="CHEBI:35204">tracer</mentionClass>
  </classMention>
  <classMention id="CHEBI_2015_08_26_Instance_181427">
    <mentionClass id="CHEBI:52029">dilC18(3) dye</mentionClass>
  </classMention>
  <classMention id="CHEBI_2015_08_26_Instance_181429">
    <mentionClass id="CHEBI:52029">dilC18(3) dye</mentionClass>
  </classMention>
  <classMention id="CHEBI_2015_08_26_Instance_181431">
    <mentionClass id="CHEBI:52029">dilC18(3) dye</mentionClass>
  </classMention>
  <classMention id="CHEBI_2015_08_26_Instance_340242">
    <mentionClass id="CHEBI:52217">pharmaceutical</mentionClass>
  </classMention>
  <classMention id="CHEBI_2015_08_26_Instance_181433">
    <mentionClass id="CHEBI:52029">dilC18(3) dye</mentionClass>
  </classMention>
  <classMention id="CHEBI_2015_08_26_Instance_181435">
    <mentionClass id="CHEBI:52029">dilC18(3) dye</mentionClass>
  </classMention>
  <classMention id="CHEBI_2015_08_26_Instance_181440">
    <mentionClass id="CHEBI:52029">dilC18(3) dye</mentionClass>
  </classMention>
  <classMention id="CHEBI_2015_08_26_Instance_181442">
    <mentionClass id="CHEBI:52029">dilC18(3) dye</mentionClass>
  </classMention>
  <classMention id="CHEBI_2015_08_26_Instance_181444">
    <mentionClass id="CHEBI:52029">dilC18(3) dye</mentionClass>
  </classMention>
  <classMention id="CHEBI_2015_08_26_Instance_181454">
    <mentionClass id="CHEBI:52029">dilC18(3) dye</mentionClass>
  </classMention>
  <classMention id="CHEBI_2015_08_26_Instance_181456">
    <mentionClass id="CHEBI:52029">dilC18(3) dye</mentionClass>
  </classMention>
  <classMention id="CHEBI_2015_08_26_Instance_181468">
    <mentionClass id="CHEBI:52029">dilC18(3) dye</mentionClass>
  </classMention>
  <classMention id="CHEBI_2015_08_26_Instance_181470">
    <mentionClass id="CHEBI:52029">dilC18(3) dye</mentionClass>
  </classMention>
  <classMention id="CHEBI_2015_08_26_Instance_21043">
    <mentionClass id="CHEBI:36357">polyatomic entity</mentionClass>
  </classMention>
  <classMention id="CHEBI_2015_08_26_Instance_181486">
    <mentionClass id="CHEBI:60004">mixture</mentionClass>
  </classMention>
  <classMention id="CHEBI_2015_08_26_Instance_181488">
    <mentionClass id="CHEBI:60004">mixture</mentionClass>
  </classMention>
  <classMention id="CHEBI_2015_08_26_Instance_21049">
    <mentionClass id="CHEBI:36357">polyatomic entity</mentionClass>
  </classMention>
  <classMention id="CHEBI_2015_08_26_Instance_181490">
    <mentionClass id="CHEBI:37987">Cy3 dye</mentionClass>
  </classMention>
  <classMention id="CHEBI_2015_08_26_Instance_181492">
    <mentionClass id="CHEBI:9750">Triton X-100</mentionClass>
  </classMention>
  <classMention id="CHEBI_2015_08_26_Instance_21051">
    <mentionClass id="CHEBI:36357">polyatomic entity</mentionClass>
  </classMention>
  <classMention id="CHEBI_2015_08_26_Instance_181494">
    <mentionClass id="CHEBI:37987">Cy3 dye</mentionClass>
  </classMention>
  <classMention id="CHEBI_2015_08_26_Instance_181496">
    <mentionClass id="CHEBI:52029">dilC18(3) dye</mentionClass>
  </classMention>
  <classMention id="CHEBI_2015_08_26_Instance_21053">
    <mentionClass id="CHEBI:36357">polyatomic entity</mentionClass>
  </classMention>
  <classMention id="CHEBI_2015_08_26_Instance_181498">
    <mentionClass id="CHEBI:52029">dilC18(3) dye</mentionClass>
  </classMention>
  <classMention id="CHEBI_2015_08_26_Instance_19637">
    <mentionClass id="CHEBI:37958">dye</mentionClass>
  </classMention>
  <classMention id="CHEBI_2015_08_26_Instance_21055">
    <mentionClass id="CHEBI:36357">polyatomic entity</mentionClass>
  </classMention>
  <classMention id="CHEBI_2015_08_26_Instance_181500">
    <mentionClass id="CHEBI:52029">dilC18(3) dye</mentionClass>
  </classMention>
  <classMention id="CHEBI_2015_08_26_Instance_19639">
    <mentionClass id="CHEBI:16526">carbon dioxide</mentionClass>
  </classMention>
  <classMention id="CHEBI_2015_08_26_Instance_181502">
    <mentionClass id="CHEBI:52029">dilC18(3) dye</mentionClass>
  </classMention>
  <classMention id="CHEBI_2015_08_26_Instance_19641">
    <mentionClass id="CHEBI:15366">acetic acid</mentionClass>
  </classMention>
  <classMention id="CHEBI_2015_08_26_Instance_181518">
    <mentionClass id="CHEBI:52029">dilC18(3) dye</mentionClass>
  </classMention>
  <classMention id="CHEBI_2015_08_26_Instance_19645">
    <mentionClass id="CHEBI:9754">tris</mentionClass>
  </classMention>
</annotations>

