<?xml version="1.0" encoding="UTF-8"?>
<annotations textSource="15588329.txt">
  <annotation>
    <mention id="CHEBI_2015_08_26_Instance_181634" />
    <annotator id="CHEBI_2015_08_26_Instance_10000">Mike Bada, University of Colorado Anschutz Medical Campus</annotator>
    <span start="4643" end="4650" />
    <spannedText>antigen</spannedText>
  </annotation>
  <annotation>
    <mention id="CHEBI_2015_08_26_Instance_181640" />
    <annotator id="CHEBI_2015_08_26_Instance_10000">Mike Bada, University of Colorado Anschutz Medical Campus</annotator>
    <span start="4662" end="4666" />
    <spannedText>G418</spannedText>
  </annotation>
  <annotation>
    <mention id="CHEBI_2015_08_26_Instance_181642" />
    <annotator id="CHEBI_2015_08_26_Instance_10000">Mike Bada, University of Colorado Anschutz Medical Campus</annotator>
    <span start="5006" end="5013" />
    <spannedText>antigen</spannedText>
  </annotation>
  <annotation>
    <mention id="CHEBI_2015_08_26_Instance_181644" />
    <annotator id="CHEBI_2015_08_26_Instance_10000">Mike Bada, University of Colorado Anschutz Medical Campus</annotator>
    <span start="5192" end="5200" />
    <spannedText>cocktail</spannedText>
  </annotation>
  <annotation>
    <mention id="CHEBI_2015_08_26_Instance_181652" />
    <annotator id="CHEBI_2015_08_26_Instance_10000">Mike Bada, University of Colorado Anschutz Medical Campus</annotator>
    <span start="5742" end="5750" />
    <spannedText>cocktail</spannedText>
  </annotation>
  <annotation>
    <mention id="CHEBI_2015_08_26_Instance_181668" />
    <annotator id="CHEBI_2015_08_26_Instance_10000">Mike Bada, University of Colorado Anschutz Medical Campus</annotator>
    <span start="7161" end="7168" />
    <spannedText>antigen</spannedText>
  </annotation>
  <annotation>
    <mention id="CHEBI_2015_08_26_Instance_181672" />
    <annotator id="CHEBI_2015_08_26_Instance_10000">Mike Bada, University of Colorado Anschutz Medical Campus</annotator>
    <span start="7651" end="7658" />
    <spannedText>mixture</spannedText>
  </annotation>
  <annotation>
    <mention id="CHEBI_2015_08_26_Instance_181704" />
    <annotator id="CHEBI_2015_08_26_Instance_10000">Mike Bada, University of Colorado Anschutz Medical Campus</annotator>
    <span start="14948" end="14959" />
    <spannedText>fluorogenic</spannedText>
  </annotation>
  <annotation>
    <mention id="CHEBI_2015_08_26_Instance_181732" />
    <annotator id="CHEBI_2015_08_26_Instance_10000">Mike Bada, University of Colorado Anschutz Medical Campus</annotator>
    <span start="18036" end="18043" />
    <spannedText>dextran</spannedText>
  </annotation>
  <annotation>
    <mention id="CHEBI_2015_08_26_Instance_181734" />
    <annotator id="CHEBI_2015_08_26_Instance_10000">Mike Bada, University of Colorado Anschutz Medical Campus</annotator>
    <span start="18119" end="18126" />
    <spannedText>dextran</spannedText>
  </annotation>
  <annotation>
    <mention id="CHEBI_2015_08_26_Instance_181736" />
    <annotator id="CHEBI_2015_08_26_Instance_10000">Mike Bada, University of Colorado Anschutz Medical Campus</annotator>
    <span start="18342" end="18349" />
    <spannedText>dextran</spannedText>
  </annotation>
  <annotation>
    <mention id="CHEBI_2015_08_26_Instance_181738" />
    <annotator id="CHEBI_2015_08_26_Instance_10000">Mike Bada, University of Colorado Anschutz Medical Campus</annotator>
    <span start="18525" end="18532" />
    <spannedText>Dextran</spannedText>
  </annotation>
  <annotation>
    <mention id="CHEBI_2015_08_26_Instance_181740" />
    <annotator id="CHEBI_2015_08_26_Instance_10000">Mike Bada, University of Colorado Anschutz Medical Campus</annotator>
    <span start="18718" end="18725" />
    <spannedText>dextran</spannedText>
  </annotation>
  <annotation>
    <mention id="CHEBI_2015_08_26_Instance_181746" />
    <annotator id="CHEBI_2015_08_26_Instance_10000">Mike Bada, University of Colorado Anschutz Medical Campus</annotator>
    <span start="18871" end="18878" />
    <spannedText>dextran</spannedText>
  </annotation>
  <annotation>
    <mention id="CHEBI_2015_08_26_Instance_181772" />
    <annotator id="CHEBI_2015_08_26_Instance_10000">Mike Bada, University of Colorado Anschutz Medical Campus</annotator>
    <span start="26431" end="26438" />
    <spannedText>antigen</spannedText>
  </annotation>
  <annotation>
    <mention id="CHEBI_2015_08_26_Instance_181774" />
    <annotator id="CHEBI_2015_08_26_Instance_10000">Mike Bada, University of Colorado Anschutz Medical Campus</annotator>
    <span start="26774" end="26781" />
    <spannedText>antigen</spannedText>
  </annotation>
  <annotation>
    <mention id="CHEBI_2015_08_26_Instance_181778" />
    <annotator id="CHEBI_2015_08_26_Instance_10000">Mike Bada, University of Colorado Anschutz Medical Campus</annotator>
    <span start="27089" end="27095" />
    <spannedText>biotin</spannedText>
  </annotation>
  <annotation>
    <mention id="CHEBI_2015_08_26_Instance_181780" />
    <annotator id="CHEBI_2015_08_26_Instance_10000">Mike Bada, University of Colorado Anschutz Medical Campus</annotator>
    <span start="27137" end="27144" />
    <spannedText>dextran</spannedText>
  </annotation>
  <annotation>
    <mention id="CHEBI_2015_08_26_Instance_181782" />
    <annotator id="CHEBI_2015_08_26_Instance_10000">Mike Bada, University of Colorado Anschutz Medical Campus</annotator>
    <span start="27163" end="27185" />
    <spannedText>Lysotracker Red DND-99</spannedText>
  </annotation>
  <annotation>
    <mention id="CHEBI_2015_08_26_Instance_181796" />
    <annotator id="CHEBI_2015_08_26_Instance_10000">Mike Bada, University of Colorado Anschutz Medical Campus</annotator>
    <span start="28326" end="28333" />
    <spannedText>antigen</spannedText>
  </annotation>
  <annotation>
    <mention id="CHEBI_2015_08_26_Instance_181798" />
    <annotator id="CHEBI_2015_08_26_Instance_10000">Mike Bada, University of Colorado Anschutz Medical Campus</annotator>
    <span start="28350" end="28358" />
    <spannedText>neomycin</spannedText>
  </annotation>
  <annotation>
    <mention id="CHEBI_2015_08_26_Instance_181800" />
    <annotator id="CHEBI_2015_08_26_Instance_10000">Mike Bada, University of Colorado Anschutz Medical Campus</annotator>
    <span start="28581" end="28585" />
    <spannedText>G418</spannedText>
  </annotation>
  <annotation>
    <mention id="CHEBI_2015_08_26_Instance_181804" />
    <annotator id="CHEBI_2015_08_26_Instance_10000">Mike Bada, University of Colorado Anschutz Medical Campus</annotator>
    <span start="29152" end="29160" />
    <spannedText>cocktail</spannedText>
  </annotation>
  <annotation>
    <mention id="CHEBI_2015_08_26_Instance_181806" />
    <annotator id="CHEBI_2015_08_26_Instance_10000">Mike Bada, University of Colorado Anschutz Medical Campus</annotator>
    <span start="29198" end="29201" />
    <spannedText>TPA</spannedText>
  </annotation>
  <annotation>
    <mention id="CHEBI_2015_08_26_Instance_181814" />
    <annotator id="CHEBI_2015_08_26_Instance_10000">Mike Bada, University of Colorado Anschutz Medical Campus</annotator>
    <span start="30522" end="30536" />
    <spannedText>glutaraldehyde</spannedText>
  </annotation>
  <annotation>
    <mention id="CHEBI_2015_08_26_Instance_181824" />
    <annotator id="CHEBI_2015_08_26_Instance_10000">Mike Bada, University of Colorado Anschutz Medical Campus</annotator>
    <span start="31478" end="31490" />
    <spannedText>Triton X-100</spannedText>
  </annotation>
  <annotation>
    <mention id="CHEBI_2015_08_26_Instance_181826" />
    <annotator id="CHEBI_2015_08_26_Instance_10000">Mike Bada, University of Colorado Anschutz Medical Campus</annotator>
    <span start="32237" end="32249" />
    <spannedText>Triton X-100</spannedText>
  </annotation>
  <annotation>
    <mention id="CHEBI_2015_08_26_Instance_181828" />
    <annotator id="CHEBI_2015_08_26_Instance_10000">Mike Bada, University of Colorado Anschutz Medical Campus</annotator>
    <span start="32342" end="32353" />
    <spannedText>pepstatin A</spannedText>
  </annotation>
  <annotation>
    <mention id="CHEBI_2015_08_26_Instance_181830" />
    <annotator id="CHEBI_2015_08_26_Instance_10000">Mike Bada, University of Colorado Anschutz Medical Campus</annotator>
    <span start="32382" end="32391" />
    <spannedText>leupeptin</spannedText>
  </annotation>
  <annotation>
    <mention id="CHEBI_2015_08_26_Instance_181832" />
    <annotator id="CHEBI_2015_08_26_Instance_10000">Mike Bada, University of Colorado Anschutz Medical Campus</annotator>
    <span start="33011" end="33023" />
    <spannedText>Triton X-100</spannedText>
  </annotation>
  <annotation>
    <mention id="CHEBI_2015_08_26_Instance_181834" />
    <annotator id="CHEBI_2015_08_26_Instance_10000">Mike Bada, University of Colorado Anschutz Medical Campus</annotator>
    <span start="33316" end="33327" />
    <spannedText>Fluorogenic</spannedText>
  </annotation>
  <annotation>
    <mention id="CHEBI_2015_08_26_Instance_181838" />
    <annotator id="CHEBI_2015_08_26_Instance_10000">Mike Bada, University of Colorado Anschutz Medical Campus</annotator>
    <span start="33982" end="33989" />
    <spannedText>dextran</spannedText>
  </annotation>
  <annotation>
    <mention id="CHEBI_2015_08_26_Instance_19383" />
    <annotator id="CHEBI_2015_08_26_Instance_10000">Mike Bada, University of Colorado Anschutz Medical Campus</annotator>
    <span start="10134" end="10142" />
    <spannedText>electron</spannedText>
  </annotation>
  <annotation>
    <mention id="CHEBI_2015_08_26_Instance_19385" />
    <annotator id="CHEBI_2015_08_26_Instance_10000">Mike Bada, University of Colorado Anschutz Medical Campus</annotator>
    <span start="11705" end="11713" />
    <spannedText>electron</spannedText>
  </annotation>
  <annotation>
    <mention id="CHEBI_2015_08_26_Instance_19387" />
    <annotator id="CHEBI_2015_08_26_Instance_10000">Mike Bada, University of Colorado Anschutz Medical Campus</annotator>
    <span start="11796" end="11804" />
    <spannedText>electron</spannedText>
  </annotation>
  <annotation>
    <mention id="CHEBI_2015_08_26_Instance_19391" />
    <annotator id="CHEBI_2015_08_26_Instance_10000">Mike Bada, University of Colorado Anschutz Medical Campus</annotator>
    <span start="8120" end="8136" />
    <spannedText>ethidium-bromide</spannedText>
  </annotation>
  <annotation>
    <mention id="CHEBI_2015_08_26_Instance_19393" />
    <annotator id="CHEBI_2015_08_26_Instance_10000">Mike Bada, University of Colorado Anschutz Medical Campus</annotator>
    <span start="8145" end="8152" />
    <spannedText>agarose</spannedText>
  </annotation>
  <annotation>
    <mention id="CHEBI_2015_08_26_Instance_19499" />
    <annotator id="CHEBI_2015_08_26_Instance_10000">Mike Bada, University of Colorado Anschutz Medical Campus</annotator>
    <span start="32702" end="32706" />
    <spannedText>tris</spannedText>
  </annotation>
  <annotation>
    <mention id="CHEBI_2015_08_26_Instance_19501" />
    <annotator id="CHEBI_2015_08_26_Instance_10000">Mike Bada, University of Colorado Anschutz Medical Campus</annotator>
    <span start="32636" end="32639" />
    <spannedText>SDS</spannedText>
  </annotation>
  <annotation>
    <mention id="CHEBI_2015_08_26_Instance_19503" />
    <annotator id="CHEBI_2015_08_26_Instance_10000">Mike Bada, University of Colorado Anschutz Medical Campus</annotator>
    <span start="32715" end="32718" />
    <spannedText>SDS</spannedText>
  </annotation>
  <annotation>
    <mention id="CHEBI_2015_08_26_Instance_19505" />
    <annotator id="CHEBI_2015_08_26_Instance_10000">Mike Bada, University of Colorado Anschutz Medical Campus</annotator>
    <span start="32707" end="32714" />
    <spannedText>tricine</spannedText>
  </annotation>
  <annotation>
    <mention id="CHEBI_2015_08_26_Instance_19507" />
    <annotator id="CHEBI_2015_08_26_Instance_10000">Mike Bada, University of Colorado Anschutz Medical Campus</annotator>
    <span start="35924" end="35941" />
    <spannedText>hydrogen peroxide</spannedText>
  </annotation>
  <annotation>
    <mention id="CHEBI_2015_08_26_Instance_19509" />
    <annotator id="CHEBI_2015_08_26_Instance_10000">Mike Bada, University of Colorado Anschutz Medical Campus</annotator>
    <span start="32992" end="32996" />
    <spannedText>Tris</spannedText>
  </annotation>
  <annotation>
    <mention id="CHEBI_2015_08_26_Instance_19511" />
    <annotator id="CHEBI_2015_08_26_Instance_10000">Mike Bada, University of Colorado Anschutz Medical Campus</annotator>
    <span start="37005" end="37013" />
    <spannedText>Electron</spannedText>
  </annotation>
  <annotation>
    <mention id="CHEBI_2015_08_26_Instance_19513" />
    <annotator id="CHEBI_2015_08_26_Instance_10000">Mike Bada, University of Colorado Anschutz Medical Campus</annotator>
    <span start="36010" end="36027" />
    <spannedText>hydrogen peroxide</spannedText>
  </annotation>
  <annotation>
    <mention id="CHEBI_2015_08_26_Instance_19515" />
    <annotator id="CHEBI_2015_08_26_Instance_10000">Mike Bada, University of Colorado Anschutz Medical Campus</annotator>
    <span start="30566" end="30576" />
    <spannedText>cacodylate</spannedText>
  </annotation>
  <annotation>
    <mention id="CHEBI_2015_08_26_Instance_19517" />
    <annotator id="CHEBI_2015_08_26_Instance_10000">Mike Bada, University of Colorado Anschutz Medical Campus</annotator>
    <span start="31187" end="31195" />
    <spannedText>methanol</spannedText>
  </annotation>
  <annotation>
    <mention id="CHEBI_2015_08_26_Instance_19519" />
    <annotator id="CHEBI_2015_08_26_Instance_10000">Mike Bada, University of Colorado Anschutz Medical Campus</annotator>
    <span start="31125" end="31137" />
    <spannedText>formaldehyde</spannedText>
  </annotation>
  <annotation>
    <mention id="CHEBI_2015_08_26_Instance_19521" />
    <annotator id="CHEBI_2015_08_26_Instance_10000">Mike Bada, University of Colorado Anschutz Medical Campus</annotator>
    <span start="31196" end="31203" />
    <spannedText>acetone</spannedText>
  </annotation>
  <annotation>
    <mention id="CHEBI_2015_08_26_Instance_19525" />
    <annotator id="CHEBI_2015_08_26_Instance_10000">Mike Bada, University of Colorado Anschutz Medical Campus</annotator>
    <span start="32220" end="32224" />
    <spannedText>Tris</spannedText>
  </annotation>
  <annotation>
    <mention id="CHEBI_2015_08_26_Instance_19527" />
    <annotator id="CHEBI_2015_08_26_Instance_10000">Mike Bada, University of Colorado Anschutz Medical Campus</annotator>
    <span start="28968" end="28971" />
    <spannedText>CO2</spannedText>
  </annotation>
  <annotation>
    <mention id="CHEBI_2015_08_26_Instance_19529" />
    <annotator id="CHEBI_2015_08_26_Instance_10000">Mike Bada, University of Colorado Anschutz Medical Campus</annotator>
    <span start="29225" end="29233" />
    <spannedText>dopamine</spannedText>
  </annotation>
  <annotation>
    <mention id="CHEBI_2015_08_26_Instance_19533" />
    <annotator id="CHEBI_2015_08_26_Instance_10000">Mike Bada, University of Colorado Anschutz Medical Campus</annotator>
    <span start="29209" end="29218" />
    <spannedText>forskolin</spannedText>
  </annotation>
  <annotation>
    <mention id="CHEBI_2015_08_26_Instance_19535" />
    <annotator id="CHEBI_2015_08_26_Instance_10000">Mike Bada, University of Colorado Anschutz Medical Campus</annotator>
    <span start="29185" end="29189" />
    <spannedText>IBMX</spannedText>
  </annotation>
  <annotation>
    <mention id="CHEBI_2015_08_26_Instance_19537" />
    <annotator id="CHEBI_2015_08_26_Instance_10000">Mike Bada, University of Colorado Anschutz Medical Campus</annotator>
    <span start="35374" end="35381" />
    <spannedText>Reagent</spannedText>
  </annotation>
  <annotation>
    <mention id="CHEBI_2015_08_26_Instance_19539" />
    <annotator id="CHEBI_2015_08_26_Instance_10000">Mike Bada, University of Colorado Anschutz Medical Campus</annotator>
    <span start="27666" end="27673" />
    <spannedText>glucose</spannedText>
  </annotation>
  <annotation>
    <mention id="CHEBI_2015_08_26_Instance_19543" />
    <annotator id="CHEBI_2015_08_26_Instance_10000">Mike Bada, University of Colorado Anschutz Medical Campus</annotator>
    <span start="25878" end="25886" />
    <spannedText>reagents</spannedText>
  </annotation>
  <annotation>
    <mention id="CHEBI_2015_08_26_Instance_19545" />
    <annotator id="CHEBI_2015_08_26_Instance_10000">Mike Bada, University of Colorado Anschutz Medical Campus</annotator>
    <span start="28032" end="28035" />
    <spannedText>CO2</spannedText>
  </annotation>
  <annotation>
    <mention id="CHEBI_2015_08_26_Instance_19551" />
    <annotator id="CHEBI_2015_08_26_Instance_10000">Mike Bada, University of Colorado Anschutz Medical Campus</annotator>
    <span start="28196" end="28199" />
    <spannedText>KCl</spannedText>
  </annotation>
  <annotation>
    <mention id="CHEBI_2015_08_26_Instance_19553" />
    <annotator id="CHEBI_2015_08_26_Instance_10000">Mike Bada, University of Colorado Anschutz Medical Campus</annotator>
    <span start="33990" end="33994" />
    <spannedText>FITC</spannedText>
  </annotation>
  <annotation>
    <mention id="CHEBI_2015_08_26_Instance_19555" />
    <annotator id="CHEBI_2015_08_26_Instance_10000">Mike Bada, University of Colorado Anschutz Medical Campus</annotator>
    <span start="27145" end="27149" />
    <spannedText>FITC</spannedText>
  </annotation>
  <annotation>
    <mention id="CHEBI_2015_08_26_Instance_19557" />
    <annotator id="CHEBI_2015_08_26_Instance_10000">Mike Bada, University of Colorado Anschutz Medical Campus</annotator>
    <span start="18879" end="18883" />
    <spannedText>FITC</spannedText>
  </annotation>
  <annotation>
    <mention id="CHEBI_2015_08_26_Instance_19559" />
    <annotator id="CHEBI_2015_08_26_Instance_10000">Mike Bada, University of Colorado Anschutz Medical Campus</annotator>
    <span start="18726" end="18730" />
    <spannedText>FITC</spannedText>
  </annotation>
  <annotation>
    <mention id="CHEBI_2015_08_26_Instance_19563" />
    <annotator id="CHEBI_2015_08_26_Instance_10000">Mike Bada, University of Colorado Anschutz Medical Campus</annotator>
    <span start="21647" end="21664" />
    <spannedText>hydrogen peroxide</spannedText>
  </annotation>
  <annotation>
    <mention id="CHEBI_2015_08_26_Instance_19565" />
    <annotator id="CHEBI_2015_08_26_Instance_10000">Mike Bada, University of Colorado Anschutz Medical Campus</annotator>
    <span start="21528" end="21545" />
    <spannedText>hydrogen peroxide</spannedText>
  </annotation>
  <annotation>
    <mention id="CHEBI_2015_08_26_Instance_19567" />
    <annotator id="CHEBI_2015_08_26_Instance_10000">Mike Bada, University of Colorado Anschutz Medical Campus</annotator>
    <span start="20070" end="20087" />
    <spannedText>hydrogen peroxide</spannedText>
  </annotation>
  <annotation>
    <mention id="CHEBI_2015_08_26_Instance_19569" />
    <annotator id="CHEBI_2015_08_26_Instance_10000">Mike Bada, University of Colorado Anschutz Medical Campus</annotator>
    <span start="34168" end="34171" />
    <spannedText>dye</spannedText>
  </annotation>
  <annotation>
    <mention id="CHEBI_2015_08_26_Instance_19577" />
    <annotator id="CHEBI_2015_08_26_Instance_10000">Mike Bada, University of Colorado Anschutz Medical Campus</annotator>
    <span start="18533" end="18537" />
    <spannedText>FITC</spannedText>
  </annotation>
  <annotation>
    <mention id="CHEBI_2015_08_26_Instance_19579" />
    <annotator id="CHEBI_2015_08_26_Instance_10000">Mike Bada, University of Colorado Anschutz Medical Campus</annotator>
    <span start="18350" end="18354" />
    <spannedText>FITC</spannedText>
  </annotation>
  <annotation>
    <mention id="CHEBI_2015_08_26_Instance_19581" />
    <annotator id="CHEBI_2015_08_26_Instance_10000">Mike Bada, University of Colorado Anschutz Medical Campus</annotator>
    <span start="18127" end="18131" />
    <spannedText>FITC</spannedText>
  </annotation>
  <annotation>
    <mention id="CHEBI_2015_08_26_Instance_19583" />
    <annotator id="CHEBI_2015_08_26_Instance_10000">Mike Bada, University of Colorado Anschutz Medical Campus</annotator>
    <span start="18044" end="18048" />
    <spannedText>FITC</spannedText>
  </annotation>
  <annotation>
    <mention id="CHEBI_2015_08_26_Instance_19767" />
    <annotator id="CHEBI_2015_08_26_Instance_10000">Mike Bada, University of Colorado Anschutz Medical Campus</annotator>
    <span start="11461" end="11473" />
    <spannedText>cytochrome c</spannedText>
  </annotation>
  <annotation>
    <mention id="CHEBI_2015_08_26_Instance_19771" />
    <annotator id="CHEBI_2015_08_26_Instance_10000">Mike Bada, University of Colorado Anschutz Medical Campus</annotator>
    <span start="15900" end="15917" />
    <spannedText>protein disulfide</spannedText>
  </annotation>
  <annotation>
    <mention id="CHEBI_2015_08_26_Instance_19777" />
    <annotator id="CHEBI_2015_08_26_Instance_10000">Mike Bada, University of Colorado Anschutz Medical Campus</annotator>
    <span start="16790" end="16796" />
    <spannedText>acidic</spannedText>
  </annotation>
  <annotation>
    <mention id="CHEBI_2015_08_26_Instance_19801" />
    <annotator id="CHEBI_2015_08_26_Instance_10000">Mike Bada, University of Colorado Anschutz Medical Campus</annotator>
    <span start="21787" end="21791" />
    <spannedText>H2O2</spannedText>
  </annotation>
  <annotation>
    <mention id="CHEBI_2015_08_26_Instance_19803" />
    <annotator id="CHEBI_2015_08_26_Instance_10000">Mike Bada, University of Colorado Anschutz Medical Campus</annotator>
    <span start="21877" end="21881" />
    <spannedText>H2O2</spannedText>
  </annotation>
  <annotation>
    <mention id="CHEBI_2015_08_26_Instance_19805" />
    <annotator id="CHEBI_2015_08_26_Instance_10000">Mike Bada, University of Colorado Anschutz Medical Campus</annotator>
    <span start="26542" end="26554" />
    <spannedText>cytochrome c</spannedText>
  </annotation>
  <annotation>
    <mention id="CHEBI_2015_08_26_Instance_19809" />
    <annotator id="CHEBI_2015_08_26_Instance_10000">Mike Bada, University of Colorado Anschutz Medical Campus</annotator>
    <span start="30285" end="30297" />
    <spannedText>formaldehyde</spannedText>
  </annotation>
  <annotation>
    <mention id="CHEBI_2015_08_26_Instance_19815" />
    <annotator id="CHEBI_2015_08_26_Instance_10000">Mike Bada, University of Colorado Anschutz Medical Campus</annotator>
    <span start="34202" end="34214" />
    <spannedText>formaldehyde</spannedText>
  </annotation>
  <annotation>
    <mention id="CHEBI_2015_08_26_Instance_19825" />
    <annotator id="CHEBI_2015_08_26_Instance_10000">Mike Bada, University of Colorado Anschutz Medical Campus</annotator>
    <span start="35718" end="35735" />
    <spannedText>Hydrogen peroxide</spannedText>
  </annotation>
  <annotation>
    <mention id="CHEBI_2015_08_26_Instance_310002" />
    <annotator id="CHEBI_2015_08_26_Instance_10000">Mike Bada, University of Colorado Anschutz Medical Campus</annotator>
    <span start="16752" end="16755" />
    <spannedText>dye</spannedText>
  </annotation>
  <annotation>
    <mention id="CHEBI_2015_08_26_Instance_340004" />
    <annotator id="CHEBI_2015_08_26_Instance_10000">Mike Bada, University of Colorado Anschutz Medical Campus</annotator>
    <span start="17190" end="17193" />
    <spannedText>dye</spannedText>
  </annotation>
  <annotation>
    <mention id="CHEBI_2015_08_26_Instance_340006" />
    <annotator id="CHEBI_2015_08_26_Instance_10000">Mike Bada, University of Colorado Anschutz Medical Campus</annotator>
    <span start="17717" end="17720" />
    <spannedText>dye</spannedText>
  </annotation>
  <classMention id="CHEBI_2015_08_26_Instance_181672">
    <mentionClass id="CHEBI:60004">mixture</mentionClass>
  </classMention>
  <classMention id="CHEBI_2015_08_26_Instance_181704">
    <mentionClass id="CHEBI:76219">fluorogen</mentionClass>
  </classMention>
  <classMention id="CHEBI_2015_08_26_Instance_181732">
    <mentionClass id="CHEBI:52071">dextran</mentionClass>
  </classMention>
  <classMention id="CHEBI_2015_08_26_Instance_310002">
    <mentionClass id="CHEBI:37958">dye</mentionClass>
  </classMention>
  <classMention id="CHEBI_2015_08_26_Instance_181734">
    <mentionClass id="CHEBI:52071">dextran</mentionClass>
  </classMention>
  <classMention id="CHEBI_2015_08_26_Instance_181736">
    <mentionClass id="CHEBI:52071">dextran</mentionClass>
  </classMention>
  <classMention id="CHEBI_2015_08_26_Instance_181738">
    <mentionClass id="CHEBI:52071">dextran</mentionClass>
  </classMention>
  <classMention id="CHEBI_2015_08_26_Instance_181740">
    <mentionClass id="CHEBI:52071">dextran</mentionClass>
  </classMention>
  <classMention id="CHEBI_2015_08_26_Instance_181746">
    <mentionClass id="CHEBI:52071">dextran</mentionClass>
  </classMention>
  <classMention id="CHEBI_2015_08_26_Instance_19383">
    <mentionClass id="CHEBI:10545">electron</mentionClass>
  </classMention>
  <classMention id="CHEBI_2015_08_26_Instance_19767">
    <mentionClass id="CHEBI:18070">cytochrome c</mentionClass>
  </classMention>
  <classMention id="CHEBI_2015_08_26_Instance_19385">
    <mentionClass id="CHEBI:10545">electron</mentionClass>
  </classMention>
  <classMention id="CHEBI_2015_08_26_Instance_19771">
    <mentionClass id="CHEBI:16249">protein disulfide</mentionClass>
  </classMention>
  <classMention id="CHEBI_2015_08_26_Instance_19387">
    <mentionClass id="CHEBI:10545">electron</mentionClass>
  </classMention>
  <classMention id="CHEBI_2015_08_26_Instance_19777">
    <mentionClass id="CHEBI:37527">acid</mentionClass>
  </classMention>
  <classMention id="CHEBI_2015_08_26_Instance_181772">
    <mentionClass id="CHEBI:59132">antigen</mentionClass>
  </classMention>
  <classMention id="CHEBI_2015_08_26_Instance_19391">
    <mentionClass id="CHEBI:4883">ethidium bromide</mentionClass>
  </classMention>
  <classMention id="CHEBI_2015_08_26_Instance_19801">
    <mentionClass id="CHEBI:16240">hydrogen peroxide</mentionClass>
  </classMention>
  <classMention id="CHEBI_2015_08_26_Instance_181774">
    <mentionClass id="CHEBI:59132">antigen</mentionClass>
  </classMention>
  <classMention id="CHEBI_2015_08_26_Instance_19393">
    <mentionClass id="CHEBI:2511">agarose</mentionClass>
  </classMention>
  <classMention id="CHEBI_2015_08_26_Instance_19803">
    <mentionClass id="CHEBI:16240">hydrogen peroxide</mentionClass>
  </classMention>
  <classMention id="CHEBI_2015_08_26_Instance_181778">
    <mentionClass id="CHEBI:15956">biotin</mentionClass>
  </classMention>
  <classMention id="CHEBI_2015_08_26_Instance_19805">
    <mentionClass id="CHEBI:18070">cytochrome c</mentionClass>
  </classMention>
  <classMention id="CHEBI_2015_08_26_Instance_181780">
    <mentionClass id="CHEBI:52071">dextran</mentionClass>
  </classMention>
  <classMention id="CHEBI_2015_08_26_Instance_19809">
    <mentionClass id="CHEBI:16842">formaldehyde</mentionClass>
  </classMention>
  <classMention id="CHEBI_2015_08_26_Instance_181782">
    <mentionClass id="CHEBI:52117">DND-99 dye</mentionClass>
  </classMention>
  <classMention id="CHEBI_2015_08_26_Instance_19815">
    <mentionClass id="CHEBI:16842">formaldehyde</mentionClass>
  </classMention>
  <classMention id="CHEBI_2015_08_26_Instance_19825">
    <mentionClass id="CHEBI:16240">hydrogen peroxide</mentionClass>
  </classMention>
  <classMention id="CHEBI_2015_08_26_Instance_181796">
    <mentionClass id="CHEBI:59132">antigen</mentionClass>
  </classMention>
  <classMention id="CHEBI_2015_08_26_Instance_19499">
    <mentionClass id="CHEBI:9754">tris</mentionClass>
  </classMention>
  <classMention id="CHEBI_2015_08_26_Instance_181798">
    <mentionClass id="CHEBI:7507">neomycin</mentionClass>
  </classMention>
  <classMention id="CHEBI_2015_08_26_Instance_19501">
    <mentionClass id="CHEBI:8984">sodium dodecyl sulfate</mentionClass>
  </classMention>
  <classMention id="CHEBI_2015_08_26_Instance_181800">
    <mentionClass id="CHEBI:42768">geneticin</mentionClass>
  </classMention>
  <classMention id="CHEBI_2015_08_26_Instance_19503">
    <mentionClass id="CHEBI:8984">sodium dodecyl sulfate</mentionClass>
  </classMention>
  <classMention id="CHEBI_2015_08_26_Instance_181804">
    <mentionClass id="CHEBI:60004">mixture</mentionClass>
  </classMention>
  <classMention id="CHEBI_2015_08_26_Instance_19505">
    <mentionClass id="CHEBI:46760">tricine</mentionClass>
  </classMention>
  <classMention id="CHEBI_2015_08_26_Instance_181806">
    <mentionClass id="CHEBI:37537">phorbol 13-acetate 12-myristate</mentionClass>
  </classMention>
  <classMention id="CHEBI_2015_08_26_Instance_19507">
    <mentionClass id="CHEBI:16240">hydrogen peroxide</mentionClass>
  </classMention>
  <classMention id="CHEBI_2015_08_26_Instance_19509">
    <mentionClass id="CHEBI:9754">tris</mentionClass>
  </classMention>
  <classMention id="CHEBI_2015_08_26_Instance_181814">
    <mentionClass id="CHEBI:64276">glutaraldehyde</mentionClass>
  </classMention>
  <classMention id="CHEBI_2015_08_26_Instance_19511">
    <mentionClass id="CHEBI:10545">electron</mentionClass>
  </classMention>
  <classMention id="CHEBI_2015_08_26_Instance_181824">
    <mentionClass id="CHEBI:9750">Triton X-100</mentionClass>
  </classMention>
  <classMention id="CHEBI_2015_08_26_Instance_19513">
    <mentionClass id="CHEBI:16240">hydrogen peroxide</mentionClass>
  </classMention>
  <classMention id="CHEBI_2015_08_26_Instance_181826">
    <mentionClass id="CHEBI:9750">Triton X-100</mentionClass>
  </classMention>
  <classMention id="CHEBI_2015_08_26_Instance_19515">
    <mentionClass id="CHEBI:16223">dimethylarsinate</mentionClass>
  </classMention>
  <classMention id="CHEBI_2015_08_26_Instance_181828">
    <mentionClass id="CHEBI:7989">Pepstatin</mentionClass>
  </classMention>
  <classMention id="CHEBI_2015_08_26_Instance_19517">
    <mentionClass id="CHEBI:17790">methanol</mentionClass>
  </classMention>
  <classMention id="CHEBI_2015_08_26_Instance_19519">
    <mentionClass id="CHEBI:16842">formaldehyde</mentionClass>
  </classMention>
  <classMention id="CHEBI_2015_08_26_Instance_181830">
    <mentionClass id="CHEBI:6426">Leupeptin</mentionClass>
  </classMention>
  <classMention id="CHEBI_2015_08_26_Instance_19521">
    <mentionClass id="CHEBI:15347">acetone</mentionClass>
  </classMention>
  <classMention id="CHEBI_2015_08_26_Instance_181832">
    <mentionClass id="CHEBI:9750">Triton X-100</mentionClass>
  </classMention>
  <classMention id="CHEBI_2015_08_26_Instance_19525">
    <mentionClass id="CHEBI:9754">tris</mentionClass>
  </classMention>
  <classMention id="CHEBI_2015_08_26_Instance_181834">
    <mentionClass id="CHEBI:76219">fluorogen</mentionClass>
  </classMention>
  <classMention id="CHEBI_2015_08_26_Instance_19527">
    <mentionClass id="CHEBI:16526">carbon dioxide</mentionClass>
  </classMention>
  <classMention id="CHEBI_2015_08_26_Instance_181838">
    <mentionClass id="CHEBI:52071">dextran</mentionClass>
  </classMention>
  <classMention id="CHEBI_2015_08_26_Instance_19529">
    <mentionClass id="CHEBI:18243">dopamine</mentionClass>
  </classMention>
  <classMention id="CHEBI_2015_08_26_Instance_19533">
    <mentionClass id="CHEBI:42471">forskolin</mentionClass>
  </classMention>
  <classMention id="CHEBI_2015_08_26_Instance_19535">
    <mentionClass id="CHEBI:48518">3-isobutyl-1-methylxanthine</mentionClass>
  </classMention>
  <classMention id="CHEBI_2015_08_26_Instance_19537">
    <mentionClass id="CHEBI:33893">reagent</mentionClass>
  </classMention>
  <classMention id="CHEBI_2015_08_26_Instance_19539">
    <mentionClass id="CHEBI:17234">glucose</mentionClass>
  </classMention>
  <classMention id="CHEBI_2015_08_26_Instance_19543">
    <mentionClass id="CHEBI:33893">reagent</mentionClass>
  </classMention>
  <classMention id="CHEBI_2015_08_26_Instance_19545">
    <mentionClass id="CHEBI:16526">carbon dioxide</mentionClass>
  </classMention>
  <classMention id="CHEBI_2015_08_26_Instance_19551">
    <mentionClass id="CHEBI:32588">potassium chloride</mentionClass>
  </classMention>
  <classMention id="CHEBI_2015_08_26_Instance_19553">
    <mentionClass id="CHEBI:37926">fluorescein isothiocyanate</mentionClass>
  </classMention>
  <classMention id="CHEBI_2015_08_26_Instance_19555">
    <mentionClass id="CHEBI:37926">fluorescein isothiocyanate</mentionClass>
  </classMention>
  <classMention id="CHEBI_2015_08_26_Instance_19557">
    <mentionClass id="CHEBI:37926">fluorescein isothiocyanate</mentionClass>
  </classMention>
  <classMention id="CHEBI_2015_08_26_Instance_340004">
    <mentionClass id="CHEBI:37958">dye</mentionClass>
  </classMention>
  <classMention id="CHEBI_2015_08_26_Instance_19559">
    <mentionClass id="CHEBI:37926">fluorescein isothiocyanate</mentionClass>
  </classMention>
  <classMention id="CHEBI_2015_08_26_Instance_340006">
    <mentionClass id="CHEBI:37958">dye</mentionClass>
  </classMention>
  <classMention id="CHEBI_2015_08_26_Instance_19563">
    <mentionClass id="CHEBI:16240">hydrogen peroxide</mentionClass>
  </classMention>
  <classMention id="CHEBI_2015_08_26_Instance_19565">
    <mentionClass id="CHEBI:16240">hydrogen peroxide</mentionClass>
  </classMention>
  <classMention id="CHEBI_2015_08_26_Instance_19567">
    <mentionClass id="CHEBI:16240">hydrogen peroxide</mentionClass>
  </classMention>
  <classMention id="CHEBI_2015_08_26_Instance_19569">
    <mentionClass id="CHEBI:37958">dye</mentionClass>
  </classMention>
  <classMention id="CHEBI_2015_08_26_Instance_19577">
    <mentionClass id="CHEBI:37926">fluorescein isothiocyanate</mentionClass>
  </classMention>
  <classMention id="CHEBI_2015_08_26_Instance_19579">
    <mentionClass id="CHEBI:37926">fluorescein isothiocyanate</mentionClass>
  </classMention>
  <classMention id="CHEBI_2015_08_26_Instance_19581">
    <mentionClass id="CHEBI:37926">fluorescein isothiocyanate</mentionClass>
  </classMention>
  <classMention id="CHEBI_2015_08_26_Instance_19583">
    <mentionClass id="CHEBI:37926">fluorescein isothiocyanate</mentionClass>
  </classMention>
  <classMention id="CHEBI_2015_08_26_Instance_181634">
    <mentionClass id="CHEBI:59132">antigen</mentionClass>
  </classMention>
  <classMention id="CHEBI_2015_08_26_Instance_181640">
    <mentionClass id="CHEBI:42768">geneticin</mentionClass>
  </classMention>
  <classMention id="CHEBI_2015_08_26_Instance_181642">
    <mentionClass id="CHEBI:59132">antigen</mentionClass>
  </classMention>
  <classMention id="CHEBI_2015_08_26_Instance_181644">
    <mentionClass id="CHEBI:60004">mixture</mentionClass>
  </classMention>
  <classMention id="CHEBI_2015_08_26_Instance_181652">
    <mentionClass id="CHEBI:60004">mixture</mentionClass>
  </classMention>
  <classMention id="CHEBI_2015_08_26_Instance_181668">
    <mentionClass id="CHEBI:59132">antigen</mentionClass>
  </classMention>
</annotations>

