<?xml version="1.0" encoding="UTF-8"?>
<annotations textSource="15619330.txt">
  <annotation>
    <mention id="CHEBI_2015_08_26_Instance_16097" />
    <annotator id="CHEBI_2015_08_26_Instance_10000">Mike Bada, University of Colorado Anschutz Medical Campus</annotator>
    <span start="50" end="57" />
    <spannedText>histone</spannedText>
  </annotation>
  <annotation>
    <mention id="CHEBI_2015_08_26_Instance_181888" />
    <annotator id="CHEBI_2015_08_26_Instance_10000">Mike Bada, University of Colorado Anschutz Medical Campus</annotator>
    <span start="1282" end="1288" />
    <spannedText>photon</spannedText>
  </annotation>
  <annotation>
    <mention id="CHEBI_2015_08_26_Instance_181914" />
    <annotator id="CHEBI_2015_08_26_Instance_10000">Mike Bada, University of Colorado Anschutz Medical Campus</annotator>
    <span start="29702" end="29706" />
    <spannedText>drug</spannedText>
  </annotation>
  <annotation>
    <mention id="CHEBI_2015_08_26_Instance_181916" />
    <annotator id="CHEBI_2015_08_26_Instance_10000">Mike Bada, University of Colorado Anschutz Medical Campus</annotator>
    <span start="30302" end="30309" />
    <spannedText>gelatin</spannedText>
  </annotation>
  <annotation>
    <mention id="CHEBI_2015_08_26_Instance_181924" />
    <annotator id="CHEBI_2015_08_26_Instance_10000">Mike Bada, University of Colorado Anschutz Medical Campus</annotator>
    <span start="33283" end="33289" />
    <spannedText>photon</spannedText>
  </annotation>
  <annotation>
    <mention id="CHEBI_2015_08_26_Instance_20067" />
    <annotator id="CHEBI_2015_08_26_Instance_10000">Mike Bada, University of Colorado Anschutz Medical Campus</annotator>
    <span start="620" end="627" />
    <spannedText>histone</spannedText>
  </annotation>
  <annotation>
    <mention id="CHEBI_2015_08_26_Instance_20069" />
    <annotator id="CHEBI_2015_08_26_Instance_10000">Mike Bada, University of Colorado Anschutz Medical Campus</annotator>
    <span start="1473" end="1480" />
    <spannedText>histone</spannedText>
  </annotation>
  <annotation>
    <mention id="CHEBI_2015_08_26_Instance_20071" />
    <annotator id="CHEBI_2015_08_26_Instance_10000">Mike Bada, University of Colorado Anschutz Medical Campus</annotator>
    <span start="4427" end="4435" />
    <spannedText>histones</spannedText>
  </annotation>
  <annotation>
    <mention id="CHEBI_2015_08_26_Instance_20073" />
    <annotator id="CHEBI_2015_08_26_Instance_10000">Mike Bada, University of Colorado Anschutz Medical Campus</annotator>
    <span start="4493" end="4500" />
    <spannedText>Histone</spannedText>
  </annotation>
  <annotation>
    <mention id="CHEBI_2015_08_26_Instance_20075" />
    <annotator id="CHEBI_2015_08_26_Instance_10000">Mike Bada, University of Colorado Anschutz Medical Campus</annotator>
    <span start="4740" end="4747" />
    <spannedText>histone</spannedText>
  </annotation>
  <annotation>
    <mention id="CHEBI_2015_08_26_Instance_20077" />
    <annotator id="CHEBI_2015_08_26_Instance_10000">Mike Bada, University of Colorado Anschutz Medical Campus</annotator>
    <span start="5142" end="5150" />
    <spannedText>histones</spannedText>
  </annotation>
  <annotation>
    <mention id="CHEBI_2015_08_26_Instance_20079" />
    <annotator id="CHEBI_2015_08_26_Instance_10000">Mike Bada, University of Colorado Anschutz Medical Campus</annotator>
    <span start="5343" end="5350" />
    <spannedText>histone</spannedText>
  </annotation>
  <annotation>
    <mention id="CHEBI_2015_08_26_Instance_20081" />
    <annotator id="CHEBI_2015_08_26_Instance_10000">Mike Bada, University of Colorado Anschutz Medical Campus</annotator>
    <span start="5781" end="5788" />
    <spannedText>histone</spannedText>
  </annotation>
  <annotation>
    <mention id="CHEBI_2015_08_26_Instance_20083" />
    <annotator id="CHEBI_2015_08_26_Instance_10000">Mike Bada, University of Colorado Anschutz Medical Campus</annotator>
    <span start="5914" end="5921" />
    <spannedText>histone</spannedText>
  </annotation>
  <annotation>
    <mention id="CHEBI_2015_08_26_Instance_20085" />
    <annotator id="CHEBI_2015_08_26_Instance_10000">Mike Bada, University of Colorado Anschutz Medical Campus</annotator>
    <span start="7471" end="7478" />
    <spannedText>histone</spannedText>
  </annotation>
  <annotation>
    <mention id="CHEBI_2015_08_26_Instance_20087" />
    <annotator id="CHEBI_2015_08_26_Instance_10000">Mike Bada, University of Colorado Anschutz Medical Campus</annotator>
    <span start="19017" end="19024" />
    <spannedText>histone</spannedText>
  </annotation>
  <annotation>
    <mention id="CHEBI_2015_08_26_Instance_20089" />
    <annotator id="CHEBI_2015_08_26_Instance_10000">Mike Bada, University of Colorado Anschutz Medical Campus</annotator>
    <span start="23151" end="23158" />
    <spannedText>histone</spannedText>
  </annotation>
  <annotation>
    <mention id="CHEBI_2015_08_26_Instance_20091" />
    <annotator id="CHEBI_2015_08_26_Instance_10000">Mike Bada, University of Colorado Anschutz Medical Campus</annotator>
    <span start="25037" end="25044" />
    <spannedText>histone</spannedText>
  </annotation>
  <annotation>
    <mention id="CHEBI_2015_08_26_Instance_20093" />
    <annotator id="CHEBI_2015_08_26_Instance_10000">Mike Bada, University of Colorado Anschutz Medical Campus</annotator>
    <span start="26119" end="26126" />
    <spannedText>histone</spannedText>
  </annotation>
  <annotation>
    <mention id="CHEBI_2015_08_26_Instance_20095" />
    <annotator id="CHEBI_2015_08_26_Instance_10000">Mike Bada, University of Colorado Anschutz Medical Campus</annotator>
    <span start="28293" end="28300" />
    <spannedText>histone</spannedText>
  </annotation>
  <annotation>
    <mention id="CHEBI_2015_08_26_Instance_20097" />
    <annotator id="CHEBI_2015_08_26_Instance_10000">Mike Bada, University of Colorado Anschutz Medical Campus</annotator>
    <span start="2545" end="2552" />
    <spannedText>photons</spannedText>
  </annotation>
  <annotation>
    <mention id="CHEBI_2015_08_26_Instance_20107" />
    <annotator id="CHEBI_2015_08_26_Instance_10000">Mike Bada, University of Colorado Anschutz Medical Campus</annotator>
    <span start="20874" end="20880" />
    <spannedText>photon</spannedText>
  </annotation>
  <annotation>
    <mention id="CHEBI_2015_08_26_Instance_20109" />
    <annotator id="CHEBI_2015_08_26_Instance_10000">Mike Bada, University of Colorado Anschutz Medical Campus</annotator>
    <span start="22668" end="22674" />
    <spannedText>photon</spannedText>
  </annotation>
  <annotation>
    <mention id="CHEBI_2015_08_26_Instance_20111" />
    <annotator id="CHEBI_2015_08_26_Instance_10000">Mike Bada, University of Colorado Anschutz Medical Campus</annotator>
    <span start="26708" end="26716" />
    <spannedText>reagents</spannedText>
  </annotation>
  <annotation>
    <mention id="CHEBI_2015_08_26_Instance_20113" />
    <annotator id="CHEBI_2015_08_26_Instance_10000">Mike Bada, University of Colorado Anschutz Medical Campus</annotator>
    <span start="28982" end="28989" />
    <spannedText>Reagent</spannedText>
  </annotation>
  <annotation>
    <mention id="CHEBI_2015_08_26_Instance_20115" />
    <annotator id="CHEBI_2015_08_26_Instance_10000">Mike Bada, University of Colorado Anschutz Medical Campus</annotator>
    <span start="29602" end="29611" />
    <spannedText>puromycin</spannedText>
  </annotation>
  <annotation>
    <mention id="CHEBI_2015_08_26_Instance_20117" />
    <annotator id="CHEBI_2015_08_26_Instance_10000">Mike Bada, University of Colorado Anschutz Medical Campus</annotator>
    <span start="29624" end="29633" />
    <spannedText>Puromycin</spannedText>
  </annotation>
  <annotation>
    <mention id="CHEBI_2015_08_26_Instance_20119" />
    <annotator id="CHEBI_2015_08_26_Instance_10000">Mike Bada, University of Colorado Anschutz Medical Campus</annotator>
    <span start="31633" end="31638" />
    <spannedText>HEPES</spannedText>
  </annotation>
  <annotation>
    <mention id="CHEBI_2015_08_26_Instance_20121" />
    <annotator id="CHEBI_2015_08_26_Instance_10000">Mike Bada, University of Colorado Anschutz Medical Campus</annotator>
    <span start="31891" end="31902" />
    <spannedText>bicarbonate</spannedText>
  </annotation>
  <annotation>
    <mention id="CHEBI_2015_08_26_Instance_20123" />
    <annotator id="CHEBI_2015_08_26_Instance_10000">Mike Bada, University of Colorado Anschutz Medical Campus</annotator>
    <span start="32024" end="32027" />
    <spannedText>CO2</spannedText>
  </annotation>
  <annotation>
    <mention id="CHEBI_2015_08_26_Instance_20129" />
    <annotator id="CHEBI_2015_08_26_Instance_10000">Mike Bada, University of Colorado Anschutz Medical Campus</annotator>
    <span start="33662" end="33668" />
    <spannedText>photon</spannedText>
  </annotation>
  <annotation>
    <mention id="CHEBI_2015_08_26_Instance_20133" />
    <annotator id="CHEBI_2015_08_26_Instance_10000">Mike Bada, University of Colorado Anschutz Medical Campus</annotator>
    <span start="33794" end="33800" />
    <spannedText>photon</spannedText>
  </annotation>
  <annotation>
    <mention id="CHEBI_2015_08_26_Instance_20135" />
    <annotator id="CHEBI_2015_08_26_Instance_10000">Mike Bada, University of Colorado Anschutz Medical Campus</annotator>
    <span start="33884" end="33890" />
    <spannedText>photon</spannedText>
  </annotation>
  <annotation>
    <mention id="CHEBI_2015_08_26_Instance_340088" />
    <annotator id="CHEBI_2015_08_26_Instance_10000">Mike Bada, University of Colorado Anschutz Medical Campus</annotator>
    <span start="33686" end="33694" />
    <spannedText>Titanium</spannedText>
  </annotation>
  <annotation>
    <mention id="CHEBI_2015_08_26_Instance_360040" />
    <annotator id="CHEBI_2015_08_26_Instance_10000">Mike Bada, University of Colorado Anschutz Medical Campus</annotator>
    <span start="31489" end="31498" />
    <spannedText>pigmented</spannedText>
  </annotation>
  <classMention id="CHEBI_2015_08_26_Instance_20109">
    <mentionClass id="CHEBI:30212">photon</mentionClass>
  </classMention>
  <classMention id="CHEBI_2015_08_26_Instance_20111">
    <mentionClass id="CHEBI:33893">reagent</mentionClass>
  </classMention>
  <classMention id="CHEBI_2015_08_26_Instance_20113">
    <mentionClass id="CHEBI:33893">reagent</mentionClass>
  </classMention>
  <classMention id="CHEBI_2015_08_26_Instance_20115">
    <mentionClass id="CHEBI:17939">puromycin</mentionClass>
  </classMention>
  <classMention id="CHEBI_2015_08_26_Instance_20117">
    <mentionClass id="CHEBI:17939">puromycin</mentionClass>
  </classMention>
  <classMention id="CHEBI_2015_08_26_Instance_20119">
    <mentionClass id="CHEBI:46756">HEPES</mentionClass>
  </classMention>
  <classMention id="CHEBI_2015_08_26_Instance_20121">
    <mentionClass id="CHEBI:17544">hydrogencarbonate</mentionClass>
  </classMention>
  <classMention id="CHEBI_2015_08_26_Instance_20123">
    <mentionClass id="CHEBI:16526">carbon dioxide</mentionClass>
  </classMention>
  <classMention id="CHEBI_2015_08_26_Instance_20129">
    <mentionClass id="CHEBI:30212">photon</mentionClass>
  </classMention>
  <classMention id="CHEBI_2015_08_26_Instance_20133">
    <mentionClass id="CHEBI:30212">photon</mentionClass>
  </classMention>
  <classMention id="CHEBI_2015_08_26_Instance_20135">
    <mentionClass id="CHEBI:30212">photon</mentionClass>
  </classMention>
  <classMention id="CHEBI_2015_08_26_Instance_16097">
    <mentionClass id="CHEBI:15358">histone</mentionClass>
  </classMention>
  <classMention id="CHEBI_2015_08_26_Instance_20067">
    <mentionClass id="CHEBI:15358">histone</mentionClass>
  </classMention>
  <classMention id="CHEBI_2015_08_26_Instance_181888">
    <mentionClass id="CHEBI:30212">photon</mentionClass>
  </classMention>
  <classMention id="CHEBI_2015_08_26_Instance_20069">
    <mentionClass id="CHEBI:15358">histone</mentionClass>
  </classMention>
  <classMention id="CHEBI_2015_08_26_Instance_340088">
    <mentionClass id="CHEBI:33341">titanium atom</mentionClass>
  </classMention>
  <classMention id="CHEBI_2015_08_26_Instance_360040">
    <mentionClass id="CHEBI:26130">biological pigment</mentionClass>
  </classMention>
  <classMention id="CHEBI_2015_08_26_Instance_20071">
    <mentionClass id="CHEBI:15358">histone</mentionClass>
  </classMention>
  <classMention id="CHEBI_2015_08_26_Instance_20073">
    <mentionClass id="CHEBI:15358">histone</mentionClass>
  </classMention>
  <classMention id="CHEBI_2015_08_26_Instance_181914">
    <mentionClass id="CHEBI:23888">drug</mentionClass>
  </classMention>
  <classMention id="CHEBI_2015_08_26_Instance_20075">
    <mentionClass id="CHEBI:15358">histone</mentionClass>
  </classMention>
  <classMention id="CHEBI_2015_08_26_Instance_181916">
    <mentionClass id="CHEBI:5291">gelatin</mentionClass>
  </classMention>
  <classMention id="CHEBI_2015_08_26_Instance_20077">
    <mentionClass id="CHEBI:15358">histone</mentionClass>
  </classMention>
  <classMention id="CHEBI_2015_08_26_Instance_181924">
    <mentionClass id="CHEBI:30212">photon</mentionClass>
  </classMention>
  <classMention id="CHEBI_2015_08_26_Instance_20079">
    <mentionClass id="CHEBI:15358">histone</mentionClass>
  </classMention>
  <classMention id="CHEBI_2015_08_26_Instance_20081">
    <mentionClass id="CHEBI:15358">histone</mentionClass>
  </classMention>
  <classMention id="CHEBI_2015_08_26_Instance_20083">
    <mentionClass id="CHEBI:15358">histone</mentionClass>
  </classMention>
  <classMention id="CHEBI_2015_08_26_Instance_20085">
    <mentionClass id="CHEBI:15358">histone</mentionClass>
  </classMention>
  <classMention id="CHEBI_2015_08_26_Instance_20087">
    <mentionClass id="CHEBI:15358">histone</mentionClass>
  </classMention>
  <classMention id="CHEBI_2015_08_26_Instance_20089">
    <mentionClass id="CHEBI:15358">histone</mentionClass>
  </classMention>
  <classMention id="CHEBI_2015_08_26_Instance_20091">
    <mentionClass id="CHEBI:15358">histone</mentionClass>
  </classMention>
  <classMention id="CHEBI_2015_08_26_Instance_20093">
    <mentionClass id="CHEBI:15358">histone</mentionClass>
  </classMention>
  <classMention id="CHEBI_2015_08_26_Instance_20095">
    <mentionClass id="CHEBI:15358">histone</mentionClass>
  </classMention>
  <classMention id="CHEBI_2015_08_26_Instance_20097">
    <mentionClass id="CHEBI:30212">photon</mentionClass>
  </classMention>
  <classMention id="CHEBI_2015_08_26_Instance_20107">
    <mentionClass id="CHEBI:30212">photon</mentionClass>
  </classMention>
</annotations>

