<?xml version="1.0" encoding="UTF-8"?>
<annotations textSource="16103912.txt">
  <annotation>
    <mention id="CHEBI_2015_08_26_Instance_24027" />
    <annotator id="CHEBI_2015_08_26_Instance_10000">Mike Bada, University of Colorado Anschutz Medical Campus</annotator>
    <span start="34070" end="34078" />
    <spannedText>reagents</spannedText>
  </annotation>
  <annotation>
    <mention id="CHEBI_2015_08_26_Instance_240841" />
    <annotator id="CHEBI_2015_08_26_Instance_10000">Mike Bada, University of Colorado Anschutz Medical Campus</annotator>
    <span start="23620" end="23631" />
    <spannedText>teratogenic</spannedText>
  </annotation>
  <annotation>
    <mention id="CHEBI_2015_08_26_Instance_240849" />
    <annotator id="CHEBI_2015_08_26_Instance_10000">Mike Bada, University of Colorado Anschutz Medical Campus</annotator>
    <span start="26961" end="26968" />
    <spannedText>mixture</spannedText>
  </annotation>
  <annotation>
    <mention id="CHEBI_2015_08_26_Instance_240853" />
    <annotator id="CHEBI_2015_08_26_Instance_10000">Mike Bada, University of Colorado Anschutz Medical Campus</annotator>
    <span start="27163" end="27177" />
    <spannedText>amphotericin B</spannedText>
  </annotation>
  <annotation>
    <mention id="CHEBI_2015_08_26_Instance_240857" />
    <annotator id="CHEBI_2015_08_26_Instance_10000">Mike Bada, University of Colorado Anschutz Medical Campus</annotator>
    <span start="28184" end="28189" />
    <spannedText>X-gal</spannedText>
  </annotation>
  <annotation>
    <mention id="CHEBI_2015_08_26_Instance_240861" />
    <annotator id="CHEBI_2015_08_26_Instance_10000">Mike Bada, University of Colorado Anschutz Medical Campus</annotator>
    <span start="28945" end="28948" />
    <spannedText>wax</spannedText>
  </annotation>
  <annotation>
    <mention id="CHEBI_2015_08_26_Instance_24659" />
    <annotator id="CHEBI_2015_08_26_Instance_10000">Mike Bada, University of Colorado Anschutz Medical Campus</annotator>
    <span start="370" end="391" />
    <spannedText>N-ethyl-N-nitrosourea</spannedText>
  </annotation>
  <annotation>
    <mention id="CHEBI_2015_08_26_Instance_24661" />
    <annotator id="CHEBI_2015_08_26_Instance_10000">Mike Bada, University of Colorado Anschutz Medical Campus</annotator>
    <span start="554" end="575" />
    <spannedText>N-ethyl-N-nitrosourea</spannedText>
  </annotation>
  <annotation>
    <mention id="CHEBI_2015_08_26_Instance_24663" />
    <annotator id="CHEBI_2015_08_26_Instance_10000">Mike Bada, University of Colorado Anschutz Medical Campus</annotator>
    <span start="5783" end="5804" />
    <spannedText>N-ethyl-N-nitrosourea</spannedText>
  </annotation>
  <annotation>
    <mention id="CHEBI_2015_08_26_Instance_24665" />
    <annotator id="CHEBI_2015_08_26_Instance_10000">Mike Bada, University of Colorado Anschutz Medical Campus</annotator>
    <span start="5806" end="5809" />
    <spannedText>ENU</spannedText>
  </annotation>
  <annotation>
    <mention id="CHEBI_2015_08_26_Instance_24667" />
    <annotator id="CHEBI_2015_08_26_Instance_10000">Mike Bada, University of Colorado Anschutz Medical Campus</annotator>
    <span start="6858" end="6861" />
    <spannedText>ENU</spannedText>
  </annotation>
  <annotation>
    <mention id="CHEBI_2015_08_26_Instance_24673" />
    <annotator id="CHEBI_2015_08_26_Instance_10000">Mike Bada, University of Colorado Anschutz Medical Campus</annotator>
    <span start="26952" end="26960" />
    <spannedText>nutrient</spannedText>
  </annotation>
  <annotation>
    <mention id="CHEBI_2015_08_26_Instance_24677" />
    <annotator id="CHEBI_2015_08_26_Instance_10000">Mike Bada, University of Colorado Anschutz Medical Campus</annotator>
    <span start="27110" end="27120" />
    <spannedText>penicillin</spannedText>
  </annotation>
  <annotation>
    <mention id="CHEBI_2015_08_26_Instance_24679" />
    <annotator id="CHEBI_2015_08_26_Instance_10000">Mike Bada, University of Colorado Anschutz Medical Campus</annotator>
    <span start="27133" end="27145" />
    <spannedText>streptomycin</spannedText>
  </annotation>
  <annotation>
    <mention id="CHEBI_2015_08_26_Instance_24681" />
    <annotator id="CHEBI_2015_08_26_Instance_10000">Mike Bada, University of Colorado Anschutz Medical Campus</annotator>
    <span start="27230" end="27233" />
    <spannedText>CO2</spannedText>
  </annotation>
  <annotation>
    <mention id="CHEBI_2015_08_26_Instance_24683" />
    <annotator id="CHEBI_2015_08_26_Instance_10000">Mike Bada, University of Colorado Anschutz Medical Campus</annotator>
    <span start="29055" end="29058" />
    <spannedText>35S</spannedText>
  </annotation>
  <annotation>
    <mention id="CHEBI_2015_08_26_Instance_24685" />
    <annotator id="CHEBI_2015_08_26_Instance_10000">Mike Bada, University of Colorado Anschutz Medical Campus</annotator>
    <span start="29365" end="29371" />
    <spannedText>phenol</spannedText>
  </annotation>
  <annotation>
    <mention id="CHEBI_2015_08_26_Instance_24687" />
    <annotator id="CHEBI_2015_08_26_Instance_10000">Mike Bada, University of Colorado Anschutz Medical Campus</annotator>
    <span start="29372" end="29382" />
    <spannedText>chloroform</spannedText>
  </annotation>
  <annotation>
    <mention id="CHEBI_2015_08_26_Instance_24689" />
    <annotator id="CHEBI_2015_08_26_Instance_10000">Mike Bada, University of Colorado Anschutz Medical Campus</annotator>
    <span start="31197" end="31200" />
    <spannedText>ENU</spannedText>
  </annotation>
  <annotation>
    <mention id="CHEBI_2015_08_26_Instance_24691" />
    <annotator id="CHEBI_2015_08_26_Instance_10000">Mike Bada, University of Colorado Anschutz Medical Campus</annotator>
    <span start="31203" end="31224" />
    <spannedText>N-ethyl-N-nitrosourea</spannedText>
  </annotation>
  <annotation>
    <mention id="CHEBI_2015_08_26_Instance_24693" />
    <annotator id="CHEBI_2015_08_26_Instance_10000">Mike Bada, University of Colorado Anschutz Medical Campus</annotator>
    <span start="31803" end="31806" />
    <spannedText>ENU</spannedText>
  </annotation>
  <annotation>
    <mention id="CHEBI_2015_08_26_Instance_28057" />
    <annotator id="CHEBI_2015_08_26_Instance_10000">Mike Bada, University of Colorado Anschutz Medical Campus</annotator>
    <span start="5775" end="5782" />
    <spannedText>mutagen</spannedText>
  </annotation>
  <classMention id="CHEBI_2015_08_26_Instance_24673">
    <mentionClass id="CHEBI:33284">nutrient</mentionClass>
  </classMention>
  <classMention id="CHEBI_2015_08_26_Instance_24677">
    <mentionClass id="CHEBI:17334">penicillin</mentionClass>
  </classMention>
  <classMention id="CHEBI_2015_08_26_Instance_24679">
    <mentionClass id="CHEBI:17076">streptomycin</mentionClass>
  </classMention>
  <classMention id="CHEBI_2015_08_26_Instance_28057">
    <mentionClass id="CHEBI:25435">mutagen</mentionClass>
  </classMention>
  <classMention id="CHEBI_2015_08_26_Instance_24681">
    <mentionClass id="CHEBI:16526">carbon dioxide</mentionClass>
  </classMention>
  <classMention id="CHEBI_2015_08_26_Instance_24027">
    <mentionClass id="CHEBI:33893">reagent</mentionClass>
  </classMention>
  <classMention id="CHEBI_2015_08_26_Instance_24683">
    <mentionClass id="CHEBI:37983">sulfur-35 atom</mentionClass>
  </classMention>
  <classMention id="CHEBI_2015_08_26_Instance_24685">
    <mentionClass id="CHEBI:15882">phenol</mentionClass>
  </classMention>
  <classMention id="CHEBI_2015_08_26_Instance_24687">
    <mentionClass id="CHEBI:35255">chloroform</mentionClass>
  </classMention>
  <classMention id="CHEBI_2015_08_26_Instance_240841">
    <mentionClass id="CHEBI:50905">teratogenic agent</mentionClass>
  </classMention>
  <classMention id="CHEBI_2015_08_26_Instance_24689">
    <mentionClass id="CHEBI:23995">N-ethyl-N-nitrosourea</mentionClass>
  </classMention>
  <classMention id="CHEBI_2015_08_26_Instance_240849">
    <mentionClass id="CHEBI:60004">mixture</mentionClass>
  </classMention>
  <classMention id="CHEBI_2015_08_26_Instance_24691">
    <mentionClass id="CHEBI:23995">N-ethyl-N-nitrosourea</mentionClass>
  </classMention>
  <classMention id="CHEBI_2015_08_26_Instance_240853">
    <mentionClass id="CHEBI:2682">amphotericin B</mentionClass>
  </classMention>
  <classMention id="CHEBI_2015_08_26_Instance_24693">
    <mentionClass id="CHEBI:23995">N-ethyl-N-nitrosourea</mentionClass>
  </classMention>
  <classMention id="CHEBI_2015_08_26_Instance_240857">
    <mentionClass id="CHEBI:75055">5-bromo-4-chloro-3-indolyl beta-D-galactoside</mentionClass>
  </classMention>
  <classMention id="CHEBI_2015_08_26_Instance_240861">
    <mentionClass id="CHEBI:73702">wax</mentionClass>
  </classMention>
  <classMention id="CHEBI_2015_08_26_Instance_24659">
    <mentionClass id="CHEBI:23995">N-ethyl-N-nitrosourea</mentionClass>
  </classMention>
  <classMention id="CHEBI_2015_08_26_Instance_24661">
    <mentionClass id="CHEBI:23995">N-ethyl-N-nitrosourea</mentionClass>
  </classMention>
  <classMention id="CHEBI_2015_08_26_Instance_24663">
    <mentionClass id="CHEBI:23995">N-ethyl-N-nitrosourea</mentionClass>
  </classMention>
  <classMention id="CHEBI_2015_08_26_Instance_24665">
    <mentionClass id="CHEBI:23995">N-ethyl-N-nitrosourea</mentionClass>
  </classMention>
  <classMention id="CHEBI_2015_08_26_Instance_24667">
    <mentionClass id="CHEBI:23995">N-ethyl-N-nitrosourea</mentionClass>
  </classMention>
</annotations>

