<?xml version="1.0" encoding="UTF-8"?>
<annotations textSource="16216087.txt">
  <annotation>
    <mention id="CHEBI_2015_08_26_Instance_250698" />
    <annotator id="CHEBI_2015_08_26_Instance_10000">Mike Bada, University of Colorado Anschutz Medical Campus</annotator>
    <span start="144" end="192" />
    <spannedText>α-amino-3-hydroxy-5-methyl-4-isoxazolepropionate</spannedText>
  </annotation>
  <annotation>
    <mention id="CHEBI_2015_08_26_Instance_250708" />
    <annotator id="CHEBI_2015_08_26_Instance_10000">Mike Bada, University of Colorado Anschutz Medical Campus</annotator>
    <span start="3483" end="3531" />
    <spannedText>α-amino-3-hydroxy-5-methyl-4-isoxazolepropionate</spannedText>
  </annotation>
  <annotation>
    <mention id="CHEBI_2015_08_26_Instance_250710" />
    <annotator id="CHEBI_2015_08_26_Instance_10000">Mike Bada, University of Colorado Anschutz Medical Campus</annotator>
    <span start="3630" end="3678" />
    <spannedText>α-amino-3-hydroxy-5-methyl-4-isoxazolepropionate</spannedText>
  </annotation>
  <annotation>
    <mention id="CHEBI_2015_08_26_Instance_250712" />
    <annotator id="CHEBI_2015_08_26_Instance_10000">Mike Bada, University of Colorado Anschutz Medical Campus</annotator>
    <span start="3680" end="3684" />
    <spannedText>AMPA</spannedText>
  </annotation>
  <annotation>
    <mention id="CHEBI_2015_08_26_Instance_250716" />
    <annotator id="CHEBI_2015_08_26_Instance_10000">Mike Bada, University of Colorado Anschutz Medical Campus</annotator>
    <span start="4103" end="4107" />
    <spannedText>AMPA</spannedText>
  </annotation>
  <annotation>
    <mention id="CHEBI_2015_08_26_Instance_250744" />
    <annotator id="CHEBI_2015_08_26_Instance_10000">Mike Bada, University of Colorado Anschutz Medical Campus</annotator>
    <span start="4556" end="4560" />
    <spannedText>AMPA</spannedText>
  </annotation>
  <annotation>
    <mention id="CHEBI_2015_08_26_Instance_250762" />
    <annotator id="CHEBI_2015_08_26_Instance_10000">Mike Bada, University of Colorado Anschutz Medical Campus</annotator>
    <span start="7775" end="7779" />
    <spannedText>AMPA</spannedText>
  </annotation>
  <annotation>
    <mention id="CHEBI_2015_08_26_Instance_250792" />
    <annotator id="CHEBI_2015_08_26_Instance_10000">Mike Bada, University of Colorado Anschutz Medical Campus</annotator>
    <span start="11253" end="11257" />
    <spannedText>AMPA</spannedText>
  </annotation>
  <annotation>
    <mention id="CHEBI_2015_08_26_Instance_250798" />
    <annotator id="CHEBI_2015_08_26_Instance_10000">Mike Bada, University of Colorado Anschutz Medical Campus</annotator>
    <span start="11990" end="11994" />
    <spannedText>AMPA</spannedText>
  </annotation>
  <annotation>
    <mention id="CHEBI_2015_08_26_Instance_250802" />
    <annotator id="CHEBI_2015_08_26_Instance_10000">Mike Bada, University of Colorado Anschutz Medical Campus</annotator>
    <span start="12131" end="12135" />
    <spannedText>AMPA</spannedText>
  </annotation>
  <annotation>
    <mention id="CHEBI_2015_08_26_Instance_250806" />
    <annotator id="CHEBI_2015_08_26_Instance_10000">Mike Bada, University of Colorado Anschutz Medical Campus</annotator>
    <span start="13507" end="13511" />
    <spannedText>AMPA</spannedText>
  </annotation>
  <annotation>
    <mention id="CHEBI_2015_08_26_Instance_250810" />
    <annotator id="CHEBI_2015_08_26_Instance_10000">Mike Bada, University of Colorado Anschutz Medical Campus</annotator>
    <span start="13954" end="13962" />
    <spannedText>mixtures</spannedText>
  </annotation>
  <annotation>
    <mention id="CHEBI_2015_08_26_Instance_250814" />
    <annotator id="CHEBI_2015_08_26_Instance_10000">Mike Bada, University of Colorado Anschutz Medical Campus</annotator>
    <span start="14211" end="14219" />
    <spannedText>mixtures</spannedText>
  </annotation>
  <annotation>
    <mention id="CHEBI_2015_08_26_Instance_250818" />
    <annotator id="CHEBI_2015_08_26_Instance_10000">Mike Bada, University of Colorado Anschutz Medical Campus</annotator>
    <span start="15039" end="15047" />
    <spannedText>mixtures</spannedText>
  </annotation>
  <annotation>
    <mention id="CHEBI_2015_08_26_Instance_250820" />
    <annotator id="CHEBI_2015_08_26_Instance_10000">Mike Bada, University of Colorado Anschutz Medical Campus</annotator>
    <span start="15121" end="15128" />
    <spannedText>mixture</spannedText>
  </annotation>
  <annotation>
    <mention id="CHEBI_2015_08_26_Instance_250822" />
    <annotator id="CHEBI_2015_08_26_Instance_10000">Mike Bada, University of Colorado Anschutz Medical Campus</annotator>
    <span start="15165" end="15168" />
    <spannedText>Pel</spannedText>
  </annotation>
  <annotation>
    <mention id="CHEBI_2015_08_26_Instance_250824" />
    <annotator id="CHEBI_2015_08_26_Instance_10000">Mike Bada, University of Colorado Anschutz Medical Campus</annotator>
    <span start="15169" end="15172" />
    <spannedText>Val</spannedText>
  </annotation>
  <annotation>
    <mention id="CHEBI_2015_08_26_Instance_250830" />
    <annotator id="CHEBI_2015_08_26_Instance_10000">Mike Bada, University of Colorado Anschutz Medical Campus</annotator>
    <span start="16893" end="16897" />
    <spannedText>AMPA</spannedText>
  </annotation>
  <annotation>
    <mention id="CHEBI_2015_08_26_Instance_250832" />
    <annotator id="CHEBI_2015_08_26_Instance_10000">Mike Bada, University of Colorado Anschutz Medical Campus</annotator>
    <span start="27499" end="27503" />
    <spannedText>AMPA</spannedText>
  </annotation>
  <annotation>
    <mention id="CHEBI_2015_08_26_Instance_250840" />
    <annotator id="CHEBI_2015_08_26_Instance_10000">Mike Bada, University of Colorado Anschutz Medical Campus</annotator>
    <span start="29719" end="29727" />
    <spannedText>mixtures</spannedText>
  </annotation>
  <annotation>
    <mention id="CHEBI_2015_08_26_Instance_250844" />
    <annotator id="CHEBI_2015_08_26_Instance_10000">Mike Bada, University of Colorado Anschutz Medical Campus</annotator>
    <span start="29895" end="29903" />
    <spannedText>mixtures</spannedText>
  </annotation>
  <annotation>
    <mention id="CHEBI_2015_08_26_Instance_250846" />
    <annotator id="CHEBI_2015_08_26_Instance_10000">Mike Bada, University of Colorado Anschutz Medical Campus</annotator>
    <span start="32259" end="32263" />
    <spannedText>AMPA</spannedText>
  </annotation>
  <annotation>
    <mention id="CHEBI_2015_08_26_Instance_250852" />
    <annotator id="CHEBI_2015_08_26_Instance_10000">Mike Bada, University of Colorado Anschutz Medical Campus</annotator>
    <span start="32486" end="32490" />
    <spannedText>AMPA</spannedText>
  </annotation>
  <annotation>
    <mention id="CHEBI_2015_08_26_Instance_250854" />
    <annotator id="CHEBI_2015_08_26_Instance_10000">Mike Bada, University of Colorado Anschutz Medical Campus</annotator>
    <span start="32672" end="32676" />
    <spannedText>AMPA</spannedText>
  </annotation>
  <annotation>
    <mention id="CHEBI_2015_08_26_Instance_250870" />
    <annotator id="CHEBI_2015_08_26_Instance_10000">Mike Bada, University of Colorado Anschutz Medical Campus</annotator>
    <span start="39638" end="39642" />
    <spannedText>AMPA</spannedText>
  </annotation>
  <annotation>
    <mention id="CHEBI_2015_08_26_Instance_250874" />
    <annotator id="CHEBI_2015_08_26_Instance_10000">Mike Bada, University of Colorado Anschutz Medical Campus</annotator>
    <span start="40602" end="40606" />
    <spannedText>AMPA</spannedText>
  </annotation>
  <annotation>
    <mention id="CHEBI_2015_08_26_Instance_250898" />
    <annotator id="CHEBI_2015_08_26_Instance_10000">Mike Bada, University of Colorado Anschutz Medical Campus</annotator>
    <span start="48211" end="48216" />
    <spannedText>X-gal</spannedText>
  </annotation>
  <annotation>
    <mention id="CHEBI_2015_08_26_Instance_250900" />
    <annotator id="CHEBI_2015_08_26_Instance_10000">Mike Bada, University of Colorado Anschutz Medical Campus</annotator>
    <span start="50319" end="50327" />
    <spannedText>mixtures</spannedText>
  </annotation>
  <annotation>
    <mention id="CHEBI_2015_08_26_Instance_250902" />
    <annotator id="CHEBI_2015_08_26_Instance_10000">Mike Bada, University of Colorado Anschutz Medical Campus</annotator>
    <span start="50403" end="50410" />
    <spannedText>mineral</spannedText>
  </annotation>
  <annotation>
    <mention id="CHEBI_2015_08_26_Instance_250904" />
    <annotator id="CHEBI_2015_08_26_Instance_10000">Mike Bada, University of Colorado Anschutz Medical Campus</annotator>
    <span start="50581" end="50588" />
    <spannedText>mineral</spannedText>
  </annotation>
  <annotation>
    <mention id="CHEBI_2015_08_26_Instance_250908" />
    <annotator id="CHEBI_2015_08_26_Instance_10000">Mike Bada, University of Colorado Anschutz Medical Campus</annotator>
    <span start="51087" end="51094" />
    <spannedText>mineral</spannedText>
  </annotation>
  <annotation>
    <mention id="CHEBI_2015_08_26_Instance_250912" />
    <annotator id="CHEBI_2015_08_26_Instance_10000">Mike Bada, University of Colorado Anschutz Medical Campus</annotator>
    <span start="57729" end="57734" />
    <spannedText>X-gal</spannedText>
  </annotation>
  <annotation>
    <mention id="CHEBI_2015_08_26_Instance_250918" />
    <annotator id="CHEBI_2015_08_26_Instance_10000">Mike Bada, University of Colorado Anschutz Medical Campus</annotator>
    <span start="58127" end="58132" />
    <spannedText>X-gal</spannedText>
  </annotation>
  <annotation>
    <mention id="CHEBI_2015_08_26_Instance_250922" />
    <annotator id="CHEBI_2015_08_26_Instance_10000">Mike Bada, University of Colorado Anschutz Medical Campus</annotator>
    <span start="60005" end="60021" />
    <spannedText>propidium iodide</spannedText>
  </annotation>
  <annotation>
    <mention id="CHEBI_2015_08_26_Instance_250924" />
    <annotator id="CHEBI_2015_08_26_Instance_10000">Mike Bada, University of Colorado Anschutz Medical Campus</annotator>
    <span start="61099" end="61103" />
    <spannedText>AMPA</spannedText>
  </annotation>
  <annotation>
    <mention id="CHEBI_2015_08_26_Instance_250926" />
    <annotator id="CHEBI_2015_08_26_Instance_10000">Mike Bada, University of Colorado Anschutz Medical Campus</annotator>
    <span start="61106" end="61154" />
    <spannedText>α-amino-3-hydroxy-5-methyl-4-isoxazolepropionate</spannedText>
  </annotation>
  <annotation>
    <mention id="CHEBI_2015_08_26_Instance_250928" />
    <annotator id="CHEBI_2015_08_26_Instance_10000">Mike Bada, University of Colorado Anschutz Medical Campus</annotator>
    <span start="61164" end="61212" />
    <spannedText>α-amino-3-hydroxy-5-methyl-4-isoxazolepropionate</spannedText>
  </annotation>
  <annotation>
    <mention id="CHEBI_2015_08_26_Instance_250948" />
    <annotator id="CHEBI_2015_08_26_Instance_10000">Mike Bada, University of Colorado Anschutz Medical Campus</annotator>
    <span start="65048" end="65053" />
    <spannedText>X-gal</spannedText>
  </annotation>
  <annotation>
    <mention id="CHEBI_2015_08_26_Instance_250956" />
    <annotator id="CHEBI_2015_08_26_Instance_10000">Mike Bada, University of Colorado Anschutz Medical Campus</annotator>
    <span start="68001" end="68006" />
    <spannedText>X-gal</spannedText>
  </annotation>
  <annotation>
    <mention id="CHEBI_2015_08_26_Instance_250960" />
    <annotator id="CHEBI_2015_08_26_Instance_10000">Mike Bada, University of Colorado Anschutz Medical Campus</annotator>
    <span start="69625" end="69632" />
    <spannedText>mixture</spannedText>
  </annotation>
  <annotation>
    <mention id="CHEBI_2015_08_26_Instance_250962" />
    <annotator id="CHEBI_2015_08_26_Instance_10000">Mike Bada, University of Colorado Anschutz Medical Campus</annotator>
    <span start="70552" end="70556" />
    <spannedText>AMPA</spannedText>
  </annotation>
  <annotation>
    <mention id="CHEBI_2015_08_26_Instance_250964" />
    <annotator id="CHEBI_2015_08_26_Instance_10000">Mike Bada, University of Colorado Anschutz Medical Campus</annotator>
    <span start="93" end="97" />
    <spannedText>AMPA</spannedText>
  </annotation>
  <annotation>
    <mention id="CHEBI_2015_08_26_Instance_25567" />
    <annotator id="CHEBI_2015_08_26_Instance_10000">Mike Bada, University of Colorado Anschutz Medical Campus</annotator>
    <span start="14223" end="14229" />
    <spannedText>cineol</spannedText>
  </annotation>
  <annotation>
    <mention id="CHEBI_2015_08_26_Instance_25979" />
    <annotator id="CHEBI_2015_08_26_Instance_10000">Mike Bada, University of Colorado Anschutz Medical Campus</annotator>
    <span start="14234" end="14241" />
    <spannedText>eugenol</spannedText>
  </annotation>
  <annotation>
    <mention id="CHEBI_2015_08_26_Instance_26347" />
    <annotator id="CHEBI_2015_08_26_Instance_10000">Mike Bada, University of Colorado Anschutz Medical Campus</annotator>
    <span start="14339" end="14351" />
    <spannedText>valeric acid</spannedText>
  </annotation>
  <annotation>
    <mention id="CHEBI_2015_08_26_Instance_26349" />
    <annotator id="CHEBI_2015_08_26_Instance_10000">Mike Bada, University of Colorado Anschutz Medical Campus</annotator>
    <span start="14324" end="14334" />
    <span start="14347" end="14351" />
    <spannedText>pelargonic ... acid</spannedText>
  </annotation>
  <annotation>
    <mention id="CHEBI_2015_08_26_Instance_26351" />
    <annotator id="CHEBI_2015_08_26_Instance_10000">Mike Bada, University of Colorado Anschutz Medical Campus</annotator>
    <span start="17129" end="17139" />
    <span start="17155" end="17159" />
    <spannedText>pelargonic ... acid</spannedText>
  </annotation>
  <annotation>
    <mention id="CHEBI_2015_08_26_Instance_26353" />
    <annotator id="CHEBI_2015_08_26_Instance_10000">Mike Bada, University of Colorado Anschutz Medical Campus</annotator>
    <span start="17147" end="17159" />
    <spannedText>valeric acid</spannedText>
  </annotation>
  <annotation>
    <mention id="CHEBI_2015_08_26_Instance_26441" />
    <annotator id="CHEBI_2015_08_26_Instance_10000">Mike Bada, University of Colorado Anschutz Medical Campus</annotator>
    <span start="62137" end="62142" />
    <spannedText>water</spannedText>
  </annotation>
  <annotation>
    <mention id="CHEBI_2015_08_26_Instance_26443" />
    <annotator id="CHEBI_2015_08_26_Instance_10000">Mike Bada, University of Colorado Anschutz Medical Campus</annotator>
    <span start="9320" end="9325" />
    <spannedText>water</spannedText>
  </annotation>
  <annotation>
    <mention id="CHEBI_2015_08_26_Instance_26445" />
    <annotator id="CHEBI_2015_08_26_Instance_10000">Mike Bada, University of Colorado Anschutz Medical Campus</annotator>
    <span start="9369" end="9374" />
    <spannedText>water</spannedText>
  </annotation>
  <annotation>
    <mention id="CHEBI_2015_08_26_Instance_26447" />
    <annotator id="CHEBI_2015_08_26_Instance_10000">Mike Bada, University of Colorado Anschutz Medical Campus</annotator>
    <span start="49229" end="49234" />
    <spannedText>water</spannedText>
  </annotation>
  <annotation>
    <mention id="CHEBI_2015_08_26_Instance_26449" />
    <annotator id="CHEBI_2015_08_26_Instance_10000">Mike Bada, University of Colorado Anschutz Medical Campus</annotator>
    <span start="49330" end="49335" />
    <spannedText>water</spannedText>
  </annotation>
  <annotation>
    <mention id="CHEBI_2015_08_26_Instance_26451" />
    <annotator id="CHEBI_2015_08_26_Instance_10000">Mike Bada, University of Colorado Anschutz Medical Campus</annotator>
    <span start="50021" end="50026" />
    <spannedText>water</spannedText>
  </annotation>
  <annotation>
    <mention id="CHEBI_2015_08_26_Instance_26453" />
    <annotator id="CHEBI_2015_08_26_Instance_10000">Mike Bada, University of Colorado Anschutz Medical Campus</annotator>
    <span start="50105" end="50110" />
    <spannedText>water</spannedText>
  </annotation>
  <annotation>
    <mention id="CHEBI_2015_08_26_Instance_26455" />
    <annotator id="CHEBI_2015_08_26_Instance_10000">Mike Bada, University of Colorado Anschutz Medical Campus</annotator>
    <span start="50708" end="50713" />
    <spannedText>water</spannedText>
  </annotation>
  <annotation>
    <mention id="CHEBI_2015_08_26_Instance_26457" />
    <annotator id="CHEBI_2015_08_26_Instance_10000">Mike Bada, University of Colorado Anschutz Medical Campus</annotator>
    <span start="50855" end="50860" />
    <spannedText>water</spannedText>
  </annotation>
  <annotation>
    <mention id="CHEBI_2015_08_26_Instance_26459" />
    <annotator id="CHEBI_2015_08_26_Instance_10000">Mike Bada, University of Colorado Anschutz Medical Campus</annotator>
    <span start="51677" end="51682" />
    <spannedText>water</spannedText>
  </annotation>
  <annotation>
    <mention id="CHEBI_2015_08_26_Instance_26461" />
    <annotator id="CHEBI_2015_08_26_Instance_10000">Mike Bada, University of Colorado Anschutz Medical Campus</annotator>
    <span start="52664" end="52669" />
    <spannedText>water</spannedText>
  </annotation>
  <annotation>
    <mention id="CHEBI_2015_08_26_Instance_26463" />
    <annotator id="CHEBI_2015_08_26_Instance_10000">Mike Bada, University of Colorado Anschutz Medical Campus</annotator>
    <span start="344" end="348" />
    <spannedText>Ca2+</spannedText>
  </annotation>
  <annotation>
    <mention id="CHEBI_2015_08_26_Instance_26465" />
    <annotator id="CHEBI_2015_08_26_Instance_10000">Mike Bada, University of Colorado Anschutz Medical Campus</annotator>
    <span start="519" end="523" />
    <spannedText>Ca2+</spannedText>
  </annotation>
  <annotation>
    <mention id="CHEBI_2015_08_26_Instance_26467" />
    <annotator id="CHEBI_2015_08_26_Instance_10000">Mike Bada, University of Colorado Anschutz Medical Campus</annotator>
    <span start="3247" end="3251" />
    <spannedText>Ca2+</spannedText>
  </annotation>
  <annotation>
    <mention id="CHEBI_2015_08_26_Instance_26469" />
    <annotator id="CHEBI_2015_08_26_Instance_10000">Mike Bada, University of Colorado Anschutz Medical Campus</annotator>
    <span start="4082" end="4086" />
    <spannedText>Ca2+</spannedText>
  </annotation>
  <annotation>
    <mention id="CHEBI_2015_08_26_Instance_26471" />
    <annotator id="CHEBI_2015_08_26_Instance_10000">Mike Bada, University of Colorado Anschutz Medical Campus</annotator>
    <span start="4535" end="4539" />
    <spannedText>Ca2+</spannedText>
  </annotation>
  <annotation>
    <mention id="CHEBI_2015_08_26_Instance_26473" />
    <annotator id="CHEBI_2015_08_26_Instance_10000">Mike Bada, University of Colorado Anschutz Medical Campus</annotator>
    <span start="5136" end="5140" />
    <spannedText>Ca2+</spannedText>
  </annotation>
  <annotation>
    <mention id="CHEBI_2015_08_26_Instance_26475" />
    <annotator id="CHEBI_2015_08_26_Instance_10000">Mike Bada, University of Colorado Anschutz Medical Campus</annotator>
    <span start="8797" end="8801" />
    <spannedText>Ca2+</spannedText>
  </annotation>
  <annotation>
    <mention id="CHEBI_2015_08_26_Instance_26477" />
    <annotator id="CHEBI_2015_08_26_Instance_10000">Mike Bada, University of Colorado Anschutz Medical Campus</annotator>
    <span start="10904" end="10908" />
    <spannedText>Ca2+</spannedText>
  </annotation>
  <annotation>
    <mention id="CHEBI_2015_08_26_Instance_26479" />
    <annotator id="CHEBI_2015_08_26_Instance_10000">Mike Bada, University of Colorado Anschutz Medical Campus</annotator>
    <span start="11232" end="11236" />
    <spannedText>Ca2+</spannedText>
  </annotation>
  <annotation>
    <mention id="CHEBI_2015_08_26_Instance_26481" />
    <annotator id="CHEBI_2015_08_26_Instance_10000">Mike Bada, University of Colorado Anschutz Medical Campus</annotator>
    <span start="12105" end="12109" />
    <spannedText>Ca2+</spannedText>
  </annotation>
  <annotation>
    <mention id="CHEBI_2015_08_26_Instance_26483" />
    <annotator id="CHEBI_2015_08_26_Instance_10000">Mike Bada, University of Colorado Anschutz Medical Campus</annotator>
    <span start="13482" end="13486" />
    <spannedText>Ca2+</spannedText>
  </annotation>
  <annotation>
    <mention id="CHEBI_2015_08_26_Instance_26485" />
    <annotator id="CHEBI_2015_08_26_Instance_10000">Mike Bada, University of Colorado Anschutz Medical Campus</annotator>
    <span start="16544" end="16548" />
    <spannedText>Ca2+</spannedText>
  </annotation>
  <annotation>
    <mention id="CHEBI_2015_08_26_Instance_26487" />
    <annotator id="CHEBI_2015_08_26_Instance_10000">Mike Bada, University of Colorado Anschutz Medical Campus</annotator>
    <span start="16602" end="16606" />
    <spannedText>Ca2+</spannedText>
  </annotation>
  <annotation>
    <mention id="CHEBI_2015_08_26_Instance_26489" />
    <annotator id="CHEBI_2015_08_26_Instance_10000">Mike Bada, University of Colorado Anschutz Medical Campus</annotator>
    <span start="16808" end="16812" />
    <spannedText>Ca2+</spannedText>
  </annotation>
  <annotation>
    <mention id="CHEBI_2015_08_26_Instance_26491" />
    <annotator id="CHEBI_2015_08_26_Instance_10000">Mike Bada, University of Colorado Anschutz Medical Campus</annotator>
    <span start="22975" end="22979" />
    <spannedText>Ca2+</spannedText>
  </annotation>
  <annotation>
    <mention id="CHEBI_2015_08_26_Instance_26493" />
    <annotator id="CHEBI_2015_08_26_Instance_10000">Mike Bada, University of Colorado Anschutz Medical Campus</annotator>
    <span start="26902" end="26906" />
    <spannedText>Ca2+</spannedText>
  </annotation>
  <annotation>
    <mention id="CHEBI_2015_08_26_Instance_26495" />
    <annotator id="CHEBI_2015_08_26_Instance_10000">Mike Bada, University of Colorado Anschutz Medical Campus</annotator>
    <span start="28297" end="28301" />
    <spannedText>Ca2+</spannedText>
  </annotation>
  <annotation>
    <mention id="CHEBI_2015_08_26_Instance_26497" />
    <annotator id="CHEBI_2015_08_26_Instance_10000">Mike Bada, University of Colorado Anschutz Medical Campus</annotator>
    <span start="28873" end="28877" />
    <spannedText>Ca2+</spannedText>
  </annotation>
  <annotation>
    <mention id="CHEBI_2015_08_26_Instance_26499" />
    <annotator id="CHEBI_2015_08_26_Instance_10000">Mike Bada, University of Colorado Anschutz Medical Campus</annotator>
    <span start="32218" end="32222" />
    <spannedText>Ca2+</spannedText>
  </annotation>
  <annotation>
    <mention id="CHEBI_2015_08_26_Instance_26501" />
    <annotator id="CHEBI_2015_08_26_Instance_10000">Mike Bada, University of Colorado Anschutz Medical Campus</annotator>
    <span start="32466" end="32470" />
    <spannedText>Ca2+</spannedText>
  </annotation>
  <annotation>
    <mention id="CHEBI_2015_08_26_Instance_26503" />
    <annotator id="CHEBI_2015_08_26_Instance_10000">Mike Bada, University of Colorado Anschutz Medical Campus</annotator>
    <span start="33366" end="33370" />
    <spannedText>Ca2+</spannedText>
  </annotation>
  <annotation>
    <mention id="CHEBI_2015_08_26_Instance_26505" />
    <annotator id="CHEBI_2015_08_26_Instance_10000">Mike Bada, University of Colorado Anschutz Medical Campus</annotator>
    <span start="33505" end="33509" />
    <spannedText>Ca2+</spannedText>
  </annotation>
  <annotation>
    <mention id="CHEBI_2015_08_26_Instance_26507" />
    <annotator id="CHEBI_2015_08_26_Instance_10000">Mike Bada, University of Colorado Anschutz Medical Campus</annotator>
    <span start="33814" end="33818" />
    <spannedText>Ca2+</spannedText>
  </annotation>
  <annotation>
    <mention id="CHEBI_2015_08_26_Instance_26509" />
    <annotator id="CHEBI_2015_08_26_Instance_10000">Mike Bada, University of Colorado Anschutz Medical Campus</annotator>
    <span start="34417" end="34421" />
    <spannedText>Ca2+</spannedText>
  </annotation>
  <annotation>
    <mention id="CHEBI_2015_08_26_Instance_26511" />
    <annotator id="CHEBI_2015_08_26_Instance_10000">Mike Bada, University of Colorado Anschutz Medical Campus</annotator>
    <span start="39606" end="39610" />
    <spannedText>Ca2+</spannedText>
  </annotation>
  <annotation>
    <mention id="CHEBI_2015_08_26_Instance_26513" />
    <annotator id="CHEBI_2015_08_26_Instance_10000">Mike Bada, University of Colorado Anschutz Medical Campus</annotator>
    <span start="40554" end="40558" />
    <spannedText>Ca2+</spannedText>
  </annotation>
  <annotation>
    <mention id="CHEBI_2015_08_26_Instance_26515" />
    <annotator id="CHEBI_2015_08_26_Instance_10000">Mike Bada, University of Colorado Anschutz Medical Campus</annotator>
    <span start="40583" end="40587" />
    <spannedText>Ca2+</spannedText>
  </annotation>
  <annotation>
    <mention id="CHEBI_2015_08_26_Instance_26517" />
    <annotator id="CHEBI_2015_08_26_Instance_10000">Mike Bada, University of Colorado Anschutz Medical Campus</annotator>
    <span start="40738" end="40742" />
    <spannedText>Ca2+</spannedText>
  </annotation>
  <annotation>
    <mention id="CHEBI_2015_08_26_Instance_26519" />
    <annotator id="CHEBI_2015_08_26_Instance_10000">Mike Bada, University of Colorado Anschutz Medical Campus</annotator>
    <span start="43404" end="43408" />
    <spannedText>Ca2+</spannedText>
  </annotation>
  <annotation>
    <mention id="CHEBI_2015_08_26_Instance_26527" />
    <annotator id="CHEBI_2015_08_26_Instance_10000">Mike Bada, University of Colorado Anschutz Medical Campus</annotator>
    <span start="3068" end="3091" />
    <spannedText>gamma-aminobutyric acid</spannedText>
  </annotation>
  <annotation>
    <mention id="CHEBI_2015_08_26_Instance_26529" />
    <annotator id="CHEBI_2015_08_26_Instance_10000">Mike Bada, University of Colorado Anschutz Medical Campus</annotator>
    <span start="3212" end="3235" />
    <spannedText>gamma-aminobutyric acid</spannedText>
  </annotation>
  <annotation>
    <mention id="CHEBI_2015_08_26_Instance_26547" />
    <annotator id="CHEBI_2015_08_26_Instance_10000">Mike Bada, University of Colorado Anschutz Medical Campus</annotator>
    <span start="4009" end="4012" />
    <spannedText>ion</spannedText>
  </annotation>
  <annotation>
    <mention id="CHEBI_2015_08_26_Instance_26639" />
    <annotator id="CHEBI_2015_08_26_Instance_10000">Mike Bada, University of Colorado Anschutz Medical Campus</annotator>
    <span start="23599" end="23611" />
    <spannedText>tetracycline</spannedText>
  </annotation>
  <annotation>
    <mention id="CHEBI_2015_08_26_Instance_26641" />
    <annotator id="CHEBI_2015_08_26_Instance_10000">Mike Bada, University of Colorado Anschutz Medical Campus</annotator>
    <span start="33489" end="33493" />
    <spannedText>Co2+</spannedText>
  </annotation>
  <annotation>
    <mention id="CHEBI_2015_08_26_Instance_26643" />
    <annotator id="CHEBI_2015_08_26_Instance_10000">Mike Bada, University of Colorado Anschutz Medical Campus</annotator>
    <span start="33424" end="33428" />
    <spannedText>Co2+</spannedText>
  </annotation>
  <annotation>
    <mention id="CHEBI_2015_08_26_Instance_26647" />
    <annotator id="CHEBI_2015_08_26_Instance_10000">Mike Bada, University of Colorado Anschutz Medical Campus</annotator>
    <span start="45885" end="45888" />
    <spannedText>tet</spannedText>
  </annotation>
  <annotation>
    <mention id="CHEBI_2015_08_26_Instance_26649" />
    <annotator id="CHEBI_2015_08_26_Instance_10000">Mike Bada, University of Colorado Anschutz Medical Campus</annotator>
    <span start="47886" end="47890" />
    <spannedText>FITC</spannedText>
  </annotation>
  <annotation>
    <mention id="CHEBI_2015_08_26_Instance_26651" />
    <annotator id="CHEBI_2015_08_26_Instance_10000">Mike Bada, University of Colorado Anschutz Medical Campus</annotator>
    <span start="50294" end="50306" />
    <spannedText>valeric acid</spannedText>
  </annotation>
  <annotation>
    <mention id="CHEBI_2015_08_26_Instance_26653" />
    <annotator id="CHEBI_2015_08_26_Instance_10000">Mike Bada, University of Colorado Anschutz Medical Campus</annotator>
    <span start="50277" end="50292" />
    <spannedText>pelargonic acid</spannedText>
  </annotation>
  <annotation>
    <mention id="CHEBI_2015_08_26_Instance_26655" />
    <annotator id="CHEBI_2015_08_26_Instance_10000">Mike Bada, University of Colorado Anschutz Medical Campus</annotator>
    <span start="50331" end="50337" />
    <spannedText>cineol</spannedText>
  </annotation>
  <annotation>
    <mention id="CHEBI_2015_08_26_Instance_26657" />
    <annotator id="CHEBI_2015_08_26_Instance_10000">Mike Bada, University of Colorado Anschutz Medical Campus</annotator>
    <span start="50342" end="50349" />
    <spannedText>eugenol</spannedText>
  </annotation>
  <annotation>
    <mention id="CHEBI_2015_08_26_Instance_26661" />
    <annotator id="CHEBI_2015_08_26_Instance_10000">Mike Bada, University of Colorado Anschutz Medical Campus</annotator>
    <span start="54997" end="55004" />
    <spannedText>eugenol</spannedText>
  </annotation>
  <annotation>
    <mention id="CHEBI_2015_08_26_Instance_26663" />
    <annotator id="CHEBI_2015_08_26_Instance_10000">Mike Bada, University of Colorado Anschutz Medical Campus</annotator>
    <span start="55026" end="55033" />
    <spannedText>eugenol</spannedText>
  </annotation>
  <annotation>
    <mention id="CHEBI_2015_08_26_Instance_26665" />
    <annotator id="CHEBI_2015_08_26_Instance_10000">Mike Bada, University of Colorado Anschutz Medical Campus</annotator>
    <span start="55010" end="55016" />
    <spannedText>cineol</spannedText>
  </annotation>
  <annotation>
    <mention id="CHEBI_2015_08_26_Instance_26667" />
    <annotator id="CHEBI_2015_08_26_Instance_10000">Mike Bada, University of Colorado Anschutz Medical Campus</annotator>
    <span start="55039" end="55045" />
    <spannedText>cineol</spannedText>
  </annotation>
  <annotation>
    <mention id="CHEBI_2015_08_26_Instance_26669" />
    <annotator id="CHEBI_2015_08_26_Instance_10000">Mike Bada, University of Colorado Anschutz Medical Campus</annotator>
    <span start="55271" end="55283" />
    <spannedText>valeric acid</spannedText>
  </annotation>
  <annotation>
    <mention id="CHEBI_2015_08_26_Instance_26671" />
    <annotator id="CHEBI_2015_08_26_Instance_10000">Mike Bada, University of Colorado Anschutz Medical Campus</annotator>
    <span start="55248" end="55263" />
    <spannedText>pelargonic acid</spannedText>
  </annotation>
  <annotation>
    <mention id="CHEBI_2015_08_26_Instance_26673" />
    <annotator id="CHEBI_2015_08_26_Instance_10000">Mike Bada, University of Colorado Anschutz Medical Campus</annotator>
    <span start="55766" end="55781" />
    <spannedText>pelargonic acid</spannedText>
  </annotation>
  <annotation>
    <mention id="CHEBI_2015_08_26_Instance_26675" />
    <annotator id="CHEBI_2015_08_26_Instance_10000">Mike Bada, University of Colorado Anschutz Medical Campus</annotator>
    <span start="55786" end="55798" />
    <spannedText>valeric acid</spannedText>
  </annotation>
  <annotation>
    <mention id="CHEBI_2015_08_26_Instance_26691" />
    <annotator id="CHEBI_2015_08_26_Instance_10000">Mike Bada, University of Colorado Anschutz Medical Campus</annotator>
    <span start="63771" end="63774" />
    <spannedText>Cin</spannedText>
  </annotation>
  <annotation>
    <mention id="CHEBI_2015_08_26_Instance_26693" />
    <annotator id="CHEBI_2015_08_26_Instance_10000">Mike Bada, University of Colorado Anschutz Medical Campus</annotator>
    <span start="63795" end="63798" />
    <spannedText>Cin</spannedText>
  </annotation>
  <annotation>
    <mention id="CHEBI_2015_08_26_Instance_26695" />
    <annotator id="CHEBI_2015_08_26_Instance_10000">Mike Bada, University of Colorado Anschutz Medical Campus</annotator>
    <span start="64692" end="64695" />
    <spannedText>Cin</spannedText>
  </annotation>
  <annotation>
    <mention id="CHEBI_2015_08_26_Instance_26697" />
    <annotator id="CHEBI_2015_08_26_Instance_10000">Mike Bada, University of Colorado Anschutz Medical Campus</annotator>
    <span start="64697" end="64703" />
    <spannedText>cineol</spannedText>
  </annotation>
  <annotation>
    <mention id="CHEBI_2015_08_26_Instance_26699" />
    <annotator id="CHEBI_2015_08_26_Instance_10000">Mike Bada, University of Colorado Anschutz Medical Campus</annotator>
    <span start="63780" end="63782" />
    <spannedText>Eu</spannedText>
  </annotation>
  <annotation>
    <mention id="CHEBI_2015_08_26_Instance_26701" />
    <annotator id="CHEBI_2015_08_26_Instance_10000">Mike Bada, University of Colorado Anschutz Medical Campus</annotator>
    <span start="63804" end="63806" />
    <spannedText>Eu</spannedText>
  </annotation>
  <annotation>
    <mention id="CHEBI_2015_08_26_Instance_26703" />
    <annotator id="CHEBI_2015_08_26_Instance_10000">Mike Bada, University of Colorado Anschutz Medical Campus</annotator>
    <span start="64724" end="64726" />
    <spannedText>Eu</spannedText>
  </annotation>
  <annotation>
    <mention id="CHEBI_2015_08_26_Instance_26705" />
    <annotator id="CHEBI_2015_08_26_Instance_10000">Mike Bada, University of Colorado Anschutz Medical Campus</annotator>
    <span start="64728" end="64735" />
    <spannedText>eugenol</spannedText>
  </annotation>
  <annotation>
    <mention id="CHEBI_2015_08_26_Instance_26707" />
    <annotator id="CHEBI_2015_08_26_Instance_10000">Mike Bada, University of Colorado Anschutz Medical Campus</annotator>
    <span start="64759" end="64762" />
    <spannedText>Val</spannedText>
  </annotation>
  <annotation>
    <mention id="CHEBI_2015_08_26_Instance_26709" />
    <annotator id="CHEBI_2015_08_26_Instance_10000">Mike Bada, University of Colorado Anschutz Medical Campus</annotator>
    <span start="64764" end="64776" />
    <spannedText>valeric acid</spannedText>
  </annotation>
  <annotation>
    <mention id="CHEBI_2015_08_26_Instance_26711" />
    <annotator id="CHEBI_2015_08_26_Instance_10000">Mike Bada, University of Colorado Anschutz Medical Campus</annotator>
    <span start="63841" end="63844" />
    <spannedText>Val</spannedText>
  </annotation>
  <annotation>
    <mention id="CHEBI_2015_08_26_Instance_26713" />
    <annotator id="CHEBI_2015_08_26_Instance_10000">Mike Bada, University of Colorado Anschutz Medical Campus</annotator>
    <span start="64742" end="64757" />
    <spannedText>pelargonic acid</spannedText>
  </annotation>
  <annotation>
    <mention id="CHEBI_2015_08_26_Instance_26715" />
    <annotator id="CHEBI_2015_08_26_Instance_10000">Mike Bada, University of Colorado Anschutz Medical Campus</annotator>
    <span start="64737" end="64740" />
    <spannedText>Pel</spannedText>
  </annotation>
  <annotation>
    <mention id="CHEBI_2015_08_26_Instance_26717" />
    <annotator id="CHEBI_2015_08_26_Instance_10000">Mike Bada, University of Colorado Anschutz Medical Campus</annotator>
    <span start="63827" end="63830" />
    <spannedText>Pel</spannedText>
  </annotation>
  <annotation>
    <mention id="CHEBI_2015_08_26_Instance_26719" />
    <annotator id="CHEBI_2015_08_26_Instance_10000">Mike Bada, University of Colorado Anschutz Medical Campus</annotator>
    <span start="64622" end="64625" />
    <spannedText>Pel</spannedText>
  </annotation>
  <annotation>
    <mention id="CHEBI_2015_08_26_Instance_26721" />
    <annotator id="CHEBI_2015_08_26_Instance_10000">Mike Bada, University of Colorado Anschutz Medical Campus</annotator>
    <span start="64630" end="64633" />
    <spannedText>Val</spannedText>
  </annotation>
  <annotation>
    <mention id="CHEBI_2015_08_26_Instance_26745" />
    <annotator id="CHEBI_2015_08_26_Instance_10000">Mike Bada, University of Colorado Anschutz Medical Campus</annotator>
    <span start="49215" end="49219" />
    <spannedText>food</spannedText>
  </annotation>
  <annotation>
    <mention id="CHEBI_2015_08_26_Instance_26747" />
    <annotator id="CHEBI_2015_08_26_Instance_10000">Mike Bada, University of Colorado Anschutz Medical Campus</annotator>
    <span start="49301" end="49305" />
    <spannedText>food</spannedText>
  </annotation>
  <annotation>
    <mention id="CHEBI_2015_08_26_Instance_330660" />
    <annotator id="CHEBI_2015_08_26_Instance_10000">Mike Bada, University of Colorado Anschutz Medical Campus</annotator>
    <span start="54983" end="54991" />
    <spannedText>mixtures</spannedText>
  </annotation>
  <annotation>
    <mention id="CHEBI_2015_08_26_Instance_330662" />
    <annotator id="CHEBI_2015_08_26_Instance_10000">Mike Bada, University of Colorado Anschutz Medical Campus</annotator>
    <span start="59528" end="59536" />
    <spannedText>mixtures</spannedText>
  </annotation>
  <annotation>
    <mention id="CHEBI_2015_08_26_Instance_330664" />
    <annotator id="CHEBI_2015_08_26_Instance_10000">Mike Bada, University of Colorado Anschutz Medical Campus</annotator>
    <span start="64255" end="64262" />
    <spannedText>mixture</spannedText>
  </annotation>
  <annotation>
    <mention id="CHEBI_2015_08_26_Instance_330666" />
    <annotator id="CHEBI_2015_08_26_Instance_10000">Mike Bada, University of Colorado Anschutz Medical Campus</annotator>
    <span start="66841" end="66848" />
    <spannedText>mixture</spannedText>
  </annotation>
  <annotation>
    <mention id="CHEBI_2015_08_26_Instance_330668" />
    <annotator id="CHEBI_2015_08_26_Instance_10000">Mike Bada, University of Colorado Anschutz Medical Campus</annotator>
    <span start="67217" end="67224" />
    <spannedText>mixture</spannedText>
  </annotation>
  <annotation>
    <mention id="CHEBI_2015_08_26_Instance_340216" />
    <annotator id="CHEBI_2015_08_26_Instance_10000">Mike Bada, University of Colorado Anschutz Medical Campus</annotator>
    <span start="32552" end="32556" />
    <spannedText>AMPA</spannedText>
  </annotation>
  <classMention id="CHEBI_2015_08_26_Instance_26441">
    <mentionClass id="CHEBI:15377">water</mentionClass>
  </classMention>
  <classMention id="CHEBI_2015_08_26_Instance_26443">
    <mentionClass id="CHEBI:15377">water</mentionClass>
  </classMention>
  <classMention id="CHEBI_2015_08_26_Instance_26445">
    <mentionClass id="CHEBI:15377">water</mentionClass>
  </classMention>
  <classMention id="CHEBI_2015_08_26_Instance_26447">
    <mentionClass id="CHEBI:15377">water</mentionClass>
  </classMention>
  <classMention id="CHEBI_2015_08_26_Instance_26449">
    <mentionClass id="CHEBI:15377">water</mentionClass>
  </classMention>
  <classMention id="CHEBI_2015_08_26_Instance_26451">
    <mentionClass id="CHEBI:15377">water</mentionClass>
  </classMention>
  <classMention id="CHEBI_2015_08_26_Instance_26453">
    <mentionClass id="CHEBI:15377">water</mentionClass>
  </classMention>
  <classMention id="CHEBI_2015_08_26_Instance_26455">
    <mentionClass id="CHEBI:15377">water</mentionClass>
  </classMention>
  <classMention id="CHEBI_2015_08_26_Instance_26457">
    <mentionClass id="CHEBI:15377">water</mentionClass>
  </classMention>
  <classMention id="CHEBI_2015_08_26_Instance_250698">
    <mentionClass id="CHEBI:34018">(S)-AMPA</mentionClass>
  </classMention>
  <classMention id="CHEBI_2015_08_26_Instance_26459">
    <mentionClass id="CHEBI:15377">water</mentionClass>
  </classMention>
  <classMention id="CHEBI_2015_08_26_Instance_250708">
    <mentionClass id="CHEBI:34018">(S)-AMPA</mentionClass>
  </classMention>
  <classMention id="CHEBI_2015_08_26_Instance_26461">
    <mentionClass id="CHEBI:15377">water</mentionClass>
  </classMention>
  <classMention id="CHEBI_2015_08_26_Instance_250710">
    <mentionClass id="CHEBI:34018">(S)-AMPA</mentionClass>
  </classMention>
  <classMention id="CHEBI_2015_08_26_Instance_26463">
    <mentionClass id="CHEBI:29108">calcium(2+)</mentionClass>
  </classMention>
  <classMention id="CHEBI_2015_08_26_Instance_250712">
    <mentionClass id="CHEBI:34018">(S)-AMPA</mentionClass>
  </classMention>
  <classMention id="CHEBI_2015_08_26_Instance_26465">
    <mentionClass id="CHEBI:29108">calcium(2+)</mentionClass>
  </classMention>
  <classMention id="CHEBI_2015_08_26_Instance_250716">
    <mentionClass id="CHEBI:34018">(S)-AMPA</mentionClass>
  </classMention>
  <classMention id="CHEBI_2015_08_26_Instance_26467">
    <mentionClass id="CHEBI:29108">calcium(2+)</mentionClass>
  </classMention>
  <classMention id="CHEBI_2015_08_26_Instance_250744">
    <mentionClass id="CHEBI:34018">(S)-AMPA</mentionClass>
  </classMention>
  <classMention id="CHEBI_2015_08_26_Instance_26469">
    <mentionClass id="CHEBI:29108">calcium(2+)</mentionClass>
  </classMention>
  <classMention id="CHEBI_2015_08_26_Instance_250762">
    <mentionClass id="CHEBI:34018">(S)-AMPA</mentionClass>
  </classMention>
  <classMention id="CHEBI_2015_08_26_Instance_26471">
    <mentionClass id="CHEBI:29108">calcium(2+)</mentionClass>
  </classMention>
  <classMention id="CHEBI_2015_08_26_Instance_26473">
    <mentionClass id="CHEBI:29108">calcium(2+)</mentionClass>
  </classMention>
  <classMention id="CHEBI_2015_08_26_Instance_26475">
    <mentionClass id="CHEBI:29108">calcium(2+)</mentionClass>
  </classMention>
  <classMention id="CHEBI_2015_08_26_Instance_250792">
    <mentionClass id="CHEBI:34018">(S)-AMPA</mentionClass>
  </classMention>
  <classMention id="CHEBI_2015_08_26_Instance_26477">
    <mentionClass id="CHEBI:29108">calcium(2+)</mentionClass>
  </classMention>
  <classMention id="CHEBI_2015_08_26_Instance_250798">
    <mentionClass id="CHEBI:34018">(S)-AMPA</mentionClass>
  </classMention>
  <classMention id="CHEBI_2015_08_26_Instance_26479">
    <mentionClass id="CHEBI:29108">calcium(2+)</mentionClass>
  </classMention>
  <classMention id="CHEBI_2015_08_26_Instance_250802">
    <mentionClass id="CHEBI:34018">(S)-AMPA</mentionClass>
  </classMention>
  <classMention id="CHEBI_2015_08_26_Instance_26481">
    <mentionClass id="CHEBI:29108">calcium(2+)</mentionClass>
  </classMention>
  <classMention id="CHEBI_2015_08_26_Instance_250806">
    <mentionClass id="CHEBI:34018">(S)-AMPA</mentionClass>
  </classMention>
  <classMention id="CHEBI_2015_08_26_Instance_26483">
    <mentionClass id="CHEBI:29108">calcium(2+)</mentionClass>
  </classMention>
  <classMention id="CHEBI_2015_08_26_Instance_250810">
    <mentionClass id="CHEBI:60004">mixture</mentionClass>
  </classMention>
  <classMention id="CHEBI_2015_08_26_Instance_26485">
    <mentionClass id="CHEBI:29108">calcium(2+)</mentionClass>
  </classMention>
  <classMention id="CHEBI_2015_08_26_Instance_250814">
    <mentionClass id="CHEBI:60004">mixture</mentionClass>
  </classMention>
  <classMention id="CHEBI_2015_08_26_Instance_26487">
    <mentionClass id="CHEBI:29108">calcium(2+)</mentionClass>
  </classMention>
  <classMention id="CHEBI_2015_08_26_Instance_250818">
    <mentionClass id="CHEBI:60004">mixture</mentionClass>
  </classMention>
  <classMention id="CHEBI_2015_08_26_Instance_26489">
    <mentionClass id="CHEBI:29108">calcium(2+)</mentionClass>
  </classMention>
  <classMention id="CHEBI_2015_08_26_Instance_250820">
    <mentionClass id="CHEBI:60004">mixture</mentionClass>
  </classMention>
  <classMention id="CHEBI_2015_08_26_Instance_26491">
    <mentionClass id="CHEBI:29108">calcium(2+)</mentionClass>
  </classMention>
  <classMention id="CHEBI_2015_08_26_Instance_250822">
    <mentionClass id="CHEBI:29019">nonanoic acid</mentionClass>
  </classMention>
  <classMention id="CHEBI_2015_08_26_Instance_26493">
    <mentionClass id="CHEBI:29108">calcium(2+)</mentionClass>
  </classMention>
  <classMention id="CHEBI_2015_08_26_Instance_250824">
    <mentionClass id="CHEBI:17418">valeric acid</mentionClass>
  </classMention>
  <classMention id="CHEBI_2015_08_26_Instance_26495">
    <mentionClass id="CHEBI:29108">calcium(2+)</mentionClass>
  </classMention>
  <classMention id="CHEBI_2015_08_26_Instance_26497">
    <mentionClass id="CHEBI:29108">calcium(2+)</mentionClass>
  </classMention>
  <classMention id="CHEBI_2015_08_26_Instance_250830">
    <mentionClass id="CHEBI:34018">(S)-AMPA</mentionClass>
  </classMention>
  <classMention id="CHEBI_2015_08_26_Instance_26499">
    <mentionClass id="CHEBI:29108">calcium(2+)</mentionClass>
  </classMention>
  <classMention id="CHEBI_2015_08_26_Instance_250832">
    <mentionClass id="CHEBI:34018">(S)-AMPA</mentionClass>
  </classMention>
  <classMention id="CHEBI_2015_08_26_Instance_26501">
    <mentionClass id="CHEBI:29108">calcium(2+)</mentionClass>
  </classMention>
  <classMention id="CHEBI_2015_08_26_Instance_250840">
    <mentionClass id="CHEBI:60004">mixture</mentionClass>
  </classMention>
  <classMention id="CHEBI_2015_08_26_Instance_26503">
    <mentionClass id="CHEBI:29108">calcium(2+)</mentionClass>
  </classMention>
  <classMention id="CHEBI_2015_08_26_Instance_340216">
    <mentionClass id="CHEBI:34018">(S)-AMPA</mentionClass>
  </classMention>
  <classMention id="CHEBI_2015_08_26_Instance_250844">
    <mentionClass id="CHEBI:60004">mixture</mentionClass>
  </classMention>
  <classMention id="CHEBI_2015_08_26_Instance_26505">
    <mentionClass id="CHEBI:29108">calcium(2+)</mentionClass>
  </classMention>
  <classMention id="CHEBI_2015_08_26_Instance_250846">
    <mentionClass id="CHEBI:34018">(S)-AMPA</mentionClass>
  </classMention>
  <classMention id="CHEBI_2015_08_26_Instance_26507">
    <mentionClass id="CHEBI:29108">calcium(2+)</mentionClass>
  </classMention>
  <classMention id="CHEBI_2015_08_26_Instance_26509">
    <mentionClass id="CHEBI:29108">calcium(2+)</mentionClass>
  </classMention>
  <classMention id="CHEBI_2015_08_26_Instance_250852">
    <mentionClass id="CHEBI:34018">(S)-AMPA</mentionClass>
  </classMention>
  <classMention id="CHEBI_2015_08_26_Instance_26511">
    <mentionClass id="CHEBI:29108">calcium(2+)</mentionClass>
  </classMention>
  <classMention id="CHEBI_2015_08_26_Instance_250854">
    <mentionClass id="CHEBI:34018">(S)-AMPA</mentionClass>
  </classMention>
  <classMention id="CHEBI_2015_08_26_Instance_26513">
    <mentionClass id="CHEBI:29108">calcium(2+)</mentionClass>
  </classMention>
  <classMention id="CHEBI_2015_08_26_Instance_250870">
    <mentionClass id="CHEBI:34018">(S)-AMPA</mentionClass>
  </classMention>
  <classMention id="CHEBI_2015_08_26_Instance_25567">
    <mentionClass id="CHEBI:23243">cineole</mentionClass>
  </classMention>
  <classMention id="CHEBI_2015_08_26_Instance_26515">
    <mentionClass id="CHEBI:29108">calcium(2+)</mentionClass>
  </classMention>
  <classMention id="CHEBI_2015_08_26_Instance_250874">
    <mentionClass id="CHEBI:34018">(S)-AMPA</mentionClass>
  </classMention>
  <classMention id="CHEBI_2015_08_26_Instance_26517">
    <mentionClass id="CHEBI:29108">calcium(2+)</mentionClass>
  </classMention>
  <classMention id="CHEBI_2015_08_26_Instance_26519">
    <mentionClass id="CHEBI:29108">calcium(2+)</mentionClass>
  </classMention>
  <classMention id="CHEBI_2015_08_26_Instance_250898">
    <mentionClass id="CHEBI:75055">5-bromo-4-chloro-3-indolyl beta-D-galactoside</mentionClass>
  </classMention>
  <classMention id="CHEBI_2015_08_26_Instance_26527">
    <mentionClass id="CHEBI:16865">gamma-aminobutyric acid</mentionClass>
  </classMention>
  <classMention id="CHEBI_2015_08_26_Instance_250900">
    <mentionClass id="CHEBI:60004">mixture</mentionClass>
  </classMention>
  <classMention id="CHEBI_2015_08_26_Instance_26529">
    <mentionClass id="CHEBI:16865">gamma-aminobutyric acid</mentionClass>
  </classMention>
  <classMention id="CHEBI_2015_08_26_Instance_250902">
    <mentionClass id="CHEBI:46662">mineral</mentionClass>
  </classMention>
  <classMention id="CHEBI_2015_08_26_Instance_26547">
    <mentionClass id="CHEBI:24870">ion</mentionClass>
  </classMention>
  <classMention id="CHEBI_2015_08_26_Instance_250904">
    <mentionClass id="CHEBI:46662">mineral</mentionClass>
  </classMention>
  <classMention id="CHEBI_2015_08_26_Instance_250908">
    <mentionClass id="CHEBI:46662">mineral</mentionClass>
  </classMention>
  <classMention id="CHEBI_2015_08_26_Instance_250912">
    <mentionClass id="CHEBI:75055">5-bromo-4-chloro-3-indolyl beta-D-galactoside</mentionClass>
  </classMention>
  <classMention id="CHEBI_2015_08_26_Instance_250918">
    <mentionClass id="CHEBI:75055">5-bromo-4-chloro-3-indolyl beta-D-galactoside</mentionClass>
  </classMention>
  <classMention id="CHEBI_2015_08_26_Instance_250922">
    <mentionClass id="CHEBI:51240">propidium iodide</mentionClass>
  </classMention>
  <classMention id="CHEBI_2015_08_26_Instance_250924">
    <mentionClass id="CHEBI:34018">(S)-AMPA</mentionClass>
  </classMention>
  <classMention id="CHEBI_2015_08_26_Instance_250926">
    <mentionClass id="CHEBI:34018">(S)-AMPA</mentionClass>
  </classMention>
  <classMention id="CHEBI_2015_08_26_Instance_250928">
    <mentionClass id="CHEBI:34018">(S)-AMPA</mentionClass>
  </classMention>
  <classMention id="CHEBI_2015_08_26_Instance_26639">
    <mentionClass id="CHEBI:27902">tetracycline</mentionClass>
  </classMention>
  <classMention id="CHEBI_2015_08_26_Instance_26641">
    <mentionClass id="CHEBI:48828">cobalt(2+)</mentionClass>
  </classMention>
  <classMention id="CHEBI_2015_08_26_Instance_250948">
    <mentionClass id="CHEBI:75055">5-bromo-4-chloro-3-indolyl beta-D-galactoside</mentionClass>
  </classMention>
  <classMention id="CHEBI_2015_08_26_Instance_26643">
    <mentionClass id="CHEBI:48828">cobalt(2+)</mentionClass>
  </classMention>
  <classMention id="CHEBI_2015_08_26_Instance_26647">
    <mentionClass id="CHEBI:27902">tetracycline</mentionClass>
  </classMention>
  <classMention id="CHEBI_2015_08_26_Instance_250956">
    <mentionClass id="CHEBI:75055">5-bromo-4-chloro-3-indolyl beta-D-galactoside</mentionClass>
  </classMention>
  <classMention id="CHEBI_2015_08_26_Instance_26649">
    <mentionClass id="CHEBI:37926">fluorescein isothiocyanate</mentionClass>
  </classMention>
  <classMention id="CHEBI_2015_08_26_Instance_250960">
    <mentionClass id="CHEBI:60004">mixture</mentionClass>
  </classMention>
  <classMention id="CHEBI_2015_08_26_Instance_26651">
    <mentionClass id="CHEBI:17418">valeric acid</mentionClass>
  </classMention>
  <classMention id="CHEBI_2015_08_26_Instance_250962">
    <mentionClass id="CHEBI:34018">(S)-AMPA</mentionClass>
  </classMention>
  <classMention id="CHEBI_2015_08_26_Instance_26653">
    <mentionClass id="CHEBI:29019">nonanoic acid</mentionClass>
  </classMention>
  <classMention id="CHEBI_2015_08_26_Instance_250964">
    <mentionClass id="CHEBI:34018">(S)-AMPA</mentionClass>
  </classMention>
  <classMention id="CHEBI_2015_08_26_Instance_26655">
    <mentionClass id="CHEBI:23243">cineole</mentionClass>
  </classMention>
  <classMention id="CHEBI_2015_08_26_Instance_26657">
    <mentionClass id="CHEBI:4917">eugenol</mentionClass>
  </classMention>
  <classMention id="CHEBI_2015_08_26_Instance_26661">
    <mentionClass id="CHEBI:4917">eugenol</mentionClass>
  </classMention>
  <classMention id="CHEBI_2015_08_26_Instance_26663">
    <mentionClass id="CHEBI:4917">eugenol</mentionClass>
  </classMention>
  <classMention id="CHEBI_2015_08_26_Instance_26665">
    <mentionClass id="CHEBI:23243">cineole</mentionClass>
  </classMention>
  <classMention id="CHEBI_2015_08_26_Instance_26667">
    <mentionClass id="CHEBI:23243">cineole</mentionClass>
  </classMention>
  <classMention id="CHEBI_2015_08_26_Instance_26669">
    <mentionClass id="CHEBI:17418">valeric acid</mentionClass>
  </classMention>
  <classMention id="CHEBI_2015_08_26_Instance_26671">
    <mentionClass id="CHEBI:29019">nonanoic acid</mentionClass>
  </classMention>
  <classMention id="CHEBI_2015_08_26_Instance_26673">
    <mentionClass id="CHEBI:29019">nonanoic acid</mentionClass>
  </classMention>
  <classMention id="CHEBI_2015_08_26_Instance_26675">
    <mentionClass id="CHEBI:17418">valeric acid</mentionClass>
  </classMention>
  <classMention id="CHEBI_2015_08_26_Instance_26691">
    <mentionClass id="CHEBI:23243">cineole</mentionClass>
  </classMention>
  <classMention id="CHEBI_2015_08_26_Instance_26693">
    <mentionClass id="CHEBI:23243">cineole</mentionClass>
  </classMention>
  <classMention id="CHEBI_2015_08_26_Instance_26695">
    <mentionClass id="CHEBI:23243">cineole</mentionClass>
  </classMention>
  <classMention id="CHEBI_2015_08_26_Instance_26697">
    <mentionClass id="CHEBI:23243">cineole</mentionClass>
  </classMention>
  <classMention id="CHEBI_2015_08_26_Instance_26699">
    <mentionClass id="CHEBI:4917">eugenol</mentionClass>
  </classMention>
  <classMention id="CHEBI_2015_08_26_Instance_26701">
    <mentionClass id="CHEBI:4917">eugenol</mentionClass>
  </classMention>
  <classMention id="CHEBI_2015_08_26_Instance_26703">
    <mentionClass id="CHEBI:4917">eugenol</mentionClass>
  </classMention>
  <classMention id="CHEBI_2015_08_26_Instance_26705">
    <mentionClass id="CHEBI:4917">eugenol</mentionClass>
  </classMention>
  <classMention id="CHEBI_2015_08_26_Instance_26707">
    <mentionClass id="CHEBI:17418">valeric acid</mentionClass>
  </classMention>
  <classMention id="CHEBI_2015_08_26_Instance_26709">
    <mentionClass id="CHEBI:17418">valeric acid</mentionClass>
  </classMention>
  <classMention id="CHEBI_2015_08_26_Instance_26711">
    <mentionClass id="CHEBI:17418">valeric acid</mentionClass>
  </classMention>
  <classMention id="CHEBI_2015_08_26_Instance_26713">
    <mentionClass id="CHEBI:29019">nonanoic acid</mentionClass>
  </classMention>
  <classMention id="CHEBI_2015_08_26_Instance_26715">
    <mentionClass id="CHEBI:29019">nonanoic acid</mentionClass>
  </classMention>
  <classMention id="CHEBI_2015_08_26_Instance_26717">
    <mentionClass id="CHEBI:29019">nonanoic acid</mentionClass>
  </classMention>
  <classMention id="CHEBI_2015_08_26_Instance_26719">
    <mentionClass id="CHEBI:29019">nonanoic acid</mentionClass>
  </classMention>
  <classMention id="CHEBI_2015_08_26_Instance_26721">
    <mentionClass id="CHEBI:17418">valeric acid</mentionClass>
  </classMention>
  <classMention id="CHEBI_2015_08_26_Instance_26745">
    <mentionClass id="CHEBI:33290">food</mentionClass>
  </classMention>
  <classMention id="CHEBI_2015_08_26_Instance_26747">
    <mentionClass id="CHEBI:33290">food</mentionClass>
  </classMention>
  <classMention id="CHEBI_2015_08_26_Instance_330660">
    <mentionClass id="CHEBI:60004">mixture</mentionClass>
  </classMention>
  <classMention id="CHEBI_2015_08_26_Instance_330662">
    <mentionClass id="CHEBI:60004">mixture</mentionClass>
  </classMention>
  <classMention id="CHEBI_2015_08_26_Instance_330664">
    <mentionClass id="CHEBI:60004">mixture</mentionClass>
  </classMention>
  <classMention id="CHEBI_2015_08_26_Instance_330666">
    <mentionClass id="CHEBI:60004">mixture</mentionClass>
  </classMention>
  <classMention id="CHEBI_2015_08_26_Instance_330668">
    <mentionClass id="CHEBI:60004">mixture</mentionClass>
  </classMention>
  <classMention id="CHEBI_2015_08_26_Instance_26347">
    <mentionClass id="CHEBI:17418">valeric acid</mentionClass>
  </classMention>
  <classMention id="CHEBI_2015_08_26_Instance_26349">
    <mentionClass id="CHEBI:29019">nonanoic acid</mentionClass>
  </classMention>
  <classMention id="CHEBI_2015_08_26_Instance_26351">
    <mentionClass id="CHEBI:29019">nonanoic acid</mentionClass>
  </classMention>
  <classMention id="CHEBI_2015_08_26_Instance_25979">
    <mentionClass id="CHEBI:4917">eugenol</mentionClass>
  </classMention>
  <classMention id="CHEBI_2015_08_26_Instance_26353">
    <mentionClass id="CHEBI:17418">valeric acid</mentionClass>
  </classMention>
</annotations>

