<?xml version="1.0" encoding="UTF-8"?>
<annotations textSource="16462940.txt">
  <annotation>
    <mention id="CHEBI_2015_08_26_Instance_220042" />
    <annotator id="CHEBI_2015_08_26_Instance_10000">Mike Bada, University of Colorado Anschutz Medical Campus</annotator>
    <span start="32895" end="32899" />
    <spannedText>Chow</spannedText>
  </annotation>
  <annotation>
    <mention id="CHEBI_2015_08_26_Instance_280018" />
    <annotator id="CHEBI_2015_08_26_Instance_10000">Mike Bada, University of Colorado Anschutz Medical Campus</annotator>
    <span start="25964" end="25975" />
    <spannedText>sex hormone</spannedText>
  </annotation>
  <annotation>
    <mention id="CHEBI_2015_08_26_Instance_280036" />
    <annotator id="CHEBI_2015_08_26_Instance_10000">Mike Bada, University of Colorado Anschutz Medical Campus</annotator>
    <span start="33902" end="33905" />
    <spannedText>Cy3</spannedText>
  </annotation>
  <annotation>
    <mention id="CHEBI_2015_08_26_Instance_280038" />
    <annotator id="CHEBI_2015_08_26_Instance_10000">Mike Bada, University of Colorado Anschutz Medical Campus</annotator>
    <span start="33909" end="33912" />
    <spannedText>Cy5</spannedText>
  </annotation>
  <annotation>
    <mention id="CHEBI_2015_08_26_Instance_280040" />
    <annotator id="CHEBI_2015_08_26_Instance_10000">Mike Bada, University of Colorado Anschutz Medical Campus</annotator>
    <span start="33913" end="33925" />
    <spannedText>fluorochrome</spannedText>
  </annotation>
  <annotation>
    <mention id="CHEBI_2015_08_26_Instance_280042" />
    <annotator id="CHEBI_2015_08_26_Instance_10000">Mike Bada, University of Colorado Anschutz Medical Campus</annotator>
    <span start="33936" end="33939" />
    <spannedText>Cy3</spannedText>
  </annotation>
  <annotation>
    <mention id="CHEBI_2015_08_26_Instance_280044" />
    <annotator id="CHEBI_2015_08_26_Instance_10000">Mike Bada, University of Colorado Anschutz Medical Campus</annotator>
    <span start="33943" end="33946" />
    <spannedText>Cy5</spannedText>
  </annotation>
  <annotation>
    <mention id="CHEBI_2015_08_26_Instance_28325" />
    <annotator id="CHEBI_2015_08_26_Instance_10000">Mike Bada, University of Colorado Anschutz Medical Campus</annotator>
    <span start="588" end="602" />
    <spannedText>apolipoprotein</spannedText>
  </annotation>
  <annotation>
    <mention id="CHEBI_2015_08_26_Instance_28327" />
    <annotator id="CHEBI_2015_08_26_Instance_10000">Mike Bada, University of Colorado Anschutz Medical Campus</annotator>
    <span start="5586" end="5600" />
    <spannedText>apolipoprotein</spannedText>
  </annotation>
  <annotation>
    <mention id="CHEBI_2015_08_26_Instance_28329" />
    <annotator id="CHEBI_2015_08_26_Instance_10000">Mike Bada, University of Colorado Anschutz Medical Campus</annotator>
    <span start="44131" end="44145" />
    <spannedText>apolipoprotein</spannedText>
  </annotation>
  <annotation>
    <mention id="CHEBI_2015_08_26_Instance_28343" />
    <annotator id="CHEBI_2015_08_26_Instance_10000">Mike Bada, University of Colorado Anschutz Medical Campus</annotator>
    <span start="33138" end="33140" />
    <spannedText>N2</spannedText>
  </annotation>
  <annotation>
    <mention id="CHEBI_2015_08_26_Instance_28345" />
    <annotator id="CHEBI_2015_08_26_Instance_10000">Mike Bada, University of Colorado Anschutz Medical Campus</annotator>
    <span start="33006" end="33017" />
    <spannedText>cholesterol</spannedText>
  </annotation>
  <annotation>
    <mention id="CHEBI_2015_08_26_Instance_28347" />
    <annotator id="CHEBI_2015_08_26_Instance_10000">Mike Bada, University of Colorado Anschutz Medical Campus</annotator>
    <span start="33728" end="33735" />
    <spannedText>reagent</spannedText>
  </annotation>
  <annotation>
    <mention id="CHEBI_2015_08_26_Instance_28349" />
    <annotator id="CHEBI_2015_08_26_Instance_10000">Mike Bada, University of Colorado Anschutz Medical Campus</annotator>
    <span start="34975" end="34981" />
    <spannedText>phenol</spannedText>
  </annotation>
  <annotation>
    <mention id="CHEBI_2015_08_26_Instance_28351" />
    <annotator id="CHEBI_2015_08_26_Instance_10000">Mike Bada, University of Colorado Anschutz Medical Campus</annotator>
    <span start="34982" end="34992" />
    <spannedText>chloroform</spannedText>
  </annotation>
  <annotation>
    <mention id="CHEBI_2015_08_26_Instance_28355" />
    <annotator id="CHEBI_2015_08_26_Instance_10000">Mike Bada, University of Colorado Anschutz Medical Campus</annotator>
    <span start="49999" end="50007" />
    <spannedText>reagents</spannedText>
  </annotation>
  <classMention id="CHEBI_2015_08_26_Instance_28327">
    <mentionClass id="CHEBI:39015">apolipoprotein</mentionClass>
  </classMention>
  <classMention id="CHEBI_2015_08_26_Instance_280018">
    <mentionClass id="CHEBI:50112">sex hormone</mentionClass>
  </classMention>
  <classMention id="CHEBI_2015_08_26_Instance_28329">
    <mentionClass id="CHEBI:39015">apolipoprotein</mentionClass>
  </classMention>
  <classMention id="CHEBI_2015_08_26_Instance_280036">
    <mentionClass id="CHEBI:37987">Cy3 dye</mentionClass>
  </classMention>
  <classMention id="CHEBI_2015_08_26_Instance_28343">
    <mentionClass id="CHEBI:17997">dinitrogen</mentionClass>
  </classMention>
  <classMention id="CHEBI_2015_08_26_Instance_280038">
    <mentionClass id="CHEBI:37989">Cy5 dye</mentionClass>
  </classMention>
  <classMention id="CHEBI_2015_08_26_Instance_28345">
    <mentionClass id="CHEBI:16113">cholesterol</mentionClass>
  </classMention>
  <classMention id="CHEBI_2015_08_26_Instance_280040">
    <mentionClass id="CHEBI:51217">fluorochrome</mentionClass>
  </classMention>
  <classMention id="CHEBI_2015_08_26_Instance_28347">
    <mentionClass id="CHEBI:33893">reagent</mentionClass>
  </classMention>
  <classMention id="CHEBI_2015_08_26_Instance_280042">
    <mentionClass id="CHEBI:37987">Cy3 dye</mentionClass>
  </classMention>
  <classMention id="CHEBI_2015_08_26_Instance_28349">
    <mentionClass id="CHEBI:15882">phenol</mentionClass>
  </classMention>
  <classMention id="CHEBI_2015_08_26_Instance_280044">
    <mentionClass id="CHEBI:37989">Cy5 dye</mentionClass>
  </classMention>
  <classMention id="CHEBI_2015_08_26_Instance_28351">
    <mentionClass id="CHEBI:35255">chloroform</mentionClass>
  </classMention>
  <classMention id="CHEBI_2015_08_26_Instance_28355">
    <mentionClass id="CHEBI:33893">reagent</mentionClass>
  </classMention>
  <classMention id="CHEBI_2015_08_26_Instance_220042">
    <mentionClass id="CHEBI:33290">food</mentionClass>
  </classMention>
  <classMention id="CHEBI_2015_08_26_Instance_28325">
    <mentionClass id="CHEBI:39015">apolipoprotein</mentionClass>
  </classMention>
</annotations>

