<?xml version="1.0" encoding="UTF-8"?>
<annotations textSource="16504174.txt">
  <annotation>
    <mention id="CHEBI_2015_08_26_Instance_27743" />
    <annotator id="CHEBI_2015_08_26_Instance_10000">Mike Bada, University of Colorado Anschutz Medical Campus</annotator>
    <span start="3041" end="3054" />
    <spannedText>retinoic acid</spannedText>
  </annotation>
  <annotation>
    <mention id="CHEBI_2015_08_26_Instance_270002" />
    <annotator id="CHEBI_2015_08_26_Instance_10000">Mike Bada, University of Colorado Anschutz Medical Campus</annotator>
    <span start="2590" end="2599" />
    <spannedText>molecules</spannedText>
  </annotation>
  <annotation>
    <mention id="CHEBI_2015_08_26_Instance_28217" />
    <annotator id="CHEBI_2015_08_26_Instance_10000">Mike Bada, University of Colorado Anschutz Medical Campus</annotator>
    <span start="6718" end="6731" />
    <spannedText>retinoic acid</spannedText>
  </annotation>
  <annotation>
    <mention id="CHEBI_2015_08_26_Instance_28517" />
    <annotator id="CHEBI_2015_08_26_Instance_10000">Mike Bada, University of Colorado Anschutz Medical Campus</annotator>
    <span start="7468" end="7481" />
    <spannedText>retinoic acid</spannedText>
  </annotation>
  <annotation>
    <mention id="CHEBI_2015_08_26_Instance_28519" />
    <annotator id="CHEBI_2015_08_26_Instance_10000">Mike Bada, University of Colorado Anschutz Medical Campus</annotator>
    <span start="9032" end="9042" />
    <spannedText>hygromycin</spannedText>
  </annotation>
  <annotation>
    <mention id="CHEBI_2015_08_26_Instance_28521" />
    <annotator id="CHEBI_2015_08_26_Instance_10000">Mike Bada, University of Colorado Anschutz Medical Campus</annotator>
    <span start="9665" end="9670" />
    <spannedText>toxin</spannedText>
  </annotation>
  <annotation>
    <mention id="CHEBI_2015_08_26_Instance_28523" />
    <annotator id="CHEBI_2015_08_26_Instance_10000">Mike Bada, University of Colorado Anschutz Medical Campus</annotator>
    <span start="10219" end="10235" />
    <spannedText>ethidium bromide</spannedText>
  </annotation>
  <annotation>
    <mention id="CHEBI_2015_08_26_Instance_28529" />
    <annotator id="CHEBI_2015_08_26_Instance_10000">Mike Bada, University of Colorado Anschutz Medical Campus</annotator>
    <span start="11036" end="11049" />
    <spannedText>retinoic acid</spannedText>
  </annotation>
  <annotation>
    <mention id="CHEBI_2015_08_26_Instance_28531" />
    <annotator id="CHEBI_2015_08_26_Instance_10000">Mike Bada, University of Colorado Anschutz Medical Campus</annotator>
    <span start="17080" end="17085" />
    <spannedText>toxin</spannedText>
  </annotation>
  <annotation>
    <mention id="CHEBI_2015_08_26_Instance_28533" />
    <annotator id="CHEBI_2015_08_26_Instance_10000">Mike Bada, University of Colorado Anschutz Medical Campus</annotator>
    <span start="17338" end="17350" />
    <spannedText>hygromycin B</spannedText>
  </annotation>
  <annotation>
    <mention id="CHEBI_2015_08_26_Instance_28535" />
    <annotator id="CHEBI_2015_08_26_Instance_10000">Mike Bada, University of Colorado Anschutz Medical Campus</annotator>
    <span start="17392" end="17404" />
    <spannedText>hygromycin B</spannedText>
  </annotation>
  <annotation>
    <mention id="CHEBI_2015_08_26_Instance_28537" />
    <annotator id="CHEBI_2015_08_26_Instance_10000">Mike Bada, University of Colorado Anschutz Medical Campus</annotator>
    <span start="17730" end="17737" />
    <spannedText>agarose</spannedText>
  </annotation>
  <annotation>
    <mention id="CHEBI_2015_08_26_Instance_28541" />
    <annotator id="CHEBI_2015_08_26_Instance_10000">Mike Bada, University of Colorado Anschutz Medical Campus</annotator>
    <span start="19065" end="19086" />
    <spannedText>nitrilotriacetic acid</spannedText>
  </annotation>
  <annotation>
    <mention id="CHEBI_2015_08_26_Instance_28543" />
    <annotator id="CHEBI_2015_08_26_Instance_10000">Mike Bada, University of Colorado Anschutz Medical Campus</annotator>
    <span start="19087" end="19094" />
    <spannedText>agarose</spannedText>
  </annotation>
  <annotation>
    <mention id="CHEBI_2015_08_26_Instance_28545" />
    <annotator id="CHEBI_2015_08_26_Instance_10000">Mike Bada, University of Colorado Anschutz Medical Campus</annotator>
    <span start="19155" end="19159" />
    <spannedText>urea</spannedText>
  </annotation>
  <annotation>
    <mention id="CHEBI_2015_08_26_Instance_28547" />
    <annotator id="CHEBI_2015_08_26_Instance_10000">Mike Bada, University of Colorado Anschutz Medical Campus</annotator>
    <span start="19188" end="19192" />
    <spannedText>urea</spannedText>
  </annotation>
  <annotation>
    <mention id="CHEBI_2015_08_26_Instance_28549" />
    <annotator id="CHEBI_2015_08_26_Instance_10000">Mike Bada, University of Colorado Anschutz Medical Campus</annotator>
    <span start="19419" end="19441" />
    <spannedText>sodium dodecyl sulfate</spannedText>
  </annotation>
  <annotation>
    <mention id="CHEBI_2015_08_26_Instance_28551" />
    <annotator id="CHEBI_2015_08_26_Instance_10000">Mike Bada, University of Colorado Anschutz Medical Campus</annotator>
    <span start="19443" end="19446" />
    <spannedText>SDS</spannedText>
  </annotation>
  <annotation>
    <mention id="CHEBI_2015_08_26_Instance_28557" />
    <annotator id="CHEBI_2015_08_26_Instance_10000">Mike Bada, University of Colorado Anschutz Medical Campus</annotator>
    <span start="20066" end="20075" />
    <spannedText>Tamoxifen</spannedText>
  </annotation>
  <annotation>
    <mention id="CHEBI_2015_08_26_Instance_28563" />
    <annotator id="CHEBI_2015_08_26_Instance_10000">Mike Bada, University of Colorado Anschutz Medical Campus</annotator>
    <span start="20456" end="20466" />
    <spannedText>Penicillin</spannedText>
  </annotation>
  <annotation>
    <mention id="CHEBI_2015_08_26_Instance_28565" />
    <annotator id="CHEBI_2015_08_26_Instance_10000">Mike Bada, University of Colorado Anschutz Medical Campus</annotator>
    <span start="20467" end="20479" />
    <spannedText>Streptomysin</spannedText>
  </annotation>
  <annotation>
    <mention id="CHEBI_2015_08_26_Instance_28567" />
    <annotator id="CHEBI_2015_08_26_Instance_10000">Mike Bada, University of Colorado Anschutz Medical Campus</annotator>
    <span start="20506" end="20523" />
    <spannedText>2-mercaptoethanol</spannedText>
  </annotation>
  <annotation>
    <mention id="CHEBI_2015_08_26_Instance_290078" />
    <annotator id="CHEBI_2015_08_26_Instance_10000">Mike Bada, University of Colorado Anschutz Medical Campus</annotator>
    <span start="8971" end="8979" />
    <spannedText>neomycin</spannedText>
  </annotation>
  <annotation>
    <mention id="CHEBI_2015_08_26_Instance_290084" />
    <annotator id="CHEBI_2015_08_26_Instance_10000">Mike Bada, University of Colorado Anschutz Medical Campus</annotator>
    <span start="10396" end="10400" />
    <spannedText>G418</spannedText>
  </annotation>
  <annotation>
    <mention id="CHEBI_2015_08_26_Instance_290086" />
    <annotator id="CHEBI_2015_08_26_Instance_10000">Mike Bada, University of Colorado Anschutz Medical Campus</annotator>
    <span start="11827" end="11838" />
    <spannedText>hematoxylin</spannedText>
  </annotation>
  <annotation>
    <mention id="CHEBI_2015_08_26_Instance_290106" />
    <annotator id="CHEBI_2015_08_26_Instance_10000">Mike Bada, University of Colorado Anschutz Medical Campus</annotator>
    <span start="12902" end="12905" />
    <spannedText>Cy3</spannedText>
  </annotation>
  <annotation>
    <mention id="CHEBI_2015_08_26_Instance_290108" />
    <annotator id="CHEBI_2015_08_26_Instance_10000">Mike Bada, University of Colorado Anschutz Medical Campus</annotator>
    <span start="12910" end="12913" />
    <spannedText>Cy5</spannedText>
  </annotation>
  <annotation>
    <mention id="CHEBI_2015_08_26_Instance_290120" />
    <annotator id="CHEBI_2015_08_26_Instance_10000">Mike Bada, University of Colorado Anschutz Medical Campus</annotator>
    <span start="17320" end="17324" />
    <spannedText>G418</spannedText>
  </annotation>
  <annotation>
    <mention id="CHEBI_2015_08_26_Instance_290124" />
    <annotator id="CHEBI_2015_08_26_Instance_10000">Mike Bada, University of Colorado Anschutz Medical Campus</annotator>
    <span start="17383" end="17387" />
    <spannedText>G418</spannedText>
  </annotation>
  <annotation>
    <mention id="CHEBI_2015_08_26_Instance_290128" />
    <annotator id="CHEBI_2015_08_26_Instance_10000">Mike Bada, University of Colorado Anschutz Medical Campus</annotator>
    <span start="17604" end="17612" />
    <spannedText>Solution</spannedText>
  </annotation>
  <annotation>
    <mention id="CHEBI_2015_08_26_Instance_290148" />
    <annotator id="CHEBI_2015_08_26_Instance_10000">Mike Bada, University of Colorado Anschutz Medical Campus</annotator>
    <span start="19491" end="19505" />
    <spannedText>nitrocellulose</spannedText>
  </annotation>
  <annotation>
    <mention id="CHEBI_2015_08_26_Instance_290150" />
    <annotator id="CHEBI_2015_08_26_Instance_10000">Mike Bada, University of Colorado Anschutz Medical Campus</annotator>
    <span start="20088" end="20100" />
    <spannedText>Depo-provera</spannedText>
  </annotation>
  <annotation>
    <mention id="CHEBI_2015_08_26_Instance_290158" />
    <annotator id="CHEBI_2015_08_26_Instance_10000">Mike Bada, University of Colorado Anschutz Medical Campus</annotator>
    <span start="21176" end="21179" />
    <spannedText>Cy3</spannedText>
  </annotation>
  <annotation>
    <mention id="CHEBI_2015_08_26_Instance_290160" />
    <annotator id="CHEBI_2015_08_26_Instance_10000">Mike Bada, University of Colorado Anschutz Medical Campus</annotator>
    <span start="21184" end="21187" />
    <spannedText>Cy5</spannedText>
  </annotation>
  <annotation>
    <mention id="CHEBI_2015_08_26_Instance_31111" />
    <annotator id="CHEBI_2015_08_26_Instance_10000">Mike Bada, University of Colorado Anschutz Medical Campus</annotator>
    <span start="17763" end="17768" />
    <spannedText>nylon</spannedText>
  </annotation>
  <classMention id="CHEBI_2015_08_26_Instance_28529">
    <mentionClass id="CHEBI:26536">retinoic acid</mentionClass>
  </classMention>
  <classMention id="CHEBI_2015_08_26_Instance_28531">
    <mentionClass id="CHEBI:27026">toxin</mentionClass>
  </classMention>
  <classMention id="CHEBI_2015_08_26_Instance_28533">
    <mentionClass id="CHEBI:16976">hygromycin B</mentionClass>
  </classMention>
  <classMention id="CHEBI_2015_08_26_Instance_28535">
    <mentionClass id="CHEBI:16976">hygromycin B</mentionClass>
  </classMention>
  <classMention id="CHEBI_2015_08_26_Instance_28537">
    <mentionClass id="CHEBI:2511">agarose</mentionClass>
  </classMention>
  <classMention id="CHEBI_2015_08_26_Instance_28541">
    <mentionClass id="CHEBI:44557">nitrilotriacetic acid</mentionClass>
  </classMention>
  <classMention id="CHEBI_2015_08_26_Instance_28543">
    <mentionClass id="CHEBI:2511">agarose</mentionClass>
  </classMention>
  <classMention id="CHEBI_2015_08_26_Instance_28545">
    <mentionClass id="CHEBI:16199">urea</mentionClass>
  </classMention>
  <classMention id="CHEBI_2015_08_26_Instance_28547">
    <mentionClass id="CHEBI:16199">urea</mentionClass>
  </classMention>
  <classMention id="CHEBI_2015_08_26_Instance_28549">
    <mentionClass id="CHEBI:8984">sodium dodecyl sulfate</mentionClass>
  </classMention>
  <classMention id="CHEBI_2015_08_26_Instance_27743">
    <mentionClass id="CHEBI:26536">retinoic acid</mentionClass>
  </classMention>
  <classMention id="CHEBI_2015_08_26_Instance_270002">
    <mentionClass id="CHEBI:36357">polyatomic entity</mentionClass>
  </classMention>
  <classMention id="CHEBI_2015_08_26_Instance_28551">
    <mentionClass id="CHEBI:8984">sodium dodecyl sulfate</mentionClass>
  </classMention>
  <classMention id="CHEBI_2015_08_26_Instance_28557">
    <mentionClass id="CHEBI:41774">tamoxifen</mentionClass>
  </classMention>
  <classMention id="CHEBI_2015_08_26_Instance_28563">
    <mentionClass id="CHEBI:17334">penicillin</mentionClass>
  </classMention>
  <classMention id="CHEBI_2015_08_26_Instance_290078">
    <mentionClass id="CHEBI:7507">neomycin</mentionClass>
  </classMention>
  <classMention id="CHEBI_2015_08_26_Instance_28565">
    <mentionClass id="CHEBI:17076">streptomycin</mentionClass>
  </classMention>
  <classMention id="CHEBI_2015_08_26_Instance_290084">
    <mentionClass id="CHEBI:42768">geneticin</mentionClass>
  </classMention>
  <classMention id="CHEBI_2015_08_26_Instance_28217">
    <mentionClass id="CHEBI:26536">retinoic acid</mentionClass>
  </classMention>
  <classMention id="CHEBI_2015_08_26_Instance_28567">
    <mentionClass id="CHEBI:41218">mercaptoethanol</mentionClass>
  </classMention>
  <classMention id="CHEBI_2015_08_26_Instance_290086">
    <mentionClass id="CHEBI:51686">haematoxylin</mentionClass>
  </classMention>
  <classMention id="CHEBI_2015_08_26_Instance_290106">
    <mentionClass id="CHEBI:37987">Cy3 dye</mentionClass>
  </classMention>
  <classMention id="CHEBI_2015_08_26_Instance_290108">
    <mentionClass id="CHEBI:37989">Cy5 dye</mentionClass>
  </classMention>
  <classMention id="CHEBI_2015_08_26_Instance_290120">
    <mentionClass id="CHEBI:42768">geneticin</mentionClass>
  </classMention>
  <classMention id="CHEBI_2015_08_26_Instance_290124">
    <mentionClass id="CHEBI:42768">geneticin</mentionClass>
  </classMention>
  <classMention id="CHEBI_2015_08_26_Instance_290128">
    <mentionClass id="CHEBI:75958">solution</mentionClass>
  </classMention>
  <classMention id="CHEBI_2015_08_26_Instance_290148">
    <mentionClass id="CHEBI:53325">nitrocellulose</mentionClass>
  </classMention>
  <classMention id="CHEBI_2015_08_26_Instance_290150">
    <mentionClass id="CHEBI:6716">medroxyprogesterone acetate</mentionClass>
  </classMention>
  <classMention id="CHEBI_2015_08_26_Instance_290158">
    <mentionClass id="CHEBI:37987">Cy3 dye</mentionClass>
  </classMention>
  <classMention id="CHEBI_2015_08_26_Instance_290160">
    <mentionClass id="CHEBI:37989">Cy5 dye</mentionClass>
  </classMention>
  <classMention id="CHEBI_2015_08_26_Instance_28517">
    <mentionClass id="CHEBI:26536">retinoic acid</mentionClass>
  </classMention>
  <classMention id="CHEBI_2015_08_26_Instance_28519">
    <mentionClass id="CHEBI:24753">hygromycin</mentionClass>
  </classMention>
  <classMention id="CHEBI_2015_08_26_Instance_31111">
    <mentionClass id="CHEBI:25614">nylons</mentionClass>
  </classMention>
  <classMention id="CHEBI_2015_08_26_Instance_28521">
    <mentionClass id="CHEBI:27026">toxin</mentionClass>
  </classMention>
  <classMention id="CHEBI_2015_08_26_Instance_28523">
    <mentionClass id="CHEBI:4883">ethidium bromide</mentionClass>
  </classMention>
</annotations>

