<?xml version="1.0" encoding="UTF-8"?>
<annotations textSource="16507151.txt">
  <annotation>
    <mention id="CHEBI_2015_08_26_Instance_23381" />
    <annotator id="CHEBI_2015_08_26_Instance_10000">Mike Bada, University of Colorado Anschutz Medical Campus</annotator>
    <span start="4777" end="4781" />
    <spannedText>food</spannedText>
  </annotation>
  <annotation>
    <mention id="CHEBI_2015_08_26_Instance_23383" />
    <annotator id="CHEBI_2015_08_26_Instance_10000">Mike Bada, University of Colorado Anschutz Medical Campus</annotator>
    <span start="4837" end="4842" />
    <spannedText>water</spannedText>
  </annotation>
  <annotation>
    <mention id="CHEBI_2015_08_26_Instance_26293" />
    <annotator id="CHEBI_2015_08_26_Instance_10000">Mike Bada, University of Colorado Anschutz Medical Campus</annotator>
    <span start="4738" end="4742" />
    <spannedText>chow</spannedText>
  </annotation>
  <annotation>
    <mention id="CHEBI_2015_08_26_Instance_27189" />
    <annotator id="CHEBI_2015_08_26_Instance_10000">Mike Bada, University of Colorado Anschutz Medical Campus</annotator>
    <span start="5845" end="5856" />
    <spannedText>acetic acid</spannedText>
  </annotation>
  <annotation>
    <mention id="CHEBI_2015_08_26_Instance_27191" />
    <annotator id="CHEBI_2015_08_26_Instance_10000">Mike Bada, University of Colorado Anschutz Medical Campus</annotator>
    <span start="6017" end="6028" />
    <spannedText>acetic acid</spannedText>
  </annotation>
  <annotation>
    <mention id="CHEBI_2015_08_26_Instance_27193" />
    <annotator id="CHEBI_2015_08_26_Instance_10000">Mike Bada, University of Colorado Anschutz Medical Campus</annotator>
    <span start="7518" end="7521" />
    <spannedText>KCl</spannedText>
  </annotation>
  <annotation>
    <mention id="CHEBI_2015_08_26_Instance_27895" />
    <annotator id="CHEBI_2015_08_26_Instance_10000">Mike Bada, University of Colorado Anschutz Medical Campus</annotator>
    <span start="7529" end="7533" />
    <spannedText>Tris</spannedText>
  </annotation>
  <annotation>
    <mention id="CHEBI_2015_08_26_Instance_27897" />
    <annotator id="CHEBI_2015_08_26_Instance_10000">Mike Bada, University of Colorado Anschutz Medical Campus</annotator>
    <span start="7534" end="7537" />
    <spannedText>HCl</spannedText>
  </annotation>
  <annotation>
    <mention id="CHEBI_2015_08_26_Instance_27903" />
    <annotator id="CHEBI_2015_08_26_Instance_10000">Mike Bada, University of Colorado Anschutz Medical Campus</annotator>
    <span start="7561" end="7566" />
    <spannedText>MgCl2</spannedText>
  </annotation>
  <annotation>
    <mention id="CHEBI_2015_08_26_Instance_28073" />
    <annotator id="CHEBI_2015_08_26_Instance_10000">Mike Bada, University of Colorado Anschutz Medical Campus</annotator>
    <span start="16182" end="16194" />
    <spannedText>proteoglycan</spannedText>
  </annotation>
  <annotation>
    <mention id="CHEBI_2015_08_26_Instance_290178" />
    <annotator id="CHEBI_2015_08_26_Instance_10000">Mike Bada, University of Colorado Anschutz Medical Campus</annotator>
    <span start="3361" end="3369" />
    <spannedText>estrogen</spannedText>
  </annotation>
  <annotation>
    <mention id="CHEBI_2015_08_26_Instance_290180" />
    <annotator id="CHEBI_2015_08_26_Instance_10000">Mike Bada, University of Colorado Anschutz Medical Campus</annotator>
    <span start="3453" end="3461" />
    <spannedText>estrogen</spannedText>
  </annotation>
  <annotation>
    <mention id="CHEBI_2015_08_26_Instance_290188" />
    <annotator id="CHEBI_2015_08_26_Instance_10000">Mike Bada, University of Colorado Anschutz Medical Campus</annotator>
    <span start="5907" end="5915" />
    <spannedText>adjuvant</spannedText>
  </annotation>
  <annotation>
    <mention id="CHEBI_2015_08_26_Instance_290190" />
    <annotator id="CHEBI_2015_08_26_Instance_10000">Mike Bada, University of Colorado Anschutz Medical Campus</annotator>
    <span start="6081" end="6089" />
    <spannedText>adjuvant</spannedText>
  </annotation>
  <annotation>
    <mention id="CHEBI_2015_08_26_Instance_290206" />
    <annotator id="CHEBI_2015_08_26_Instance_10000">Mike Bada, University of Colorado Anschutz Medical Campus</annotator>
    <span start="7545" end="7554" />
    <spannedText>(NH4)2SO4</spannedText>
  </annotation>
  <annotation>
    <mention id="CHEBI_2015_08_26_Instance_290208" />
    <annotator id="CHEBI_2015_08_26_Instance_10000">Mike Bada, University of Colorado Anschutz Medical Campus</annotator>
    <span start="7573" end="7585" />
    <spannedText>Triton X-100</spannedText>
  </annotation>
  <classMention id="CHEBI_2015_08_26_Instance_28073">
    <mentionClass id="CHEBI:37396">proteoglycan</mentionClass>
  </classMention>
  <classMention id="CHEBI_2015_08_26_Instance_290178">
    <mentionClass id="CHEBI:50114">estrogen</mentionClass>
  </classMention>
  <classMention id="CHEBI_2015_08_26_Instance_26293">
    <mentionClass id="CHEBI:33290">food</mentionClass>
  </classMention>
  <classMention id="CHEBI_2015_08_26_Instance_27895">
    <mentionClass id="CHEBI:9754">tris</mentionClass>
  </classMention>
  <classMention id="CHEBI_2015_08_26_Instance_290180">
    <mentionClass id="CHEBI:50114">estrogen</mentionClass>
  </classMention>
  <classMention id="CHEBI_2015_08_26_Instance_27897">
    <mentionClass id="CHEBI:17883">hydrogen chloride</mentionClass>
  </classMention>
  <classMention id="CHEBI_2015_08_26_Instance_290188">
    <mentionClass id="CHEBI:60809">adjuvant</mentionClass>
  </classMention>
  <classMention id="CHEBI_2015_08_26_Instance_27903">
    <mentionClass id="CHEBI:6636">magnesium dichloride</mentionClass>
  </classMention>
  <classMention id="CHEBI_2015_08_26_Instance_27189">
    <mentionClass id="CHEBI:15366">acetic acid</mentionClass>
  </classMention>
  <classMention id="CHEBI_2015_08_26_Instance_290190">
    <mentionClass id="CHEBI:60809">adjuvant</mentionClass>
  </classMention>
  <classMention id="CHEBI_2015_08_26_Instance_27191">
    <mentionClass id="CHEBI:15366">acetic acid</mentionClass>
  </classMention>
  <classMention id="CHEBI_2015_08_26_Instance_290206">
    <mentionClass id="CHEBI:62946">ammonium sulfate</mentionClass>
  </classMention>
  <classMention id="CHEBI_2015_08_26_Instance_23381">
    <mentionClass id="CHEBI:33290">food</mentionClass>
  </classMention>
  <classMention id="CHEBI_2015_08_26_Instance_27193">
    <mentionClass id="CHEBI:32588">potassium chloride</mentionClass>
  </classMention>
  <classMention id="CHEBI_2015_08_26_Instance_290208">
    <mentionClass id="CHEBI:9750">Triton X-100</mentionClass>
  </classMention>
  <classMention id="CHEBI_2015_08_26_Instance_23383">
    <mentionClass id="CHEBI:15377">water</mentionClass>
  </classMention>
</annotations>

