<?xml version="1.0" encoding="UTF-8"?>
<annotations textSource="16800892.txt">
  <annotation>
    <mention id="CHEBI_2015_08_26_Instance_30935" />
    <annotator id="CHEBI_2015_08_26_Instance_10000">Mike Bada, University of Colorado Anschutz Medical Campus</annotator>
    <span start="4574" end="4586" />
    <spannedText>tetracycline</spannedText>
  </annotation>
  <annotation>
    <mention id="CHEBI_2015_08_26_Instance_30937" />
    <annotator id="CHEBI_2015_08_26_Instance_10000">Mike Bada, University of Colorado Anschutz Medical Campus</annotator>
    <span start="4623" end="4626" />
    <spannedText>Tet</spannedText>
  </annotation>
  <annotation>
    <mention id="CHEBI_2015_08_26_Instance_30939" />
    <annotator id="CHEBI_2015_08_26_Instance_10000">Mike Bada, University of Colorado Anschutz Medical Campus</annotator>
    <span start="6415" end="6427" />
    <spannedText>hypoxanthine</spannedText>
  </annotation>
  <annotation>
    <mention id="CHEBI_2015_08_26_Instance_30945" />
    <annotator id="CHEBI_2015_08_26_Instance_10000">Mike Bada, University of Colorado Anschutz Medical Campus</annotator>
    <span start="8789" end="8801" />
    <spannedText>tetracycline</spannedText>
  </annotation>
  <annotation>
    <mention id="CHEBI_2015_08_26_Instance_30947" />
    <annotator id="CHEBI_2015_08_26_Instance_10000">Mike Bada, University of Colorado Anschutz Medical Campus</annotator>
    <span start="8784" end="8788" />
    <spannedText>drug</spannedText>
  </annotation>
  <annotation>
    <mention id="CHEBI_2015_08_26_Instance_30961" />
    <annotator id="CHEBI_2015_08_26_Instance_10000">Mike Bada, University of Colorado Anschutz Medical Campus</annotator>
    <span start="25123" end="25130" />
    <spannedText>photons</spannedText>
  </annotation>
  <annotation>
    <mention id="CHEBI_2015_08_26_Instance_30963" />
    <annotator id="CHEBI_2015_08_26_Instance_10000">Mike Bada, University of Colorado Anschutz Medical Campus</annotator>
    <span start="25444" end="25456" />
    <spannedText>tetracycline</spannedText>
  </annotation>
  <annotation>
    <mention id="CHEBI_2015_08_26_Instance_30965" />
    <annotator id="CHEBI_2015_08_26_Instance_10000">Mike Bada, University of Colorado Anschutz Medical Campus</annotator>
    <span start="25619" end="25624" />
    <spannedText>water</spannedText>
  </annotation>
  <annotation>
    <mention id="CHEBI_2015_08_26_Instance_30967" />
    <annotator id="CHEBI_2015_08_26_Instance_10000">Mike Bada, University of Colorado Anschutz Medical Campus</annotator>
    <span start="28685" end="28697" />
    <spannedText>tetracycline</spannedText>
  </annotation>
  <annotation>
    <mention id="CHEBI_2015_08_26_Instance_30973" />
    <annotator id="CHEBI_2015_08_26_Instance_10000">Mike Bada, University of Colorado Anschutz Medical Campus</annotator>
    <span start="31819" end="31822" />
    <spannedText>tet</spannedText>
  </annotation>
  <annotation>
    <mention id="CHEBI_2015_08_26_Instance_30975" />
    <annotator id="CHEBI_2015_08_26_Instance_10000">Mike Bada, University of Colorado Anschutz Medical Campus</annotator>
    <span start="32765" end="32777" />
    <spannedText>tetracycline</spannedText>
  </annotation>
  <annotation>
    <mention id="CHEBI_2015_08_26_Instance_30979" />
    <annotator id="CHEBI_2015_08_26_Instance_10000">Mike Bada, University of Colorado Anschutz Medical Campus</annotator>
    <span start="36516" end="36523" />
    <spannedText>reagent</spannedText>
  </annotation>
  <annotation>
    <mention id="CHEBI_2015_08_26_Instance_30981" />
    <annotator id="CHEBI_2015_08_26_Instance_10000">Mike Bada, University of Colorado Anschutz Medical Campus</annotator>
    <span start="36554" end="36563" />
    <spannedText>puromycin</spannedText>
  </annotation>
  <annotation>
    <mention id="CHEBI_2015_08_26_Instance_30987" />
    <annotator id="CHEBI_2015_08_26_Instance_10000">Mike Bada, University of Colorado Anschutz Medical Campus</annotator>
    <span start="38296" end="38310" />
    <spannedText>dithiothreitol</spannedText>
  </annotation>
  <annotation>
    <mention id="CHEBI_2015_08_26_Instance_30991" />
    <annotator id="CHEBI_2015_08_26_Instance_10000">Mike Bada, University of Colorado Anschutz Medical Campus</annotator>
    <span start="38557" end="38562" />
    <spannedText>water</spannedText>
  </annotation>
  <annotation>
    <mention id="CHEBI_2015_08_26_Instance_30995" />
    <annotator id="CHEBI_2015_08_26_Instance_10000">Mike Bada, University of Colorado Anschutz Medical Campus</annotator>
    <span start="38768" end="38773" />
    <spannedText>MgCl2</spannedText>
  </annotation>
  <annotation>
    <mention id="CHEBI_2015_08_26_Instance_30997" />
    <annotator id="CHEBI_2015_08_26_Instance_10000">Mike Bada, University of Colorado Anschutz Medical Campus</annotator>
    <span start="39454" end="39461" />
    <spannedText>ethanol</spannedText>
  </annotation>
  <annotation>
    <mention id="CHEBI_2015_08_26_Instance_30999" />
    <annotator id="CHEBI_2015_08_26_Instance_10000">Mike Bada, University of Colorado Anschutz Medical Campus</annotator>
    <span start="39506" end="39510" />
    <spannedText>Tris</spannedText>
  </annotation>
  <annotation>
    <mention id="CHEBI_2015_08_26_Instance_31001" />
    <annotator id="CHEBI_2015_08_26_Instance_10000">Mike Bada, University of Colorado Anschutz Medical Campus</annotator>
    <span start="39511" end="39513" />
    <spannedText>Cl</spannedText>
  </annotation>
  <annotation>
    <mention id="CHEBI_2015_08_26_Instance_31005" />
    <annotator id="CHEBI_2015_08_26_Instance_10000">Mike Bada, University of Colorado Anschutz Medical Campus</annotator>
    <span start="41071" end="41074" />
    <spannedText>SDS</spannedText>
  </annotation>
  <annotation>
    <mention id="CHEBI_2015_08_26_Instance_31007" />
    <annotator id="CHEBI_2015_08_26_Instance_10000">Mike Bada, University of Colorado Anschutz Medical Campus</annotator>
    <span start="41314" end="41318" />
    <spannedText>Tris</spannedText>
  </annotation>
  <annotation>
    <mention id="CHEBI_2015_08_26_Instance_31009" />
    <annotator id="CHEBI_2015_08_26_Instance_10000">Mike Bada, University of Colorado Anschutz Medical Campus</annotator>
    <span start="41319" end="41322" />
    <spannedText>HCl</spannedText>
  </annotation>
  <annotation>
    <mention id="CHEBI_2015_08_26_Instance_31011" />
    <annotator id="CHEBI_2015_08_26_Instance_10000">Mike Bada, University of Colorado Anschutz Medical Campus</annotator>
    <span start="41339" end="41343" />
    <spannedText>NaCl</spannedText>
  </annotation>
  <annotation>
    <mention id="CHEBI_2015_08_26_Instance_31013" />
    <annotator id="CHEBI_2015_08_26_Instance_10000">Mike Bada, University of Colorado Anschutz Medical Campus</annotator>
    <span start="41749" end="41756" />
    <spannedText>Reagent</spannedText>
  </annotation>
  <annotation>
    <mention id="CHEBI_2015_08_26_Instance_31015" />
    <annotator id="CHEBI_2015_08_26_Instance_10000">Mike Bada, University of Colorado Anschutz Medical Campus</annotator>
    <span start="41832" end="41837" />
    <spannedText>water</spannedText>
  </annotation>
  <annotation>
    <mention id="CHEBI_2015_08_26_Instance_31019" />
    <annotator id="CHEBI_2015_08_26_Instance_10000">Mike Bada, University of Colorado Anschutz Medical Campus</annotator>
    <span start="47522" end="47525" />
    <spannedText>tet</spannedText>
  </annotation>
  <annotation>
    <mention id="CHEBI_2015_08_26_Instance_31021" />
    <annotator id="CHEBI_2015_08_26_Instance_10000">Mike Bada, University of Colorado Anschutz Medical Campus</annotator>
    <span start="48030" end="48033" />
    <spannedText>tet</spannedText>
  </annotation>
  <annotation>
    <mention id="CHEBI_2015_08_26_Instance_31023" />
    <annotator id="CHEBI_2015_08_26_Instance_10000">Mike Bada, University of Colorado Anschutz Medical Campus</annotator>
    <span start="48308" end="48315" />
    <spannedText>photons</spannedText>
  </annotation>
  <annotation>
    <mention id="CHEBI_2015_08_26_Instance_31025" />
    <annotator id="CHEBI_2015_08_26_Instance_10000">Mike Bada, University of Colorado Anschutz Medical Campus</annotator>
    <span start="49123" end="49130" />
    <spannedText>photons</spannedText>
  </annotation>
  <annotation>
    <mention id="CHEBI_2015_08_26_Instance_322177" />
    <annotator id="CHEBI_2015_08_26_Instance_10000">Mike Bada, University of Colorado Anschutz Medical Campus</annotator>
    <span start="416" end="423" />
    <spannedText>mutagen</spannedText>
  </annotation>
  <annotation>
    <mention id="CHEBI_2015_08_26_Instance_322179" />
    <annotator id="CHEBI_2015_08_26_Instance_10000">Mike Bada, University of Colorado Anschutz Medical Campus</annotator>
    <span start="533" end="542" />
    <spannedText>molecules</spannedText>
  </annotation>
  <annotation>
    <mention id="CHEBI_2015_08_26_Instance_322181" />
    <annotator id="CHEBI_2015_08_26_Instance_10000">Mike Bada, University of Colorado Anschutz Medical Campus</annotator>
    <span start="951" end="962" />
    <spannedText>doxycycline</spannedText>
  </annotation>
  <annotation>
    <mention id="CHEBI_2015_08_26_Instance_322183" />
    <annotator id="CHEBI_2015_08_26_Instance_10000">Mike Bada, University of Colorado Anschutz Medical Campus</annotator>
    <span start="1335" end="1346" />
    <spannedText>doxycycline</spannedText>
  </annotation>
  <annotation>
    <mention id="CHEBI_2015_08_26_Instance_322185" />
    <annotator id="CHEBI_2015_08_26_Instance_10000">Mike Bada, University of Colorado Anschutz Medical Campus</annotator>
    <span start="2037" end="2045" />
    <spannedText>molecule</spannedText>
  </annotation>
  <annotation>
    <mention id="CHEBI_2015_08_26_Instance_322187" />
    <annotator id="CHEBI_2015_08_26_Instance_10000">Mike Bada, University of Colorado Anschutz Medical Campus</annotator>
    <span start="2692" end="2699" />
    <spannedText>mutagen</spannedText>
  </annotation>
  <annotation>
    <mention id="CHEBI_2015_08_26_Instance_322193" />
    <annotator id="CHEBI_2015_08_26_Instance_10000">Mike Bada, University of Colorado Anschutz Medical Campus</annotator>
    <span start="4395" end="4403" />
    <spannedText>molecule</spannedText>
  </annotation>
  <annotation>
    <mention id="CHEBI_2015_08_26_Instance_322195" />
    <annotator id="CHEBI_2015_08_26_Instance_10000">Mike Bada, University of Colorado Anschutz Medical Campus</annotator>
    <span start="4427" end="4435" />
    <spannedText>molecule</spannedText>
  </annotation>
  <annotation>
    <mention id="CHEBI_2015_08_26_Instance_322197" />
    <annotator id="CHEBI_2015_08_26_Instance_10000">Mike Bada, University of Colorado Anschutz Medical Campus</annotator>
    <span start="4736" end="4745" />
    <spannedText>mutagenic</spannedText>
  </annotation>
  <annotation>
    <mention id="CHEBI_2015_08_26_Instance_322199" />
    <annotator id="CHEBI_2015_08_26_Instance_10000">Mike Bada, University of Colorado Anschutz Medical Campus</annotator>
    <span start="4834" end="4837" />
    <spannedText>Tet</spannedText>
  </annotation>
  <annotation>
    <mention id="CHEBI_2015_08_26_Instance_322201" />
    <annotator id="CHEBI_2015_08_26_Instance_10000">Mike Bada, University of Colorado Anschutz Medical Campus</annotator>
    <span start="5896" end="5899" />
    <spannedText>Tet</spannedText>
  </annotation>
  <annotation>
    <mention id="CHEBI_2015_08_26_Instance_322213" />
    <annotator id="CHEBI_2015_08_26_Instance_10000">Mike Bada, University of Colorado Anschutz Medical Campus</annotator>
    <span start="7677" end="7681" />
    <spannedText>G418</spannedText>
  </annotation>
  <annotation>
    <mention id="CHEBI_2015_08_26_Instance_322215" />
    <annotator id="CHEBI_2015_08_26_Instance_10000">Mike Bada, University of Colorado Anschutz Medical Campus</annotator>
    <span start="8084" end="8088" />
    <spannedText>G418</spannedText>
  </annotation>
  <annotation>
    <mention id="CHEBI_2015_08_26_Instance_322217" />
    <annotator id="CHEBI_2015_08_26_Instance_10000">Mike Bada, University of Colorado Anschutz Medical Campus</annotator>
    <span start="8453" end="8457" />
    <spannedText>G418</spannedText>
  </annotation>
  <annotation>
    <mention id="CHEBI_2015_08_26_Instance_322219" />
    <annotator id="CHEBI_2015_08_26_Instance_10000">Mike Bada, University of Colorado Anschutz Medical Campus</annotator>
    <span start="8371" end="8375" />
    <spannedText>G418</spannedText>
  </annotation>
  <annotation>
    <mention id="CHEBI_2015_08_26_Instance_322221" />
    <annotator id="CHEBI_2015_08_26_Instance_10000">Mike Bada, University of Colorado Anschutz Medical Campus</annotator>
    <span start="8816" end="8827" />
    <spannedText>doxycycline</spannedText>
  </annotation>
  <annotation>
    <mention id="CHEBI_2015_08_26_Instance_322223" />
    <annotator id="CHEBI_2015_08_26_Instance_10000">Mike Bada, University of Colorado Anschutz Medical Campus</annotator>
    <span start="8878" end="8889" />
    <spannedText>doxycycline</spannedText>
  </annotation>
  <annotation>
    <mention id="CHEBI_2015_08_26_Instance_322225" />
    <annotator id="CHEBI_2015_08_26_Instance_10000">Mike Bada, University of Colorado Anschutz Medical Campus</annotator>
    <span start="8970" end="8981" />
    <spannedText>doxycycline</spannedText>
  </annotation>
  <annotation>
    <mention id="CHEBI_2015_08_26_Instance_322231" />
    <annotator id="CHEBI_2015_08_26_Instance_10000">Mike Bada, University of Colorado Anschutz Medical Campus</annotator>
    <span start="9706" end="9714" />
    <spannedText>molecule</spannedText>
  </annotation>
  <annotation>
    <mention id="CHEBI_2015_08_26_Instance_322233" />
    <annotator id="CHEBI_2015_08_26_Instance_10000">Mike Bada, University of Colorado Anschutz Medical Campus</annotator>
    <span start="9892" end="9903" />
    <spannedText>doxycycline</spannedText>
  </annotation>
  <annotation>
    <mention id="CHEBI_2015_08_26_Instance_322241" />
    <annotator id="CHEBI_2015_08_26_Instance_10000">Mike Bada, University of Colorado Anschutz Medical Campus</annotator>
    <span start="13542" end="13551" />
    <spannedText>mutagenic</spannedText>
  </annotation>
  <annotation>
    <mention id="CHEBI_2015_08_26_Instance_322243" />
    <annotator id="CHEBI_2015_08_26_Instance_10000">Mike Bada, University of Colorado Anschutz Medical Campus</annotator>
    <span start="14726" end="14735" />
    <spannedText>mutagenic</spannedText>
  </annotation>
  <annotation>
    <mention id="CHEBI_2015_08_26_Instance_322271" />
    <annotator id="CHEBI_2015_08_26_Instance_10000">Mike Bada, University of Colorado Anschutz Medical Campus</annotator>
    <span start="19142" end="19153" />
    <spannedText>doxycycline</spannedText>
  </annotation>
  <annotation>
    <mention id="CHEBI_2015_08_26_Instance_322273" />
    <annotator id="CHEBI_2015_08_26_Instance_10000">Mike Bada, University of Colorado Anschutz Medical Campus</annotator>
    <span start="21039" end="21048" />
    <spannedText>luciferin</spannedText>
  </annotation>
  <annotation>
    <mention id="CHEBI_2015_08_26_Instance_322275" />
    <annotator id="CHEBI_2015_08_26_Instance_10000">Mike Bada, University of Colorado Anschutz Medical Campus</annotator>
    <span start="25296" end="25304" />
    <spannedText>molecule</spannedText>
  </annotation>
  <annotation>
    <mention id="CHEBI_2015_08_26_Instance_322277" />
    <annotator id="CHEBI_2015_08_26_Instance_10000">Mike Bada, University of Colorado Anschutz Medical Campus</annotator>
    <span start="25472" end="25483" />
    <spannedText>doxycycline</spannedText>
  </annotation>
  <annotation>
    <mention id="CHEBI_2015_08_26_Instance_322279" />
    <annotator id="CHEBI_2015_08_26_Instance_10000">Mike Bada, University of Colorado Anschutz Medical Campus</annotator>
    <span start="25591" end="25602" />
    <spannedText>doxycycline</spannedText>
  </annotation>
  <annotation>
    <mention id="CHEBI_2015_08_26_Instance_322281" />
    <annotator id="CHEBI_2015_08_26_Instance_10000">Mike Bada, University of Colorado Anschutz Medical Campus</annotator>
    <span start="25948" end="25951" />
    <spannedText>Tet</spannedText>
  </annotation>
  <annotation>
    <mention id="CHEBI_2015_08_26_Instance_322283" />
    <annotator id="CHEBI_2015_08_26_Instance_10000">Mike Bada, University of Colorado Anschutz Medical Campus</annotator>
    <span start="26279" end="26290" />
    <spannedText>doxycycline</spannedText>
  </annotation>
  <annotation>
    <mention id="CHEBI_2015_08_26_Instance_322285" />
    <annotator id="CHEBI_2015_08_26_Instance_10000">Mike Bada, University of Colorado Anschutz Medical Campus</annotator>
    <span start="26575" end="26586" />
    <spannedText>doxycycline</spannedText>
  </annotation>
  <annotation>
    <mention id="CHEBI_2015_08_26_Instance_322327" />
    <annotator id="CHEBI_2015_08_26_Instance_10000">Mike Bada, University of Colorado Anschutz Medical Campus</annotator>
    <span start="37554" end="37565" />
    <spannedText>Doxycycline</spannedText>
  </annotation>
  <annotation>
    <mention id="CHEBI_2015_08_26_Instance_322337" />
    <annotator id="CHEBI_2015_08_26_Instance_10000">Mike Bada, University of Colorado Anschutz Medical Campus</annotator>
    <span start="38361" end="38368" />
    <spannedText>mixture</spannedText>
  </annotation>
  <annotation>
    <mention id="CHEBI_2015_08_26_Instance_322355" />
    <annotator id="CHEBI_2015_08_26_Instance_10000">Mike Bada, University of Colorado Anschutz Medical Campus</annotator>
    <span start="41112" end="41116" />
    <spannedText>PVDF</spannedText>
  </annotation>
  <annotation>
    <mention id="CHEBI_2015_08_26_Instance_322357" />
    <annotator id="CHEBI_2015_08_26_Instance_10000">Mike Bada, University of Colorado Anschutz Medical Campus</annotator>
    <span start="41351" end="41359" />
    <spannedText>Tween 20</spannedText>
  </annotation>
  <annotation>
    <mention id="CHEBI_2015_08_26_Instance_322359" />
    <annotator id="CHEBI_2015_08_26_Instance_10000">Mike Bada, University of Colorado Anschutz Medical Campus</annotator>
    <span start="41459" end="41470" />
    <spannedText>doxycycline</spannedText>
  </annotation>
  <annotation>
    <mention id="CHEBI_2015_08_26_Instance_322361" />
    <annotator id="CHEBI_2015_08_26_Instance_10000">Mike Bada, University of Colorado Anschutz Medical Campus</annotator>
    <span start="41561" end="41570" />
    <spannedText>luciferin</spannedText>
  </annotation>
  <annotation>
    <mention id="CHEBI_2015_08_26_Instance_322363" />
    <annotator id="CHEBI_2015_08_26_Instance_10000">Mike Bada, University of Colorado Anschutz Medical Campus</annotator>
    <span start="41868" end="41879" />
    <spannedText>Doxycycline</spannedText>
  </annotation>
  <annotation>
    <mention id="CHEBI_2015_08_26_Instance_322365" />
    <annotator id="CHEBI_2015_08_26_Instance_10000">Mike Bada, University of Colorado Anschutz Medical Campus</annotator>
    <span start="41889" end="41906" />
    <spannedText>sodium saccharine</spannedText>
  </annotation>
  <annotation>
    <mention id="CHEBI_2015_08_26_Instance_322375" />
    <annotator id="CHEBI_2015_08_26_Instance_10000">Mike Bada, University of Colorado Anschutz Medical Campus</annotator>
    <span start="45348" end="45356" />
    <spannedText>molecule</spannedText>
  </annotation>
  <annotation>
    <mention id="CHEBI_2015_08_26_Instance_322379" />
    <annotator id="CHEBI_2015_08_26_Instance_10000">Mike Bada, University of Colorado Anschutz Medical Campus</annotator>
    <span start="45845" end="45856" />
    <spannedText>doxycycline</spannedText>
  </annotation>
  <annotation>
    <mention id="CHEBI_2015_08_26_Instance_322387" />
    <annotator id="CHEBI_2015_08_26_Instance_10000">Mike Bada, University of Colorado Anschutz Medical Campus</annotator>
    <span start="49236" end="49247" />
    <spannedText>doxycycline</spannedText>
  </annotation>
  <annotation>
    <mention id="CHEBI_2015_08_26_Instance_331304" />
    <annotator id="CHEBI_2015_08_26_Instance_10000">Mike Bada, University of Colorado Anschutz Medical Campus</annotator>
    <span start="37195" end="37202" />
    <spannedText>Reagent</spannedText>
  </annotation>
  <annotation>
    <mention id="CHEBI_2015_08_26_Instance_331540" />
    <annotator id="CHEBI_2015_08_26_Instance_10000">Mike Bada, University of Colorado Anschutz Medical Campus</annotator>
    <span start="37008" end="37012" />
    <spannedText>G418</spannedText>
  </annotation>
  <classMention id="CHEBI_2015_08_26_Instance_30981">
    <mentionClass id="CHEBI:17939">puromycin</mentionClass>
  </classMention>
  <classMention id="CHEBI_2015_08_26_Instance_30987">
    <mentionClass id="CHEBI:18320">1,4-dithiothreitol</mentionClass>
  </classMention>
  <classMention id="CHEBI_2015_08_26_Instance_30991">
    <mentionClass id="CHEBI:15377">water</mentionClass>
  </classMention>
  <classMention id="CHEBI_2015_08_26_Instance_30995">
    <mentionClass id="CHEBI:6636">magnesium dichloride</mentionClass>
  </classMention>
  <classMention id="CHEBI_2015_08_26_Instance_322177">
    <mentionClass id="CHEBI:25435">mutagen</mentionClass>
  </classMention>
  <classMention id="CHEBI_2015_08_26_Instance_30997">
    <mentionClass id="CHEBI:16236">ethanol</mentionClass>
  </classMention>
  <classMention id="CHEBI_2015_08_26_Instance_322179">
    <mentionClass id="CHEBI:36357">polyatomic entity</mentionClass>
  </classMention>
  <classMention id="CHEBI_2015_08_26_Instance_30999">
    <mentionClass id="CHEBI:9754">tris</mentionClass>
  </classMention>
  <classMention id="CHEBI_2015_08_26_Instance_322181">
    <mentionClass id="CHEBI:50845">doxycycline</mentionClass>
  </classMention>
  <classMention id="CHEBI_2015_08_26_Instance_322183">
    <mentionClass id="CHEBI:50845">doxycycline</mentionClass>
  </classMention>
  <classMention id="CHEBI_2015_08_26_Instance_31001">
    <mentionClass id="CHEBI:17996">chloride</mentionClass>
  </classMention>
  <classMention id="CHEBI_2015_08_26_Instance_322185">
    <mentionClass id="CHEBI:36357">polyatomic entity</mentionClass>
  </classMention>
  <classMention id="CHEBI_2015_08_26_Instance_31005">
    <mentionClass id="CHEBI:8984">sodium dodecyl sulfate</mentionClass>
  </classMention>
  <classMention id="CHEBI_2015_08_26_Instance_322187">
    <mentionClass id="CHEBI:25435">mutagen</mentionClass>
  </classMention>
  <classMention id="CHEBI_2015_08_26_Instance_31007">
    <mentionClass id="CHEBI:9754">tris</mentionClass>
  </classMention>
  <classMention id="CHEBI_2015_08_26_Instance_31009">
    <mentionClass id="CHEBI:17883">hydrogen chloride</mentionClass>
  </classMention>
  <classMention id="CHEBI_2015_08_26_Instance_322193">
    <mentionClass id="CHEBI:36357">polyatomic entity</mentionClass>
  </classMention>
  <classMention id="CHEBI_2015_08_26_Instance_31011">
    <mentionClass id="CHEBI:26710">sodium chloride</mentionClass>
  </classMention>
  <classMention id="CHEBI_2015_08_26_Instance_322195">
    <mentionClass id="CHEBI:36357">polyatomic entity</mentionClass>
  </classMention>
  <classMention id="CHEBI_2015_08_26_Instance_31013">
    <mentionClass id="CHEBI:33893">reagent</mentionClass>
  </classMention>
  <classMention id="CHEBI_2015_08_26_Instance_322197">
    <mentionClass id="CHEBI:25435">mutagen</mentionClass>
  </classMention>
  <classMention id="CHEBI_2015_08_26_Instance_31015">
    <mentionClass id="CHEBI:15377">water</mentionClass>
  </classMention>
  <classMention id="CHEBI_2015_08_26_Instance_322199">
    <mentionClass id="CHEBI:27902">tetracycline</mentionClass>
  </classMention>
  <classMention id="CHEBI_2015_08_26_Instance_31019">
    <mentionClass id="CHEBI:27902">tetracycline</mentionClass>
  </classMention>
  <classMention id="CHEBI_2015_08_26_Instance_322201">
    <mentionClass id="CHEBI:27902">tetracycline</mentionClass>
  </classMention>
  <classMention id="CHEBI_2015_08_26_Instance_31021">
    <mentionClass id="CHEBI:27902">tetracycline</mentionClass>
  </classMention>
  <classMention id="CHEBI_2015_08_26_Instance_322213">
    <mentionClass id="CHEBI:42768">geneticin</mentionClass>
  </classMention>
  <classMention id="CHEBI_2015_08_26_Instance_31023">
    <mentionClass id="CHEBI:30212">photon</mentionClass>
  </classMention>
  <classMention id="CHEBI_2015_08_26_Instance_322215">
    <mentionClass id="CHEBI:42768">geneticin</mentionClass>
  </classMention>
  <classMention id="CHEBI_2015_08_26_Instance_31025">
    <mentionClass id="CHEBI:30212">photon</mentionClass>
  </classMention>
  <classMention id="CHEBI_2015_08_26_Instance_322217">
    <mentionClass id="CHEBI:42768">geneticin</mentionClass>
  </classMention>
  <classMention id="CHEBI_2015_08_26_Instance_322219">
    <mentionClass id="CHEBI:42768">geneticin</mentionClass>
  </classMention>
  <classMention id="CHEBI_2015_08_26_Instance_322221">
    <mentionClass id="CHEBI:50845">doxycycline</mentionClass>
  </classMention>
  <classMention id="CHEBI_2015_08_26_Instance_322223">
    <mentionClass id="CHEBI:50845">doxycycline</mentionClass>
  </classMention>
  <classMention id="CHEBI_2015_08_26_Instance_322225">
    <mentionClass id="CHEBI:50845">doxycycline</mentionClass>
  </classMention>
  <classMention id="CHEBI_2015_08_26_Instance_322231">
    <mentionClass id="CHEBI:36357">polyatomic entity</mentionClass>
  </classMention>
  <classMention id="CHEBI_2015_08_26_Instance_322233">
    <mentionClass id="CHEBI:50845">doxycycline</mentionClass>
  </classMention>
  <classMention id="CHEBI_2015_08_26_Instance_322241">
    <mentionClass id="CHEBI:25435">mutagen</mentionClass>
  </classMention>
  <classMention id="CHEBI_2015_08_26_Instance_322243">
    <mentionClass id="CHEBI:25435">mutagen</mentionClass>
  </classMention>
  <classMention id="CHEBI_2015_08_26_Instance_322271">
    <mentionClass id="CHEBI:50845">doxycycline</mentionClass>
  </classMention>
  <classMention id="CHEBI_2015_08_26_Instance_322273">
    <mentionClass id="CHEBI:25078">luciferin</mentionClass>
  </classMention>
  <classMention id="CHEBI_2015_08_26_Instance_322275">
    <mentionClass id="CHEBI:36357">polyatomic entity</mentionClass>
  </classMention>
  <classMention id="CHEBI_2015_08_26_Instance_322277">
    <mentionClass id="CHEBI:50845">doxycycline</mentionClass>
  </classMention>
  <classMention id="CHEBI_2015_08_26_Instance_322279">
    <mentionClass id="CHEBI:50845">doxycycline</mentionClass>
  </classMention>
  <classMention id="CHEBI_2015_08_26_Instance_322281">
    <mentionClass id="CHEBI:27902">tetracycline</mentionClass>
  </classMention>
  <classMention id="CHEBI_2015_08_26_Instance_322283">
    <mentionClass id="CHEBI:50845">doxycycline</mentionClass>
  </classMention>
  <classMention id="CHEBI_2015_08_26_Instance_322285">
    <mentionClass id="CHEBI:50845">doxycycline</mentionClass>
  </classMention>
  <classMention id="CHEBI_2015_08_26_Instance_322327">
    <mentionClass id="CHEBI:50845">doxycycline</mentionClass>
  </classMention>
  <classMention id="CHEBI_2015_08_26_Instance_322337">
    <mentionClass id="CHEBI:60004">mixture</mentionClass>
  </classMention>
  <classMention id="CHEBI_2015_08_26_Instance_322355">
    <mentionClass id="CHEBI:53250">poly(vinylene fluoride)</mentionClass>
  </classMention>
  <classMention id="CHEBI_2015_08_26_Instance_331304">
    <mentionClass id="CHEBI:33893">reagent</mentionClass>
  </classMention>
  <classMention id="CHEBI_2015_08_26_Instance_322357">
    <mentionClass id="CHEBI:53424">polysorbate 20</mentionClass>
  </classMention>
  <classMention id="CHEBI_2015_08_26_Instance_322359">
    <mentionClass id="CHEBI:50845">doxycycline</mentionClass>
  </classMention>
  <classMention id="CHEBI_2015_08_26_Instance_322361">
    <mentionClass id="CHEBI:25078">luciferin</mentionClass>
  </classMention>
  <classMention id="CHEBI_2015_08_26_Instance_322363">
    <mentionClass id="CHEBI:50845">doxycycline</mentionClass>
  </classMention>
  <classMention id="CHEBI_2015_08_26_Instance_322365">
    <mentionClass id="CHEBI:32112">Saccharin sodium</mentionClass>
  </classMention>
  <classMention id="CHEBI_2015_08_26_Instance_322375">
    <mentionClass id="CHEBI:36357">polyatomic entity</mentionClass>
  </classMention>
  <classMention id="CHEBI_2015_08_26_Instance_322379">
    <mentionClass id="CHEBI:50845">doxycycline</mentionClass>
  </classMention>
  <classMention id="CHEBI_2015_08_26_Instance_322387">
    <mentionClass id="CHEBI:50845">doxycycline</mentionClass>
  </classMention>
  <classMention id="CHEBI_2015_08_26_Instance_331540">
    <mentionClass id="CHEBI:42768">geneticin</mentionClass>
  </classMention>
  <classMention id="CHEBI_2015_08_26_Instance_30935">
    <mentionClass id="CHEBI:27902">tetracycline</mentionClass>
  </classMention>
  <classMention id="CHEBI_2015_08_26_Instance_30937">
    <mentionClass id="CHEBI:27902">tetracycline</mentionClass>
  </classMention>
  <classMention id="CHEBI_2015_08_26_Instance_30939">
    <mentionClass id="CHEBI:17368">hypoxanthine</mentionClass>
  </classMention>
  <classMention id="CHEBI_2015_08_26_Instance_30945">
    <mentionClass id="CHEBI:27902">tetracycline</mentionClass>
  </classMention>
  <classMention id="CHEBI_2015_08_26_Instance_30947">
    <mentionClass id="CHEBI:23888">drug</mentionClass>
  </classMention>
  <classMention id="CHEBI_2015_08_26_Instance_30961">
    <mentionClass id="CHEBI:30212">photon</mentionClass>
  </classMention>
  <classMention id="CHEBI_2015_08_26_Instance_30963">
    <mentionClass id="CHEBI:27902">tetracycline</mentionClass>
  </classMention>
  <classMention id="CHEBI_2015_08_26_Instance_30965">
    <mentionClass id="CHEBI:15377">water</mentionClass>
  </classMention>
  <classMention id="CHEBI_2015_08_26_Instance_30967">
    <mentionClass id="CHEBI:27902">tetracycline</mentionClass>
  </classMention>
  <classMention id="CHEBI_2015_08_26_Instance_30973">
    <mentionClass id="CHEBI:27902">tetracycline</mentionClass>
  </classMention>
  <classMention id="CHEBI_2015_08_26_Instance_30975">
    <mentionClass id="CHEBI:27902">tetracycline</mentionClass>
  </classMention>
  <classMention id="CHEBI_2015_08_26_Instance_30979">
    <mentionClass id="CHEBI:33893">reagent</mentionClass>
  </classMention>
</annotations>

