<?xml version="1.0" encoding="UTF-8"?>
<annotations textSource="17020410.txt">
  <annotation>
    <mention id="CHEBI_2015_08_26_Instance_25133" />
    <annotator id="CHEBI_2015_08_26_Instance_10000">Mike Bada, University of Colorado Anschutz Medical Campus</annotator>
    <span start="2123" end="2135" />
    <spannedText>propinyl-CoA</spannedText>
  </annotation>
  <annotation>
    <mention id="CHEBI_2015_08_26_Instance_26581" />
    <annotator id="CHEBI_2015_08_26_Instance_10000">Mike Bada, University of Colorado Anschutz Medical Campus</annotator>
    <span start="2233" end="2250" />
    <spannedText>methylmalonyl CoA</spannedText>
  </annotation>
  <annotation>
    <mention id="CHEBI_2015_08_26_Instance_31685" />
    <annotator id="CHEBI_2015_08_26_Instance_10000">Mike Bada, University of Colorado Anschutz Medical Campus</annotator>
    <span start="9390" end="9406" />
    <spannedText>ethidium bromide</spannedText>
  </annotation>
  <annotation>
    <mention id="CHEBI_2015_08_26_Instance_31691" />
    <annotator id="CHEBI_2015_08_26_Instance_10000">Mike Bada, University of Colorado Anschutz Medical Campus</annotator>
    <span start="9408" end="9412" />
    <spannedText>EtBr</spannedText>
  </annotation>
  <annotation>
    <mention id="CHEBI_2015_08_26_Instance_31707" />
    <annotator id="CHEBI_2015_08_26_Instance_10000">Mike Bada, University of Colorado Anschutz Medical Campus</annotator>
    <span start="11158" end="11166" />
    <spannedText>electron</spannedText>
  </annotation>
  <annotation>
    <mention id="CHEBI_2015_08_26_Instance_31715" />
    <annotator id="CHEBI_2015_08_26_Instance_10000">Mike Bada, University of Colorado Anschutz Medical Campus</annotator>
    <span start="13898" end="13905" />
    <spannedText>mineral</spannedText>
  </annotation>
  <annotation>
    <mention id="CHEBI_2015_08_26_Instance_31717" />
    <annotator id="CHEBI_2015_08_26_Instance_10000">Mike Bada, University of Colorado Anschutz Medical Campus</annotator>
    <span start="15121" end="15128" />
    <spannedText>mineral</spannedText>
  </annotation>
  <annotation>
    <mention id="CHEBI_2015_08_26_Instance_31719" />
    <annotator id="CHEBI_2015_08_26_Instance_10000">Mike Bada, University of Colorado Anschutz Medical Campus</annotator>
    <span start="15338" end="15345" />
    <spannedText>mineral</spannedText>
  </annotation>
  <annotation>
    <mention id="CHEBI_2015_08_26_Instance_31737" />
    <annotator id="CHEBI_2015_08_26_Instance_10000">Mike Bada, University of Colorado Anschutz Medical Campus</annotator>
    <span start="34460" end="34467" />
    <spannedText>mineral</spannedText>
  </annotation>
  <annotation>
    <mention id="CHEBI_2015_08_26_Instance_31739" />
    <annotator id="CHEBI_2015_08_26_Instance_10000">Mike Bada, University of Colorado Anschutz Medical Campus</annotator>
    <span start="36439" end="36447" />
    <spannedText>reagents</spannedText>
  </annotation>
  <annotation>
    <mention id="CHEBI_2015_08_26_Instance_322793" />
    <annotator id="CHEBI_2015_08_26_Instance_10000">Mike Bada, University of Colorado Anschutz Medical Campus</annotator>
    <span start="2153" end="2170" />
    <spannedText>argininosuccinate</spannedText>
  </annotation>
  <annotation>
    <mention id="CHEBI_2015_08_26_Instance_322795" />
    <annotator id="CHEBI_2015_08_26_Instance_10000">Mike Bada, University of Colorado Anschutz Medical Campus</annotator>
    <span start="2182" end="2203" />
    <spannedText>galactose-1-phosphate</spannedText>
  </annotation>
  <annotation>
    <mention id="CHEBI_2015_08_26_Instance_322893" />
    <annotator id="CHEBI_2015_08_26_Instance_10000">Mike Bada, University of Colorado Anschutz Medical Campus</annotator>
    <span start="29088" end="29097" />
    <spannedText>molecules</spannedText>
  </annotation>
  <annotation>
    <mention id="CHEBI_2015_08_26_Instance_322895" />
    <annotator id="CHEBI_2015_08_26_Instance_10000">Mike Bada, University of Colorado Anschutz Medical Campus</annotator>
    <span start="29179" end="29188" />
    <spannedText>molecules</spannedText>
  </annotation>
  <annotation>
    <mention id="CHEBI_2015_08_26_Instance_322903" />
    <annotator id="CHEBI_2015_08_26_Instance_10000">Mike Bada, University of Colorado Anschutz Medical Campus</annotator>
    <span start="32473" end="32486" />
    <spannedText>methylmalonic</spannedText>
  </annotation>
  <annotation>
    <mention id="CHEBI_2015_08_26_Instance_322907" />
    <annotator id="CHEBI_2015_08_26_Instance_10000">Mike Bada, University of Colorado Anschutz Medical Campus</annotator>
    <span start="34185" end="34197" />
    <spannedText>Haematoxylin</spannedText>
  </annotation>
  <annotation>
    <mention id="CHEBI_2015_08_26_Instance_330780" />
    <annotator id="CHEBI_2015_08_26_Instance_10000">Mike Bada, University of Colorado Anschutz Medical Campus</annotator>
    <span start="7858" end="7864" />
    <spannedText>globin</spannedText>
  </annotation>
  <annotation>
    <mention id="CHEBI_2015_08_26_Instance_330782" />
    <annotator id="CHEBI_2015_08_26_Instance_10000">Mike Bada, University of Colorado Anschutz Medical Campus</annotator>
    <span start="7980" end="7986" />
    <spannedText>globin</spannedText>
  </annotation>
  <classMention id="CHEBI_2015_08_26_Instance_330782">
    <mentionClass id="CHEBI:5386">globin</mentionClass>
  </classMention>
  <classMention id="CHEBI_2015_08_26_Instance_31717">
    <mentionClass id="CHEBI:46662">mineral</mentionClass>
  </classMention>
  <classMention id="CHEBI_2015_08_26_Instance_25133">
    <mentionClass id="CHEBI:15539">propionyl-CoA</mentionClass>
  </classMention>
  <classMention id="CHEBI_2015_08_26_Instance_31719">
    <mentionClass id="CHEBI:46662">mineral</mentionClass>
  </classMention>
  <classMention id="CHEBI_2015_08_26_Instance_31737">
    <mentionClass id="CHEBI:46662">mineral</mentionClass>
  </classMention>
  <classMention id="CHEBI_2015_08_26_Instance_31739">
    <mentionClass id="CHEBI:33893">reagent</mentionClass>
  </classMention>
  <classMention id="CHEBI_2015_08_26_Instance_322793">
    <mentionClass id="CHEBI:57472">(N(omega)-L-arginino)succinate(1-)</mentionClass>
  </classMention>
  <classMention id="CHEBI_2015_08_26_Instance_322795">
    <mentionClass id="CHEBI:53025">L-galactose 1-phosphate</mentionClass>
  </classMention>
  <classMention id="CHEBI_2015_08_26_Instance_322893">
    <mentionClass id="CHEBI:36357">polyatomic entity</mentionClass>
  </classMention>
  <classMention id="CHEBI_2015_08_26_Instance_322895">
    <mentionClass id="CHEBI:36357">polyatomic entity</mentionClass>
  </classMention>
  <classMention id="CHEBI_2015_08_26_Instance_322903">
    <mentionClass id="CHEBI:30860">methylmalonic acid</mentionClass>
  </classMention>
  <classMention id="CHEBI_2015_08_26_Instance_322907">
    <mentionClass id="CHEBI:51686">haematoxylin</mentionClass>
  </classMention>
  <classMention id="CHEBI_2015_08_26_Instance_26581">
    <mentionClass id="CHEBI:16625">methylmalonyl-CoA</mentionClass>
  </classMention>
  <classMention id="CHEBI_2015_08_26_Instance_31685">
    <mentionClass id="CHEBI:4883">ethidium bromide</mentionClass>
  </classMention>
  <classMention id="CHEBI_2015_08_26_Instance_31691">
    <mentionClass id="CHEBI:4883">ethidium bromide</mentionClass>
  </classMention>
  <classMention id="CHEBI_2015_08_26_Instance_31707">
    <mentionClass id="CHEBI:10545">electron</mentionClass>
  </classMention>
  <classMention id="CHEBI_2015_08_26_Instance_330780">
    <mentionClass id="CHEBI:5386">globin</mentionClass>
  </classMention>
  <classMention id="CHEBI_2015_08_26_Instance_31715">
    <mentionClass id="CHEBI:46662">mineral</mentionClass>
  </classMention>
</annotations>

