<?xml version="1.0" encoding="UTF-8"?>
<annotations textSource="17069463.txt">
  <annotation>
    <mention id="CHEBI_2015_08_26_Instance_21375" />
    <annotator id="CHEBI_2015_08_26_Instance_10000">Mike Bada, University of Colorado Anschutz Medical Campus</annotator>
    <span start="103" end="110" />
    <spannedText>Glucose</spannedText>
  </annotation>
  <annotation>
    <mention id="CHEBI_2015_08_26_Instance_24023" />
    <annotator id="CHEBI_2015_08_26_Instance_10000">Mike Bada, University of Colorado Anschutz Medical Campus</annotator>
    <span start="8127" end="8139" />
    <spannedText>cytochrome c</spannedText>
  </annotation>
  <annotation>
    <mention id="CHEBI_2015_08_26_Instance_27855" />
    <annotator id="CHEBI_2015_08_26_Instance_10000">Mike Bada, University of Colorado Anschutz Medical Campus</annotator>
    <span start="14743" end="14752" />
    <spannedText>inhibitor</spannedText>
  </annotation>
  <annotation>
    <mention id="CHEBI_2015_08_26_Instance_31247" />
    <annotator id="CHEBI_2015_08_26_Instance_10000">Mike Bada, University of Colorado Anschutz Medical Campus</annotator>
    <span start="37764" end="37768" />
    <spannedText>drug</spannedText>
  </annotation>
  <annotation>
    <mention id="CHEBI_2015_08_26_Instance_323193" />
    <annotator id="CHEBI_2015_08_26_Instance_10000">Mike Bada, University of Colorado Anschutz Medical Campus</annotator>
    <span start="1139" end="1148" />
    <spannedText>inhibitor</spannedText>
  </annotation>
  <annotation>
    <mention id="CHEBI_2015_08_26_Instance_323221" />
    <annotator id="CHEBI_2015_08_26_Instance_10000">Mike Bada, University of Colorado Anschutz Medical Campus</annotator>
    <span start="9577" end="9581" />
    <spannedText>urea</spannedText>
  </annotation>
  <annotation>
    <mention id="CHEBI_2015_08_26_Instance_323224" />
    <annotator id="CHEBI_2015_08_26_Instance_10000">Mike Bada, University of Colorado Anschutz Medical Campus</annotator>
    <span start="9886" end="9902" />
    <spannedText>prosthetic group</spannedText>
  </annotation>
  <annotation>
    <mention id="CHEBI_2015_08_26_Instance_323266" />
    <annotator id="CHEBI_2015_08_26_Instance_10000">Mike Bada, University of Colorado Anschutz Medical Campus</annotator>
    <span start="13318" end="13327" />
    <spannedText>inhibitor</spannedText>
  </annotation>
  <annotation>
    <mention id="CHEBI_2015_08_26_Instance_323276" />
    <annotator id="CHEBI_2015_08_26_Instance_10000">Mike Bada, University of Colorado Anschutz Medical Campus</annotator>
    <span start="20043" end="20048" />
    <spannedText>X-gal</spannedText>
  </annotation>
  <annotation>
    <mention id="CHEBI_2015_08_26_Instance_323298" />
    <annotator id="CHEBI_2015_08_26_Instance_10000">Mike Bada, University of Colorado Anschutz Medical Campus</annotator>
    <span start="29370" end="29378" />
    <spannedText>ketamine</spannedText>
  </annotation>
  <annotation>
    <mention id="CHEBI_2015_08_26_Instance_323308" />
    <annotator id="CHEBI_2015_08_26_Instance_10000">Mike Bada, University of Colorado Anschutz Medical Campus</annotator>
    <span start="31817" end="31826" />
    <spannedText>molecules</spannedText>
  </annotation>
  <annotation>
    <mention id="CHEBI_2015_08_26_Instance_323310" />
    <annotator id="CHEBI_2015_08_26_Instance_10000">Mike Bada, University of Colorado Anschutz Medical Campus</annotator>
    <span start="31921" end="31929" />
    <spannedText>molecule</spannedText>
  </annotation>
  <annotation>
    <mention id="CHEBI_2015_08_26_Instance_323312" />
    <annotator id="CHEBI_2015_08_26_Instance_10000">Mike Bada, University of Colorado Anschutz Medical Campus</annotator>
    <span start="32678" end="32684" />
    <spannedText>buffer</spannedText>
  </annotation>
  <annotation>
    <mention id="CHEBI_2015_08_26_Instance_323338" />
    <annotator id="CHEBI_2015_08_26_Instance_10000">Mike Bada, University of Colorado Anschutz Medical Campus</annotator>
    <span start="37770" end="37784" />
    <spannedText>R-(-)-deprenyl</spannedText>
  </annotation>
  <annotation>
    <mention id="CHEBI_2015_08_26_Instance_323360" />
    <annotator id="CHEBI_2015_08_26_Instance_10000">Mike Bada, University of Colorado Anschutz Medical Campus</annotator>
    <span start="43000" end="43005" />
    <spannedText>CHAPS</spannedText>
  </annotation>
  <annotation>
    <mention id="CHEBI_2015_08_26_Instance_323362" />
    <annotator id="CHEBI_2015_08_26_Instance_10000">Mike Bada, University of Colorado Anschutz Medical Campus</annotator>
    <span start="43559" end="43564" />
    <spannedText>CHAPS</spannedText>
  </annotation>
  <annotation>
    <mention id="CHEBI_2015_08_26_Instance_323364" />
    <annotator id="CHEBI_2015_08_26_Instance_10000">Mike Bada, University of Colorado Anschutz Medical Campus</annotator>
    <span start="43870" end="43889" />
    <spannedText>glucose-6-phosphate</spannedText>
  </annotation>
  <annotation>
    <mention id="CHEBI_2015_08_26_Instance_323366" />
    <annotator id="CHEBI_2015_08_26_Instance_10000">Mike Bada, University of Colorado Anschutz Medical Campus</annotator>
    <span start="43905" end="43924" />
    <spannedText>glucose-6-phosphate</spannedText>
  </annotation>
  <annotation>
    <mention id="CHEBI_2015_08_26_Instance_323368" />
    <annotator id="CHEBI_2015_08_26_Instance_10000">Mike Bada, University of Colorado Anschutz Medical Campus</annotator>
    <span start="44269" end="44288" />
    <spannedText>glucose 6-phosphate</spannedText>
  </annotation>
  <annotation>
    <mention id="CHEBI_2015_08_26_Instance_323372" />
    <annotator id="CHEBI_2015_08_26_Instance_10000">Mike Bada, University of Colorado Anschutz Medical Campus</annotator>
    <span start="44144" end="44151" />
    <spannedText>mixture</spannedText>
  </annotation>
  <annotation>
    <mention id="CHEBI_2015_08_26_Instance_323380" />
    <annotator id="CHEBI_2015_08_26_Instance_10000">Mike Bada, University of Colorado Anschutz Medical Campus</annotator>
    <span start="44237" end="44253" />
    <spannedText>monothioglycerol</spannedText>
  </annotation>
  <annotation>
    <mention id="CHEBI_2015_08_26_Instance_323388" />
    <annotator id="CHEBI_2015_08_26_Instance_10000">Mike Bada, University of Colorado Anschutz Medical Campus</annotator>
    <span start="45964" end="45973" />
    <spannedText>Alexa 488</spannedText>
  </annotation>
  <annotation>
    <mention id="CHEBI_2015_08_26_Instance_323390" />
    <annotator id="CHEBI_2015_08_26_Instance_10000">Mike Bada, University of Colorado Anschutz Medical Campus</annotator>
    <span start="45979" end="45988" />
    <spannedText>Alexa 594</spannedText>
  </annotation>
  <annotation>
    <mention id="CHEBI_2015_08_26_Instance_323400" />
    <annotator id="CHEBI_2015_08_26_Instance_10000">Mike Bada, University of Colorado Anschutz Medical Campus</annotator>
    <span start="48912" end="48960" />
    <spannedText>5-bromo-4-chloro-3-indolyl β-D-galactopyranoside</spannedText>
  </annotation>
  <annotation>
    <mention id="CHEBI_2015_08_26_Instance_323402" />
    <annotator id="CHEBI_2015_08_26_Instance_10000">Mike Bada, University of Colorado Anschutz Medical Campus</annotator>
    <span start="48995" end="49031" />
    <spannedText>5-bromo-4-chloro-3-indolyl phosphate</spannedText>
  </annotation>
  <annotation>
    <mention id="CHEBI_2015_08_26_Instance_323416" />
    <annotator id="CHEBI_2015_08_26_Instance_10000">Mike Bada, University of Colorado Anschutz Medical Campus</annotator>
    <span start="49735" end="49747" />
    <spannedText>Tris-Acetate</spannedText>
  </annotation>
  <annotation>
    <mention id="CHEBI_2015_08_26_Instance_323424" />
    <annotator id="CHEBI_2015_08_26_Instance_10000">Mike Bada, University of Colorado Anschutz Medical Campus</annotator>
    <span start="51482" end="51490" />
    <spannedText>ketamine</spannedText>
  </annotation>
  <annotation>
    <mention id="CHEBI_2015_08_26_Instance_323426" />
    <annotator id="CHEBI_2015_08_26_Instance_10000">Mike Bada, University of Colorado Anschutz Medical Campus</annotator>
    <span start="51658" end="51669" />
    <spannedText>tropicamide</spannedText>
  </annotation>
  <annotation>
    <mention id="CHEBI_2015_08_26_Instance_323428" />
    <annotator id="CHEBI_2015_08_26_Instance_10000">Mike Bada, University of Colorado Anschutz Medical Campus</annotator>
    <span start="51679" end="51696" />
    <spannedText>phenylephrine HCl</spannedText>
  </annotation>
  <annotation>
    <mention id="CHEBI_2015_08_26_Instance_323434" />
    <annotator id="CHEBI_2015_08_26_Instance_10000">Mike Bada, University of Colorado Anschutz Medical Campus</annotator>
    <span start="51812" end="51824" />
    <spannedText>proparacaine</spannedText>
  </annotation>
  <annotation>
    <mention id="CHEBI_2015_08_26_Instance_32349" />
    <annotator id="CHEBI_2015_08_26_Instance_10000">Mike Bada, University of Colorado Anschutz Medical Campus</annotator>
    <span start="1617" end="1624" />
    <spannedText>glucose</spannedText>
  </annotation>
  <annotation>
    <mention id="CHEBI_2015_08_26_Instance_32351" />
    <annotator id="CHEBI_2015_08_26_Instance_10000">Mike Bada, University of Colorado Anschutz Medical Campus</annotator>
    <span start="1658" end="1665" />
    <spannedText>glucose</spannedText>
  </annotation>
  <annotation>
    <mention id="CHEBI_2015_08_26_Instance_32353" />
    <annotator id="CHEBI_2015_08_26_Instance_10000">Mike Bada, University of Colorado Anschutz Medical Campus</annotator>
    <span start="1901" end="1908" />
    <spannedText>glucose</spannedText>
  </annotation>
  <annotation>
    <mention id="CHEBI_2015_08_26_Instance_32355" />
    <annotator id="CHEBI_2015_08_26_Instance_10000">Mike Bada, University of Colorado Anschutz Medical Campus</annotator>
    <span start="3178" end="3185" />
    <spannedText>glucose</spannedText>
  </annotation>
  <annotation>
    <mention id="CHEBI_2015_08_26_Instance_32357" />
    <annotator id="CHEBI_2015_08_26_Instance_10000">Mike Bada, University of Colorado Anschutz Medical Campus</annotator>
    <span start="7709" end="7716" />
    <spannedText>glucose</spannedText>
  </annotation>
  <annotation>
    <mention id="CHEBI_2015_08_26_Instance_32359" />
    <annotator id="CHEBI_2015_08_26_Instance_10000">Mike Bada, University of Colorado Anschutz Medical Campus</annotator>
    <span start="13368" end="13375" />
    <spannedText>glucose</spannedText>
  </annotation>
  <annotation>
    <mention id="CHEBI_2015_08_26_Instance_32361" />
    <annotator id="CHEBI_2015_08_26_Instance_10000">Mike Bada, University of Colorado Anschutz Medical Campus</annotator>
    <span start="13548" end="13555" />
    <spannedText>glucose</spannedText>
  </annotation>
  <annotation>
    <mention id="CHEBI_2015_08_26_Instance_32363" />
    <annotator id="CHEBI_2015_08_26_Instance_10000">Mike Bada, University of Colorado Anschutz Medical Campus</annotator>
    <span start="14196" end="14203" />
    <spannedText>glucose</spannedText>
  </annotation>
  <annotation>
    <mention id="CHEBI_2015_08_26_Instance_32365" />
    <annotator id="CHEBI_2015_08_26_Instance_10000">Mike Bada, University of Colorado Anschutz Medical Campus</annotator>
    <span start="14532" end="14539" />
    <spannedText>glucose</spannedText>
  </annotation>
  <annotation>
    <mention id="CHEBI_2015_08_26_Instance_32367" />
    <annotator id="CHEBI_2015_08_26_Instance_10000">Mike Bada, University of Colorado Anschutz Medical Campus</annotator>
    <span start="14810" end="14817" />
    <spannedText>glucose</spannedText>
  </annotation>
  <annotation>
    <mention id="CHEBI_2015_08_26_Instance_32369" />
    <annotator id="CHEBI_2015_08_26_Instance_10000">Mike Bada, University of Colorado Anschutz Medical Campus</annotator>
    <span start="14892" end="14899" />
    <spannedText>glucose</spannedText>
  </annotation>
  <annotation>
    <mention id="CHEBI_2015_08_26_Instance_32371" />
    <annotator id="CHEBI_2015_08_26_Instance_10000">Mike Bada, University of Colorado Anschutz Medical Campus</annotator>
    <span start="15207" end="15214" />
    <spannedText>glucose</spannedText>
  </annotation>
  <annotation>
    <mention id="CHEBI_2015_08_26_Instance_32373" />
    <annotator id="CHEBI_2015_08_26_Instance_10000">Mike Bada, University of Colorado Anschutz Medical Campus</annotator>
    <span start="15385" end="15392" />
    <spannedText>glucose</spannedText>
  </annotation>
  <annotation>
    <mention id="CHEBI_2015_08_26_Instance_32375" />
    <annotator id="CHEBI_2015_08_26_Instance_10000">Mike Bada, University of Colorado Anschutz Medical Campus</annotator>
    <span start="25233" end="25240" />
    <spannedText>glucose</spannedText>
  </annotation>
  <annotation>
    <mention id="CHEBI_2015_08_26_Instance_32377" />
    <annotator id="CHEBI_2015_08_26_Instance_10000">Mike Bada, University of Colorado Anschutz Medical Campus</annotator>
    <span start="25283" end="25290" />
    <spannedText>glucose</spannedText>
  </annotation>
  <annotation>
    <mention id="CHEBI_2015_08_26_Instance_32379" />
    <annotator id="CHEBI_2015_08_26_Instance_10000">Mike Bada, University of Colorado Anschutz Medical Campus</annotator>
    <span start="25379" end="25386" />
    <spannedText>glucose</spannedText>
  </annotation>
  <annotation>
    <mention id="CHEBI_2015_08_26_Instance_32381" />
    <annotator id="CHEBI_2015_08_26_Instance_10000">Mike Bada, University of Colorado Anschutz Medical Campus</annotator>
    <span start="25525" end="25532" />
    <spannedText>glucose</spannedText>
  </annotation>
  <annotation>
    <mention id="CHEBI_2015_08_26_Instance_32383" />
    <annotator id="CHEBI_2015_08_26_Instance_10000">Mike Bada, University of Colorado Anschutz Medical Campus</annotator>
    <span start="25668" end="25675" />
    <spannedText>glucose</spannedText>
  </annotation>
  <annotation>
    <mention id="CHEBI_2015_08_26_Instance_32385" />
    <annotator id="CHEBI_2015_08_26_Instance_10000">Mike Bada, University of Colorado Anschutz Medical Campus</annotator>
    <span start="25883" end="25890" />
    <spannedText>glucose</spannedText>
  </annotation>
  <annotation>
    <mention id="CHEBI_2015_08_26_Instance_32387" />
    <annotator id="CHEBI_2015_08_26_Instance_10000">Mike Bada, University of Colorado Anschutz Medical Campus</annotator>
    <span start="26014" end="26021" />
    <spannedText>glucose</spannedText>
  </annotation>
  <annotation>
    <mention id="CHEBI_2015_08_26_Instance_32389" />
    <annotator id="CHEBI_2015_08_26_Instance_10000">Mike Bada, University of Colorado Anschutz Medical Campus</annotator>
    <span start="26125" end="26132" />
    <spannedText>Glucose</spannedText>
  </annotation>
  <annotation>
    <mention id="CHEBI_2015_08_26_Instance_32391" />
    <annotator id="CHEBI_2015_08_26_Instance_10000">Mike Bada, University of Colorado Anschutz Medical Campus</annotator>
    <span start="26201" end="26208" />
    <spannedText>glucose</spannedText>
  </annotation>
  <annotation>
    <mention id="CHEBI_2015_08_26_Instance_32393" />
    <annotator id="CHEBI_2015_08_26_Instance_10000">Mike Bada, University of Colorado Anschutz Medical Campus</annotator>
    <span start="26376" end="26383" />
    <spannedText>glucose</spannedText>
  </annotation>
  <annotation>
    <mention id="CHEBI_2015_08_26_Instance_32395" />
    <annotator id="CHEBI_2015_08_26_Instance_10000">Mike Bada, University of Colorado Anschutz Medical Campus</annotator>
    <span start="26534" end="26541" />
    <spannedText>glucose</spannedText>
  </annotation>
  <annotation>
    <mention id="CHEBI_2015_08_26_Instance_32397" />
    <annotator id="CHEBI_2015_08_26_Instance_10000">Mike Bada, University of Colorado Anschutz Medical Campus</annotator>
    <span start="26686" end="26693" />
    <spannedText>glucose</spannedText>
  </annotation>
  <annotation>
    <mention id="CHEBI_2015_08_26_Instance_32399" />
    <annotator id="CHEBI_2015_08_26_Instance_10000">Mike Bada, University of Colorado Anschutz Medical Campus</annotator>
    <span start="26738" end="26745" />
    <spannedText>glucose</spannedText>
  </annotation>
  <annotation>
    <mention id="CHEBI_2015_08_26_Instance_32401" />
    <annotator id="CHEBI_2015_08_26_Instance_10000">Mike Bada, University of Colorado Anschutz Medical Campus</annotator>
    <span start="26855" end="26862" />
    <spannedText>glucose</spannedText>
  </annotation>
  <annotation>
    <mention id="CHEBI_2015_08_26_Instance_32403" />
    <annotator id="CHEBI_2015_08_26_Instance_10000">Mike Bada, University of Colorado Anschutz Medical Campus</annotator>
    <span start="27004" end="27011" />
    <spannedText>glucose</spannedText>
  </annotation>
  <annotation>
    <mention id="CHEBI_2015_08_26_Instance_32405" />
    <annotator id="CHEBI_2015_08_26_Instance_10000">Mike Bada, University of Colorado Anschutz Medical Campus</annotator>
    <span start="27033" end="27040" />
    <spannedText>glucose</spannedText>
  </annotation>
  <annotation>
    <mention id="CHEBI_2015_08_26_Instance_32407" />
    <annotator id="CHEBI_2015_08_26_Instance_10000">Mike Bada, University of Colorado Anschutz Medical Campus</annotator>
    <span start="27160" end="27167" />
    <spannedText>glucose</spannedText>
  </annotation>
  <annotation>
    <mention id="CHEBI_2015_08_26_Instance_32409" />
    <annotator id="CHEBI_2015_08_26_Instance_10000">Mike Bada, University of Colorado Anschutz Medical Campus</annotator>
    <span start="27189" end="27196" />
    <spannedText>glucose</spannedText>
  </annotation>
  <annotation>
    <mention id="CHEBI_2015_08_26_Instance_32411" />
    <annotator id="CHEBI_2015_08_26_Instance_10000">Mike Bada, University of Colorado Anschutz Medical Campus</annotator>
    <span start="27325" end="27332" />
    <spannedText>glucose</spannedText>
  </annotation>
  <annotation>
    <mention id="CHEBI_2015_08_26_Instance_32413" />
    <annotator id="CHEBI_2015_08_26_Instance_10000">Mike Bada, University of Colorado Anschutz Medical Campus</annotator>
    <span start="27436" end="27443" />
    <spannedText>glucose</spannedText>
  </annotation>
  <annotation>
    <mention id="CHEBI_2015_08_26_Instance_32415" />
    <annotator id="CHEBI_2015_08_26_Instance_10000">Mike Bada, University of Colorado Anschutz Medical Campus</annotator>
    <span start="27458" end="27465" />
    <spannedText>glucose</spannedText>
  </annotation>
  <annotation>
    <mention id="CHEBI_2015_08_26_Instance_32417" />
    <annotator id="CHEBI_2015_08_26_Instance_10000">Mike Bada, University of Colorado Anschutz Medical Campus</annotator>
    <span start="27801" end="27808" />
    <spannedText>glucose</spannedText>
  </annotation>
  <annotation>
    <mention id="CHEBI_2015_08_26_Instance_32419" />
    <annotator id="CHEBI_2015_08_26_Instance_10000">Mike Bada, University of Colorado Anschutz Medical Campus</annotator>
    <span start="29413" end="29420" />
    <spannedText>glucose</spannedText>
  </annotation>
  <annotation>
    <mention id="CHEBI_2015_08_26_Instance_32421" />
    <annotator id="CHEBI_2015_08_26_Instance_10000">Mike Bada, University of Colorado Anschutz Medical Campus</annotator>
    <span start="29618" end="29625" />
    <spannedText>glucose</spannedText>
  </annotation>
  <annotation>
    <mention id="CHEBI_2015_08_26_Instance_32423" />
    <annotator id="CHEBI_2015_08_26_Instance_10000">Mike Bada, University of Colorado Anschutz Medical Campus</annotator>
    <span start="29715" end="29722" />
    <spannedText>glucose</spannedText>
  </annotation>
  <annotation>
    <mention id="CHEBI_2015_08_26_Instance_32425" />
    <annotator id="CHEBI_2015_08_26_Instance_10000">Mike Bada, University of Colorado Anschutz Medical Campus</annotator>
    <span start="29802" end="29809" />
    <spannedText>Glucose</spannedText>
  </annotation>
  <annotation>
    <mention id="CHEBI_2015_08_26_Instance_32427" />
    <annotator id="CHEBI_2015_08_26_Instance_10000">Mike Bada, University of Colorado Anschutz Medical Campus</annotator>
    <span start="31490" end="31497" />
    <spannedText>glucose</spannedText>
  </annotation>
  <annotation>
    <mention id="CHEBI_2015_08_26_Instance_32429" />
    <annotator id="CHEBI_2015_08_26_Instance_10000">Mike Bada, University of Colorado Anschutz Medical Campus</annotator>
    <span start="32236" end="32243" />
    <spannedText>glucose</spannedText>
  </annotation>
  <annotation>
    <mention id="CHEBI_2015_08_26_Instance_32431" />
    <annotator id="CHEBI_2015_08_26_Instance_10000">Mike Bada, University of Colorado Anschutz Medical Campus</annotator>
    <span start="33731" end="33738" />
    <spannedText>glucose</spannedText>
  </annotation>
  <annotation>
    <mention id="CHEBI_2015_08_26_Instance_32433" />
    <annotator id="CHEBI_2015_08_26_Instance_10000">Mike Bada, University of Colorado Anschutz Medical Campus</annotator>
    <span start="35785" end="35792" />
    <spannedText>glucose</spannedText>
  </annotation>
  <annotation>
    <mention id="CHEBI_2015_08_26_Instance_32441" />
    <annotator id="CHEBI_2015_08_26_Instance_10000">Mike Bada, University of Colorado Anschutz Medical Campus</annotator>
    <span start="50464" end="50471" />
    <spannedText>Glucose</spannedText>
  </annotation>
  <annotation>
    <mention id="CHEBI_2015_08_26_Instance_32443" />
    <annotator id="CHEBI_2015_08_26_Instance_10000">Mike Bada, University of Colorado Anschutz Medical Campus</annotator>
    <span start="50565" end="50572" />
    <spannedText>glucose</spannedText>
  </annotation>
  <annotation>
    <mention id="CHEBI_2015_08_26_Instance_32445" />
    <annotator id="CHEBI_2015_08_26_Instance_10000">Mike Bada, University of Colorado Anschutz Medical Campus</annotator>
    <span start="50609" end="50616" />
    <spannedText>glucose</spannedText>
  </annotation>
  <annotation>
    <mention id="CHEBI_2015_08_26_Instance_32447" />
    <annotator id="CHEBI_2015_08_26_Instance_10000">Mike Bada, University of Colorado Anschutz Medical Campus</annotator>
    <span start="50737" end="50744" />
    <spannedText>glucose</spannedText>
  </annotation>
  <annotation>
    <mention id="CHEBI_2015_08_26_Instance_32449" />
    <annotator id="CHEBI_2015_08_26_Instance_10000">Mike Bada, University of Colorado Anschutz Medical Campus</annotator>
    <span start="50869" end="50876" />
    <spannedText>glucose</spannedText>
  </annotation>
  <annotation>
    <mention id="CHEBI_2015_08_26_Instance_32451" />
    <annotator id="CHEBI_2015_08_26_Instance_10000">Mike Bada, University of Colorado Anschutz Medical Campus</annotator>
    <span start="51083" end="51090" />
    <spannedText>glucose</spannedText>
  </annotation>
  <annotation>
    <mention id="CHEBI_2015_08_26_Instance_32453" />
    <annotator id="CHEBI_2015_08_26_Instance_10000">Mike Bada, University of Colorado Anschutz Medical Campus</annotator>
    <span start="53882" end="53889" />
    <spannedText>glucose</spannedText>
  </annotation>
  <annotation>
    <mention id="CHEBI_2015_08_26_Instance_32553" />
    <annotator id="CHEBI_2015_08_26_Instance_10000">Mike Bada, University of Colorado Anschutz Medical Campus</annotator>
    <span start="6790" end="6802" />
    <spannedText>dopaminergic</spannedText>
  </annotation>
  <annotation>
    <mention id="CHEBI_2015_08_26_Instance_32557" />
    <annotator id="CHEBI_2015_08_26_Instance_10000">Mike Bada, University of Colorado Anschutz Medical Campus</annotator>
    <span start="8438" end="8449" />
    <spannedText>glutathione</spannedText>
  </annotation>
  <annotation>
    <mention id="CHEBI_2015_08_26_Instance_32561" />
    <annotator id="CHEBI_2015_08_26_Instance_10000">Mike Bada, University of Colorado Anschutz Medical Campus</annotator>
    <span start="8488" end="8510" />
    <spannedText>sodium dodecyl sulfate</spannedText>
  </annotation>
  <annotation>
    <mention id="CHEBI_2015_08_26_Instance_32571" />
    <annotator id="CHEBI_2015_08_26_Instance_10000">Mike Bada, University of Colorado Anschutz Medical Campus</annotator>
    <span start="9877" end="9882" />
    <spannedText>CuSO4</spannedText>
  </annotation>
  <annotation>
    <mention id="CHEBI_2015_08_26_Instance_32573" />
    <annotator id="CHEBI_2015_08_26_Instance_10000">Mike Bada, University of Colorado Anschutz Medical Campus</annotator>
    <span start="10025" end="10030" />
    <spannedText>CuSO4</spannedText>
  </annotation>
  <annotation>
    <mention id="CHEBI_2015_08_26_Instance_32613" />
    <annotator id="CHEBI_2015_08_26_Instance_10000">Mike Bada, University of Colorado Anschutz Medical Campus</annotator>
    <span start="12200" end="12204" />
    <spannedText>urea</spannedText>
  </annotation>
  <annotation>
    <mention id="CHEBI_2015_08_26_Instance_32625" />
    <annotator id="CHEBI_2015_08_26_Instance_10000">Mike Bada, University of Colorado Anschutz Medical Campus</annotator>
    <span start="24325" end="24329" />
    <spannedText>Food</spannedText>
  </annotation>
  <annotation>
    <mention id="CHEBI_2015_08_26_Instance_32627" />
    <annotator id="CHEBI_2015_08_26_Instance_10000">Mike Bada, University of Colorado Anschutz Medical Campus</annotator>
    <span start="25045" end="25049" />
    <spannedText>food</spannedText>
  </annotation>
  <annotation>
    <mention id="CHEBI_2015_08_26_Instance_32629" />
    <annotator id="CHEBI_2015_08_26_Instance_10000">Mike Bada, University of Colorado Anschutz Medical Campus</annotator>
    <span start="25761" end="25765" />
    <spannedText>chow</spannedText>
  </annotation>
  <annotation>
    <mention id="CHEBI_2015_08_26_Instance_32633" />
    <annotator id="CHEBI_2015_08_26_Instance_10000">Mike Bada, University of Colorado Anschutz Medical Campus</annotator>
    <span start="26459" end="26467" />
    <spannedText>pyruvate</spannedText>
  </annotation>
  <annotation>
    <mention id="CHEBI_2015_08_26_Instance_32635" />
    <annotator id="CHEBI_2015_08_26_Instance_10000">Mike Bada, University of Colorado Anschutz Medical Campus</annotator>
    <span start="26469" end="26477" />
    <spannedText>pyruvate</spannedText>
  </annotation>
  <annotation>
    <mention id="CHEBI_2015_08_26_Instance_32641" />
    <annotator id="CHEBI_2015_08_26_Instance_10000">Mike Bada, University of Colorado Anschutz Medical Campus</annotator>
    <span start="27391" end="27399" />
    <spannedText>Pyruvate</spannedText>
  </annotation>
  <annotation>
    <mention id="CHEBI_2015_08_26_Instance_32643" />
    <annotator id="CHEBI_2015_08_26_Instance_10000">Mike Bada, University of Colorado Anschutz Medical Campus</annotator>
    <span start="29344" end="29355" />
    <spannedText>Anesthetics</spannedText>
  </annotation>
  <annotation>
    <mention id="CHEBI_2015_08_26_Instance_32649" />
    <annotator id="CHEBI_2015_08_26_Instance_10000">Mike Bada, University of Colorado Anschutz Medical Campus</annotator>
    <span start="35140" end="35152" />
    <spannedText>dopaminergic</spannedText>
  </annotation>
  <annotation>
    <mention id="CHEBI_2015_08_26_Instance_32651" />
    <annotator id="CHEBI_2015_08_26_Instance_10000">Mike Bada, University of Colorado Anschutz Medical Campus</annotator>
    <span start="36187" end="36190" />
    <spannedText>Na+</spannedText>
  </annotation>
  <annotation>
    <mention id="CHEBI_2015_08_26_Instance_32653" />
    <annotator id="CHEBI_2015_08_26_Instance_10000">Mike Bada, University of Colorado Anschutz Medical Campus</annotator>
    <span start="36191" end="36193" />
    <spannedText>K+</spannedText>
  </annotation>
  <annotation>
    <mention id="CHEBI_2015_08_26_Instance_32661" />
    <annotator id="CHEBI_2015_08_26_Instance_10000">Mike Bada, University of Colorado Anschutz Medical Campus</annotator>
    <span start="36601" end="36609" />
    <spannedText>sorbitol</spannedText>
  </annotation>
  <annotation>
    <mention id="CHEBI_2015_08_26_Instance_32663" />
    <annotator id="CHEBI_2015_08_26_Instance_10000">Mike Bada, University of Colorado Anschutz Medical Campus</annotator>
    <span start="36678" end="36681" />
    <spannedText>Na+</spannedText>
  </annotation>
  <annotation>
    <mention id="CHEBI_2015_08_26_Instance_32665" />
    <annotator id="CHEBI_2015_08_26_Instance_10000">Mike Bada, University of Colorado Anschutz Medical Campus</annotator>
    <span start="36682" end="36684" />
    <spannedText>K+</spannedText>
  </annotation>
  <annotation>
    <mention id="CHEBI_2015_08_26_Instance_32667" />
    <annotator id="CHEBI_2015_08_26_Instance_10000">Mike Bada, University of Colorado Anschutz Medical Campus</annotator>
    <span start="37649" end="37675" />
    <spannedText>glyceraldehyde-3-phosphate</spannedText>
  </annotation>
  <annotation>
    <mention id="CHEBI_2015_08_26_Instance_32673" />
    <annotator id="CHEBI_2015_08_26_Instance_10000">Mike Bada, University of Colorado Anschutz Medical Campus</annotator>
    <span start="38899" end="38902" />
    <spannedText>Na+</spannedText>
  </annotation>
  <annotation>
    <mention id="CHEBI_2015_08_26_Instance_32675" />
    <annotator id="CHEBI_2015_08_26_Instance_10000">Mike Bada, University of Colorado Anschutz Medical Campus</annotator>
    <span start="38903" end="38905" />
    <spannedText>K+</spannedText>
  </annotation>
  <annotation>
    <mention id="CHEBI_2015_08_26_Instance_32677" />
    <annotator id="CHEBI_2015_08_26_Instance_10000">Mike Bada, University of Colorado Anschutz Medical Campus</annotator>
    <span start="39566" end="39568" />
    <spannedText>K+</spannedText>
  </annotation>
  <annotation>
    <mention id="CHEBI_2015_08_26_Instance_32679" />
    <annotator id="CHEBI_2015_08_26_Instance_10000">Mike Bada, University of Colorado Anschutz Medical Campus</annotator>
    <span start="39562" end="39565" />
    <spannedText>Na+</spannedText>
  </annotation>
  <annotation>
    <mention id="CHEBI_2015_08_26_Instance_32683" />
    <annotator id="CHEBI_2015_08_26_Instance_10000">Mike Bada, University of Colorado Anschutz Medical Campus</annotator>
    <span start="41372" end="41381" />
    <spannedText>kanamycin</spannedText>
  </annotation>
  <annotation>
    <mention id="CHEBI_2015_08_26_Instance_32687" />
    <annotator id="CHEBI_2015_08_26_Instance_10000">Mike Bada, University of Colorado Anschutz Medical Campus</annotator>
    <span start="43248" end="43251" />
    <spannedText>SDS</spannedText>
  </annotation>
  <annotation>
    <mention id="CHEBI_2015_08_26_Instance_32693" />
    <annotator id="CHEBI_2015_08_26_Instance_10000">Mike Bada, University of Colorado Anschutz Medical Campus</annotator>
    <span start="43488" end="43492" />
    <spannedText>urea</spannedText>
  </annotation>
  <annotation>
    <mention id="CHEBI_2015_08_26_Instance_32707" />
    <annotator id="CHEBI_2015_08_26_Instance_10000">Mike Bada, University of Colorado Anschutz Medical Campus</annotator>
    <span start="44170" end="44174" />
    <spannedText>Tris</spannedText>
  </annotation>
  <annotation>
    <mention id="CHEBI_2015_08_26_Instance_32709" />
    <annotator id="CHEBI_2015_08_26_Instance_10000">Mike Bada, University of Colorado Anschutz Medical Campus</annotator>
    <span start="44175" end="44178" />
    <spannedText>HCl</spannedText>
  </annotation>
  <annotation>
    <mention id="CHEBI_2015_08_26_Instance_32713" />
    <annotator id="CHEBI_2015_08_26_Instance_10000">Mike Bada, University of Colorado Anschutz Medical Campus</annotator>
    <span start="44196" end="44201" />
    <spannedText>MgCl2</spannedText>
  </annotation>
  <annotation>
    <mention id="CHEBI_2015_08_26_Instance_32721" />
    <annotator id="CHEBI_2015_08_26_Instance_10000">Mike Bada, University of Colorado Anschutz Medical Campus</annotator>
    <span start="45472" end="45479" />
    <spannedText>sucrose</spannedText>
  </annotation>
  <annotation>
    <mention id="CHEBI_2015_08_26_Instance_32725" />
    <annotator id="CHEBI_2015_08_26_Instance_10000">Mike Bada, University of Colorado Anschutz Medical Campus</annotator>
    <span start="45844" end="45847" />
    <spannedText>CO2</spannedText>
  </annotation>
  <annotation>
    <mention id="CHEBI_2015_08_26_Instance_32727" />
    <annotator id="CHEBI_2015_08_26_Instance_10000">Mike Bada, University of Colorado Anschutz Medical Campus</annotator>
    <span start="46106" end="46124" />
    <spannedText>fluorescent probes</spannedText>
  </annotation>
  <annotation>
    <mention id="CHEBI_2015_08_26_Instance_32745" />
    <annotator id="CHEBI_2015_08_26_Instance_10000">Mike Bada, University of Colorado Anschutz Medical Campus</annotator>
    <span start="49041" end="49062" />
    <spannedText>nitroblue tetrazolium</spannedText>
  </annotation>
  <annotation>
    <mention id="CHEBI_2015_08_26_Instance_32747" />
    <annotator id="CHEBI_2015_08_26_Instance_10000">Mike Bada, University of Colorado Anschutz Medical Campus</annotator>
    <span start="49073" end="49077" />
    <spannedText>Tris</spannedText>
  </annotation>
  <annotation>
    <mention id="CHEBI_2015_08_26_Instance_32749" />
    <annotator id="CHEBI_2015_08_26_Instance_10000">Mike Bada, University of Colorado Anschutz Medical Campus</annotator>
    <span start="49078" end="49081" />
    <spannedText>HCl</spannedText>
  </annotation>
  <annotation>
    <mention id="CHEBI_2015_08_26_Instance_32753" />
    <annotator id="CHEBI_2015_08_26_Instance_10000">Mike Bada, University of Colorado Anschutz Medical Campus</annotator>
    <span start="49099" end="49103" />
    <spannedText>NaCl</spannedText>
  </annotation>
  <annotation>
    <mention id="CHEBI_2015_08_26_Instance_32755" />
    <annotator id="CHEBI_2015_08_26_Instance_10000">Mike Bada, University of Colorado Anschutz Medical Campus</annotator>
    <span start="49110" end="49115" />
    <spannedText>MgCl2</spannedText>
  </annotation>
  <annotation>
    <mention id="CHEBI_2015_08_26_Instance_32757" />
    <annotator id="CHEBI_2015_08_26_Instance_10000">Mike Bada, University of Colorado Anschutz Medical Campus</annotator>
    <span start="49244" end="49253" />
    <spannedText>detergent</spannedText>
  </annotation>
  <annotation>
    <mention id="CHEBI_2015_08_26_Instance_32759" />
    <annotator id="CHEBI_2015_08_26_Instance_10000">Mike Bada, University of Colorado Anschutz Medical Campus</annotator>
    <span start="49644" end="49664" />
    <spannedText>trichloroacetic acid</spannedText>
  </annotation>
  <annotation>
    <mention id="CHEBI_2015_08_26_Instance_32761" />
    <annotator id="CHEBI_2015_08_26_Instance_10000">Mike Bada, University of Colorado Anschutz Medical Campus</annotator>
    <span start="49666" end="49669" />
    <spannedText>TCA</spannedText>
  </annotation>
  <annotation>
    <mention id="CHEBI_2015_08_26_Instance_32767" />
    <annotator id="CHEBI_2015_08_26_Instance_10000">Mike Bada, University of Colorado Anschutz Medical Campus</annotator>
    <span start="50280" end="50284" />
    <spannedText>chow</spannedText>
  </annotation>
  <annotation>
    <mention id="CHEBI_2015_08_26_Instance_32773" />
    <annotator id="CHEBI_2015_08_26_Instance_10000">Mike Bada, University of Colorado Anschutz Medical Campus</annotator>
    <span start="51006" end="51014" />
    <spannedText>Pyruvate</spannedText>
  </annotation>
  <annotation>
    <mention id="CHEBI_2015_08_26_Instance_32775" />
    <annotator id="CHEBI_2015_08_26_Instance_10000">Mike Bada, University of Colorado Anschutz Medical Campus</annotator>
    <span start="51130" end="51138" />
    <spannedText>pyruvate</spannedText>
  </annotation>
  <annotation>
    <mention id="CHEBI_2015_08_26_Instance_32785" />
    <annotator id="CHEBI_2015_08_26_Instance_10000">Mike Bada, University of Colorado Anschutz Medical Campus</annotator>
    <span start="51825" end="51838" />
    <spannedText>hydrochloride</spannedText>
  </annotation>
  <annotation>
    <mention id="CHEBI_2015_08_26_Instance_32789" />
    <annotator id="CHEBI_2015_08_26_Instance_10000">Mike Bada, University of Colorado Anschutz Medical Campus</annotator>
    <span start="54390" end="54401" />
    <spannedText>glutathione</spannedText>
  </annotation>
  <annotation>
    <mention id="CHEBI_2015_08_26_Instance_32793" />
    <annotator id="CHEBI_2015_08_26_Instance_10000">Mike Bada, University of Colorado Anschutz Medical Campus</annotator>
    <span start="55056" end="55064" />
    <spannedText>reagents</spannedText>
  </annotation>
  <annotation>
    <mention id="CHEBI_2015_08_26_Instance_340340" />
    <annotator id="CHEBI_2015_08_26_Instance_10000">Mike Bada, University of Colorado Anschutz Medical Campus</annotator>
    <span start="12451" end="12456" />
    <spannedText>CuSO4</spannedText>
  </annotation>
  <classMention id="CHEBI_2015_08_26_Instance_32433">
    <mentionClass id="CHEBI:17234">glucose</mentionClass>
  </classMention>
  <classMention id="CHEBI_2015_08_26_Instance_32375">
    <mentionClass id="CHEBI:17234">glucose</mentionClass>
  </classMention>
  <classMention id="CHEBI_2015_08_26_Instance_32377">
    <mentionClass id="CHEBI:17234">glucose</mentionClass>
  </classMention>
  <classMention id="CHEBI_2015_08_26_Instance_32379">
    <mentionClass id="CHEBI:17234">glucose</mentionClass>
  </classMention>
  <classMention id="CHEBI_2015_08_26_Instance_21375">
    <mentionClass id="CHEBI:17234">glucose</mentionClass>
  </classMention>
  <classMention id="CHEBI_2015_08_26_Instance_24023">
    <mentionClass id="CHEBI:18070">cytochrome c</mentionClass>
  </classMention>
  <classMention id="CHEBI_2015_08_26_Instance_32381">
    <mentionClass id="CHEBI:17234">glucose</mentionClass>
  </classMention>
  <classMention id="CHEBI_2015_08_26_Instance_32383">
    <mentionClass id="CHEBI:17234">glucose</mentionClass>
  </classMention>
  <classMention id="CHEBI_2015_08_26_Instance_32441">
    <mentionClass id="CHEBI:17234">glucose</mentionClass>
  </classMention>
  <classMention id="CHEBI_2015_08_26_Instance_32385">
    <mentionClass id="CHEBI:17234">glucose</mentionClass>
  </classMention>
  <classMention id="CHEBI_2015_08_26_Instance_32387">
    <mentionClass id="CHEBI:17234">glucose</mentionClass>
  </classMention>
  <classMention id="CHEBI_2015_08_26_Instance_32443">
    <mentionClass id="CHEBI:17234">glucose</mentionClass>
  </classMention>
  <classMention id="CHEBI_2015_08_26_Instance_32445">
    <mentionClass id="CHEBI:17234">glucose</mentionClass>
  </classMention>
  <classMention id="CHEBI_2015_08_26_Instance_32389">
    <mentionClass id="CHEBI:17234">glucose</mentionClass>
  </classMention>
  <classMention id="CHEBI_2015_08_26_Instance_323193">
    <mentionClass id="CHEBI:35222">inhibitor</mentionClass>
  </classMention>
  <classMention id="CHEBI_2015_08_26_Instance_323221">
    <mentionClass id="CHEBI:16199">urea</mentionClass>
  </classMention>
  <classMention id="CHEBI_2015_08_26_Instance_323224">
    <mentionClass id="CHEBI:26348">prosthetic group</mentionClass>
  </classMention>
  <classMention id="CHEBI_2015_08_26_Instance_32447">
    <mentionClass id="CHEBI:17234">glucose</mentionClass>
  </classMention>
  <classMention id="CHEBI_2015_08_26_Instance_32391">
    <mentionClass id="CHEBI:17234">glucose</mentionClass>
  </classMention>
  <classMention id="CHEBI_2015_08_26_Instance_323266">
    <mentionClass id="CHEBI:35222">inhibitor</mentionClass>
  </classMention>
  <classMention id="CHEBI_2015_08_26_Instance_323276">
    <mentionClass id="CHEBI:75055">5-bromo-4-chloro-3-indolyl beta-D-galactoside</mentionClass>
  </classMention>
  <classMention id="CHEBI_2015_08_26_Instance_323298">
    <mentionClass id="CHEBI:6121">ketamine</mentionClass>
  </classMention>
  <classMention id="CHEBI_2015_08_26_Instance_32393">
    <mentionClass id="CHEBI:17234">glucose</mentionClass>
  </classMention>
  <classMention id="CHEBI_2015_08_26_Instance_32449">
    <mentionClass id="CHEBI:17234">glucose</mentionClass>
  </classMention>
  <classMention id="CHEBI_2015_08_26_Instance_323308">
    <mentionClass id="CHEBI:36357">polyatomic entity</mentionClass>
  </classMention>
  <classMention id="CHEBI_2015_08_26_Instance_323310">
    <mentionClass id="CHEBI:36357">polyatomic entity</mentionClass>
  </classMention>
  <classMention id="CHEBI_2015_08_26_Instance_323312">
    <mentionClass id="CHEBI:35225">buffer</mentionClass>
  </classMention>
  <classMention id="CHEBI_2015_08_26_Instance_323338">
    <mentionClass id="CHEBI:50217">selegiline</mentionClass>
  </classMention>
  <classMention id="CHEBI_2015_08_26_Instance_32395">
    <mentionClass id="CHEBI:17234">glucose</mentionClass>
  </classMention>
  <classMention id="CHEBI_2015_08_26_Instance_32451">
    <mentionClass id="CHEBI:17234">glucose</mentionClass>
  </classMention>
  <classMention id="CHEBI_2015_08_26_Instance_323360">
    <mentionClass id="CHEBI:1418">3-[(3-cholamidopropyl)dimethylammonio]propane-1-sulfonate</mentionClass>
  </classMention>
  <classMention id="CHEBI_2015_08_26_Instance_323362">
    <mentionClass id="CHEBI:1418">3-[(3-cholamidopropyl)dimethylammonio]propane-1-sulfonate</mentionClass>
  </classMention>
  <classMention id="CHEBI_2015_08_26_Instance_32397">
    <mentionClass id="CHEBI:17234">glucose</mentionClass>
  </classMention>
  <classMention id="CHEBI_2015_08_26_Instance_32453">
    <mentionClass id="CHEBI:17234">glucose</mentionClass>
  </classMention>
  <classMention id="CHEBI_2015_08_26_Instance_323364">
    <mentionClass id="CHEBI:14314">D-glucose 6-phosphate</mentionClass>
  </classMention>
  <classMention id="CHEBI_2015_08_26_Instance_323366">
    <mentionClass id="CHEBI:14314">D-glucose 6-phosphate</mentionClass>
  </classMention>
  <classMention id="CHEBI_2015_08_26_Instance_323368">
    <mentionClass id="CHEBI:14314">D-glucose 6-phosphate</mentionClass>
  </classMention>
  <classMention id="CHEBI_2015_08_26_Instance_32399">
    <mentionClass id="CHEBI:17234">glucose</mentionClass>
  </classMention>
  <classMention id="CHEBI_2015_08_26_Instance_323372">
    <mentionClass id="CHEBI:60004">mixture</mentionClass>
  </classMention>
  <classMention id="CHEBI_2015_08_26_Instance_323380">
    <mentionClass id="CHEBI:74537">monothioglycerol</mentionClass>
  </classMention>
  <classMention id="CHEBI_2015_08_26_Instance_323388">
    <mentionClass id="CHEBI:52661">Alexa Fluor 488</mentionClass>
  </classMention>
  <classMention id="CHEBI_2015_08_26_Instance_323390">
    <mentionClass id="CHEBI:51248">Alexa Fluor 594</mentionClass>
  </classMention>
  <classMention id="CHEBI_2015_08_26_Instance_32401">
    <mentionClass id="CHEBI:17234">glucose</mentionClass>
  </classMention>
  <classMention id="CHEBI_2015_08_26_Instance_323400">
    <mentionClass id="CHEBI:75055">5-bromo-4-chloro-3-indolyl beta-D-galactoside</mentionClass>
  </classMention>
  <classMention id="CHEBI_2015_08_26_Instance_340340">
    <mentionClass id="CHEBI:23414">copper(II) sulfate</mentionClass>
  </classMention>
  <classMention id="CHEBI_2015_08_26_Instance_323402">
    <mentionClass id="CHEBI:75508">5-bromo-4-chloro-3-indolyl phosphate</mentionClass>
  </classMention>
  <classMention id="CHEBI_2015_08_26_Instance_323416">
    <mentionClass id="CHEBI:66869">tris acetate</mentionClass>
  </classMention>
  <classMention id="CHEBI_2015_08_26_Instance_323424">
    <mentionClass id="CHEBI:6121">ketamine</mentionClass>
  </classMention>
  <classMention id="CHEBI_2015_08_26_Instance_32553">
    <mentionClass id="CHEBI:18243">dopamine</mentionClass>
  </classMention>
  <classMention id="CHEBI_2015_08_26_Instance_323426">
    <mentionClass id="CHEBI:9757">Tropicamide</mentionClass>
  </classMention>
  <classMention id="CHEBI_2015_08_26_Instance_32403">
    <mentionClass id="CHEBI:17234">glucose</mentionClass>
  </classMention>
  <classMention id="CHEBI_2015_08_26_Instance_32557">
    <mentionClass id="CHEBI:16856">glutathione</mentionClass>
  </classMention>
  <classMention id="CHEBI_2015_08_26_Instance_323428">
    <mentionClass id="CHEBI:8094">phenylephrine hydrochloride</mentionClass>
  </classMention>
  <classMention id="CHEBI_2015_08_26_Instance_32561">
    <mentionClass id="CHEBI:8984">sodium dodecyl sulfate</mentionClass>
  </classMention>
  <classMention id="CHEBI_2015_08_26_Instance_323434">
    <mentionClass id="CHEBI:8485">Proparacaine</mentionClass>
  </classMention>
  <classMention id="CHEBI_2015_08_26_Instance_32571">
    <mentionClass id="CHEBI:23414">copper(II) sulfate</mentionClass>
  </classMention>
  <classMention id="CHEBI_2015_08_26_Instance_32573">
    <mentionClass id="CHEBI:23414">copper(II) sulfate</mentionClass>
  </classMention>
  <classMention id="CHEBI_2015_08_26_Instance_32405">
    <mentionClass id="CHEBI:17234">glucose</mentionClass>
  </classMention>
  <classMention id="CHEBI_2015_08_26_Instance_32613">
    <mentionClass id="CHEBI:16199">urea</mentionClass>
  </classMention>
  <classMention id="CHEBI_2015_08_26_Instance_32407">
    <mentionClass id="CHEBI:17234">glucose</mentionClass>
  </classMention>
  <classMention id="CHEBI_2015_08_26_Instance_32625">
    <mentionClass id="CHEBI:33290">food</mentionClass>
  </classMention>
  <classMention id="CHEBI_2015_08_26_Instance_32627">
    <mentionClass id="CHEBI:33290">food</mentionClass>
  </classMention>
  <classMention id="CHEBI_2015_08_26_Instance_27855">
    <mentionClass id="CHEBI:35222">inhibitor</mentionClass>
  </classMention>
  <classMention id="CHEBI_2015_08_26_Instance_32349">
    <mentionClass id="CHEBI:17234">glucose</mentionClass>
  </classMention>
  <classMention id="CHEBI_2015_08_26_Instance_32629">
    <mentionClass id="CHEBI:33290">food</mentionClass>
  </classMention>
  <classMention id="CHEBI_2015_08_26_Instance_32633">
    <mentionClass id="CHEBI:15361">pyruvate</mentionClass>
  </classMention>
  <classMention id="CHEBI_2015_08_26_Instance_32409">
    <mentionClass id="CHEBI:17234">glucose</mentionClass>
  </classMention>
  <classMention id="CHEBI_2015_08_26_Instance_32635">
    <mentionClass id="CHEBI:15361">pyruvate</mentionClass>
  </classMention>
  <classMention id="CHEBI_2015_08_26_Instance_32641">
    <mentionClass id="CHEBI:15361">pyruvate</mentionClass>
  </classMention>
  <classMention id="CHEBI_2015_08_26_Instance_32643">
    <mentionClass id="CHEBI:38867">anaesthetic</mentionClass>
  </classMention>
  <classMention id="CHEBI_2015_08_26_Instance_32649">
    <mentionClass id="CHEBI:18243">dopamine</mentionClass>
  </classMention>
  <classMention id="CHEBI_2015_08_26_Instance_32351">
    <mentionClass id="CHEBI:17234">glucose</mentionClass>
  </classMention>
  <classMention id="CHEBI_2015_08_26_Instance_32651">
    <mentionClass id="CHEBI:29101">sodium(1+)</mentionClass>
  </classMention>
  <classMention id="CHEBI_2015_08_26_Instance_32353">
    <mentionClass id="CHEBI:17234">glucose</mentionClass>
  </classMention>
  <classMention id="CHEBI_2015_08_26_Instance_32411">
    <mentionClass id="CHEBI:17234">glucose</mentionClass>
  </classMention>
  <classMention id="CHEBI_2015_08_26_Instance_32653">
    <mentionClass id="CHEBI:29103">potassium(1+)</mentionClass>
  </classMention>
  <classMention id="CHEBI_2015_08_26_Instance_32661">
    <mentionClass id="CHEBI:30911">glucitol</mentionClass>
  </classMention>
  <classMention id="CHEBI_2015_08_26_Instance_32355">
    <mentionClass id="CHEBI:17234">glucose</mentionClass>
  </classMention>
  <classMention id="CHEBI_2015_08_26_Instance_32663">
    <mentionClass id="CHEBI:29101">sodium(1+)</mentionClass>
  </classMention>
  <classMention id="CHEBI_2015_08_26_Instance_32665">
    <mentionClass id="CHEBI:29103">potassium(1+)</mentionClass>
  </classMention>
  <classMention id="CHEBI_2015_08_26_Instance_32667">
    <mentionClass id="CHEBI:17138">glyceraldehyde 3-phosphate</mentionClass>
  </classMention>
  <classMention id="CHEBI_2015_08_26_Instance_32673">
    <mentionClass id="CHEBI:29101">sodium(1+)</mentionClass>
  </classMention>
  <classMention id="CHEBI_2015_08_26_Instance_32675">
    <mentionClass id="CHEBI:29103">potassium(1+)</mentionClass>
  </classMention>
  <classMention id="CHEBI_2015_08_26_Instance_32677">
    <mentionClass id="CHEBI:29103">potassium(1+)</mentionClass>
  </classMention>
  <classMention id="CHEBI_2015_08_26_Instance_32679">
    <mentionClass id="CHEBI:29101">sodium(1+)</mentionClass>
  </classMention>
  <classMention id="CHEBI_2015_08_26_Instance_32683">
    <mentionClass id="CHEBI:6104">kanamycin</mentionClass>
  </classMention>
  <classMention id="CHEBI_2015_08_26_Instance_32687">
    <mentionClass id="CHEBI:8984">sodium dodecyl sulfate</mentionClass>
  </classMention>
  <classMention id="CHEBI_2015_08_26_Instance_32413">
    <mentionClass id="CHEBI:17234">glucose</mentionClass>
  </classMention>
  <classMention id="CHEBI_2015_08_26_Instance_32693">
    <mentionClass id="CHEBI:16199">urea</mentionClass>
  </classMention>
  <classMention id="CHEBI_2015_08_26_Instance_32707">
    <mentionClass id="CHEBI:9754">tris</mentionClass>
  </classMention>
  <classMention id="CHEBI_2015_08_26_Instance_32357">
    <mentionClass id="CHEBI:17234">glucose</mentionClass>
  </classMention>
  <classMention id="CHEBI_2015_08_26_Instance_32709">
    <mentionClass id="CHEBI:17883">hydrogen chloride</mentionClass>
  </classMention>
  <classMention id="CHEBI_2015_08_26_Instance_32713">
    <mentionClass id="CHEBI:6636">magnesium dichloride</mentionClass>
  </classMention>
  <classMention id="CHEBI_2015_08_26_Instance_32415">
    <mentionClass id="CHEBI:17234">glucose</mentionClass>
  </classMention>
  <classMention id="CHEBI_2015_08_26_Instance_32721">
    <mentionClass id="CHEBI:17992">sucrose</mentionClass>
  </classMention>
  <classMention id="CHEBI_2015_08_26_Instance_32725">
    <mentionClass id="CHEBI:16526">carbon dioxide</mentionClass>
  </classMention>
  <classMention id="CHEBI_2015_08_26_Instance_32417">
    <mentionClass id="CHEBI:17234">glucose</mentionClass>
  </classMention>
  <classMention id="CHEBI_2015_08_26_Instance_32727">
    <mentionClass id="CHEBI:39442">fluorescent probe</mentionClass>
  </classMention>
  <classMention id="CHEBI_2015_08_26_Instance_32745">
    <mentionClass id="CHEBI:7586">nitro blue tetrazolium(2+)</mentionClass>
  </classMention>
  <classMention id="CHEBI_2015_08_26_Instance_32747">
    <mentionClass id="CHEBI:9754">tris</mentionClass>
  </classMention>
  <classMention id="CHEBI_2015_08_26_Instance_32749">
    <mentionClass id="CHEBI:17883">hydrogen chloride</mentionClass>
  </classMention>
  <classMention id="CHEBI_2015_08_26_Instance_32359">
    <mentionClass id="CHEBI:17234">glucose</mentionClass>
  </classMention>
  <classMention id="CHEBI_2015_08_26_Instance_32753">
    <mentionClass id="CHEBI:26710">sodium chloride</mentionClass>
  </classMention>
  <classMention id="CHEBI_2015_08_26_Instance_32755">
    <mentionClass id="CHEBI:6636">magnesium dichloride</mentionClass>
  </classMention>
  <classMention id="CHEBI_2015_08_26_Instance_32757">
    <mentionClass id="CHEBI:27780">detergent</mentionClass>
  </classMention>
  <classMention id="CHEBI_2015_08_26_Instance_31247">
    <mentionClass id="CHEBI:23888">drug</mentionClass>
  </classMention>
  <classMention id="CHEBI_2015_08_26_Instance_32361">
    <mentionClass id="CHEBI:17234">glucose</mentionClass>
  </classMention>
  <classMention id="CHEBI_2015_08_26_Instance_32759">
    <mentionClass id="CHEBI:30956">trichloroacetic acid</mentionClass>
  </classMention>
  <classMention id="CHEBI_2015_08_26_Instance_32761">
    <mentionClass id="CHEBI:30956">trichloroacetic acid</mentionClass>
  </classMention>
  <classMention id="CHEBI_2015_08_26_Instance_32363">
    <mentionClass id="CHEBI:17234">glucose</mentionClass>
  </classMention>
  <classMention id="CHEBI_2015_08_26_Instance_32419">
    <mentionClass id="CHEBI:17234">glucose</mentionClass>
  </classMention>
  <classMention id="CHEBI_2015_08_26_Instance_32767">
    <mentionClass id="CHEBI:33290">food</mentionClass>
  </classMention>
  <classMention id="CHEBI_2015_08_26_Instance_32773">
    <mentionClass id="CHEBI:15361">pyruvate</mentionClass>
  </classMention>
  <classMention id="CHEBI_2015_08_26_Instance_32775">
    <mentionClass id="CHEBI:15361">pyruvate</mentionClass>
  </classMention>
  <classMention id="CHEBI_2015_08_26_Instance_32365">
    <mentionClass id="CHEBI:17234">glucose</mentionClass>
  </classMention>
  <classMention id="CHEBI_2015_08_26_Instance_32785">
    <mentionClass id="CHEBI:17883">hydrogen chloride</mentionClass>
  </classMention>
  <classMention id="CHEBI_2015_08_26_Instance_32789">
    <mentionClass id="CHEBI:16856">glutathione</mentionClass>
  </classMention>
  <classMention id="CHEBI_2015_08_26_Instance_32793">
    <mentionClass id="CHEBI:33893">reagent</mentionClass>
  </classMention>
  <classMention id="CHEBI_2015_08_26_Instance_32367">
    <mentionClass id="CHEBI:17234">glucose</mentionClass>
  </classMention>
  <classMention id="CHEBI_2015_08_26_Instance_32421">
    <mentionClass id="CHEBI:17234">glucose</mentionClass>
  </classMention>
  <classMention id="CHEBI_2015_08_26_Instance_32369">
    <mentionClass id="CHEBI:17234">glucose</mentionClass>
  </classMention>
  <classMention id="CHEBI_2015_08_26_Instance_32423">
    <mentionClass id="CHEBI:17234">glucose</mentionClass>
  </classMention>
  <classMention id="CHEBI_2015_08_26_Instance_32425">
    <mentionClass id="CHEBI:17234">glucose</mentionClass>
  </classMention>
  <classMention id="CHEBI_2015_08_26_Instance_32371">
    <mentionClass id="CHEBI:17234">glucose</mentionClass>
  </classMention>
  <classMention id="CHEBI_2015_08_26_Instance_32427">
    <mentionClass id="CHEBI:17234">glucose</mentionClass>
  </classMention>
  <classMention id="CHEBI_2015_08_26_Instance_32429">
    <mentionClass id="CHEBI:17234">glucose</mentionClass>
  </classMention>
  <classMention id="CHEBI_2015_08_26_Instance_32373">
    <mentionClass id="CHEBI:17234">glucose</mentionClass>
  </classMention>
  <classMention id="CHEBI_2015_08_26_Instance_32431">
    <mentionClass id="CHEBI:17234">glucose</mentionClass>
  </classMention>
</annotations>

