<?xml version="1.0" encoding="UTF-8"?>
<annotations textSource="17244351.txt">
  <annotation>
    <mention id="CHEBI_2015_08_26_Instance_10723" />
    <annotator id="CHEBI_2015_08_26_Instance_10000">Mike Bada, University of Colorado Anschutz Medical Campus</annotator>
    <span start="12646" end="12658" />
    <spannedText>proteoglycan</spannedText>
  </annotation>
  <annotation>
    <mention id="CHEBI_2015_08_26_Instance_324680" />
    <annotator id="CHEBI_2015_08_26_Instance_10000">Mike Bada, University of Colorado Anschutz Medical Campus</annotator>
    <span start="4503" end="4512" />
    <spannedText>molecules</spannedText>
  </annotation>
  <annotation>
    <mention id="CHEBI_2015_08_26_Instance_330634" />
    <annotator id="CHEBI_2015_08_26_Instance_10000">Mike Bada, University of Colorado Anschutz Medical Campus</annotator>
    <span start="30248" end="30256" />
    <spannedText>adjuvant</spannedText>
  </annotation>
  <annotation>
    <mention id="CHEBI_2015_08_26_Instance_40028" />
    <annotator id="CHEBI_2015_08_26_Instance_10000">Mike Bada, University of Colorado Anschutz Medical Campus</annotator>
    <span start="23247" end="23254" />
    <spannedText>mitogen</spannedText>
  </annotation>
  <annotation>
    <mention id="CHEBI_2015_08_26_Instance_40030" />
    <annotator id="CHEBI_2015_08_26_Instance_10000">Mike Bada, University of Colorado Anschutz Medical Campus</annotator>
    <span start="23418" end="23431" />
    <span start="23436" end="23440" />
    <spannedText>inhibitors of ... MAPK</spannedText>
  </annotation>
  <annotation>
    <mention id="CHEBI_2015_08_26_Instance_40032" />
    <annotator id="CHEBI_2015_08_26_Instance_10000">Mike Bada, University of Colorado Anschutz Medical Campus</annotator>
    <span start="23596" end="23604" />
    <spannedText>molecule</spannedText>
  </annotation>
  <annotation>
    <mention id="CHEBI_2015_08_26_Instance_40036" />
    <annotator id="CHEBI_2015_08_26_Instance_10000">Mike Bada, University of Colorado Anschutz Medical Campus</annotator>
    <span start="25847" end="25854" />
    <spannedText>mitogen</spannedText>
  </annotation>
  <classMention id="CHEBI_2015_08_26_Instance_10723">
    <mentionClass id="CHEBI:37396">proteoglycan</mentionClass>
  </classMention>
  <classMention id="CHEBI_2015_08_26_Instance_40028">
    <mentionClass id="CHEBI:52290">mitogen</mentionClass>
  </classMention>
  <classMention id="CHEBI_2015_08_26_Instance_40030">
    <mentionClass id="CHEBI:79091">EC 2.7.11.24 (mitogen-activated protein kinase) inhibitor</mentionClass>
  </classMention>
  <classMention id="CHEBI_2015_08_26_Instance_324680">
    <mentionClass id="CHEBI:36357">polyatomic entity</mentionClass>
  </classMention>
  <classMention id="CHEBI_2015_08_26_Instance_40032">
    <mentionClass id="CHEBI:36357">polyatomic entity</mentionClass>
  </classMention>
  <classMention id="CHEBI_2015_08_26_Instance_330634">
    <mentionClass id="CHEBI:60809">adjuvant</mentionClass>
  </classMention>
  <classMention id="CHEBI_2015_08_26_Instance_40036">
    <mentionClass id="CHEBI:52290">mitogen</mentionClass>
  </classMention>
</annotations>

