<?xml version="1.0" encoding="UTF-8"?>
<annotations textSource="17565376.txt">
  <annotation>
    <mention id="CHEBI_2015_08_26_Instance_12875" />
    <annotator id="CHEBI_2015_08_26_Instance_10000">Mike Bada, University of Colorado Anschutz Medical Campus</annotator>
    <span start="15908" end="15912" />
    <spannedText>food</spannedText>
  </annotation>
  <annotation>
    <mention id="CHEBI_2015_08_26_Instance_12883" />
    <annotator id="CHEBI_2015_08_26_Instance_10000">Mike Bada, University of Colorado Anschutz Medical Campus</annotator>
    <span start="24442" end="24456" />
    <spannedText>methylene blue</spannedText>
  </annotation>
  <annotation>
    <mention id="CHEBI_2015_08_26_Instance_12885" />
    <annotator id="CHEBI_2015_08_26_Instance_10000">Mike Bada, University of Colorado Anschutz Medical Campus</annotator>
    <span start="24485" end="24496" />
    <spannedText>acetic acid</spannedText>
  </annotation>
  <annotation>
    <mention id="CHEBI_2015_08_26_Instance_12887" />
    <annotator id="CHEBI_2015_08_26_Instance_10000">Mike Bada, University of Colorado Anschutz Medical Campus</annotator>
    <span start="25568" end="25572" />
    <spannedText>FITC</spannedText>
  </annotation>
  <annotation>
    <mention id="CHEBI_2015_08_26_Instance_12889" />
    <annotator id="CHEBI_2015_08_26_Instance_10000">Mike Bada, University of Colorado Anschutz Medical Campus</annotator>
    <span start="25657" end="25661" />
    <spannedText>FITC</spannedText>
  </annotation>
  <annotation>
    <mention id="CHEBI_2015_08_26_Instance_12891" />
    <annotator id="CHEBI_2015_08_26_Instance_10000">Mike Bada, University of Colorado Anschutz Medical Campus</annotator>
    <span start="26066" end="26070" />
    <spannedText>FITC</spannedText>
  </annotation>
  <annotation>
    <mention id="CHEBI_2015_08_26_Instance_12895" />
    <annotator id="CHEBI_2015_08_26_Instance_10000">Mike Bada, University of Colorado Anschutz Medical Campus</annotator>
    <span start="27007" end="27011" />
    <spannedText>FITC</spannedText>
  </annotation>
  <annotation>
    <mention id="CHEBI_2015_08_26_Instance_12897" />
    <annotator id="CHEBI_2015_08_26_Instance_10000">Mike Bada, University of Colorado Anschutz Medical Campus</annotator>
    <span start="27120" end="27131" />
    <spannedText>fluorescein</spannedText>
  </annotation>
  <annotation>
    <mention id="CHEBI_2015_08_26_Instance_12899" />
    <annotator id="CHEBI_2015_08_26_Instance_10000">Mike Bada, University of Colorado Anschutz Medical Campus</annotator>
    <span start="27305" end="27315" />
    <spannedText>rifampicin</spannedText>
  </annotation>
  <annotation>
    <mention id="CHEBI_2015_08_26_Instance_12901" />
    <annotator id="CHEBI_2015_08_26_Instance_10000">Mike Bada, University of Colorado Anschutz Medical Campus</annotator>
    <span start="27459" end="27470" />
    <spannedText>fluorescein</spannedText>
  </annotation>
  <annotation>
    <mention id="CHEBI_2015_08_26_Instance_12907" />
    <annotator id="CHEBI_2015_08_26_Instance_10000">Mike Bada, University of Colorado Anschutz Medical Campus</annotator>
    <span start="28534" end="28539" />
    <spannedText>water</spannedText>
  </annotation>
  <annotation>
    <mention id="CHEBI_2015_08_26_Instance_12909" />
    <annotator id="CHEBI_2015_08_26_Instance_10000">Mike Bada, University of Colorado Anschutz Medical Campus</annotator>
    <span start="29122" end="29129" />
    <spannedText>ethanol</spannedText>
  </annotation>
  <annotation>
    <mention id="CHEBI_2015_08_26_Instance_12925" />
    <annotator id="CHEBI_2015_08_26_Instance_10000">Mike Bada, University of Colorado Anschutz Medical Campus</annotator>
    <span start="34378" end="34389" />
    <spannedText>fluorescein</spannedText>
  </annotation>
  <annotation>
    <mention id="CHEBI_2015_08_26_Instance_13239" />
    <annotator id="CHEBI_2015_08_26_Instance_10000">Mike Bada, University of Colorado Anschutz Medical Campus</annotator>
    <span start="19770" end="19783" />
    <spannedText>antibacterial</spannedText>
  </annotation>
  <annotation>
    <mention id="CHEBI_2015_08_26_Instance_13241" />
    <annotator id="CHEBI_2015_08_26_Instance_10000">Mike Bada, University of Colorado Anschutz Medical Campus</annotator>
    <span start="19831" end="19843" />
    <spannedText>bactericidal</spannedText>
  </annotation>
  <annotation>
    <mention id="CHEBI_2015_08_26_Instance_13243" />
    <annotator id="CHEBI_2015_08_26_Instance_10000">Mike Bada, University of Colorado Anschutz Medical Campus</annotator>
    <span start="35250" end="35260" />
    <spannedText>Hygromycin</spannedText>
  </annotation>
  <annotation>
    <mention id="CHEBI_2015_08_26_Instance_331674" />
    <annotator id="CHEBI_2015_08_26_Instance_10000">Mike Bada, University of Colorado Anschutz Medical Campus</annotator>
    <span start="27904" end="27914" />
    <spannedText>SYBR Green</spannedText>
  </annotation>
  <annotation>
    <mention id="CHEBI_2015_08_26_Instance_331712" />
    <annotator id="CHEBI_2015_08_26_Instance_10000">Mike Bada, University of Colorado Anschutz Medical Campus</annotator>
    <span start="33907" end="33911" />
    <spannedText>FITC</spannedText>
  </annotation>
  <annotation>
    <mention id="CHEBI_2015_08_26_Instance_340008" />
    <annotator id="CHEBI_2015_08_26_Instance_10000">Mike Bada, University of Colorado Anschutz Medical Campus</annotator>
    <span start="33912" end="33919" />
    <spannedText>dextran</spannedText>
  </annotation>
  <annotation>
    <mention id="CHEBI_2015_08_26_Instance_41408" />
    <annotator id="CHEBI_2015_08_26_Instance_10000">Mike Bada, University of Colorado Anschutz Medical Campus</annotator>
    <span start="5295" end="5331" />
    <spannedText>2,4,6-trinitrobenzene sulphonic acid</spannedText>
  </annotation>
  <annotation>
    <mention id="CHEBI_2015_08_26_Instance_41420" />
    <annotator id="CHEBI_2015_08_26_Instance_10000">Mike Bada, University of Colorado Anschutz Medical Campus</annotator>
    <span start="14038" end="14047" />
    <spannedText>molecules</spannedText>
  </annotation>
  <annotation>
    <mention id="CHEBI_2015_08_26_Instance_41424" />
    <annotator id="CHEBI_2015_08_26_Instance_10000">Mike Bada, University of Colorado Anschutz Medical Campus</annotator>
    <span start="15913" end="15921" />
    <spannedText>antigens</spannedText>
  </annotation>
  <annotation>
    <mention id="CHEBI_2015_08_26_Instance_41426" />
    <annotator id="CHEBI_2015_08_26_Instance_10000">Mike Bada, University of Colorado Anschutz Medical Campus</annotator>
    <span start="15944" end="15951" />
    <spannedText>antigen</spannedText>
  </annotation>
  <annotation>
    <mention id="CHEBI_2015_08_26_Instance_41432" />
    <annotator id="CHEBI_2015_08_26_Instance_10000">Mike Bada, University of Colorado Anschutz Medical Campus</annotator>
    <span start="19328" end="19336" />
    <spannedText>antigens</spannedText>
  </annotation>
  <annotation>
    <mention id="CHEBI_2015_08_26_Instance_41484" />
    <annotator id="CHEBI_2015_08_26_Instance_10000">Mike Bada, University of Colorado Anschutz Medical Campus</annotator>
    <span start="24415" end="24423" />
    <spannedText>formalin</spannedText>
  </annotation>
  <annotation>
    <mention id="CHEBI_2015_08_26_Instance_41486" />
    <annotator id="CHEBI_2015_08_26_Instance_10000">Mike Bada, University of Colorado Anschutz Medical Campus</annotator>
    <span start="24544" end="24552" />
    <spannedText>formalin</spannedText>
  </annotation>
  <annotation>
    <mention id="CHEBI_2015_08_26_Instance_41488" />
    <annotator id="CHEBI_2015_08_26_Instance_10000">Mike Bada, University of Colorado Anschutz Medical Campus</annotator>
    <span start="24713" end="24725" />
    <spannedText>haematoxylin</spannedText>
  </annotation>
  <annotation>
    <mention id="CHEBI_2015_08_26_Instance_41492" />
    <annotator id="CHEBI_2015_08_26_Instance_10000">Mike Bada, University of Colorado Anschutz Medical Campus</annotator>
    <span start="25147" end="25155" />
    <spannedText>solution</spannedText>
  </annotation>
  <annotation>
    <mention id="CHEBI_2015_08_26_Instance_41494" />
    <annotator id="CHEBI_2015_08_26_Instance_10000">Mike Bada, University of Colorado Anschutz Medical Campus</annotator>
    <span start="25473" end="25476" />
    <spannedText>Cy5</spannedText>
  </annotation>
  <annotation>
    <mention id="CHEBI_2015_08_26_Instance_41496" />
    <annotator id="CHEBI_2015_08_26_Instance_10000">Mike Bada, University of Colorado Anschutz Medical Campus</annotator>
    <span start="25525" end="25528" />
    <spannedText>Cy5</spannedText>
  </annotation>
  <annotation>
    <mention id="CHEBI_2015_08_26_Instance_41498" />
    <annotator id="CHEBI_2015_08_26_Instance_10000">Mike Bada, University of Colorado Anschutz Medical Campus</annotator>
    <span start="25497" end="25500" />
    <spannedText>Cy7</spannedText>
  </annotation>
  <annotation>
    <mention id="CHEBI_2015_08_26_Instance_41500" />
    <annotator id="CHEBI_2015_08_26_Instance_10000">Mike Bada, University of Colorado Anschutz Medical Campus</annotator>
    <span start="26071" end="26080" />
    <spannedText>conjugate</spannedText>
  </annotation>
  <annotation>
    <mention id="CHEBI_2015_08_26_Instance_41506" />
    <annotator id="CHEBI_2015_08_26_Instance_10000">Mike Bada, University of Colorado Anschutz Medical Campus</annotator>
    <span start="26874" end="26882" />
    <spannedText>solution</spannedText>
  </annotation>
  <annotation>
    <mention id="CHEBI_2015_08_26_Instance_41508" />
    <annotator id="CHEBI_2015_08_26_Instance_10000">Mike Bada, University of Colorado Anschutz Medical Campus</annotator>
    <span start="27012" end="27019" />
    <spannedText>dextran</spannedText>
  </annotation>
  <annotation>
    <mention id="CHEBI_2015_08_26_Instance_41530" />
    <annotator id="CHEBI_2015_08_26_Instance_10000">Mike Bada, University of Colorado Anschutz Medical Campus</annotator>
    <span start="28577" end="28590" />
    <spannedText>polypropylene</spannedText>
  </annotation>
  <annotation>
    <mention id="CHEBI_2015_08_26_Instance_41532" />
    <annotator id="CHEBI_2015_08_26_Instance_10000">Mike Bada, University of Colorado Anschutz Medical Campus</annotator>
    <span start="29171" end="29179" />
    <spannedText>solution</spannedText>
  </annotation>
  <annotation>
    <mention id="CHEBI_2015_08_26_Instance_41534" />
    <annotator id="CHEBI_2015_08_26_Instance_10000">Mike Bada, University of Colorado Anschutz Medical Campus</annotator>
    <span start="29243" end="29255" />
    <spannedText>polyethylene</spannedText>
  </annotation>
  <classMention id="CHEBI_2015_08_26_Instance_41420">
    <mentionClass id="CHEBI:36357">polyatomic entity</mentionClass>
  </classMention>
  <classMention id="CHEBI_2015_08_26_Instance_12901">
    <mentionClass id="CHEBI:31624">fluorescein</mentionClass>
  </classMention>
  <classMention id="CHEBI_2015_08_26_Instance_41424">
    <mentionClass id="CHEBI:59132">antigen</mentionClass>
  </classMention>
  <classMention id="CHEBI_2015_08_26_Instance_12907">
    <mentionClass id="CHEBI:15377">water</mentionClass>
  </classMention>
  <classMention id="CHEBI_2015_08_26_Instance_41426">
    <mentionClass id="CHEBI:59132">antigen</mentionClass>
  </classMention>
  <classMention id="CHEBI_2015_08_26_Instance_12909">
    <mentionClass id="CHEBI:16236">ethanol</mentionClass>
  </classMention>
  <classMention id="CHEBI_2015_08_26_Instance_41432">
    <mentionClass id="CHEBI:59132">antigen</mentionClass>
  </classMention>
  <classMention id="CHEBI_2015_08_26_Instance_12925">
    <mentionClass id="CHEBI:31624">fluorescein</mentionClass>
  </classMention>
  <classMention id="CHEBI_2015_08_26_Instance_41484">
    <mentionClass id="CHEBI:16842">formaldehyde</mentionClass>
  </classMention>
  <classMention id="CHEBI_2015_08_26_Instance_41486">
    <mentionClass id="CHEBI:16842">formaldehyde</mentionClass>
  </classMention>
  <classMention id="CHEBI_2015_08_26_Instance_41488">
    <mentionClass id="CHEBI:51686">haematoxylin</mentionClass>
  </classMention>
  <classMention id="CHEBI_2015_08_26_Instance_41492">
    <mentionClass id="CHEBI:75958">solution</mentionClass>
  </classMention>
  <classMention id="CHEBI_2015_08_26_Instance_41494">
    <mentionClass id="CHEBI:37989">Cy5 dye</mentionClass>
  </classMention>
  <classMention id="CHEBI_2015_08_26_Instance_41496">
    <mentionClass id="CHEBI:37989">Cy5 dye</mentionClass>
  </classMention>
  <classMention id="CHEBI_2015_08_26_Instance_41498">
    <mentionClass id="CHEBI:52718">Cy7 dye</mentionClass>
  </classMention>
  <classMention id="CHEBI_2015_08_26_Instance_41500">
    <mentionClass id="CHEBI:64985">bioconjugate</mentionClass>
  </classMention>
  <classMention id="CHEBI_2015_08_26_Instance_41506">
    <mentionClass id="CHEBI:75958">solution</mentionClass>
  </classMention>
  <classMention id="CHEBI_2015_08_26_Instance_331674">
    <mentionClass id="CHEBI:51461">SYBR Green I</mentionClass>
  </classMention>
  <classMention id="CHEBI_2015_08_26_Instance_41508">
    <mentionClass id="CHEBI:52071">dextran</mentionClass>
  </classMention>
  <classMention id="CHEBI_2015_08_26_Instance_41530">
    <mentionClass id="CHEBI:53550">poly(propylene)</mentionClass>
  </classMention>
  <classMention id="CHEBI_2015_08_26_Instance_340008">
    <mentionClass id="CHEBI:52071">dextran</mentionClass>
  </classMention>
  <classMention id="CHEBI_2015_08_26_Instance_41532">
    <mentionClass id="CHEBI:75958">solution</mentionClass>
  </classMention>
  <classMention id="CHEBI_2015_08_26_Instance_41534">
    <mentionClass id="CHEBI:53227">poly(ethylene)</mentionClass>
  </classMention>
  <classMention id="CHEBI_2015_08_26_Instance_331712">
    <mentionClass id="CHEBI:37926">fluorescein isothiocyanate</mentionClass>
  </classMention>
  <classMention id="CHEBI_2015_08_26_Instance_12875">
    <mentionClass id="CHEBI:33290">food</mentionClass>
  </classMention>
  <classMention id="CHEBI_2015_08_26_Instance_12883">
    <mentionClass id="CHEBI:6872">methylene blue</mentionClass>
  </classMention>
  <classMention id="CHEBI_2015_08_26_Instance_12885">
    <mentionClass id="CHEBI:15366">acetic acid</mentionClass>
  </classMention>
  <classMention id="CHEBI_2015_08_26_Instance_12887">
    <mentionClass id="CHEBI:37926">fluorescein isothiocyanate</mentionClass>
  </classMention>
  <classMention id="CHEBI_2015_08_26_Instance_13239">
    <mentionClass id="CHEBI:33282">antibacterial agent</mentionClass>
  </classMention>
  <classMention id="CHEBI_2015_08_26_Instance_12889">
    <mentionClass id="CHEBI:37926">fluorescein isothiocyanate</mentionClass>
  </classMention>
  <classMention id="CHEBI_2015_08_26_Instance_13241">
    <mentionClass id="CHEBI:33282">antibacterial agent</mentionClass>
  </classMention>
  <classMention id="CHEBI_2015_08_26_Instance_12891">
    <mentionClass id="CHEBI:37926">fluorescein isothiocyanate</mentionClass>
  </classMention>
  <classMention id="CHEBI_2015_08_26_Instance_13243">
    <mentionClass id="CHEBI:24753">hygromycin</mentionClass>
  </classMention>
  <classMention id="CHEBI_2015_08_26_Instance_12895">
    <mentionClass id="CHEBI:37926">fluorescein isothiocyanate</mentionClass>
  </classMention>
  <classMention id="CHEBI_2015_08_26_Instance_12897">
    <mentionClass id="CHEBI:31624">fluorescein</mentionClass>
  </classMention>
  <classMention id="CHEBI_2015_08_26_Instance_41408">
    <mentionClass id="CHEBI:53063">2,4,6-trinitrobenzenesulfonic acid</mentionClass>
  </classMention>
  <classMention id="CHEBI_2015_08_26_Instance_12899">
    <mentionClass id="CHEBI:28077">rifampicin</mentionClass>
  </classMention>
</annotations>

