<?xml version="1.0" encoding="UTF-8"?>
<annotations textSource="17696610.txt">
  <annotation>
    <mention id="CHEBI_2015_08_26_Instance_13427" />
    <annotator id="CHEBI_2015_08_26_Instance_10000">Mike Bada, University of Colorado Anschutz Medical Campus</annotator>
    <span start="35645" end="35654" />
    <spannedText>etoposide</spannedText>
  </annotation>
  <annotation>
    <mention id="CHEBI_2015_08_26_Instance_13459" />
    <annotator id="CHEBI_2015_08_26_Instance_10000">Mike Bada, University of Colorado Anschutz Medical Campus</annotator>
    <span start="24760" end="24772" />
    <spannedText>okadaic acid</spannedText>
  </annotation>
  <annotation>
    <mention id="CHEBI_2015_08_26_Instance_13461" />
    <annotator id="CHEBI_2015_08_26_Instance_10000">Mike Bada, University of Colorado Anschutz Medical Campus</annotator>
    <span start="24774" end="24776" />
    <spannedText>OA</spannedText>
  </annotation>
  <annotation>
    <mention id="CHEBI_2015_08_26_Instance_13467" />
    <annotator id="CHEBI_2015_08_26_Instance_10000">Mike Bada, University of Colorado Anschutz Medical Campus</annotator>
    <span start="33782" end="33784" />
    <spannedText>OA</spannedText>
  </annotation>
  <annotation>
    <mention id="CHEBI_2015_08_26_Instance_13469" />
    <annotator id="CHEBI_2015_08_26_Instance_10000">Mike Bada, University of Colorado Anschutz Medical Campus</annotator>
    <span start="35431" end="35433" />
    <spannedText>OA</spannedText>
  </annotation>
  <annotation>
    <mention id="CHEBI_2015_08_26_Instance_13471" />
    <annotator id="CHEBI_2015_08_26_Instance_10000">Mike Bada, University of Colorado Anschutz Medical Campus</annotator>
    <span start="35780" end="35782" />
    <spannedText>OA</spannedText>
  </annotation>
  <annotation>
    <mention id="CHEBI_2015_08_26_Instance_13473" />
    <annotator id="CHEBI_2015_08_26_Instance_10000">Mike Bada, University of Colorado Anschutz Medical Campus</annotator>
    <span start="45333" end="45335" />
    <spannedText>OA</spannedText>
  </annotation>
  <annotation>
    <mention id="CHEBI_2015_08_26_Instance_13475" />
    <annotator id="CHEBI_2015_08_26_Instance_10000">Mike Bada, University of Colorado Anschutz Medical Campus</annotator>
    <span start="45522" end="45524" />
    <spannedText>OA</spannedText>
  </annotation>
  <annotation>
    <mention id="CHEBI_2015_08_26_Instance_13477" />
    <annotator id="CHEBI_2015_08_26_Instance_10000">Mike Bada, University of Colorado Anschutz Medical Campus</annotator>
    <span start="45563" end="45565" />
    <spannedText>OA</spannedText>
  </annotation>
  <annotation>
    <mention id="CHEBI_2015_08_26_Instance_13479" />
    <annotator id="CHEBI_2015_08_26_Instance_10000">Mike Bada, University of Colorado Anschutz Medical Campus</annotator>
    <span start="47725" end="47727" />
    <spannedText>OA</spannedText>
  </annotation>
  <annotation>
    <mention id="CHEBI_2015_08_26_Instance_13481" />
    <annotator id="CHEBI_2015_08_26_Instance_10000">Mike Bada, University of Colorado Anschutz Medical Campus</annotator>
    <span start="47730" end="47742" />
    <spannedText>okadaic acid</spannedText>
  </annotation>
  <annotation>
    <mention id="CHEBI_2015_08_26_Instance_13485" />
    <annotator id="CHEBI_2015_08_26_Instance_10000">Mike Bada, University of Colorado Anschutz Medical Campus</annotator>
    <span start="38139" end="38146" />
    <spannedText>histone</spannedText>
  </annotation>
  <annotation>
    <mention id="CHEBI_2015_08_26_Instance_13495" />
    <annotator id="CHEBI_2015_08_26_Instance_10000">Mike Bada, University of Colorado Anschutz Medical Campus</annotator>
    <span start="42480" end="42483" />
    <spannedText>SDS</spannedText>
  </annotation>
  <annotation>
    <mention id="CHEBI_2015_08_26_Instance_13497" />
    <annotator id="CHEBI_2015_08_26_Instance_10000">Mike Bada, University of Colorado Anschutz Medical Campus</annotator>
    <span start="44922" end="44929" />
    <spannedText>histone</spannedText>
  </annotation>
  <annotation>
    <mention id="CHEBI_2015_08_26_Instance_13499" />
    <annotator id="CHEBI_2015_08_26_Instance_10000">Mike Bada, University of Colorado Anschutz Medical Campus</annotator>
    <span start="45661" end="45664" />
    <spannedText>CO2</spannedText>
  </annotation>
  <annotation>
    <mention id="CHEBI_2015_08_26_Instance_21367" />
    <annotator id="CHEBI_2015_08_26_Instance_10000">Mike Bada, University of Colorado Anschutz Medical Campus</annotator>
    <span start="2615" end="2624" />
    <spannedText>molecules</spannedText>
  </annotation>
  <annotation>
    <mention id="CHEBI_2015_08_26_Instance_21369" />
    <annotator id="CHEBI_2015_08_26_Instance_10000">Mike Bada, University of Colorado Anschutz Medical Campus</annotator>
    <span start="24750" end="24759" />
    <spannedText>inhibitor</spannedText>
  </annotation>
  <annotation>
    <mention id="CHEBI_2015_08_26_Instance_24697" />
    <annotator id="CHEBI_2015_08_26_Instance_10000">Mike Bada, University of Colorado Anschutz Medical Campus</annotator>
    <span start="856" end="868" />
    <spannedText>okadaic acid</spannedText>
  </annotation>
  <annotation>
    <mention id="CHEBI_2015_08_26_Instance_330318" />
    <annotator id="CHEBI_2015_08_26_Instance_10000">Mike Bada, University of Colorado Anschutz Medical Campus</annotator>
    <span start="45116" end="45127" />
    <span start="45135" end="45138" />
    <spannedText>Alexa Fluor ... 594</spannedText>
  </annotation>
  <annotation>
    <mention id="CHEBI_2015_08_26_Instance_331764" />
    <annotator id="CHEBI_2015_08_26_Instance_10000">Mike Bada, University of Colorado Anschutz Medical Campus</annotator>
    <span start="42746" end="42755" />
    <spannedText>immunogen</spannedText>
  </annotation>
  <annotation>
    <mention id="CHEBI_2015_08_26_Instance_340106" />
    <annotator id="CHEBI_2015_08_26_Instance_10000">Mike Bada, University of Colorado Anschutz Medical Campus</annotator>
    <span start="17799" end="17811" />
    <spannedText>fluorophores</spannedText>
  </annotation>
  <annotation>
    <mention id="CHEBI_2015_08_26_Instance_340108" />
    <annotator id="CHEBI_2015_08_26_Instance_10000">Mike Bada, University of Colorado Anschutz Medical Campus</annotator>
    <span start="27158" end="27170" />
    <spannedText>fluorophores</spannedText>
  </annotation>
  <annotation>
    <mention id="CHEBI_2015_08_26_Instance_340110" />
    <annotator id="CHEBI_2015_08_26_Instance_10000">Mike Bada, University of Colorado Anschutz Medical Campus</annotator>
    <span start="46678" end="46690" />
    <spannedText>Fluorophores</spannedText>
  </annotation>
  <annotation>
    <mention id="CHEBI_2015_08_26_Instance_42227" />
    <annotator id="CHEBI_2015_08_26_Instance_10000">Mike Bada, University of Colorado Anschutz Medical Campus</annotator>
    <span start="6663" end="6678" />
    <spannedText>thyroid hormone</spannedText>
  </annotation>
  <annotation>
    <mention id="CHEBI_2015_08_26_Instance_42243" />
    <annotator id="CHEBI_2015_08_26_Instance_10000">Mike Bada, University of Colorado Anschutz Medical Campus</annotator>
    <span start="13808" end="13819" />
    <spannedText>hematoxylin</spannedText>
  </annotation>
  <annotation>
    <mention id="CHEBI_2015_08_26_Instance_42251" />
    <annotator id="CHEBI_2015_08_26_Instance_10000">Mike Bada, University of Colorado Anschutz Medical Campus</annotator>
    <span start="20882" end="20891" />
    <spannedText>molecules</spannedText>
  </annotation>
  <annotation>
    <mention id="CHEBI_2015_08_26_Instance_42261" />
    <annotator id="CHEBI_2015_08_26_Instance_10000">Mike Bada, University of Colorado Anschutz Medical Campus</annotator>
    <span start="22403" end="22412" />
    <spannedText>molecules</spannedText>
  </annotation>
  <annotation>
    <mention id="CHEBI_2015_08_26_Instance_42289" />
    <annotator id="CHEBI_2015_08_26_Instance_10000">Mike Bada, University of Colorado Anschutz Medical Campus</annotator>
    <span start="40067" end="40075" />
    <spannedText>neomycin</spannedText>
  </annotation>
  <annotation>
    <mention id="CHEBI_2015_08_26_Instance_42305" />
    <annotator id="CHEBI_2015_08_26_Instance_10000">Mike Bada, University of Colorado Anschutz Medical Campus</annotator>
    <span start="42524" end="42538" />
    <spannedText>Nitrocellulose</spannedText>
  </annotation>
  <annotation>
    <mention id="CHEBI_2015_08_26_Instance_42309" />
    <annotator id="CHEBI_2015_08_26_Instance_10000">Mike Bada, University of Colorado Anschutz Medical Campus</annotator>
    <span start="42951" end="42960" />
    <spannedText>conjugate</spannedText>
  </annotation>
  <annotation>
    <mention id="CHEBI_2015_08_26_Instance_42311" />
    <annotator id="CHEBI_2015_08_26_Instance_10000">Mike Bada, University of Colorado Anschutz Medical Campus</annotator>
    <span start="43093" end="43104" />
    <spannedText>hematoxylin</spannedText>
  </annotation>
  <annotation>
    <mention id="CHEBI_2015_08_26_Instance_42315" />
    <annotator id="CHEBI_2015_08_26_Instance_10000">Mike Bada, University of Colorado Anschutz Medical Campus</annotator>
    <span start="43116" end="43123" />
    <spannedText>Antigen</spannedText>
  </annotation>
  <annotation>
    <mention id="CHEBI_2015_08_26_Instance_42317" />
    <annotator id="CHEBI_2015_08_26_Instance_10000">Mike Bada, University of Colorado Anschutz Medical Campus</annotator>
    <span start="45116" end="45131" />
    <spannedText>Alexa Fluor 488</spannedText>
  </annotation>
  <annotation>
    <mention id="CHEBI_2015_08_26_Instance_42323" />
    <annotator id="CHEBI_2015_08_26_Instance_10000">Mike Bada, University of Colorado Anschutz Medical Campus</annotator>
    <span start="45725" end="45729" />
    <spannedText>DAPI</spannedText>
  </annotation>
  <classMention id="CHEBI_2015_08_26_Instance_13427">
    <mentionClass id="CHEBI:4911">etoposide</mentionClass>
  </classMention>
  <classMention id="CHEBI_2015_08_26_Instance_13459">
    <mentionClass id="CHEBI:44658">okadaic acid</mentionClass>
  </classMention>
  <classMention id="CHEBI_2015_08_26_Instance_13461">
    <mentionClass id="CHEBI:44658">okadaic acid</mentionClass>
  </classMention>
  <classMention id="CHEBI_2015_08_26_Instance_13467">
    <mentionClass id="CHEBI:44658">okadaic acid</mentionClass>
  </classMention>
  <classMention id="CHEBI_2015_08_26_Instance_13469">
    <mentionClass id="CHEBI:44658">okadaic acid</mentionClass>
  </classMention>
  <classMention id="CHEBI_2015_08_26_Instance_13471">
    <mentionClass id="CHEBI:44658">okadaic acid</mentionClass>
  </classMention>
  <classMention id="CHEBI_2015_08_26_Instance_13473">
    <mentionClass id="CHEBI:44658">okadaic acid</mentionClass>
  </classMention>
  <classMention id="CHEBI_2015_08_26_Instance_13475">
    <mentionClass id="CHEBI:44658">okadaic acid</mentionClass>
  </classMention>
  <classMention id="CHEBI_2015_08_26_Instance_331764">
    <mentionClass id="CHEBI:60816">immunogen</mentionClass>
  </classMention>
  <classMention id="CHEBI_2015_08_26_Instance_13477">
    <mentionClass id="CHEBI:44658">okadaic acid</mentionClass>
  </classMention>
  <classMention id="CHEBI_2015_08_26_Instance_21367">
    <mentionClass id="CHEBI:36357">polyatomic entity</mentionClass>
  </classMention>
  <classMention id="CHEBI_2015_08_26_Instance_13479">
    <mentionClass id="CHEBI:44658">okadaic acid</mentionClass>
  </classMention>
  <classMention id="CHEBI_2015_08_26_Instance_21369">
    <mentionClass id="CHEBI:35222">inhibitor</mentionClass>
  </classMention>
  <classMention id="CHEBI_2015_08_26_Instance_13481">
    <mentionClass id="CHEBI:44658">okadaic acid</mentionClass>
  </classMention>
  <classMention id="CHEBI_2015_08_26_Instance_13485">
    <mentionClass id="CHEBI:15358">histone</mentionClass>
  </classMention>
  <classMention id="CHEBI_2015_08_26_Instance_13495">
    <mentionClass id="CHEBI:8984">sodium dodecyl sulfate</mentionClass>
  </classMention>
  <classMention id="CHEBI_2015_08_26_Instance_13497">
    <mentionClass id="CHEBI:15358">histone</mentionClass>
  </classMention>
  <classMention id="CHEBI_2015_08_26_Instance_13499">
    <mentionClass id="CHEBI:16526">carbon dioxide</mentionClass>
  </classMention>
  <classMention id="CHEBI_2015_08_26_Instance_42227">
    <mentionClass id="CHEBI:60311">thyroid hormone</mentionClass>
  </classMention>
  <classMention id="CHEBI_2015_08_26_Instance_42243">
    <mentionClass id="CHEBI:51686">haematoxylin</mentionClass>
  </classMention>
  <classMention id="CHEBI_2015_08_26_Instance_42251">
    <mentionClass id="CHEBI:36357">polyatomic entity</mentionClass>
  </classMention>
  <classMention id="CHEBI_2015_08_26_Instance_42261">
    <mentionClass id="CHEBI:36357">polyatomic entity</mentionClass>
  </classMention>
  <classMention id="CHEBI_2015_08_26_Instance_42289">
    <mentionClass id="CHEBI:7507">neomycin</mentionClass>
  </classMention>
  <classMention id="CHEBI_2015_08_26_Instance_42305">
    <mentionClass id="CHEBI:53325">nitrocellulose</mentionClass>
  </classMention>
  <classMention id="CHEBI_2015_08_26_Instance_340106">
    <mentionClass id="CHEBI:51217">fluorochrome</mentionClass>
  </classMention>
  <classMention id="CHEBI_2015_08_26_Instance_42309">
    <mentionClass id="CHEBI:64985">bioconjugate</mentionClass>
  </classMention>
  <classMention id="CHEBI_2015_08_26_Instance_340108">
    <mentionClass id="CHEBI:51217">fluorochrome</mentionClass>
  </classMention>
  <classMention id="CHEBI_2015_08_26_Instance_42311">
    <mentionClass id="CHEBI:51686">haematoxylin</mentionClass>
  </classMention>
  <classMention id="CHEBI_2015_08_26_Instance_24697">
    <mentionClass id="CHEBI:44658">okadaic acid</mentionClass>
  </classMention>
  <classMention id="CHEBI_2015_08_26_Instance_340110">
    <mentionClass id="CHEBI:51217">fluorochrome</mentionClass>
  </classMention>
  <classMention id="CHEBI_2015_08_26_Instance_42315">
    <mentionClass id="CHEBI:59132">antigen</mentionClass>
  </classMention>
  <classMention id="CHEBI_2015_08_26_Instance_42317">
    <mentionClass id="CHEBI:52661">Alexa Fluor 488</mentionClass>
  </classMention>
  <classMention id="CHEBI_2015_08_26_Instance_42323">
    <mentionClass id="CHEBI:51231">DAPI</mentionClass>
  </classMention>
  <classMention id="CHEBI_2015_08_26_Instance_330318">
    <mentionClass id="CHEBI:51248">Alexa Fluor 594</mentionClass>
  </classMention>
</annotations>

