<?xml version="1.0" encoding="UTF-8"?>
<annotations textSource="12546709.txt">
  <annotation>
    <mention id="CL_basic_2014_02_21_Instance_13623" />
    <annotator id="CL_basic_2014_02_21_Instance_10000">Mike Bada, University of Colorado Anschutz Medical Campus</annotator>
    <span start="2252" end="2268" />
    <spannedText>epithelial cells</spannedText>
  </annotation>
  <annotation>
    <mention id="CL_basic_2014_02_21_Instance_13631" />
    <annotator id="CL_basic_2014_02_21_Instance_10000">Mike Bada, University of Colorado Anschutz Medical Campus</annotator>
    <span start="4766" end="4771" />
    <spannedText>cells</spannedText>
  </annotation>
  <annotation>
    <mention id="CL_basic_2014_02_21_Instance_13639" />
    <annotator id="CL_basic_2014_02_21_Instance_10000">Mike Bada, University of Colorado Anschutz Medical Campus</annotator>
    <span start="6325" end="6336" />
    <spannedText>muscle cell</spannedText>
  </annotation>
  <annotation>
    <mention id="CL_basic_2014_02_21_Instance_13643" />
    <annotator id="CL_basic_2014_02_21_Instance_10000">Mike Bada, University of Colorado Anschutz Medical Campus</annotator>
    <span start="13185" end="13189" />
    <spannedText>Cell</spannedText>
  </annotation>
  <annotation>
    <mention id="CL_basic_2014_02_21_Instance_13645" />
    <annotator id="CL_basic_2014_02_21_Instance_10000">Mike Bada, University of Colorado Anschutz Medical Campus</annotator>
    <span start="13329" end="13334" />
    <spannedText>cells</spannedText>
  </annotation>
  <annotation>
    <mention id="CL_basic_2014_02_21_Instance_13651" />
    <annotator id="CL_basic_2014_02_21_Instance_10000">Mike Bada, University of Colorado Anschutz Medical Campus</annotator>
    <span start="17182" end="17187" />
    <spannedText>cells</spannedText>
  </annotation>
  <annotation>
    <mention id="CL_basic_2014_02_21_Instance_13653" />
    <annotator id="CL_basic_2014_02_21_Instance_10000">Mike Bada, University of Colorado Anschutz Medical Campus</annotator>
    <span start="17582" end="17587" />
    <spannedText>cells</spannedText>
  </annotation>
  <annotation>
    <mention id="CL_basic_2014_02_21_Instance_13661" />
    <annotator id="CL_basic_2014_02_21_Instance_10000">Mike Bada, University of Colorado Anschutz Medical Campus</annotator>
    <span start="18608" end="18612" />
    <spannedText>cell</spannedText>
  </annotation>
  <annotation>
    <mention id="CL_basic_2014_02_21_Instance_13665" />
    <annotator id="CL_basic_2014_02_21_Instance_10000">Mike Bada, University of Colorado Anschutz Medical Campus</annotator>
    <span start="19010" end="19014" />
    <spannedText>cell</spannedText>
  </annotation>
  <annotation>
    <mention id="CL_basic_2014_02_21_Instance_13667" />
    <annotator id="CL_basic_2014_02_21_Instance_10000">Mike Bada, University of Colorado Anschutz Medical Campus</annotator>
    <span start="19023" end="19028" />
    <spannedText>Cells</spannedText>
  </annotation>
  <annotation>
    <mention id="CL_basic_2014_02_21_Instance_13669" />
    <annotator id="CL_basic_2014_02_21_Instance_10000">Mike Bada, University of Colorado Anschutz Medical Campus</annotator>
    <span start="19337" end="19342" />
    <spannedText>cells</spannedText>
  </annotation>
  <annotation>
    <mention id="CL_basic_2014_02_21_Instance_13675" />
    <annotator id="CL_basic_2014_02_21_Instance_10000">Mike Bada, University of Colorado Anschutz Medical Campus</annotator>
    <span start="20146" end="20151" />
    <spannedText>cells</spannedText>
  </annotation>
  <annotation>
    <mention id="CL_basic_2014_02_21_Instance_13679" />
    <annotator id="CL_basic_2014_02_21_Instance_10000">Mike Bada, University of Colorado Anschutz Medical Campus</annotator>
    <span start="20500" end="20505" />
    <spannedText>cells</spannedText>
  </annotation>
  <annotation>
    <mention id="CL_basic_2014_02_21_Instance_13681" />
    <annotator id="CL_basic_2014_02_21_Instance_10000">Mike Bada, University of Colorado Anschutz Medical Campus</annotator>
    <span start="20706" end="20711" />
    <spannedText>cells</spannedText>
  </annotation>
  <annotation>
    <mention id="CL_basic_2014_02_21_Instance_13685" />
    <annotator id="CL_basic_2014_02_21_Instance_10000">Mike Bada, University of Colorado Anschutz Medical Campus</annotator>
    <span start="21153" end="21158" />
    <spannedText>cells</spannedText>
  </annotation>
  <annotation>
    <mention id="CL_basic_2014_02_21_Instance_13689" />
    <annotator id="CL_basic_2014_02_21_Instance_10000">Mike Bada, University of Colorado Anschutz Medical Campus</annotator>
    <span start="21359" end="21364" />
    <spannedText>cells</spannedText>
  </annotation>
  <annotation>
    <mention id="CL_basic_2014_02_21_Instance_13703" />
    <annotator id="CL_basic_2014_02_21_Instance_10000">Mike Bada, University of Colorado Anschutz Medical Campus</annotator>
    <span start="24668" end="24684" />
    <spannedText>epithelial cells</spannedText>
  </annotation>
  <annotation>
    <mention id="CL_basic_2014_02_21_Instance_13705" />
    <annotator id="CL_basic_2014_02_21_Instance_10000">Mike Bada, University of Colorado Anschutz Medical Campus</annotator>
    <span start="24740" end="24756" />
    <spannedText>epithelial cells</spannedText>
  </annotation>
  <annotation>
    <mention id="CL_basic_2014_02_21_Instance_13709" />
    <annotator id="CL_basic_2014_02_21_Instance_10000">Mike Bada, University of Colorado Anschutz Medical Campus</annotator>
    <span start="24867" end="24872" />
    <spannedText>cells</spannedText>
  </annotation>
  <annotation>
    <mention id="CL_basic_2014_02_21_Instance_13713" />
    <annotator id="CL_basic_2014_02_21_Instance_10000">Mike Bada, University of Colorado Anschutz Medical Campus</annotator>
    <span start="25279" end="25284" />
    <spannedText>cells</spannedText>
  </annotation>
  <annotation>
    <mention id="CL_basic_2014_02_21_Instance_13715" />
    <annotator id="CL_basic_2014_02_21_Instance_10000">Mike Bada, University of Colorado Anschutz Medical Campus</annotator>
    <span start="25428" end="25432" />
    <spannedText>cell</spannedText>
  </annotation>
  <annotation>
    <mention id="CL_basic_2014_02_21_Instance_13717" />
    <annotator id="CL_basic_2014_02_21_Instance_10000">Mike Bada, University of Colorado Anschutz Medical Campus</annotator>
    <span start="25480" end="25484" />
    <spannedText>cell</spannedText>
  </annotation>
  <annotation>
    <mention id="CL_basic_2014_02_21_Instance_13719" />
    <annotator id="CL_basic_2014_02_21_Instance_10000">Mike Bada, University of Colorado Anschutz Medical Campus</annotator>
    <span start="25570" end="25574" />
    <spannedText>cell</spannedText>
  </annotation>
  <annotation>
    <mention id="CL_basic_2014_02_21_Instance_13725" />
    <annotator id="CL_basic_2014_02_21_Instance_10000">Mike Bada, University of Colorado Anschutz Medical Campus</annotator>
    <span start="26887" end="26892" />
    <spannedText>cells</spannedText>
  </annotation>
  <annotation>
    <mention id="CL_basic_2014_02_21_Instance_13727" />
    <annotator id="CL_basic_2014_02_21_Instance_10000">Mike Bada, University of Colorado Anschutz Medical Campus</annotator>
    <span start="27301" end="27317" />
    <spannedText>epithelial cells</spannedText>
  </annotation>
  <annotation>
    <mention id="CL_basic_2014_02_21_Instance_13731" />
    <annotator id="CL_basic_2014_02_21_Instance_10000">Mike Bada, University of Colorado Anschutz Medical Campus</annotator>
    <span start="27863" end="27868" />
    <spannedText>cells</spannedText>
  </annotation>
  <annotation>
    <mention id="CL_basic_2014_02_21_Instance_13737" />
    <annotator id="CL_basic_2014_02_21_Instance_10000">Mike Bada, University of Colorado Anschutz Medical Campus</annotator>
    <span start="28553" end="28568" />
    <spannedText>epithelial cell</spannedText>
  </annotation>
  <annotation>
    <mention id="CL_basic_2014_02_21_Instance_13745" />
    <annotator id="CL_basic_2014_02_21_Instance_10000">Mike Bada, University of Colorado Anschutz Medical Campus</annotator>
    <span start="28801" end="28805" />
    <spannedText>cell</spannedText>
  </annotation>
  <annotation>
    <mention id="CL_basic_2014_02_21_Instance_13747" />
    <annotator id="CL_basic_2014_02_21_Instance_10000">Mike Bada, University of Colorado Anschutz Medical Campus</annotator>
    <span start="28842" end="28857" />
    <spannedText>epithelial cell</spannedText>
  </annotation>
  <annotation>
    <mention id="CL_basic_2014_02_21_Instance_13753" />
    <annotator id="CL_basic_2014_02_21_Instance_10000">Mike Bada, University of Colorado Anschutz Medical Campus</annotator>
    <span start="29935" end="29940" />
    <spannedText>cells</spannedText>
  </annotation>
  <annotation>
    <mention id="CL_basic_2014_02_21_Instance_13755" />
    <annotator id="CL_basic_2014_02_21_Instance_10000">Mike Bada, University of Colorado Anschutz Medical Campus</annotator>
    <span start="30058" end="30069" />
    <spannedText>osteoblasts</spannedText>
  </annotation>
  <annotation>
    <mention id="CL_basic_2014_02_21_Instance_13759" />
    <annotator id="CL_basic_2014_02_21_Instance_10000">Mike Bada, University of Colorado Anschutz Medical Campus</annotator>
    <span start="30187" end="30200" />
    <spannedText>B lymphocytes</spannedText>
  </annotation>
  <annotation>
    <mention id="CL_basic_2014_02_21_Instance_13761" />
    <annotator id="CL_basic_2014_02_21_Instance_10000">Mike Bada, University of Colorado Anschutz Medical Campus</annotator>
    <span start="30210" end="30220" />
    <spannedText>macrophage</spannedText>
  </annotation>
  <annotation>
    <mention id="CL_basic_2014_02_21_Instance_13763" />
    <annotator id="CL_basic_2014_02_21_Instance_10000">Mike Bada, University of Colorado Anschutz Medical Campus</annotator>
    <span start="30246" end="30251" />
    <spannedText>cells</spannedText>
  </annotation>
  <annotation>
    <mention id="CL_basic_2014_02_21_Instance_13765" />
    <annotator id="CL_basic_2014_02_21_Instance_10000">Mike Bada, University of Colorado Anschutz Medical Campus</annotator>
    <span start="30532" end="30536" />
    <spannedText>cell</spannedText>
  </annotation>
  <annotation>
    <mention id="CL_basic_2014_02_21_Instance_13767" />
    <annotator id="CL_basic_2014_02_21_Instance_10000">Mike Bada, University of Colorado Anschutz Medical Campus</annotator>
    <span start="30715" end="30720" />
    <spannedText>cells</spannedText>
  </annotation>
  <annotation>
    <mention id="CL_basic_2014_02_21_Instance_13769" />
    <annotator id="CL_basic_2014_02_21_Instance_10000">Mike Bada, University of Colorado Anschutz Medical Campus</annotator>
    <span start="30788" end="30792" />
    <spannedText>cell</spannedText>
  </annotation>
  <annotation>
    <mention id="CL_basic_2014_02_21_Instance_13771" />
    <annotator id="CL_basic_2014_02_21_Instance_10000">Mike Bada, University of Colorado Anschutz Medical Campus</annotator>
    <span start="30839" end="30843" />
    <spannedText>cell</spannedText>
  </annotation>
  <annotation>
    <mention id="CL_basic_2014_02_21_Instance_13773" />
    <annotator id="CL_basic_2014_02_21_Instance_10000">Mike Bada, University of Colorado Anschutz Medical Campus</annotator>
    <span start="30898" end="30902" />
    <spannedText>cell</spannedText>
  </annotation>
  <annotation>
    <mention id="CL_basic_2014_02_21_Instance_13775" />
    <annotator id="CL_basic_2014_02_21_Instance_10000">Mike Bada, University of Colorado Anschutz Medical Campus</annotator>
    <span start="31050" end="31055" />
    <spannedText>cells</spannedText>
  </annotation>
  <annotation>
    <mention id="CL_basic_2014_02_21_Instance_13779" />
    <annotator id="CL_basic_2014_02_21_Instance_10000">Mike Bada, University of Colorado Anschutz Medical Campus</annotator>
    <span start="31415" end="31419" />
    <spannedText>cell</spannedText>
  </annotation>
  <annotation>
    <mention id="CL_basic_2014_02_21_Instance_13781" />
    <annotator id="CL_basic_2014_02_21_Instance_10000">Mike Bada, University of Colorado Anschutz Medical Campus</annotator>
    <span start="31538" end="31542" />
    <spannedText>cell</spannedText>
  </annotation>
  <annotation>
    <mention id="CL_basic_2014_02_21_Instance_13783" />
    <annotator id="CL_basic_2014_02_21_Instance_10000">Mike Bada, University of Colorado Anschutz Medical Campus</annotator>
    <span start="31662" end="31666" />
    <spannedText>cell</spannedText>
  </annotation>
  <annotation>
    <mention id="CL_basic_2014_02_21_Instance_13791" />
    <annotator id="CL_basic_2014_02_21_Instance_10000">Mike Bada, University of Colorado Anschutz Medical Campus</annotator>
    <span start="32896" end="32912" />
    <spannedText>epithelial cells</spannedText>
  </annotation>
  <annotation>
    <mention id="CL_basic_2014_02_21_Instance_13793" />
    <annotator id="CL_basic_2014_02_21_Instance_10000">Mike Bada, University of Colorado Anschutz Medical Campus</annotator>
    <span start="33035" end="33039" />
    <spannedText>cell</spannedText>
  </annotation>
  <annotation>
    <mention id="CL_basic_2014_02_21_Instance_13795" />
    <annotator id="CL_basic_2014_02_21_Instance_10000">Mike Bada, University of Colorado Anschutz Medical Campus</annotator>
    <span start="33105" end="33109" />
    <spannedText>cell</spannedText>
  </annotation>
  <annotation>
    <mention id="CL_basic_2014_02_21_Instance_22309" />
    <annotator id="CL_basic_2014_02_21_Instance_10000">Mike Bada, University of Colorado Anschutz Medical Campus</annotator>
    <span start="2795" end="2803" />
    <spannedText>cellular</spannedText>
  </annotation>
  <annotation>
    <mention id="CL_basic_2014_02_21_Instance_22311" />
    <annotator id="CL_basic_2014_02_21_Instance_10000">Mike Bada, University of Colorado Anschutz Medical Campus</annotator>
    <span start="3881" end="3889" />
    <spannedText>cellular</spannedText>
  </annotation>
  <annotation>
    <mention id="CL_basic_2014_02_21_Instance_22313" />
    <annotator id="CL_basic_2014_02_21_Instance_10000">Mike Bada, University of Colorado Anschutz Medical Campus</annotator>
    <span start="13828" end="13836" />
    <spannedText>cellular</spannedText>
  </annotation>
  <annotation>
    <mention id="CL_basic_2014_02_21_Instance_22315" />
    <annotator id="CL_basic_2014_02_21_Instance_10000">Mike Bada, University of Colorado Anschutz Medical Campus</annotator>
    <span start="15737" end="15745" />
    <spannedText>cellular</spannedText>
  </annotation>
  <annotation>
    <mention id="CL_basic_2014_02_21_Instance_22317" />
    <annotator id="CL_basic_2014_02_21_Instance_10000">Mike Bada, University of Colorado Anschutz Medical Campus</annotator>
    <span start="17458" end="17466" />
    <spannedText>cellular</spannedText>
  </annotation>
  <annotation>
    <mention id="CL_basic_2014_02_21_Instance_22319" />
    <annotator id="CL_basic_2014_02_21_Instance_10000">Mike Bada, University of Colorado Anschutz Medical Campus</annotator>
    <span start="18060" end="18068" />
    <spannedText>cellular</spannedText>
  </annotation>
  <annotation>
    <mention id="CL_basic_2014_02_21_Instance_22321" />
    <annotator id="CL_basic_2014_02_21_Instance_10000">Mike Bada, University of Colorado Anschutz Medical Campus</annotator>
    <span start="20520" end="20524" />
    <spannedText>cell</spannedText>
  </annotation>
  <annotation>
    <mention id="CL_basic_2014_02_21_Instance_22323" />
    <annotator id="CL_basic_2014_02_21_Instance_10000">Mike Bada, University of Colorado Anschutz Medical Campus</annotator>
    <span start="21173" end="21177" />
    <spannedText>cell</spannedText>
  </annotation>
  <annotation>
    <mention id="CL_basic_2014_02_21_Instance_22327" />
    <annotator id="CL_basic_2014_02_21_Instance_10000">Mike Bada, University of Colorado Anschutz Medical Campus</annotator>
    <span start="24821" end="24829" />
    <spannedText>cellular</spannedText>
  </annotation>
  <annotation>
    <mention id="CL_basic_2014_02_21_Instance_22355" />
    <annotator id="CL_basic_2014_02_21_Instance_10000">Mike Bada, University of Colorado Anschutz Medical Campus</annotator>
    <span start="29831" end="29839" />
    <spannedText>cellular</spannedText>
  </annotation>
  <annotation>
    <mention id="CL_basic_2014_02_21_Instance_26287" />
    <annotator id="CL_basic_2014_02_21_Instance_10000">Mike Bada, University of Colorado Anschutz Medical Campus</annotator>
    <span start="24488" end="24503" />
    <spannedText>epithelial cell</spannedText>
  </annotation>
  <annotation>
    <mention id="CL_basic_2014_02_21_Instance_30384" />
    <annotator id="CL_basic_2014_02_21_Instance_10000">Mike Bada, University of Colorado Anschutz Medical Campus</annotator>
    <span start="1867" end="1883" />
    <spannedText>lens fiber cells</spannedText>
  </annotation>
  <annotation>
    <mention id="CL_basic_2014_02_21_Instance_30390" />
    <annotator id="CL_basic_2014_02_21_Instance_10000">Mike Bada, University of Colorado Anschutz Medical Campus</annotator>
    <span start="4143" end="4164" />
    <spannedText>lens epithelial cells</spannedText>
  </annotation>
  <annotation>
    <mention id="CL_basic_2014_02_21_Instance_30394" />
    <annotator id="CL_basic_2014_02_21_Instance_10000">Mike Bada, University of Colorado Anschutz Medical Campus</annotator>
    <span start="4987" end="5008" />
    <spannedText>lens epithelial cells</spannedText>
  </annotation>
  <annotation>
    <mention id="CL_basic_2014_02_21_Instance_30396" />
    <annotator id="CL_basic_2014_02_21_Instance_10000">Mike Bada, University of Colorado Anschutz Medical Campus</annotator>
    <span start="5185" end="5205" />
    <spannedText>lens epithelial cell</spannedText>
  </annotation>
  <annotation>
    <mention id="CL_basic_2014_02_21_Instance_30405" />
    <annotator id="CL_basic_2014_02_21_Instance_10000">Mike Bada, University of Colorado Anschutz Medical Campus</annotator>
    <span start="14087" end="14106" />
    <spannedText>primary lens fibers</spannedText>
  </annotation>
  <annotation>
    <mention id="CL_basic_2014_02_21_Instance_30436" />
    <annotator id="CL_basic_2014_02_21_Instance_10000">Mike Bada, University of Colorado Anschutz Medical Campus</annotator>
    <span start="24378" end="24394" />
    <spannedText>lens fiber cells</spannedText>
  </annotation>
  <annotation>
    <mention id="CL_basic_2014_02_21_Instance_30438" />
    <annotator id="CL_basic_2014_02_21_Instance_10000">Mike Bada, University of Colorado Anschutz Medical Campus</annotator>
    <span start="24422" end="24438" />
    <spannedText>lens fiber cells</spannedText>
  </annotation>
  <annotation>
    <mention id="CL_basic_2014_02_21_Instance_30444" />
    <annotator id="CL_basic_2014_02_21_Instance_10000">Mike Bada, University of Colorado Anschutz Medical Campus</annotator>
    <span start="25734" end="25755" />
    <spannedText>lens epithelial cells</spannedText>
  </annotation>
  <annotation>
    <mention id="CL_basic_2014_02_21_Instance_30448" />
    <annotator id="CL_basic_2014_02_21_Instance_10000">Mike Bada, University of Colorado Anschutz Medical Campus</annotator>
    <span start="27365" end="27384" />
    <spannedText>primary fiber cells</spannedText>
  </annotation>
  <annotation>
    <mention id="CL_basic_2014_02_21_Instance_30451" />
    <annotator id="CL_basic_2014_02_21_Instance_10000">Mike Bada, University of Colorado Anschutz Medical Campus</annotator>
    <span start="28350" end="28366" />
    <spannedText>lens fiber cells</spannedText>
  </annotation>
  <annotation>
    <mention id="CL_basic_2014_02_21_Instance_30453" />
    <annotator id="CL_basic_2014_02_21_Instance_10000">Mike Bada, University of Colorado Anschutz Medical Campus</annotator>
    <span start="28495" end="28515" />
    <spannedText>lens epithelial cell</spannedText>
  </annotation>
  <annotation>
    <mention id="CL_basic_2014_02_21_Instance_30463" />
    <annotator id="CL_basic_2014_02_21_Instance_10000">Mike Bada, University of Colorado Anschutz Medical Campus</annotator>
    <span start="29311" end="29331" />
    <spannedText>lens epithelial cell</spannedText>
  </annotation>
  <annotation>
    <mention id="CL_basic_2014_02_21_Instance_30465" />
    <annotator id="CL_basic_2014_02_21_Instance_10000">Mike Bada, University of Colorado Anschutz Medical Campus</annotator>
    <span start="30074" end="30086" />
    <spannedText>promelocytic</spannedText>
  </annotation>
  <annotation>
    <mention id="CL_basic_2014_02_21_Instance_30469" />
    <annotator id="CL_basic_2014_02_21_Instance_10000">Mike Bada, University of Colorado Anschutz Medical Campus</annotator>
    <span start="31210" end="31231" />
    <spannedText>lens epithelial cells</spannedText>
  </annotation>
  <annotation>
    <mention id="CL_basic_2014_02_21_Instance_30471" />
    <annotator id="CL_basic_2014_02_21_Instance_10000">Mike Bada, University of Colorado Anschutz Medical Campus</annotator>
    <span start="32314" end="32335" />
    <spannedText>lens epithelial cells</spannedText>
  </annotation>
  <annotation>
    <mention id="CL_basic_2014_02_21_Instance_30473" />
    <annotator id="CL_basic_2014_02_21_Instance_10000">Mike Bada, University of Colorado Anschutz Medical Campus</annotator>
    <span start="32724" end="32745" />
    <spannedText>lens epithelial cells</spannedText>
  </annotation>
  <annotation>
    <mention id="CL_basic_2014_02_21_Instance_30475" />
    <annotator id="CL_basic_2014_02_21_Instance_10000">Mike Bada, University of Colorado Anschutz Medical Campus</annotator>
    <span start="32800" end="32816" />
    <spannedText>lens fiber cells</spannedText>
  </annotation>
  <annotation>
    <mention id="CL_basic_2014_02_21_Instance_50008" />
    <annotator id="CL_basic_2014_02_21_Instance_10000">Mike Bada, University of Colorado Anschutz Medical Campus</annotator>
    <span start="33073" end="33079" />
    <spannedText>cellar</spannedText>
  </annotation>
  <annotation>
    <mention id="CL_basic_2014_02_21_plus_nested_Instance_10496" />
    <annotator id="CL_basic_2014_02_21_Instance_10000">Mike Bada, University of Colorado Anschutz Medical Campus</annotator>
    <span start="1061" end="1066" />
    <spannedText>cells</spannedText>
  </annotation>
  <annotation>
    <mention id="CL_basic_2014_02_21_plus_nested_Instance_10499" />
    <annotator id="CL_basic_2014_02_21_Instance_10000">Mike Bada, University of Colorado Anschutz Medical Campus</annotator>
    <span start="1566" end="1570" />
    <spannedText>cell</spannedText>
  </annotation>
  <annotation>
    <mention id="CL_basic_2014_02_21_plus_nested_Instance_10513" />
    <annotator id="CL_basic_2014_02_21_Instance_10000">Mike Bada, University of Colorado Anschutz Medical Campus</annotator>
    <span start="2294" end="2299" />
    <spannedText>cells</spannedText>
  </annotation>
  <annotation>
    <mention id="CL_basic_2014_02_21_plus_nested_Instance_10516" />
    <annotator id="CL_basic_2014_02_21_Instance_10000">Mike Bada, University of Colorado Anschutz Medical Campus</annotator>
    <span start="2536" end="2541" />
    <spannedText>cells</spannedText>
  </annotation>
  <annotation>
    <mention id="CL_basic_2014_02_21_plus_nested_Instance_10555" />
    <annotator id="CL_basic_2014_02_21_Instance_10000">Mike Bada, University of Colorado Anschutz Medical Campus</annotator>
    <span start="6111" end="6116" />
    <spannedText>cells</spannedText>
  </annotation>
  <annotation>
    <mention id="CL_basic_2014_02_21_plus_nested_Instance_10564" />
    <annotator id="CL_basic_2014_02_21_Instance_10000">Mike Bada, University of Colorado Anschutz Medical Campus</annotator>
    <span start="7158" end="7162" />
    <spannedText>cell</spannedText>
  </annotation>
  <annotation>
    <mention id="CL_basic_2014_02_21_plus_nested_Instance_10567" />
    <annotator id="CL_basic_2014_02_21_Instance_10000">Mike Bada, University of Colorado Anschutz Medical Campus</annotator>
    <span start="13746" end="13751" />
    <spannedText>cells</spannedText>
  </annotation>
  <annotation>
    <mention id="CL_basic_2014_02_21_plus_nested_Instance_10578" />
    <annotator id="CL_basic_2014_02_21_Instance_10000">Mike Bada, University of Colorado Anschutz Medical Campus</annotator>
    <span start="16919" end="16924" />
    <spannedText>cells</spannedText>
  </annotation>
  <annotation>
    <mention id="CL_basic_2014_02_21_plus_nested_Instance_10581" />
    <annotator id="CL_basic_2014_02_21_Instance_10000">Mike Bada, University of Colorado Anschutz Medical Campus</annotator>
    <span start="17698" end="17703" />
    <spannedText>cells</spannedText>
  </annotation>
  <annotation>
    <mention id="CL_basic_2014_02_21_plus_nested_Instance_10584" />
    <annotator id="CL_basic_2014_02_21_Instance_10000">Mike Bada, University of Colorado Anschutz Medical Campus</annotator>
    <span start="18197" end="18202" />
    <spannedText>cells</spannedText>
  </annotation>
  <annotation>
    <mention id="CL_basic_2014_02_21_plus_nested_Instance_10587" />
    <annotator id="CL_basic_2014_02_21_Instance_10000">Mike Bada, University of Colorado Anschutz Medical Campus</annotator>
    <span start="18460" end="18465" />
    <spannedText>cells</spannedText>
  </annotation>
  <annotation>
    <mention id="CL_basic_2014_02_21_plus_nested_Instance_10590" />
    <annotator id="CL_basic_2014_02_21_Instance_10000">Mike Bada, University of Colorado Anschutz Medical Campus</annotator>
    <span start="19439" end="19444" />
    <spannedText>cells</spannedText>
  </annotation>
  <annotation>
    <mention id="CL_basic_2014_02_21_plus_nested_Instance_10593" />
    <annotator id="CL_basic_2014_02_21_Instance_10000">Mike Bada, University of Colorado Anschutz Medical Campus</annotator>
    <span start="19826" end="19831" />
    <spannedText>cells</spannedText>
  </annotation>
  <annotation>
    <mention id="CL_basic_2014_02_21_plus_nested_Instance_10596" />
    <annotator id="CL_basic_2014_02_21_Instance_10000">Mike Bada, University of Colorado Anschutz Medical Campus</annotator>
    <span start="20249" end="20254" />
    <spannedText>cells</spannedText>
  </annotation>
  <annotation>
    <mention id="CL_basic_2014_02_21_plus_nested_Instance_10599" />
    <annotator id="CL_basic_2014_02_21_Instance_10000">Mike Bada, University of Colorado Anschutz Medical Campus</annotator>
    <span start="20820" end="20825" />
    <spannedText>cells</spannedText>
  </annotation>
  <annotation>
    <mention id="CL_basic_2014_02_21_plus_nested_Instance_10602" />
    <annotator id="CL_basic_2014_02_21_Instance_10000">Mike Bada, University of Colorado Anschutz Medical Campus</annotator>
    <span start="21247" end="21252" />
    <spannedText>cells</spannedText>
  </annotation>
  <annotation>
    <mention id="CL_basic_2014_02_21_plus_nested_Instance_10605" />
    <annotator id="CL_basic_2014_02_21_Instance_10000">Mike Bada, University of Colorado Anschutz Medical Campus</annotator>
    <span start="21503" end="21508" />
    <spannedText>cells</spannedText>
  </annotation>
  <annotation>
    <mention id="CL_basic_2014_02_21_plus_nested_Instance_10608" />
    <annotator id="CL_basic_2014_02_21_Instance_10000">Mike Bada, University of Colorado Anschutz Medical Campus</annotator>
    <span start="21723" end="21728" />
    <spannedText>cells</spannedText>
  </annotation>
  <annotation>
    <mention id="CL_basic_2014_02_21_plus_nested_Instance_10611" />
    <annotator id="CL_basic_2014_02_21_Instance_10000">Mike Bada, University of Colorado Anschutz Medical Campus</annotator>
    <span start="23547" end="23552" />
    <spannedText>cells</spannedText>
  </annotation>
  <annotation>
    <mention id="CL_basic_2014_02_21_plus_nested_Instance_10633" />
    <annotator id="CL_basic_2014_02_21_Instance_10000">Mike Bada, University of Colorado Anschutz Medical Campus</annotator>
    <span start="24609" end="24614" />
    <spannedText>cells</spannedText>
  </annotation>
  <annotation>
    <mention id="CL_basic_2014_02_21_plus_nested_Instance_10644" />
    <annotator id="CL_basic_2014_02_21_Instance_10000">Mike Bada, University of Colorado Anschutz Medical Campus</annotator>
    <span start="24804" end="24809" />
    <spannedText>cells</spannedText>
  </annotation>
  <annotation>
    <mention id="CL_basic_2014_02_21_plus_nested_Instance_10647" />
    <annotator id="CL_basic_2014_02_21_Instance_10000">Mike Bada, University of Colorado Anschutz Medical Campus</annotator>
    <span start="25108" end="25113" />
    <spannedText>cells</spannedText>
  </annotation>
  <annotation>
    <mention id="CL_basic_2014_02_21_plus_nested_Instance_10663" />
    <annotator id="CL_basic_2014_02_21_Instance_10000">Mike Bada, University of Colorado Anschutz Medical Campus</annotator>
    <span start="25767" end="25772" />
    <spannedText>cells</spannedText>
  </annotation>
  <annotation>
    <mention id="CL_basic_2014_02_21_plus_nested_Instance_10709" />
    <annotator id="CL_basic_2014_02_21_Instance_10000">Mike Bada, University of Colorado Anschutz Medical Campus</annotator>
    <span start="28582" end="28586" />
    <spannedText>cell</spannedText>
  </annotation>
  <annotation>
    <mention id="CL_basic_2014_02_21_plus_nested_Instance_10712" />
    <annotator id="CL_basic_2014_02_21_Instance_10000">Mike Bada, University of Colorado Anschutz Medical Campus</annotator>
    <span start="28667" end="28671" />
    <spannedText>cell</spannedText>
  </annotation>
  <annotation>
    <mention id="CL_basic_2014_02_21_plus_nested_Instance_10715" />
    <annotator id="CL_basic_2014_02_21_Instance_10000">Mike Bada, University of Colorado Anschutz Medical Campus</annotator>
    <span start="28734" end="28738" />
    <spannedText>cell</spannedText>
  </annotation>
  <annotation>
    <mention id="CL_basic_2014_02_21_plus_nested_Instance_10721" />
    <annotator id="CL_basic_2014_02_21_Instance_10000">Mike Bada, University of Colorado Anschutz Medical Campus</annotator>
    <span start="28874" end="28878" />
    <spannedText>cell</spannedText>
  </annotation>
  <annotation>
    <mention id="CL_basic_2014_02_21_plus_nested_Instance_10737" />
    <annotator id="CL_basic_2014_02_21_Instance_10000">Mike Bada, University of Colorado Anschutz Medical Campus</annotator>
    <span start="30096" end="30101" />
    <spannedText>cells</spannedText>
  </annotation>
  <annotation>
    <mention id="CL_basic_2014_02_21_plus_nested_Instance_30010" />
    <annotator id="CL_basic_2014_02_21_Instance_10000">Mike Bada, University of Colorado Anschutz Medical Campus</annotator>
    <span start="4645" end="4655" />
    <spannedText>lens fiber</spannedText>
  </annotation>
  <annotation>
    <mention id="CL_basic_2014_02_21_plus_nested_Instance_4" />
    <annotator id="CL_basic_2014_02_21_Instance_10000">Mike Bada, University of Colorado Anschutz Medical Campus</annotator>
    <span start="18852" end="18857" />
    <spannedText>cells</spannedText>
  </annotation>
  <annotation>
    <mention id="CL_basic_2014_02_21_plus_nested_Instance_50293" />
    <annotator id="CL_basic_2014_02_21_Instance_10000">Mike Bada, University of Colorado Anschutz Medical Campus</annotator>
    <span start="13305" end="13313" />
    <spannedText>cellular</spannedText>
  </annotation>
  <classMention id="CL_basic_2014_02_21_plus_nested_Instance_10721">
    <mentionClass id="CL_GO_EXT:cell">cell</mentionClass>
  </classMention>
  <classMention id="CL_basic_2014_02_21_plus_nested_Instance_10737">
    <mentionClass id="CL_GO_EXT:cell">cell</mentionClass>
  </classMention>
  <classMention id="CL_basic_2014_02_21_Instance_22309">
    <mentionClass id="CL_GO_EXT:cell">cell</mentionClass>
  </classMention>
  <classMention id="CL_basic_2014_02_21_Instance_22311">
    <mentionClass id="CL_GO_EXT:cell">cell</mentionClass>
  </classMention>
  <classMention id="CL_basic_2014_02_21_Instance_22317">
    <mentionClass id="CL_GO_EXT:cell">cell</mentionClass>
  </classMention>
  <classMention id="CL_basic_2014_02_21_Instance_22319">
    <mentionClass id="CL_GO_EXT:cell">cell</mentionClass>
  </classMention>
  <classMention id="CL_basic_2014_02_21_Instance_22313">
    <mentionClass id="CL_GO_EXT:cell">cell</mentionClass>
  </classMention>
  <classMention id="CL_basic_2014_02_21_Instance_22315">
    <mentionClass id="CL_GO_EXT:cell">cell</mentionClass>
  </classMention>
  <classMention id="CL_basic_2014_02_21_Instance_22327">
    <mentionClass id="CL_GO_EXT:cell">cell</mentionClass>
  </classMention>
  <classMention id="CL_basic_2014_02_21_Instance_22321">
    <mentionClass id="CL_GO_EXT:cell">cell</mentionClass>
  </classMention>
  <classMention id="CL_basic_2014_02_21_Instance_22323">
    <mentionClass id="CL_GO_EXT:cell">cell</mentionClass>
  </classMention>
  <classMention id="CL_basic_2014_02_21_Instance_22355">
    <mentionClass id="CL_GO_EXT:cell">cell</mentionClass>
  </classMention>
  <classMention id="CL_basic_2014_02_21_plus_nested_Instance_50293">
    <mentionClass id="CL_GO_EXT:cell">cell</mentionClass>
  </classMention>
  <classMention id="CL_basic_2014_02_21_Instance_26287">
    <mentionClass id="CL:0000066">epithelial cell</mentionClass>
  </classMention>
  <classMention id="CL_basic_2014_02_21_plus_nested_Instance_30010">
    <mentionClass id="CL_UBERON_EXT:lens_fiber">lens fiber</mentionClass>
  </classMention>
  <classMention id="CL_basic_2014_02_21_Instance_13623">
    <mentionClass id="CL:0000066">epithelial cell</mentionClass>
  </classMention>
  <classMention id="CL_basic_2014_02_21_Instance_50008">
    <mentionClass id="CL_GO_EXT:cell">cell</mentionClass>
  </classMention>
  <classMention id="CL_basic_2014_02_21_Instance_13643">
    <mentionClass id="CL_GO_EXT:cell">cell</mentionClass>
  </classMention>
  <classMention id="CL_basic_2014_02_21_Instance_13645">
    <mentionClass id="CL_GO_EXT:cell">cell</mentionClass>
  </classMention>
  <classMention id="CL_basic_2014_02_21_Instance_13631">
    <mentionClass id="CL_GO_EXT:cell">cell</mentionClass>
  </classMention>
  <classMention id="CL_basic_2014_02_21_Instance_13639">
    <mentionClass id="CL:0000187">muscle cell</mentionClass>
  </classMention>
  <classMention id="CL_basic_2014_02_21_Instance_13661">
    <mentionClass id="CL_GO_EXT:cell">cell</mentionClass>
  </classMention>
  <classMention id="CL_basic_2014_02_21_Instance_13665">
    <mentionClass id="CL_GO_EXT:cell">cell</mentionClass>
  </classMention>
  <classMention id="CL_basic_2014_02_21_Instance_13651">
    <mentionClass id="CL_GO_EXT:cell">cell</mentionClass>
  </classMention>
  <classMention id="CL_basic_2014_02_21_Instance_13653">
    <mentionClass id="CL_GO_EXT:cell">cell</mentionClass>
  </classMention>
  <classMention id="CL_basic_2014_02_21_Instance_13675">
    <mentionClass id="CL_GO_EXT:cell">cell</mentionClass>
  </classMention>
  <classMention id="CL_basic_2014_02_21_Instance_13679">
    <mentionClass id="CL_GO_EXT:cell">cell</mentionClass>
  </classMention>
  <classMention id="CL_basic_2014_02_21_Instance_13667">
    <mentionClass id="CL_GO_EXT:cell">cell</mentionClass>
  </classMention>
  <classMention id="CL_basic_2014_02_21_Instance_13669">
    <mentionClass id="CL_GO_EXT:cell">cell</mentionClass>
  </classMention>
  <classMention id="CL_basic_2014_02_21_Instance_13689">
    <mentionClass id="CL_GO_EXT:cell">cell</mentionClass>
  </classMention>
  <classMention id="CL_basic_2014_02_21_Instance_13703">
    <mentionClass id="CL:0000066">epithelial cell</mentionClass>
  </classMention>
  <classMention id="CL_basic_2014_02_21_Instance_13681">
    <mentionClass id="CL_GO_EXT:cell">cell</mentionClass>
  </classMention>
  <classMention id="CL_basic_2014_02_21_Instance_13685">
    <mentionClass id="CL_GO_EXT:cell">cell</mentionClass>
  </classMention>
  <classMention id="CL_basic_2014_02_21_Instance_13713">
    <mentionClass id="CL_GO_EXT:cell">cell</mentionClass>
  </classMention>
  <classMention id="CL_basic_2014_02_21_Instance_30394">
    <mentionClass id="CL:0002224">lens epithelial cell</mentionClass>
  </classMention>
  <classMention id="CL_basic_2014_02_21_Instance_13715">
    <mentionClass id="CL_GO_EXT:cell">cell</mentionClass>
  </classMention>
  <classMention id="CL_basic_2014_02_21_Instance_30396">
    <mentionClass id="CL:0002224">lens epithelial cell</mentionClass>
  </classMention>
  <classMention id="CL_basic_2014_02_21_Instance_13705">
    <mentionClass id="CL:0000066">epithelial cell</mentionClass>
  </classMention>
  <classMention id="CL_basic_2014_02_21_Instance_30384">
    <mentionClass id="CL:0011004">lens fiber cell</mentionClass>
  </classMention>
  <classMention id="CL_basic_2014_02_21_Instance_13709">
    <mentionClass id="CL_GO_EXT:cell">cell</mentionClass>
  </classMention>
  <classMention id="CL_basic_2014_02_21_Instance_30390">
    <mentionClass id="CL:0002224">lens epithelial cell</mentionClass>
  </classMention>
  <classMention id="CL_basic_2014_02_21_Instance_13725">
    <mentionClass id="CL_GO_EXT:cell">cell</mentionClass>
  </classMention>
  <classMention id="CL_basic_2014_02_21_Instance_30438">
    <mentionClass id="CL:0011004">lens fiber cell</mentionClass>
  </classMention>
  <classMention id="CL_basic_2014_02_21_Instance_13727">
    <mentionClass id="CL:0000066">epithelial cell</mentionClass>
  </classMention>
  <classMention id="CL_basic_2014_02_21_Instance_30444">
    <mentionClass id="CL:0002224">lens epithelial cell</mentionClass>
  </classMention>
  <classMention id="CL_basic_2014_02_21_Instance_13717">
    <mentionClass id="CL_GO_EXT:cell">cell</mentionClass>
  </classMention>
  <classMention id="CL_basic_2014_02_21_plus_nested_Instance_4">
    <mentionClass id="CL_GO_EXT:cell">cell</mentionClass>
  </classMention>
  <classMention id="CL_basic_2014_02_21_Instance_30405">
    <mentionClass id="CL:0002228">primary lens fiber</mentionClass>
  </classMention>
  <classMention id="CL_basic_2014_02_21_Instance_13719">
    <mentionClass id="CL_GO_EXT:cell">cell</mentionClass>
  </classMention>
  <classMention id="CL_basic_2014_02_21_Instance_30436">
    <mentionClass id="CL:0011004">lens fiber cell</mentionClass>
  </classMention>
  <classMention id="CL_basic_2014_02_21_Instance_13745">
    <mentionClass id="CL_GO_EXT:cell">cell</mentionClass>
  </classMention>
  <classMention id="CL_basic_2014_02_21_plus_nested_Instance_10496">
    <mentionClass id="CL_GO_EXT:cell">cell</mentionClass>
  </classMention>
  <classMention id="CL_basic_2014_02_21_Instance_30453">
    <mentionClass id="CL:0002224">lens epithelial cell</mentionClass>
  </classMention>
  <classMention id="CL_basic_2014_02_21_Instance_13747">
    <mentionClass id="CL:0000066">epithelial cell</mentionClass>
  </classMention>
  <classMention id="CL_basic_2014_02_21_plus_nested_Instance_10499">
    <mentionClass id="CL_GO_EXT:cell">cell</mentionClass>
  </classMention>
  <classMention id="CL_basic_2014_02_21_Instance_30463">
    <mentionClass id="CL:0002224">lens epithelial cell</mentionClass>
  </classMention>
  <classMention id="CL_basic_2014_02_21_Instance_13731">
    <mentionClass id="CL_GO_EXT:cell">cell</mentionClass>
  </classMention>
  <classMention id="CL_basic_2014_02_21_Instance_30448">
    <mentionClass id="CL:0002228">primary lens fiber</mentionClass>
  </classMention>
  <classMention id="CL_basic_2014_02_21_Instance_13737">
    <mentionClass id="CL:0000066">epithelial cell</mentionClass>
  </classMention>
  <classMention id="CL_basic_2014_02_21_Instance_30451">
    <mentionClass id="CL:0011004">lens fiber cell</mentionClass>
  </classMention>
  <classMention id="CL_basic_2014_02_21_Instance_13759">
    <mentionClass id="CL:0000236">B cell</mentionClass>
  </classMention>
  <classMention id="CL_basic_2014_02_21_plus_nested_Instance_10555">
    <mentionClass id="CL_GO_EXT:cell">cell</mentionClass>
  </classMention>
  <classMention id="CL_basic_2014_02_21_Instance_30471">
    <mentionClass id="CL:0002224">lens epithelial cell</mentionClass>
  </classMention>
  <classMention id="CL_basic_2014_02_21_Instance_13761">
    <mentionClass id="CL:0000235">macrophage</mentionClass>
  </classMention>
  <classMention id="CL_basic_2014_02_21_plus_nested_Instance_10564">
    <mentionClass id="CL_GO_EXT:cell">cell</mentionClass>
  </classMention>
  <classMention id="CL_basic_2014_02_21_Instance_30473">
    <mentionClass id="CL:0002224">lens epithelial cell</mentionClass>
  </classMention>
  <classMention id="CL_basic_2014_02_21_Instance_13753">
    <mentionClass id="CL_GO_EXT:cell">cell</mentionClass>
  </classMention>
  <classMention id="CL_basic_2014_02_21_plus_nested_Instance_10513">
    <mentionClass id="CL_GO_EXT:cell">cell</mentionClass>
  </classMention>
  <classMention id="CL_basic_2014_02_21_Instance_30465">
    <mentionClass id="CL:0000836">promyelocyte</mentionClass>
  </classMention>
  <classMention id="CL_basic_2014_02_21_Instance_13755">
    <mentionClass id="CL:0000062">osteoblast</mentionClass>
  </classMention>
  <classMention id="CL_basic_2014_02_21_plus_nested_Instance_10516">
    <mentionClass id="CL_GO_EXT:cell">cell</mentionClass>
  </classMention>
  <classMention id="CL_basic_2014_02_21_Instance_30469">
    <mentionClass id="CL:0002224">lens epithelial cell</mentionClass>
  </classMention>
  <classMention id="CL_basic_2014_02_21_Instance_13767">
    <mentionClass id="CL_GO_EXT:cell">cell</mentionClass>
  </classMention>
  <classMention id="CL_basic_2014_02_21_plus_nested_Instance_10581">
    <mentionClass id="CL_GO_EXT:cell">cell</mentionClass>
  </classMention>
  <classMention id="CL_basic_2014_02_21_Instance_13769">
    <mentionClass id="CL_GO_EXT:cell">cell</mentionClass>
  </classMention>
  <classMention id="CL_basic_2014_02_21_plus_nested_Instance_10584">
    <mentionClass id="CL_GO_EXT:cell">cell</mentionClass>
  </classMention>
  <classMention id="CL_basic_2014_02_21_Instance_13763">
    <mentionClass id="CL_GO_EXT:cell">cell</mentionClass>
  </classMention>
  <classMention id="CL_basic_2014_02_21_plus_nested_Instance_10567">
    <mentionClass id="CL_GO_EXT:cell">cell</mentionClass>
  </classMention>
  <classMention id="CL_basic_2014_02_21_Instance_30475">
    <mentionClass id="CL:0011004">lens fiber cell</mentionClass>
  </classMention>
  <classMention id="CL_basic_2014_02_21_Instance_13765">
    <mentionClass id="CL_GO_EXT:cell">cell</mentionClass>
  </classMention>
  <classMention id="CL_basic_2014_02_21_plus_nested_Instance_10578">
    <mentionClass id="CL_GO_EXT:cell">cell</mentionClass>
  </classMention>
  <classMention id="CL_basic_2014_02_21_Instance_13775">
    <mentionClass id="CL_GO_EXT:cell">cell</mentionClass>
  </classMention>
  <classMention id="CL_basic_2014_02_21_plus_nested_Instance_10593">
    <mentionClass id="CL_GO_EXT:cell">cell</mentionClass>
  </classMention>
  <classMention id="CL_basic_2014_02_21_Instance_13779">
    <mentionClass id="CL_GO_EXT:cell">cell</mentionClass>
  </classMention>
  <classMention id="CL_basic_2014_02_21_plus_nested_Instance_10596">
    <mentionClass id="CL_GO_EXT:cell">cell</mentionClass>
  </classMention>
  <classMention id="CL_basic_2014_02_21_Instance_13771">
    <mentionClass id="CL_GO_EXT:cell">cell</mentionClass>
  </classMention>
  <classMention id="CL_basic_2014_02_21_plus_nested_Instance_10587">
    <mentionClass id="CL_GO_EXT:cell">cell</mentionClass>
  </classMention>
  <classMention id="CL_basic_2014_02_21_Instance_13773">
    <mentionClass id="CL_GO_EXT:cell">cell</mentionClass>
  </classMention>
  <classMention id="CL_basic_2014_02_21_plus_nested_Instance_10590">
    <mentionClass id="CL_GO_EXT:cell">cell</mentionClass>
  </classMention>
  <classMention id="CL_basic_2014_02_21_Instance_13791">
    <mentionClass id="CL:0000066">epithelial cell</mentionClass>
  </classMention>
  <classMention id="CL_basic_2014_02_21_plus_nested_Instance_10605">
    <mentionClass id="CL_GO_EXT:cell">cell</mentionClass>
  </classMention>
  <classMention id="CL_basic_2014_02_21_Instance_13793">
    <mentionClass id="CL_GO_EXT:cell">cell</mentionClass>
  </classMention>
  <classMention id="CL_basic_2014_02_21_plus_nested_Instance_10608">
    <mentionClass id="CL_GO_EXT:cell">cell</mentionClass>
  </classMention>
  <classMention id="CL_basic_2014_02_21_Instance_13781">
    <mentionClass id="CL_GO_EXT:cell">cell</mentionClass>
  </classMention>
  <classMention id="CL_basic_2014_02_21_plus_nested_Instance_10599">
    <mentionClass id="CL_GO_EXT:cell">cell</mentionClass>
  </classMention>
  <classMention id="CL_basic_2014_02_21_Instance_13783">
    <mentionClass id="CL_GO_EXT:cell">cell</mentionClass>
  </classMention>
  <classMention id="CL_basic_2014_02_21_plus_nested_Instance_10602">
    <mentionClass id="CL_GO_EXT:cell">cell</mentionClass>
  </classMention>
  <classMention id="CL_basic_2014_02_21_plus_nested_Instance_10644">
    <mentionClass id="CL_GO_EXT:cell">cell</mentionClass>
  </classMention>
  <classMention id="CL_basic_2014_02_21_plus_nested_Instance_10647">
    <mentionClass id="CL_GO_EXT:cell">cell</mentionClass>
  </classMention>
  <classMention id="CL_basic_2014_02_21_Instance_13795">
    <mentionClass id="CL_GO_EXT:cell">cell</mentionClass>
  </classMention>
  <classMention id="CL_basic_2014_02_21_plus_nested_Instance_10611">
    <mentionClass id="CL_GO_EXT:cell">cell</mentionClass>
  </classMention>
  <classMention id="CL_basic_2014_02_21_plus_nested_Instance_10633">
    <mentionClass id="CL_GO_EXT:cell">cell</mentionClass>
  </classMention>
  <classMention id="CL_basic_2014_02_21_plus_nested_Instance_10712">
    <mentionClass id="CL_GO_EXT:cell">cell</mentionClass>
  </classMention>
  <classMention id="CL_basic_2014_02_21_plus_nested_Instance_10715">
    <mentionClass id="CL_GO_EXT:cell">cell</mentionClass>
  </classMention>
  <classMention id="CL_basic_2014_02_21_plus_nested_Instance_10663">
    <mentionClass id="CL_GO_EXT:cell">cell</mentionClass>
  </classMention>
  <classMention id="CL_basic_2014_02_21_plus_nested_Instance_10709">
    <mentionClass id="CL_GO_EXT:cell">cell</mentionClass>
  </classMention>
</annotations>

