<?xml version="1.0" encoding="UTF-8"?>
<annotations textSource="12585968.txt">
  <annotation>
    <mention id="CL_basic_2014_02_21_Instance_11065" />
    <annotator id="CL_basic_2014_02_21_Instance_10000">Mike Bada, University of Colorado Anschutz Medical Campus</annotator>
    <span start="6767" end="6770" />
    <spannedText>IHC</spannedText>
  </annotation>
  <annotation>
    <mention id="CL_basic_2014_02_21_Instance_11067" />
    <annotator id="CL_basic_2014_02_21_Instance_10000">Mike Bada, University of Colorado Anschutz Medical Campus</annotator>
    <span start="6851" end="6854" />
    <spannedText>OHC</spannedText>
  </annotation>
  <annotation>
    <mention id="CL_basic_2014_02_21_Instance_13797" />
    <annotator id="CL_basic_2014_02_21_Instance_10000">Mike Bada, University of Colorado Anschutz Medical Campus</annotator>
    <span start="166" end="176" />
    <spannedText>hair cells</spannedText>
  </annotation>
  <annotation>
    <mention id="CL_basic_2014_02_21_Instance_13799" />
    <annotator id="CL_basic_2014_02_21_Instance_10000">Mike Bada, University of Colorado Anschutz Medical Campus</annotator>
    <span start="289" end="299" />
    <spannedText>hair cells</spannedText>
  </annotation>
  <annotation>
    <mention id="CL_basic_2014_02_21_Instance_13801" />
    <annotator id="CL_basic_2014_02_21_Instance_10000">Mike Bada, University of Colorado Anschutz Medical Campus</annotator>
    <span start="356" end="371" />
    <spannedText>sensory neurons</spannedText>
  </annotation>
  <annotation>
    <mention id="CL_basic_2014_02_21_Instance_13803" />
    <annotator id="CL_basic_2014_02_21_Instance_10000">Mike Bada, University of Colorado Anschutz Medical Campus</annotator>
    <span start="869" end="879" />
    <spannedText>hair cells</spannedText>
  </annotation>
  <annotation>
    <mention id="CL_basic_2014_02_21_Instance_13805" />
    <annotator id="CL_basic_2014_02_21_Instance_10000">Mike Bada, University of Colorado Anschutz Medical Campus</annotator>
    <span start="964" end="974" />
    <spannedText>hair cells</spannedText>
  </annotation>
  <annotation>
    <mention id="CL_basic_2014_02_21_Instance_13807" />
    <annotator id="CL_basic_2014_02_21_Instance_10000">Mike Bada, University of Colorado Anschutz Medical Campus</annotator>
    <span start="1053" end="1063" />
    <spannedText>hair cells</spannedText>
  </annotation>
  <annotation>
    <mention id="CL_basic_2014_02_21_Instance_13809" />
    <annotator id="CL_basic_2014_02_21_Instance_10000">Mike Bada, University of Colorado Anschutz Medical Campus</annotator>
    <span start="1116" end="1131" />
    <spannedText>sensory neurons</spannedText>
  </annotation>
  <annotation>
    <mention id="CL_basic_2014_02_21_Instance_13811" />
    <annotator id="CL_basic_2014_02_21_Instance_10000">Mike Bada, University of Colorado Anschutz Medical Campus</annotator>
    <span start="1328" end="1338" />
    <spannedText>hair cells</spannedText>
  </annotation>
  <annotation>
    <mention id="CL_basic_2014_02_21_Instance_13813" />
    <annotator id="CL_basic_2014_02_21_Instance_10000">Mike Bada, University of Colorado Anschutz Medical Campus</annotator>
    <span start="1444" end="1454" />
    <spannedText>hair cells</spannedText>
  </annotation>
  <annotation>
    <mention id="CL_basic_2014_02_21_Instance_13815" />
    <annotator id="CL_basic_2014_02_21_Instance_10000">Mike Bada, University of Colorado Anschutz Medical Campus</annotator>
    <span start="1615" end="1630" />
    <spannedText>sensory neurons</spannedText>
  </annotation>
  <annotation>
    <mention id="CL_basic_2014_02_21_Instance_13819" />
    <annotator id="CL_basic_2014_02_21_Instance_10000">Mike Bada, University of Colorado Anschutz Medical Campus</annotator>
    <span start="1807" end="1817" />
    <spannedText>hair cells</spannedText>
  </annotation>
  <annotation>
    <mention id="CL_basic_2014_02_21_Instance_13823" />
    <annotator id="CL_basic_2014_02_21_Instance_10000">Mike Bada, University of Colorado Anschutz Medical Campus</annotator>
    <span start="2008" end="2018" />
    <spannedText>hair cells</spannedText>
  </annotation>
  <annotation>
    <mention id="CL_basic_2014_02_21_Instance_13825" />
    <annotator id="CL_basic_2014_02_21_Instance_10000">Mike Bada, University of Colorado Anschutz Medical Campus</annotator>
    <span start="2078" end="2088" />
    <spannedText>hair cells</spannedText>
  </annotation>
  <annotation>
    <mention id="CL_basic_2014_02_21_Instance_13827" />
    <annotator id="CL_basic_2014_02_21_Instance_10000">Mike Bada, University of Colorado Anschutz Medical Campus</annotator>
    <span start="2233" end="2243" />
    <spannedText>hair cells</spannedText>
  </annotation>
  <annotation>
    <mention id="CL_basic_2014_02_21_Instance_13829" />
    <annotator id="CL_basic_2014_02_21_Instance_10000">Mike Bada, University of Colorado Anschutz Medical Campus</annotator>
    <span start="2347" end="2357" />
    <spannedText>hair cells</spannedText>
  </annotation>
  <annotation>
    <mention id="CL_basic_2014_02_21_Instance_13837" />
    <annotator id="CL_basic_2014_02_21_Instance_10000">Mike Bada, University of Colorado Anschutz Medical Campus</annotator>
    <span start="2880" end="2890" />
    <spannedText>hair cells</spannedText>
  </annotation>
  <annotation>
    <mention id="CL_basic_2014_02_21_Instance_13839" />
    <annotator id="CL_basic_2014_02_21_Instance_10000">Mike Bada, University of Colorado Anschutz Medical Campus</annotator>
    <span start="2969" end="2974" />
    <spannedText>cells</spannedText>
  </annotation>
  <annotation>
    <mention id="CL_basic_2014_02_21_Instance_13841" />
    <annotator id="CL_basic_2014_02_21_Instance_10000">Mike Bada, University of Colorado Anschutz Medical Campus</annotator>
    <span start="2986" end="3001" />
    <spannedText>sensory neurons</spannedText>
  </annotation>
  <annotation>
    <mention id="CL_basic_2014_02_21_Instance_13843" />
    <annotator id="CL_basic_2014_02_21_Instance_10000">Mike Bada, University of Colorado Anschutz Medical Campus</annotator>
    <span start="3200" end="3215" />
    <spannedText>sensory neurons</spannedText>
  </annotation>
  <annotation>
    <mention id="CL_basic_2014_02_21_Instance_13845" />
    <annotator id="CL_basic_2014_02_21_Instance_10000">Mike Bada, University of Colorado Anschutz Medical Campus</annotator>
    <span start="3360" end="3370" />
    <spannedText>hair cells</spannedText>
  </annotation>
  <annotation>
    <mention id="CL_basic_2014_02_21_Instance_13847" />
    <annotator id="CL_basic_2014_02_21_Instance_10000">Mike Bada, University of Colorado Anschutz Medical Campus</annotator>
    <span start="3495" end="3505" />
    <spannedText>hair cells</spannedText>
  </annotation>
  <annotation>
    <mention id="CL_basic_2014_02_21_Instance_13849" />
    <annotator id="CL_basic_2014_02_21_Instance_10000">Mike Bada, University of Colorado Anschutz Medical Campus</annotator>
    <span start="3579" end="3594" />
    <spannedText>sensory neurons</spannedText>
  </annotation>
  <annotation>
    <mention id="CL_basic_2014_02_21_Instance_13851" />
    <annotator id="CL_basic_2014_02_21_Instance_10000">Mike Bada, University of Colorado Anschutz Medical Campus</annotator>
    <span start="4136" end="4150" />
    <spannedText>sensory neuron</spannedText>
  </annotation>
  <annotation>
    <mention id="CL_basic_2014_02_21_Instance_13853" />
    <annotator id="CL_basic_2014_02_21_Instance_10000">Mike Bada, University of Colorado Anschutz Medical Campus</annotator>
    <span start="4218" end="4228" />
    <spannedText>hair cells</spannedText>
  </annotation>
  <annotation>
    <mention id="CL_basic_2014_02_21_Instance_13855" />
    <annotator id="CL_basic_2014_02_21_Instance_10000">Mike Bada, University of Colorado Anschutz Medical Campus</annotator>
    <span start="4434" end="4449" />
    <spannedText>sensory neurons</spannedText>
  </annotation>
  <annotation>
    <mention id="CL_basic_2014_02_21_Instance_13857" />
    <annotator id="CL_basic_2014_02_21_Instance_10000">Mike Bada, University of Colorado Anschutz Medical Campus</annotator>
    <span start="4594" end="4603" />
    <spannedText>hair cell</spannedText>
  </annotation>
  <annotation>
    <mention id="CL_basic_2014_02_21_Instance_13859" />
    <annotator id="CL_basic_2014_02_21_Instance_10000">Mike Bada, University of Colorado Anschutz Medical Campus</annotator>
    <span start="4641" end="4651" />
    <spannedText>hair cells</spannedText>
  </annotation>
  <annotation>
    <mention id="CL_basic_2014_02_21_Instance_13865" />
    <annotator id="CL_basic_2014_02_21_Instance_10000">Mike Bada, University of Colorado Anschutz Medical Campus</annotator>
    <span start="6057" end="6072" />
    <spannedText>sensory neurons</spannedText>
  </annotation>
  <annotation>
    <mention id="CL_basic_2014_02_21_Instance_13867" />
    <annotator id="CL_basic_2014_02_21_Instance_10000">Mike Bada, University of Colorado Anschutz Medical Campus</annotator>
    <span start="6133" end="6148" />
    <spannedText>sensory neurons</spannedText>
  </annotation>
  <annotation>
    <mention id="CL_basic_2014_02_21_Instance_13869" />
    <annotator id="CL_basic_2014_02_21_Instance_10000">Mike Bada, University of Colorado Anschutz Medical Campus</annotator>
    <span start="6306" end="6316" />
    <spannedText>hair cells</spannedText>
  </annotation>
  <annotation>
    <mention id="CL_basic_2014_02_21_Instance_13871" />
    <annotator id="CL_basic_2014_02_21_Instance_10000">Mike Bada, University of Colorado Anschutz Medical Campus</annotator>
    <span start="6745" end="6765" />
    <spannedText>vestibular hair cell</spannedText>
  </annotation>
  <annotation>
    <mention id="CL_basic_2014_02_21_Instance_13873" />
    <annotator id="CL_basic_2014_02_21_Instance_10000">Mike Bada, University of Colorado Anschutz Medical Campus</annotator>
    <span start="6772" end="6787" />
    <spannedText>inner hair cell</spannedText>
  </annotation>
  <annotation>
    <mention id="CL_basic_2014_02_21_Instance_13875" />
    <annotator id="CL_basic_2014_02_21_Instance_10000">Mike Bada, University of Colorado Anschutz Medical Campus</annotator>
    <span start="6803" end="6812" />
    <spannedText>hair cell</spannedText>
  </annotation>
  <annotation>
    <mention id="CL_basic_2014_02_21_Instance_13877" />
    <annotator id="CL_basic_2014_02_21_Instance_10000">Mike Bada, University of Colorado Anschutz Medical Campus</annotator>
    <span start="6856" end="6871" />
    <spannedText>outer hair cell</spannedText>
  </annotation>
  <annotation>
    <mention id="CL_basic_2014_02_21_Instance_13879" />
    <annotator id="CL_basic_2014_02_21_Instance_10000">Mike Bada, University of Colorado Anschutz Medical Campus</annotator>
    <span start="8213" end="8229" />
    <spannedText>outer hair cells</spannedText>
  </annotation>
  <annotation>
    <mention id="CL_basic_2014_02_21_Instance_13881" />
    <annotator id="CL_basic_2014_02_21_Instance_10000">Mike Bada, University of Colorado Anschutz Medical Campus</annotator>
    <span start="8481" end="8496" />
    <spannedText>sensory neurons</spannedText>
  </annotation>
  <annotation>
    <mention id="CL_basic_2014_02_21_Instance_13885" />
    <annotator id="CL_basic_2014_02_21_Instance_10000">Mike Bada, University of Colorado Anschutz Medical Campus</annotator>
    <span start="9207" end="9222" />
    <spannedText>sensory neurons</spannedText>
  </annotation>
  <annotation>
    <mention id="CL_basic_2014_02_21_Instance_13887" />
    <annotator id="CL_basic_2014_02_21_Instance_10000">Mike Bada, University of Colorado Anschutz Medical Campus</annotator>
    <span start="9584" end="9600" />
    <spannedText>outer hair cells</spannedText>
  </annotation>
  <annotation>
    <mention id="CL_basic_2014_02_21_Instance_13889" />
    <annotator id="CL_basic_2014_02_21_Instance_10000">Mike Bada, University of Colorado Anschutz Medical Campus</annotator>
    <span start="9722" end="9738" />
    <spannedText>outer hair cells</spannedText>
  </annotation>
  <annotation>
    <mention id="CL_basic_2014_02_21_Instance_13891" />
    <annotator id="CL_basic_2014_02_21_Instance_10000">Mike Bada, University of Colorado Anschutz Medical Campus</annotator>
    <span start="9893" end="9908" />
    <spannedText>outer hair cell</spannedText>
  </annotation>
  <annotation>
    <mention id="CL_basic_2014_02_21_Instance_13893" />
    <annotator id="CL_basic_2014_02_21_Instance_10000">Mike Bada, University of Colorado Anschutz Medical Campus</annotator>
    <span start="9967" end="9982" />
    <spannedText>outer hair cell</spannedText>
  </annotation>
  <annotation>
    <mention id="CL_basic_2014_02_21_Instance_13895" />
    <annotator id="CL_basic_2014_02_21_Instance_10000">Mike Bada, University of Colorado Anschutz Medical Campus</annotator>
    <span start="10925" end="10941" />
    <spannedText>outer hair cells</spannedText>
  </annotation>
  <annotation>
    <mention id="CL_basic_2014_02_21_Instance_13897" />
    <annotator id="CL_basic_2014_02_21_Instance_10000">Mike Bada, University of Colorado Anschutz Medical Campus</annotator>
    <span start="11050" end="11066" />
    <spannedText>outer hair cells</spannedText>
  </annotation>
  <annotation>
    <mention id="CL_basic_2014_02_21_Instance_13899" />
    <annotator id="CL_basic_2014_02_21_Instance_10000">Mike Bada, University of Colorado Anschutz Medical Campus</annotator>
    <span start="11140" end="11150" />
    <spannedText>hair cells</spannedText>
  </annotation>
  <annotation>
    <mention id="CL_basic_2014_02_21_Instance_13901" />
    <annotator id="CL_basic_2014_02_21_Instance_10000">Mike Bada, University of Colorado Anschutz Medical Campus</annotator>
    <span start="11441" end="11457" />
    <spannedText>outer hair cells</spannedText>
  </annotation>
  <annotation>
    <mention id="CL_basic_2014_02_21_Instance_13903" />
    <annotator id="CL_basic_2014_02_21_Instance_10000">Mike Bada, University of Colorado Anschutz Medical Campus</annotator>
    <span start="11588" end="11603" />
    <spannedText>outer hair cell</spannedText>
  </annotation>
  <annotation>
    <mention id="CL_basic_2014_02_21_Instance_13905" />
    <annotator id="CL_basic_2014_02_21_Instance_10000">Mike Bada, University of Colorado Anschutz Medical Campus</annotator>
    <span start="11700" end="11716" />
    <spannedText>inner hair cells</spannedText>
  </annotation>
  <annotation>
    <mention id="CL_basic_2014_02_21_Instance_13907" />
    <annotator id="CL_basic_2014_02_21_Instance_10000">Mike Bada, University of Colorado Anschutz Medical Campus</annotator>
    <span start="11971" end="11986" />
    <spannedText>outer hair cell</spannedText>
  </annotation>
  <annotation>
    <mention id="CL_basic_2014_02_21_Instance_13911" />
    <annotator id="CL_basic_2014_02_21_Instance_10000">Mike Bada, University of Colorado Anschutz Medical Campus</annotator>
    <span start="12627" end="12636" />
    <spannedText>hair cell</spannedText>
  </annotation>
  <annotation>
    <mention id="CL_basic_2014_02_21_Instance_13913" />
    <annotator id="CL_basic_2014_02_21_Instance_10000">Mike Bada, University of Colorado Anschutz Medical Campus</annotator>
    <span start="12698" end="12708" />
    <spannedText>hair cells</spannedText>
  </annotation>
  <annotation>
    <mention id="CL_basic_2014_02_21_Instance_13915" />
    <annotator id="CL_basic_2014_02_21_Instance_10000">Mike Bada, University of Colorado Anschutz Medical Campus</annotator>
    <span start="12750" end="12760" />
    <spannedText>hair cells</spannedText>
  </annotation>
  <annotation>
    <mention id="CL_basic_2014_02_21_Instance_13917" />
    <annotator id="CL_basic_2014_02_21_Instance_10000">Mike Bada, University of Colorado Anschutz Medical Campus</annotator>
    <span start="12920" end="12930" />
    <spannedText>hair cells</spannedText>
  </annotation>
  <annotation>
    <mention id="CL_basic_2014_02_21_Instance_13919" />
    <annotator id="CL_basic_2014_02_21_Instance_10000">Mike Bada, University of Colorado Anschutz Medical Campus</annotator>
    <span start="13088" end="13103" />
    <spannedText>sensory neurons</spannedText>
  </annotation>
  <annotation>
    <mention id="CL_basic_2014_02_21_Instance_13921" />
    <annotator id="CL_basic_2014_02_21_Instance_10000">Mike Bada, University of Colorado Anschutz Medical Campus</annotator>
    <span start="13357" end="13367" />
    <spannedText>hair cells</spannedText>
  </annotation>
  <annotation>
    <mention id="CL_basic_2014_02_21_Instance_13923" />
    <annotator id="CL_basic_2014_02_21_Instance_10000">Mike Bada, University of Colorado Anschutz Medical Campus</annotator>
    <span start="13406" end="13418" />
    <spannedText>pillar cells</spannedText>
  </annotation>
  <annotation>
    <mention id="CL_basic_2014_02_21_Instance_13925" />
    <annotator id="CL_basic_2014_02_21_Instance_10000">Mike Bada, University of Colorado Anschutz Medical Campus</annotator>
    <span start="13614" end="13624" />
    <spannedText>hair cells</spannedText>
  </annotation>
  <annotation>
    <mention id="CL_basic_2014_02_21_Instance_13927" />
    <annotator id="CL_basic_2014_02_21_Instance_10000">Mike Bada, University of Colorado Anschutz Medical Campus</annotator>
    <span start="13686" end="13696" />
    <spannedText>hair cells</spannedText>
  </annotation>
  <annotation>
    <mention id="CL_basic_2014_02_21_Instance_13929" />
    <annotator id="CL_basic_2014_02_21_Instance_10000">Mike Bada, University of Colorado Anschutz Medical Campus</annotator>
    <span start="14049" end="14065" />
    <spannedText>outer hair cells</spannedText>
  </annotation>
  <annotation>
    <mention id="CL_basic_2014_02_21_Instance_13931" />
    <annotator id="CL_basic_2014_02_21_Instance_10000">Mike Bada, University of Colorado Anschutz Medical Campus</annotator>
    <span start="14094" end="14110" />
    <spannedText>inner hair cells</spannedText>
  </annotation>
  <annotation>
    <mention id="CL_basic_2014_02_21_Instance_13933" />
    <annotator id="CL_basic_2014_02_21_Instance_10000">Mike Bada, University of Colorado Anschutz Medical Campus</annotator>
    <span start="14171" end="14181" />
    <spannedText>hair cells</spannedText>
  </annotation>
  <annotation>
    <mention id="CL_basic_2014_02_21_Instance_13935" />
    <annotator id="CL_basic_2014_02_21_Instance_10000">Mike Bada, University of Colorado Anschutz Medical Campus</annotator>
    <span start="14268" end="14272" />
    <spannedText>cell</spannedText>
  </annotation>
  <annotation>
    <mention id="CL_basic_2014_02_21_Instance_13937" />
    <annotator id="CL_basic_2014_02_21_Instance_10000">Mike Bada, University of Colorado Anschutz Medical Campus</annotator>
    <span start="14350" end="14360" />
    <spannedText>hair cells</spannedText>
  </annotation>
  <annotation>
    <mention id="CL_basic_2014_02_21_Instance_13939" />
    <annotator id="CL_basic_2014_02_21_Instance_10000">Mike Bada, University of Colorado Anschutz Medical Campus</annotator>
    <span start="14427" end="14437" />
    <spannedText>hair cells</spannedText>
  </annotation>
  <annotation>
    <mention id="CL_basic_2014_02_21_Instance_13941" />
    <annotator id="CL_basic_2014_02_21_Instance_10000">Mike Bada, University of Colorado Anschutz Medical Campus</annotator>
    <span start="14617" end="14633" />
    <spannedText>outer hair cells</spannedText>
  </annotation>
  <annotation>
    <mention id="CL_basic_2014_02_21_Instance_13943" />
    <annotator id="CL_basic_2014_02_21_Instance_10000">Mike Bada, University of Colorado Anschutz Medical Campus</annotator>
    <span start="14943" end="14948" />
    <spannedText>cells</spannedText>
  </annotation>
  <annotation>
    <mention id="CL_basic_2014_02_21_Instance_13945" />
    <annotator id="CL_basic_2014_02_21_Instance_10000">Mike Bada, University of Colorado Anschutz Medical Campus</annotator>
    <span start="15017" end="15027" />
    <spannedText>hair cells</spannedText>
  </annotation>
  <annotation>
    <mention id="CL_basic_2014_02_21_Instance_13947" />
    <annotator id="CL_basic_2014_02_21_Instance_10000">Mike Bada, University of Colorado Anschutz Medical Campus</annotator>
    <span start="15032" end="15047" />
    <spannedText>sensory neurons</spannedText>
  </annotation>
  <annotation>
    <mention id="CL_basic_2014_02_21_Instance_13953" />
    <annotator id="CL_basic_2014_02_21_Instance_10000">Mike Bada, University of Colorado Anschutz Medical Campus</annotator>
    <span start="15401" end="15411" />
    <spannedText>hair cells</spannedText>
  </annotation>
  <annotation>
    <mention id="CL_basic_2014_02_21_Instance_13957" />
    <annotator id="CL_basic_2014_02_21_Instance_10000">Mike Bada, University of Colorado Anschutz Medical Campus</annotator>
    <span start="15643" end="15653" />
    <spannedText>hair cells</spannedText>
  </annotation>
  <annotation>
    <mention id="CL_basic_2014_02_21_Instance_13959" />
    <annotator id="CL_basic_2014_02_21_Instance_10000">Mike Bada, University of Colorado Anschutz Medical Campus</annotator>
    <span start="15756" end="15766" />
    <spannedText>hair cells</spannedText>
  </annotation>
  <annotation>
    <mention id="CL_basic_2014_02_21_Instance_13961" />
    <annotator id="CL_basic_2014_02_21_Instance_10000">Mike Bada, University of Colorado Anschutz Medical Campus</annotator>
    <span start="15834" end="15849" />
    <spannedText>sensory neurons</spannedText>
  </annotation>
  <annotation>
    <mention id="CL_basic_2014_02_21_Instance_13963" />
    <annotator id="CL_basic_2014_02_21_Instance_10000">Mike Bada, University of Colorado Anschutz Medical Campus</annotator>
    <span start="15863" end="15873" />
    <spannedText>hair cells</spannedText>
  </annotation>
  <annotation>
    <mention id="CL_basic_2014_02_21_Instance_13965" />
    <annotator id="CL_basic_2014_02_21_Instance_10000">Mike Bada, University of Colorado Anschutz Medical Campus</annotator>
    <span start="16001" end="16011" />
    <spannedText>hair cells</spannedText>
  </annotation>
  <annotation>
    <mention id="CL_basic_2014_02_21_Instance_13967" />
    <annotator id="CL_basic_2014_02_21_Instance_10000">Mike Bada, University of Colorado Anschutz Medical Campus</annotator>
    <span start="16036" end="16051" />
    <spannedText>sensory neurons</spannedText>
  </annotation>
  <annotation>
    <mention id="CL_basic_2014_02_21_Instance_13969" />
    <annotator id="CL_basic_2014_02_21_Instance_10000">Mike Bada, University of Colorado Anschutz Medical Campus</annotator>
    <span start="16114" end="16124" />
    <spannedText>hair cells</spannedText>
  </annotation>
  <annotation>
    <mention id="CL_basic_2014_02_21_Instance_13971" />
    <annotator id="CL_basic_2014_02_21_Instance_10000">Mike Bada, University of Colorado Anschutz Medical Campus</annotator>
    <span start="16255" end="16270" />
    <spannedText>sensory neurons</spannedText>
  </annotation>
  <annotation>
    <mention id="CL_basic_2014_02_21_Instance_13973" />
    <annotator id="CL_basic_2014_02_21_Instance_10000">Mike Bada, University of Colorado Anschutz Medical Campus</annotator>
    <span start="17464" end="17474" />
    <spannedText>hair cells</spannedText>
  </annotation>
  <annotation>
    <mention id="CL_basic_2014_02_21_Instance_13975" />
    <annotator id="CL_basic_2014_02_21_Instance_10000">Mike Bada, University of Colorado Anschutz Medical Campus</annotator>
    <span start="17890" end="17905" />
    <spannedText>sensory neurons</spannedText>
  </annotation>
  <annotation>
    <mention id="CL_basic_2014_02_21_Instance_13977" />
    <annotator id="CL_basic_2014_02_21_Instance_10000">Mike Bada, University of Colorado Anschutz Medical Campus</annotator>
    <span start="18214" end="18219" />
    <spannedText>cells</spannedText>
  </annotation>
  <annotation>
    <mention id="CL_basic_2014_02_21_Instance_13979" />
    <annotator id="CL_basic_2014_02_21_Instance_10000">Mike Bada, University of Colorado Anschutz Medical Campus</annotator>
    <span start="18323" end="18328" />
    <spannedText>cells</spannedText>
  </annotation>
  <annotation>
    <mention id="CL_basic_2014_02_21_Instance_13981" />
    <annotator id="CL_basic_2014_02_21_Instance_10000">Mike Bada, University of Colorado Anschutz Medical Campus</annotator>
    <span start="18373" end="18383" />
    <spannedText>hair cells</spannedText>
  </annotation>
  <annotation>
    <mention id="CL_basic_2014_02_21_Instance_13983" />
    <annotator id="CL_basic_2014_02_21_Instance_10000">Mike Bada, University of Colorado Anschutz Medical Campus</annotator>
    <span start="18756" end="18766" />
    <spannedText>hair cells</spannedText>
  </annotation>
  <annotation>
    <mention id="CL_basic_2014_02_21_Instance_13985" />
    <annotator id="CL_basic_2014_02_21_Instance_10000">Mike Bada, University of Colorado Anschutz Medical Campus</annotator>
    <span start="18868" end="18883" />
    <spannedText>sensory neurons</spannedText>
  </annotation>
  <annotation>
    <mention id="CL_basic_2014_02_21_Instance_13987" />
    <annotator id="CL_basic_2014_02_21_Instance_10000">Mike Bada, University of Colorado Anschutz Medical Campus</annotator>
    <span start="19322" end="19338" />
    <spannedText>outer hair cells</spannedText>
  </annotation>
  <annotation>
    <mention id="CL_basic_2014_02_21_Instance_13991" />
    <annotator id="CL_basic_2014_02_21_Instance_10000">Mike Bada, University of Colorado Anschutz Medical Campus</annotator>
    <span start="19514" end="19524" />
    <spannedText>hair cells</spannedText>
  </annotation>
  <annotation>
    <mention id="CL_basic_2014_02_21_Instance_13993" />
    <annotator id="CL_basic_2014_02_21_Instance_10000">Mike Bada, University of Colorado Anschutz Medical Campus</annotator>
    <span start="20341" end="20351" />
    <spannedText>hair cells</spannedText>
  </annotation>
  <annotation>
    <mention id="CL_basic_2014_02_21_Instance_13995" />
    <annotator id="CL_basic_2014_02_21_Instance_10000">Mike Bada, University of Colorado Anschutz Medical Campus</annotator>
    <span start="20553" end="20563" />
    <spannedText>hair cells</spannedText>
  </annotation>
  <annotation>
    <mention id="CL_basic_2014_02_21_Instance_13997" />
    <annotator id="CL_basic_2014_02_21_Instance_10000">Mike Bada, University of Colorado Anschutz Medical Campus</annotator>
    <span start="20624" end="20634" />
    <spannedText>hair cells</spannedText>
  </annotation>
  <annotation>
    <mention id="CL_basic_2014_02_21_Instance_13999" />
    <annotator id="CL_basic_2014_02_21_Instance_10000">Mike Bada, University of Colorado Anschutz Medical Campus</annotator>
    <span start="21125" end="21134" />
    <spannedText>hair cell</spannedText>
  </annotation>
  <annotation>
    <mention id="CL_basic_2014_02_21_Instance_14001" />
    <annotator id="CL_basic_2014_02_21_Instance_10000">Mike Bada, University of Colorado Anschutz Medical Campus</annotator>
    <span start="21257" end="21267" />
    <spannedText>hair cells</spannedText>
  </annotation>
  <annotation>
    <mention id="CL_basic_2014_02_21_Instance_14003" />
    <annotator id="CL_basic_2014_02_21_Instance_10000">Mike Bada, University of Colorado Anschutz Medical Campus</annotator>
    <span start="21589" end="21599" />
    <spannedText>hair cells</spannedText>
  </annotation>
  <annotation>
    <mention id="CL_basic_2014_02_21_Instance_14005" />
    <annotator id="CL_basic_2014_02_21_Instance_10000">Mike Bada, University of Colorado Anschutz Medical Campus</annotator>
    <span start="21646" end="21655" />
    <spannedText>hair cell</spannedText>
  </annotation>
  <annotation>
    <mention id="CL_basic_2014_02_21_Instance_14007" />
    <annotator id="CL_basic_2014_02_21_Instance_10000">Mike Bada, University of Colorado Anschutz Medical Campus</annotator>
    <span start="22691" end="22707" />
    <spannedText>inner hair cells</spannedText>
  </annotation>
  <annotation>
    <mention id="CL_basic_2014_02_21_Instance_14009" />
    <annotator id="CL_basic_2014_02_21_Instance_10000">Mike Bada, University of Colorado Anschutz Medical Campus</annotator>
    <span start="22876" end="22892" />
    <spannedText>inner hair cells</spannedText>
  </annotation>
  <annotation>
    <mention id="CL_basic_2014_02_21_Instance_14011" />
    <annotator id="CL_basic_2014_02_21_Instance_10000">Mike Bada, University of Colorado Anschutz Medical Campus</annotator>
    <span start="23090" end="23105" />
    <spannedText>primary neurons</spannedText>
  </annotation>
  <annotation>
    <mention id="CL_basic_2014_02_21_Instance_14013" />
    <annotator id="CL_basic_2014_02_21_Instance_10000">Mike Bada, University of Colorado Anschutz Medical Campus</annotator>
    <span start="23148" end="23158" />
    <spannedText>hair cells</spannedText>
  </annotation>
  <annotation>
    <mention id="CL_basic_2014_02_21_Instance_14017" />
    <annotator id="CL_basic_2014_02_21_Instance_10000">Mike Bada, University of Colorado Anschutz Medical Campus</annotator>
    <span start="23299" end="23309" />
    <spannedText>hair cells</spannedText>
  </annotation>
  <annotation>
    <mention id="CL_basic_2014_02_21_Instance_14019" />
    <annotator id="CL_basic_2014_02_21_Instance_10000">Mike Bada, University of Colorado Anschutz Medical Campus</annotator>
    <span start="23469" end="23479" />
    <spannedText>hair cells</spannedText>
  </annotation>
  <annotation>
    <mention id="CL_basic_2014_02_21_Instance_14021" />
    <annotator id="CL_basic_2014_02_21_Instance_10000">Mike Bada, University of Colorado Anschutz Medical Campus</annotator>
    <span start="23638" end="23642" />
    <spannedText>cell</spannedText>
  </annotation>
  <annotation>
    <mention id="CL_basic_2014_02_21_Instance_14023" />
    <annotator id="CL_basic_2014_02_21_Instance_10000">Mike Bada, University of Colorado Anschutz Medical Campus</annotator>
    <span start="23860" end="23875" />
    <spannedText>sensory neurons</spannedText>
  </annotation>
  <annotation>
    <mention id="CL_basic_2014_02_21_Instance_14025" />
    <annotator id="CL_basic_2014_02_21_Instance_10000">Mike Bada, University of Colorado Anschutz Medical Campus</annotator>
    <span start="24170" end="24185" />
    <spannedText>sensory neurons</spannedText>
  </annotation>
  <annotation>
    <mention id="CL_basic_2014_02_21_Instance_14027" />
    <annotator id="CL_basic_2014_02_21_Instance_10000">Mike Bada, University of Colorado Anschutz Medical Campus</annotator>
    <span start="24577" end="24592" />
    <spannedText>primary neurons</spannedText>
  </annotation>
  <annotation>
    <mention id="CL_basic_2014_02_21_Instance_14029" />
    <annotator id="CL_basic_2014_02_21_Instance_10000">Mike Bada, University of Colorado Anschutz Medical Campus</annotator>
    <span start="24727" end="24742" />
    <spannedText>primary neurons</spannedText>
  </annotation>
  <annotation>
    <mention id="CL_basic_2014_02_21_Instance_14031" />
    <annotator id="CL_basic_2014_02_21_Instance_10000">Mike Bada, University of Colorado Anschutz Medical Campus</annotator>
    <span start="25425" end="25440" />
    <spannedText>sensory neurons</spannedText>
  </annotation>
  <annotation>
    <mention id="CL_basic_2014_02_21_Instance_14033" />
    <annotator id="CL_basic_2014_02_21_Instance_10000">Mike Bada, University of Colorado Anschutz Medical Campus</annotator>
    <span start="25600" end="25610" />
    <spannedText>hair cells</spannedText>
  </annotation>
  <annotation>
    <mention id="CL_basic_2014_02_21_Instance_14035" />
    <annotator id="CL_basic_2014_02_21_Instance_10000">Mike Bada, University of Colorado Anschutz Medical Campus</annotator>
    <span start="25661" end="25671" />
    <spannedText>hair cells</spannedText>
  </annotation>
  <annotation>
    <mention id="CL_basic_2014_02_21_Instance_14037" />
    <annotator id="CL_basic_2014_02_21_Instance_10000">Mike Bada, University of Colorado Anschutz Medical Campus</annotator>
    <span start="26673" end="26688" />
    <spannedText>sensory neurons</spannedText>
  </annotation>
  <annotation>
    <mention id="CL_basic_2014_02_21_Instance_14039" />
    <annotator id="CL_basic_2014_02_21_Instance_10000">Mike Bada, University of Colorado Anschutz Medical Campus</annotator>
    <span start="26766" end="26781" />
    <spannedText>sensory neurons</spannedText>
  </annotation>
  <annotation>
    <mention id="CL_basic_2014_02_21_Instance_14041" />
    <annotator id="CL_basic_2014_02_21_Instance_10000">Mike Bada, University of Colorado Anschutz Medical Campus</annotator>
    <span start="26813" end="26823" />
    <spannedText>hair cells</spannedText>
  </annotation>
  <annotation>
    <mention id="CL_basic_2014_02_21_Instance_14043" />
    <annotator id="CL_basic_2014_02_21_Instance_10000">Mike Bada, University of Colorado Anschutz Medical Campus</annotator>
    <span start="26948" end="26964" />
    <spannedText>inner hair cells</spannedText>
  </annotation>
  <annotation>
    <mention id="CL_basic_2014_02_21_Instance_14045" />
    <annotator id="CL_basic_2014_02_21_Instance_10000">Mike Bada, University of Colorado Anschutz Medical Campus</annotator>
    <span start="27268" end="27278" />
    <spannedText>hair cells</spannedText>
  </annotation>
  <annotation>
    <mention id="CL_basic_2014_02_21_Instance_14047" />
    <annotator id="CL_basic_2014_02_21_Instance_10000">Mike Bada, University of Colorado Anschutz Medical Campus</annotator>
    <span start="27376" end="27386" />
    <spannedText>hair cells</spannedText>
  </annotation>
  <annotation>
    <mention id="CL_basic_2014_02_21_Instance_14049" />
    <annotator id="CL_basic_2014_02_21_Instance_10000">Mike Bada, University of Colorado Anschutz Medical Campus</annotator>
    <span start="27880" end="27895" />
    <spannedText>primary neurons</spannedText>
  </annotation>
  <annotation>
    <mention id="CL_basic_2014_02_21_Instance_14051" />
    <annotator id="CL_basic_2014_02_21_Instance_10000">Mike Bada, University of Colorado Anschutz Medical Campus</annotator>
    <span start="28249" end="28264" />
    <spannedText>sensory neurons</spannedText>
  </annotation>
  <annotation>
    <mention id="CL_basic_2014_02_21_Instance_14053" />
    <annotator id="CL_basic_2014_02_21_Instance_10000">Mike Bada, University of Colorado Anschutz Medical Campus</annotator>
    <span start="28425" end="28435" />
    <spannedText>hair cells</spannedText>
  </annotation>
  <annotation>
    <mention id="CL_basic_2014_02_21_Instance_14057" />
    <annotator id="CL_basic_2014_02_21_Instance_10000">Mike Bada, University of Colorado Anschutz Medical Campus</annotator>
    <span start="28632" end="28642" />
    <spannedText>hair cells</spannedText>
  </annotation>
  <annotation>
    <mention id="CL_basic_2014_02_21_Instance_14059" />
    <annotator id="CL_basic_2014_02_21_Instance_10000">Mike Bada, University of Colorado Anschutz Medical Campus</annotator>
    <span start="28722" end="28731" />
    <spannedText>hair cell</spannedText>
  </annotation>
  <annotation>
    <mention id="CL_basic_2014_02_21_Instance_14061" />
    <annotator id="CL_basic_2014_02_21_Instance_10000">Mike Bada, University of Colorado Anschutz Medical Campus</annotator>
    <span start="28842" end="28858" />
    <spannedText>outer hair cells</spannedText>
  </annotation>
  <annotation>
    <mention id="CL_basic_2014_02_21_Instance_14063" />
    <annotator id="CL_basic_2014_02_21_Instance_10000">Mike Bada, University of Colorado Anschutz Medical Campus</annotator>
    <span start="28968" end="28984" />
    <spannedText>outer hair cells</spannedText>
  </annotation>
  <annotation>
    <mention id="CL_basic_2014_02_21_Instance_14065" />
    <annotator id="CL_basic_2014_02_21_Instance_10000">Mike Bada, University of Colorado Anschutz Medical Campus</annotator>
    <span start="29134" end="29146" />
    <spannedText>pillar cells</spannedText>
  </annotation>
  <annotation>
    <mention id="CL_basic_2014_02_21_Instance_14067" />
    <annotator id="CL_basic_2014_02_21_Instance_10000">Mike Bada, University of Colorado Anschutz Medical Campus</annotator>
    <span start="29251" end="29267" />
    <spannedText>inner hair cells</spannedText>
  </annotation>
  <annotation>
    <mention id="CL_basic_2014_02_21_Instance_14069" />
    <annotator id="CL_basic_2014_02_21_Instance_10000">Mike Bada, University of Colorado Anschutz Medical Campus</annotator>
    <span start="29544" end="29560" />
    <spannedText>outer hair cells</spannedText>
  </annotation>
  <annotation>
    <mention id="CL_basic_2014_02_21_Instance_14071" />
    <annotator id="CL_basic_2014_02_21_Instance_10000">Mike Bada, University of Colorado Anschutz Medical Campus</annotator>
    <span start="29648" end="29658" />
    <spannedText>hair cells</spannedText>
  </annotation>
  <annotation>
    <mention id="CL_basic_2014_02_21_Instance_14073" />
    <annotator id="CL_basic_2014_02_21_Instance_10000">Mike Bada, University of Colorado Anschutz Medical Campus</annotator>
    <span start="29885" end="29896" />
    <spannedText>motoneurons</spannedText>
  </annotation>
  <annotation>
    <mention id="CL_basic_2014_02_21_Instance_14075" />
    <annotator id="CL_basic_2014_02_21_Instance_10000">Mike Bada, University of Colorado Anschutz Medical Campus</annotator>
    <span start="31404" end="31413" />
    <spannedText>hair cell</spannedText>
  </annotation>
  <annotation>
    <mention id="CL_basic_2014_02_21_Instance_14081" />
    <annotator id="CL_basic_2014_02_21_Instance_10000">Mike Bada, University of Colorado Anschutz Medical Campus</annotator>
    <span start="32442" end="32452" />
    <spannedText>hair cells</spannedText>
  </annotation>
  <annotation>
    <mention id="CL_basic_2014_02_21_Instance_14083" />
    <annotator id="CL_basic_2014_02_21_Instance_10000">Mike Bada, University of Colorado Anschutz Medical Campus</annotator>
    <span start="32459" end="32475" />
    <spannedText>outer hair cells</spannedText>
  </annotation>
  <annotation>
    <mention id="CL_basic_2014_02_21_Instance_14085" />
    <annotator id="CL_basic_2014_02_21_Instance_10000">Mike Bada, University of Colorado Anschutz Medical Campus</annotator>
    <span start="32548" end="32558" />
    <spannedText>hair cells</spannedText>
  </annotation>
  <annotation>
    <mention id="CL_basic_2014_02_21_Instance_14087" />
    <annotator id="CL_basic_2014_02_21_Instance_10000">Mike Bada, University of Colorado Anschutz Medical Campus</annotator>
    <span start="32929" end="32944" />
    <spannedText>sensory neurons</spannedText>
  </annotation>
  <annotation>
    <mention id="CL_basic_2014_02_21_Instance_14089" />
    <annotator id="CL_basic_2014_02_21_Instance_10000">Mike Bada, University of Colorado Anschutz Medical Campus</annotator>
    <span start="33085" end="33099" />
    <spannedText>sensory neuron</spannedText>
  </annotation>
  <annotation>
    <mention id="CL_basic_2014_02_21_Instance_14091" />
    <annotator id="CL_basic_2014_02_21_Instance_10000">Mike Bada, University of Colorado Anschutz Medical Campus</annotator>
    <span start="33501" end="33511" />
    <spannedText>hair cells</spannedText>
  </annotation>
  <annotation>
    <mention id="CL_basic_2014_02_21_Instance_14093" />
    <annotator id="CL_basic_2014_02_21_Instance_10000">Mike Bada, University of Colorado Anschutz Medical Campus</annotator>
    <span start="33726" end="33735" />
    <spannedText>hair cell</spannedText>
  </annotation>
  <annotation>
    <mention id="CL_basic_2014_02_21_Instance_14095" />
    <annotator id="CL_basic_2014_02_21_Instance_10000">Mike Bada, University of Colorado Anschutz Medical Campus</annotator>
    <span start="36438" end="36448" />
    <spannedText>hair cells</spannedText>
  </annotation>
  <annotation>
    <mention id="CL_basic_2014_02_21_Instance_14097" />
    <annotator id="CL_basic_2014_02_21_Instance_10000">Mike Bada, University of Colorado Anschutz Medical Campus</annotator>
    <span start="36471" end="36481" />
    <spannedText>hair cells</spannedText>
  </annotation>
  <annotation>
    <mention id="CL_basic_2014_02_21_Instance_14099" />
    <annotator id="CL_basic_2014_02_21_Instance_10000">Mike Bada, University of Colorado Anschutz Medical Campus</annotator>
    <span start="36486" end="36493" />
    <spannedText>neurons</spannedText>
  </annotation>
  <annotation>
    <mention id="CL_basic_2014_02_21_Instance_14101" />
    <annotator id="CL_basic_2014_02_21_Instance_10000">Mike Bada, University of Colorado Anschutz Medical Campus</annotator>
    <span start="36548" end="36557" />
    <spannedText>hair cell</spannedText>
  </annotation>
  <annotation>
    <mention id="CL_basic_2014_02_21_Instance_14103" />
    <annotator id="CL_basic_2014_02_21_Instance_10000">Mike Bada, University of Colorado Anschutz Medical Campus</annotator>
    <span start="36769" end="36779" />
    <spannedText>hair cells</spannedText>
  </annotation>
  <annotation>
    <mention id="CL_basic_2014_02_21_Instance_14105" />
    <annotator id="CL_basic_2014_02_21_Instance_10000">Mike Bada, University of Colorado Anschutz Medical Campus</annotator>
    <span start="36840" end="36850" />
    <spannedText>hair cells</spannedText>
  </annotation>
  <annotation>
    <mention id="CL_basic_2014_02_21_Instance_14107" />
    <annotator id="CL_basic_2014_02_21_Instance_10000">Mike Bada, University of Colorado Anschutz Medical Campus</annotator>
    <span start="36854" end="36861" />
    <spannedText>neurons</spannedText>
  </annotation>
  <annotation>
    <mention id="CL_basic_2014_02_21_Instance_14109" />
    <annotator id="CL_basic_2014_02_21_Instance_10000">Mike Bada, University of Colorado Anschutz Medical Campus</annotator>
    <span start="37119" end="37126" />
    <spannedText>neurons</spannedText>
  </annotation>
  <annotation>
    <mention id="CL_basic_2014_02_21_Instance_14111" />
    <annotator id="CL_basic_2014_02_21_Instance_10000">Mike Bada, University of Colorado Anschutz Medical Campus</annotator>
    <span start="37130" end="37135" />
    <spannedText>cells</spannedText>
  </annotation>
  <annotation>
    <mention id="CL_basic_2014_02_21_Instance_22361" />
    <annotator id="CL_basic_2014_02_21_Instance_10000">Mike Bada, University of Colorado Anschutz Medical Campus</annotator>
    <span start="2128" end="2136" />
    <spannedText>cellular</spannedText>
  </annotation>
  <annotation>
    <mention id="CL_basic_2014_02_21_Instance_22363" />
    <annotator id="CL_basic_2014_02_21_Instance_10000">Mike Bada, University of Colorado Anschutz Medical Campus</annotator>
    <span start="13480" end="13494" />
    <spannedText>Deiters' cells</spannedText>
  </annotation>
  <annotation>
    <mention id="CL_basic_2014_02_21_Instance_22365" />
    <annotator id="CL_basic_2014_02_21_Instance_10000">Mike Bada, University of Colorado Anschutz Medical Campus</annotator>
    <span start="13629" end="13645" />
    <spannedText>supporting cells</spannedText>
  </annotation>
  <annotation>
    <mention id="CL_basic_2014_02_21_Instance_22367" />
    <annotator id="CL_basic_2014_02_21_Instance_10000">Mike Bada, University of Colorado Anschutz Medical Campus</annotator>
    <span start="3447" end="3463" />
    <spannedText>supporting cells</spannedText>
  </annotation>
  <annotation>
    <mention id="CL_basic_2014_02_21_Instance_22369" />
    <annotator id="CL_basic_2014_02_21_Instance_10000">Mike Bada, University of Colorado Anschutz Medical Campus</annotator>
    <span start="3761" end="3777" />
    <spannedText>supporting cells</spannedText>
  </annotation>
  <annotation>
    <mention id="CL_basic_2014_02_21_Instance_22371" />
    <annotator id="CL_basic_2014_02_21_Instance_10000">Mike Bada, University of Colorado Anschutz Medical Campus</annotator>
    <span start="14607" end="14612" />
    <span start="14623" end="14633" />
    <spannedText>inner ... hair cells</spannedText>
  </annotation>
  <annotation>
    <mention id="CL_basic_2014_02_21_Instance_22373" />
    <annotator id="CL_basic_2014_02_21_Instance_10000">Mike Bada, University of Colorado Anschutz Medical Campus</annotator>
    <span start="16884" end="16893" />
    <spannedText>hair cell</spannedText>
  </annotation>
  <annotation>
    <mention id="CL_basic_2014_02_21_Instance_22375" />
    <annotator id="CL_basic_2014_02_21_Instance_10000">Mike Bada, University of Colorado Anschutz Medical Campus</annotator>
    <span start="26523" end="26539" />
    <spannedText>supporting cells</spannedText>
  </annotation>
  <annotation>
    <mention id="CL_basic_2014_02_21_Instance_22377" />
    <annotator id="CL_basic_2014_02_21_Instance_10000">Mike Bada, University of Colorado Anschutz Medical Campus</annotator>
    <span start="26572" end="26588" />
    <spannedText>supporting cells</spannedText>
  </annotation>
  <annotation>
    <mention id="CL_basic_2014_02_21_Instance_22381" />
    <annotator id="CL_basic_2014_02_21_Instance_10000">Mike Bada, University of Colorado Anschutz Medical Campus</annotator>
    <span start="29294" end="29310" />
    <spannedText>supporting cells</spannedText>
  </annotation>
  <annotation>
    <mention id="CL_basic_2014_02_21_Instance_22383" />
    <annotator id="CL_basic_2014_02_21_Instance_10000">Mike Bada, University of Colorado Anschutz Medical Campus</annotator>
    <span start="29606" end="29622" />
    <spannedText>supporting cells</spannedText>
  </annotation>
  <annotation>
    <mention id="CL_basic_2014_02_21_Instance_22385" />
    <annotator id="CL_basic_2014_02_21_Instance_10000">Mike Bada, University of Colorado Anschutz Medical Campus</annotator>
    <span start="29697" end="29712" />
    <spannedText>supporting cell</spannedText>
  </annotation>
  <annotation>
    <mention id="CL_basic_2014_02_21_Instance_22387" />
    <annotator id="CL_basic_2014_02_21_Instance_10000">Mike Bada, University of Colorado Anschutz Medical Campus</annotator>
    <span start="37799" end="37807" />
    <spannedText>neuronal</spannedText>
  </annotation>
  <annotation>
    <mention id="CL_basic_2014_02_21_Instance_30484" />
    <annotator id="CL_basic_2014_02_21_Instance_10000">Mike Bada, University of Colorado Anschutz Medical Campus</annotator>
    <span start="1932" end="1951" />
    <spannedText>inner ear hair cell</spannedText>
  </annotation>
  <annotation>
    <mention id="CL_basic_2014_02_21_Instance_30493" />
    <annotator id="CL_basic_2014_02_21_Instance_10000">Mike Bada, University of Colorado Anschutz Medical Campus</annotator>
    <span start="1731" end="1745" />
    <spannedText>spiral neurons</spannedText>
  </annotation>
  <annotation>
    <mention id="CL_basic_2014_02_21_Instance_30496" />
    <annotator id="CL_basic_2014_02_21_Instance_10000">Mike Bada, University of Colorado Anschutz Medical Campus</annotator>
    <span start="2411" end="2432" />
    <spannedText>spiral ganglion cells</spannedText>
  </annotation>
  <annotation>
    <mention id="CL_basic_2014_02_21_Instance_30508" />
    <annotator id="CL_basic_2014_02_21_Instance_10000">Mike Bada, University of Colorado Anschutz Medical Campus</annotator>
    <span start="2594" end="2608" />
    <spannedText>spiral neurons</spannedText>
  </annotation>
  <annotation>
    <mention id="CL_basic_2014_02_21_Instance_30520" />
    <annotator id="CL_basic_2014_02_21_Instance_10000">Mike Bada, University of Colorado Anschutz Medical Campus</annotator>
    <span start="4780" end="4794" />
    <spannedText>spiral neurons</spannedText>
  </annotation>
  <annotation>
    <mention id="CL_basic_2014_02_21_Instance_30526" />
    <annotator id="CL_basic_2014_02_21_Instance_10000">Mike Bada, University of Colorado Anschutz Medical Campus</annotator>
    <span start="5369" end="5383" />
    <spannedText>spiral neurons</spannedText>
  </annotation>
  <annotation>
    <mention id="CL_basic_2014_02_21_Instance_30542" />
    <annotator id="CL_basic_2014_02_21_Instance_10000">Mike Bada, University of Colorado Anschutz Medical Campus</annotator>
    <span start="8641" end="8655" />
    <spannedText>spiral neurons</spannedText>
  </annotation>
  <annotation>
    <mention id="CL_basic_2014_02_21_Instance_30548" />
    <annotator id="CL_basic_2014_02_21_Instance_10000">Mike Bada, University of Colorado Anschutz Medical Campus</annotator>
    <span start="9200" end="9206" />
    <span start="9215" end="9222" />
    <spannedText>spiral ... neurons</spannedText>
  </annotation>
  <annotation>
    <mention id="CL_basic_2014_02_21_Instance_30560" />
    <annotator id="CL_basic_2014_02_21_Instance_10000">Mike Bada, University of Colorado Anschutz Medical Campus</annotator>
    <span start="13081" end="13087" />
    <span start="13096" end="13103" />
    <spannedText>spiral ... neurons</spannedText>
  </annotation>
  <annotation>
    <mention id="CL_basic_2014_02_21_Instance_30567" />
    <annotator id="CL_basic_2014_02_21_Instance_10000">Mike Bada, University of Colorado Anschutz Medical Campus</annotator>
    <span start="14067" end="14070" />
    <spannedText>OHC</spannedText>
  </annotation>
  <annotation>
    <mention id="CL_basic_2014_02_21_Instance_30571" />
    <annotator id="CL_basic_2014_02_21_Instance_10000">Mike Bada, University of Colorado Anschutz Medical Campus</annotator>
    <span start="14112" end="14115" />
    <spannedText>IHC</spannedText>
  </annotation>
  <annotation>
    <mention id="CL_basic_2014_02_21_Instance_30591" />
    <annotator id="CL_basic_2014_02_21_Instance_10000">Mike Bada, University of Colorado Anschutz Medical Campus</annotator>
    <span start="15284" end="15294" />
    <span start="15308" end="15323" />
    <spannedText>vestibular ... sensory neurons</spannedText>
  </annotation>
  <annotation>
    <mention id="CL_basic_2014_02_21_Instance_30595" />
    <annotator id="CL_basic_2014_02_21_Instance_10000">Mike Bada, University of Colorado Anschutz Medical Campus</annotator>
    <span start="15299" end="15323" />
    <spannedText>cochlear sensory neurons</spannedText>
  </annotation>
  <annotation>
    <mention id="CL_basic_2014_02_21_Instance_30598" />
    <annotator id="CL_basic_2014_02_21_Instance_10000">Mike Bada, University of Colorado Anschutz Medical Campus</annotator>
    <span start="15523" end="15547" />
    <spannedText>cochlear sensory neurons</spannedText>
  </annotation>
  <annotation>
    <mention id="CL_basic_2014_02_21_Instance_30945" />
    <annotator id="CL_basic_2014_02_21_Instance_10000">Mike Bada, University of Colorado Anschutz Medical Campus</annotator>
    <span start="33703" end="33712" />
    <span start="33731" end="33735" />
    <spannedText>embryonic ... cell</spannedText>
  </annotation>
  <annotation>
    <mention id="CL_basic_2014_02_21_Instance_60278" />
    <annotator id="CL_basic_2014_02_21_Instance_10000">Mike Bada, University of Colorado Anschutz Medical Campus</annotator>
    <span start="12531" end="12541" />
    <spannedText>hair cells</spannedText>
  </annotation>
  <annotation>
    <mention id="CL_basic_2014_02_21_Instance_60296" />
    <annotator id="CL_basic_2014_02_21_Instance_10000">Mike Bada, University of Colorado Anschutz Medical Campus</annotator>
    <span start="15197" end="15207" />
    <spannedText>hair cells</spannedText>
  </annotation>
  <annotation>
    <mention id="CL_basic_2014_02_21_Instance_70092" />
    <annotator id="CL_basic_2014_02_21_Instance_10000">Mike Bada, University of Colorado Anschutz Medical Campus</annotator>
    <span start="23691" end="23699" />
    <spannedText>neuronal</spannedText>
  </annotation>
  <annotation>
    <mention id="CL_basic_2014_02_21_Instance_70145" />
    <annotator id="CL_basic_2014_02_21_Instance_10000">Mike Bada, University of Colorado Anschutz Medical Campus</annotator>
    <span start="22310" end="22315" />
    <spannedText>IHC's</spannedText>
  </annotation>
  <annotation>
    <mention id="CL_basic_2014_02_21_plus_nested_Instance_50880" />
    <annotator id="CL_basic_2014_02_21_Instance_10000">Mike Bada, University of Colorado Anschutz Medical Campus</annotator>
    <span start="18184" end="18192" />
    <spannedText>cellular</spannedText>
  </annotation>
  <annotation>
    <mention id="CL_basic_2014_02_21_plus_nested_Instance_50885" />
    <annotator id="CL_basic_2014_02_21_Instance_10000">Mike Bada, University of Colorado Anschutz Medical Campus</annotator>
    <span start="18671" end="18679" />
    <spannedText>cellular</spannedText>
  </annotation>
  <annotation>
    <mention id="CL_basic_2014_02_21_plus_nested_Instance_848" />
    <annotator id="CL_basic_2014_02_21_Instance_10000">Mike Bada, University of Colorado Anschutz Medical Campus</annotator>
    <span start="2570" end="2577" />
    <spannedText>neurons</spannedText>
  </annotation>
  <annotation>
    <mention id="CL_basic_2014_02_21_plus_nested_Instance_858" />
    <annotator id="CL_basic_2014_02_21_Instance_10000">Mike Bada, University of Colorado Anschutz Medical Campus</annotator>
    <span start="6740" end="6743" />
    <spannedText>HaC</spannedText>
  </annotation>
  <annotation>
    <mention id="CL_basic_2014_02_21_plus_nested_Instance_864" />
    <annotator id="CL_basic_2014_02_21_Instance_10000">Mike Bada, University of Colorado Anschutz Medical Campus</annotator>
    <span start="8474" end="8480" />
    <span start="8489" end="8496" />
    <spannedText>spiral ... neurons</spannedText>
  </annotation>
  <annotation>
    <mention id="CL_basic_2014_02_21_plus_nested_Instance_870" />
    <annotator id="CL_basic_2014_02_21_Instance_10000">Mike Bada, University of Colorado Anschutz Medical Campus</annotator>
    <span start="16029" end="16035" />
    <span start="16044" end="16051" />
    <spannedText>spiral ... neurons</spannedText>
  </annotation>
  <annotation>
    <mention id="CL_basic_2014_02_21_plus_nested_Instance_876" />
    <annotator id="CL_basic_2014_02_21_Instance_10000">Mike Bada, University of Colorado Anschutz Medical Campus</annotator>
    <span start="18861" end="18867" />
    <span start="18876" end="18883" />
    <spannedText>spiral ... neurons</spannedText>
  </annotation>
  <annotation>
    <mention id="CL_basic_2014_02_21_plus_nested_Instance_882" />
    <annotator id="CL_basic_2014_02_21_Instance_10000">Mike Bada, University of Colorado Anschutz Medical Campus</annotator>
    <span start="19413" end="19427" />
    <spannedText>spiral neurons</spannedText>
  </annotation>
  <annotation>
    <mention id="CL_basic_2014_02_21_plus_nested_Instance_892" />
    <annotator id="CL_basic_2014_02_21_Instance_10000">Mike Bada, University of Colorado Anschutz Medical Campus</annotator>
    <span start="23253" end="23267" />
    <spannedText>spiral neurons</spannedText>
  </annotation>
  <annotation>
    <mention id="CL_basic_2014_02_21_plus_nested_Instance_902" />
    <annotator id="CL_basic_2014_02_21_Instance_10000">Mike Bada, University of Colorado Anschutz Medical Campus</annotator>
    <span start="25418" end="25424" />
    <span start="25433" end="25440" />
    <spannedText>spiral ... neurons</spannedText>
  </annotation>
  <annotation>
    <mention id="CL_basic_2014_02_21_plus_nested_Instance_906" />
    <annotator id="CL_basic_2014_02_21_Instance_10000">Mike Bada, University of Colorado Anschutz Medical Campus</annotator>
    <span start="26666" end="26672" />
    <span start="26681" end="26688" />
    <spannedText>spiral ... neurons</spannedText>
  </annotation>
  <annotation>
    <mention id="CL_basic_2014_02_21_plus_nested_Instance_910" />
    <annotator id="CL_basic_2014_02_21_Instance_10000">Mike Bada, University of Colorado Anschutz Medical Campus</annotator>
    <span start="27203" end="27216" />
    <spannedText>spiral neuron</spannedText>
  </annotation>
  <annotation>
    <mention id="CL_basic_2014_02_21_plus_nested_Instance_914" />
    <annotator id="CL_basic_2014_02_21_Instance_10000">Mike Bada, University of Colorado Anschutz Medical Campus</annotator>
    <span start="28242" end="28248" />
    <span start="28257" end="28264" />
    <spannedText>spiral ... neurons</spannedText>
  </annotation>
  <annotation>
    <mention id="CL_basic_2014_02_21_plus_nested_Instance_920" />
    <annotator id="CL_basic_2014_02_21_Instance_10000">Mike Bada, University of Colorado Anschutz Medical Campus</annotator>
    <span start="28499" end="28513" />
    <spannedText>spiral neurons</spannedText>
  </annotation>
  <annotation>
    <mention id="CL_basic_2014_02_21_plus_nested_Instance_932" />
    <annotator id="CL_basic_2014_02_21_Instance_10000">Mike Bada, University of Colorado Anschutz Medical Campus</annotator>
    <span start="32043" end="32056" />
    <spannedText>spiral neuron</spannedText>
  </annotation>
  <annotation>
    <mention id="CL_basic_2014_02_21_plus_nested_Instance_942" />
    <annotator id="CL_basic_2014_02_21_Instance_10000">Mike Bada, University of Colorado Anschutz Medical Campus</annotator>
    <span start="32150" end="32163" />
    <spannedText>spiral neuron</spannedText>
  </annotation>
  <classMention id="CL_basic_2014_02_21_Instance_13815">
    <mentionClass id="CL:0000101">sensory neuron</mentionClass>
  </classMention>
  <classMention id="CL_basic_2014_02_21_Instance_14103">
    <mentionClass id="CL:0000855">sensory hair cell</mentionClass>
  </classMention>
  <classMention id="CL_basic_2014_02_21_Instance_13819">
    <mentionClass id="CL:0000855">sensory hair cell</mentionClass>
  </classMention>
  <classMention id="CL_basic_2014_02_21_Instance_14105">
    <mentionClass id="CL:0000855">sensory hair cell</mentionClass>
  </classMention>
  <classMention id="CL_basic_2014_02_21_Instance_13811">
    <mentionClass id="CL:0000855">sensory hair cell</mentionClass>
  </classMention>
  <classMention id="CL_basic_2014_02_21_Instance_14099">
    <mentionClass id="CL:0000540">neuron</mentionClass>
  </classMention>
  <classMention id="CL_basic_2014_02_21_Instance_13813">
    <mentionClass id="CL:0000855">sensory hair cell</mentionClass>
  </classMention>
  <classMention id="CL_basic_2014_02_21_Instance_14101">
    <mentionClass id="CL:0000855">sensory hair cell</mentionClass>
  </classMention>
  <classMention id="CL_basic_2014_02_21_Instance_13827">
    <mentionClass id="CL:0000855">sensory hair cell</mentionClass>
  </classMention>
  <classMention id="CL_basic_2014_02_21_Instance_14111">
    <mentionClass id="CL_GO_EXT:cell">cell</mentionClass>
  </classMention>
  <classMention id="CL_basic_2014_02_21_Instance_13829">
    <mentionClass id="CL:0000855">sensory hair cell</mentionClass>
  </classMention>
  <classMention id="CL_basic_2014_02_21_Instance_13823">
    <mentionClass id="CL:0000855">sensory hair cell</mentionClass>
  </classMention>
  <classMention id="CL_basic_2014_02_21_Instance_14107">
    <mentionClass id="CL:0000540">neuron</mentionClass>
  </classMention>
  <classMention id="CL_basic_2014_02_21_Instance_13825">
    <mentionClass id="CL:0000855">sensory hair cell</mentionClass>
  </classMention>
  <classMention id="CL_basic_2014_02_21_Instance_14109">
    <mentionClass id="CL:0000540">neuron</mentionClass>
  </classMention>
  <classMention id="CL_basic_2014_02_21_Instance_13841">
    <mentionClass id="CL:0000101">sensory neuron</mentionClass>
  </classMention>
  <classMention id="CL_basic_2014_02_21_Instance_13843">
    <mentionClass id="CL:0000101">sensory neuron</mentionClass>
  </classMention>
  <classMention id="CL_basic_2014_02_21_Instance_30945">
    <mentionClass id="CL:0002321">embryonic cell</mentionClass>
  </classMention>
  <classMention id="CL_basic_2014_02_21_Instance_13837">
    <mentionClass id="CL:0000855">sensory hair cell</mentionClass>
  </classMention>
  <classMention id="CL_basic_2014_02_21_Instance_13839">
    <mentionClass id="CL_GO_EXT:cell">cell</mentionClass>
  </classMention>
  <classMention id="CL_basic_2014_02_21_Instance_13849">
    <mentionClass id="CL:0000101">sensory neuron</mentionClass>
  </classMention>
  <classMention id="CL_basic_2014_02_21_Instance_13851">
    <mentionClass id="CL:0000101">sensory neuron</mentionClass>
  </classMention>
  <classMention id="CL_basic_2014_02_21_Instance_13845">
    <mentionClass id="CL:0000855">sensory hair cell</mentionClass>
  </classMention>
  <classMention id="CL_basic_2014_02_21_Instance_13847">
    <mentionClass id="CL:0000855">sensory hair cell</mentionClass>
  </classMention>
  <classMention id="CL_basic_2014_02_21_Instance_13857">
    <mentionClass id="CL:0000855">sensory hair cell</mentionClass>
  </classMention>
  <classMention id="CL_basic_2014_02_21_Instance_13859">
    <mentionClass id="CL:0000855">sensory hair cell</mentionClass>
  </classMention>
  <classMention id="CL_basic_2014_02_21_Instance_13853">
    <mentionClass id="CL:0000855">sensory hair cell</mentionClass>
  </classMention>
  <classMention id="CL_basic_2014_02_21_Instance_13855">
    <mentionClass id="CL:0000101">sensory neuron</mentionClass>
  </classMention>
  <classMention id="CL_basic_2014_02_21_Instance_13869">
    <mentionClass id="CL:0000855">sensory hair cell</mentionClass>
  </classMention>
  <classMention id="CL_basic_2014_02_21_Instance_13871">
    <mentionClass id="CL:0000609">vestibular hair cell</mentionClass>
  </classMention>
  <classMention id="CL_basic_2014_02_21_Instance_13865">
    <mentionClass id="CL:0000101">sensory neuron</mentionClass>
  </classMention>
  <classMention id="CL_basic_2014_02_21_Instance_13867">
    <mentionClass id="CL:0000101">sensory neuron</mentionClass>
  </classMention>
  <classMention id="CL_basic_2014_02_21_Instance_13877">
    <mentionClass id="CL:0000601">outer hair cell</mentionClass>
    <hasSlotMention id="CL_basic_2014_02_21_Instance_60264" />
  </classMention>
  <complexSlotMention id="CL_basic_2014_02_21_Instance_60264">
    <mentionSlot id="NULL SLOT" />
    <complexSlotMentionValue value="CL_basic_2014_02_21_Instance_11067" />
  </complexSlotMention>
  <classMention id="CL_basic_2014_02_21_Instance_11067">
    <mentionClass id="CL:0000601">outer hair cell</mentionClass>
    <hasSlotMention id="CL_basic_2014_02_21_Instance_60262" />
  </classMention>
  <complexSlotMention id="CL_basic_2014_02_21_Instance_60262">
    <mentionSlot id="NULL SLOT" />
    <complexSlotMentionValue value="CL_basic_2014_02_21_Instance_13877" />
  </complexSlotMention>
  <classMention id="CL_basic_2014_02_21_Instance_13873">
    <mentionClass id="CL:0000589">cochlear inner hair cell</mentionClass>
    <hasSlotMention id="CL_basic_2014_02_21_Instance_60260" />
  </classMention>
  <complexSlotMention id="CL_basic_2014_02_21_Instance_60260">
    <mentionSlot id="NULL SLOT" />
    <complexSlotMentionValue value="CL_basic_2014_02_21_Instance_11065" />
  </complexSlotMention>
  <classMention id="CL_basic_2014_02_21_Instance_11065">
    <mentionClass id="CL:0000589">cochlear inner hair cell</mentionClass>
    <hasSlotMention id="CL_basic_2014_02_21_Instance_60258" />
  </classMention>
  <complexSlotMention id="CL_basic_2014_02_21_Instance_60258">
    <mentionSlot id="NULL SLOT" />
    <complexSlotMentionValue value="CL_basic_2014_02_21_Instance_13873" />
  </complexSlotMention>
  <classMention id="CL_basic_2014_02_21_Instance_13875">
    <mentionClass id="CL:0000855">sensory hair cell</mentionClass>
  </classMention>
  <classMention id="CL_basic_2014_02_21_Instance_13885">
    <mentionClass id="CL:0000101">sensory neuron</mentionClass>
  </classMention>
  <classMention id="CL_basic_2014_02_21_Instance_13887">
    <mentionClass id="CL:0000601">outer hair cell</mentionClass>
  </classMention>
  <classMention id="CL_basic_2014_02_21_Instance_13879">
    <mentionClass id="CL:0000601">outer hair cell</mentionClass>
  </classMention>
  <classMention id="CL_basic_2014_02_21_Instance_13881">
    <mentionClass id="CL:0000101">sensory neuron</mentionClass>
  </classMention>
  <classMention id="CL_basic_2014_02_21_Instance_13893">
    <mentionClass id="CL:0000601">outer hair cell</mentionClass>
  </classMention>
  <classMention id="CL_basic_2014_02_21_Instance_22365">
    <mentionClass id="CL:0000630">supportive cell</mentionClass>
  </classMention>
  <classMention id="CL_basic_2014_02_21_Instance_13895">
    <mentionClass id="CL:0000601">outer hair cell</mentionClass>
  </classMention>
  <classMention id="CL_basic_2014_02_21_Instance_22367">
    <mentionClass id="CL:0000630">supportive cell</mentionClass>
  </classMention>
  <classMention id="CL_basic_2014_02_21_Instance_13889">
    <mentionClass id="CL:0000601">outer hair cell</mentionClass>
  </classMention>
  <classMention id="CL_basic_2014_02_21_Instance_22361">
    <mentionClass id="CL_GO_EXT:cell">cell</mentionClass>
  </classMention>
  <classMention id="CL_basic_2014_02_21_Instance_13891">
    <mentionClass id="CL:0000601">outer hair cell</mentionClass>
  </classMention>
  <classMention id="CL_basic_2014_02_21_Instance_22363">
    <mentionClass id="CL:0000635">Deiter's cell</mentionClass>
  </classMention>
  <classMention id="CL_basic_2014_02_21_Instance_13901">
    <mentionClass id="CL:0000601">outer hair cell</mentionClass>
  </classMention>
  <classMention id="CL_basic_2014_02_21_Instance_22373">
    <mentionClass id="CL:0000855">sensory hair cell</mentionClass>
  </classMention>
  <classMention id="CL_basic_2014_02_21_plus_nested_Instance_50880">
    <mentionClass id="CL_GO_EXT:cell">cell</mentionClass>
  </classMention>
  <classMention id="CL_basic_2014_02_21_Instance_13903">
    <mentionClass id="CL:0000601">outer hair cell</mentionClass>
  </classMention>
  <classMention id="CL_basic_2014_02_21_Instance_22375">
    <mentionClass id="CL:0000630">supportive cell</mentionClass>
  </classMention>
  <classMention id="CL_basic_2014_02_21_plus_nested_Instance_50885">
    <mentionClass id="CL_GO_EXT:cell">cell</mentionClass>
  </classMention>
  <classMention id="CL_basic_2014_02_21_Instance_13897">
    <mentionClass id="CL:0000601">outer hair cell</mentionClass>
  </classMention>
  <classMention id="CL_basic_2014_02_21_Instance_22369">
    <mentionClass id="CL:0000630">supportive cell</mentionClass>
  </classMention>
  <classMention id="CL_basic_2014_02_21_Instance_13899">
    <mentionClass id="CL:0000855">sensory hair cell</mentionClass>
  </classMention>
  <classMention id="CL_basic_2014_02_21_Instance_22371">
    <mentionClass id="CL:0000589">cochlear inner hair cell</mentionClass>
  </classMention>
  <classMention id="CL_basic_2014_02_21_Instance_13911">
    <mentionClass id="CL:0000855">sensory hair cell</mentionClass>
  </classMention>
  <classMention id="CL_basic_2014_02_21_Instance_22383">
    <mentionClass id="CL:0000630">supportive cell</mentionClass>
  </classMention>
  <classMention id="CL_basic_2014_02_21_Instance_13913">
    <mentionClass id="CL:0000855">sensory hair cell</mentionClass>
  </classMention>
  <classMention id="CL_basic_2014_02_21_Instance_22385">
    <mentionClass id="CL:0000630">supportive cell</mentionClass>
  </classMention>
  <classMention id="CL_basic_2014_02_21_Instance_13905">
    <mentionClass id="CL:0000589">cochlear inner hair cell</mentionClass>
  </classMention>
  <classMention id="CL_basic_2014_02_21_Instance_22377">
    <mentionClass id="CL:0000630">supportive cell</mentionClass>
  </classMention>
  <classMention id="CL_basic_2014_02_21_Instance_13907">
    <mentionClass id="CL:0000601">outer hair cell</mentionClass>
  </classMention>
  <classMention id="CL_basic_2014_02_21_Instance_22381">
    <mentionClass id="CL:0000630">supportive cell</mentionClass>
  </classMention>
  <classMention id="CL_basic_2014_02_21_Instance_13919">
    <mentionClass id="CL:0000101">sensory neuron</mentionClass>
  </classMention>
  <classMention id="CL_basic_2014_02_21_Instance_13921">
    <mentionClass id="CL:0000855">sensory hair cell</mentionClass>
  </classMention>
  <classMention id="CL_basic_2014_02_21_Instance_13915">
    <mentionClass id="CL:0000855">sensory hair cell</mentionClass>
  </classMention>
  <classMention id="CL_basic_2014_02_21_Instance_22387">
    <mentionClass id="CL:0000540">neuron</mentionClass>
  </classMention>
  <classMention id="CL_basic_2014_02_21_Instance_13917">
    <mentionClass id="CL:0000855">sensory hair cell</mentionClass>
  </classMention>
  <classMention id="CL_basic_2014_02_21_Instance_13927">
    <mentionClass id="CL:0000855">sensory hair cell</mentionClass>
  </classMention>
  <classMention id="CL_basic_2014_02_21_Instance_13929">
    <mentionClass id="CL:0000601">outer hair cell</mentionClass>
    <hasSlotMention id="CL_basic_2014_02_21_Instance_60286" />
  </classMention>
  <complexSlotMention id="CL_basic_2014_02_21_Instance_60286">
    <mentionSlot id="NULL SLOT" />
    <complexSlotMentionValue value="CL_basic_2014_02_21_Instance_30567" />
  </complexSlotMention>
  <classMention id="CL_basic_2014_02_21_Instance_30567">
    <mentionClass id="CL:0000601">outer hair cell</mentionClass>
    <hasSlotMention id="CL_basic_2014_02_21_Instance_60288" />
  </classMention>
  <complexSlotMention id="CL_basic_2014_02_21_Instance_60288">
    <mentionSlot id="NULL SLOT" />
    <complexSlotMentionValue value="CL_basic_2014_02_21_Instance_13929" />
  </complexSlotMention>
  <classMention id="CL_basic_2014_02_21_Instance_13923">
    <mentionClass id="CL:1000191">pillar cell</mentionClass>
  </classMention>
  <classMention id="CL_basic_2014_02_21_Instance_13925">
    <mentionClass id="CL:0000855">sensory hair cell</mentionClass>
  </classMention>
  <classMention id="CL_basic_2014_02_21_Instance_13935">
    <mentionClass id="CL_GO_EXT:cell">cell</mentionClass>
  </classMention>
  <classMention id="CL_basic_2014_02_21_Instance_13937">
    <mentionClass id="CL:0000855">sensory hair cell</mentionClass>
  </classMention>
  <classMention id="CL_basic_2014_02_21_Instance_13931">
    <mentionClass id="CL:0000589">cochlear inner hair cell</mentionClass>
  </classMention>
  <classMention id="CL_basic_2014_02_21_Instance_13933">
    <mentionClass id="CL:0000855">sensory hair cell</mentionClass>
  </classMention>
  <classMention id="CL_basic_2014_02_21_Instance_13943">
    <mentionClass id="CL_GO_EXT:cell">cell</mentionClass>
  </classMention>
  <classMention id="CL_basic_2014_02_21_Instance_13945">
    <mentionClass id="CL:0000855">sensory hair cell</mentionClass>
  </classMention>
  <classMention id="CL_basic_2014_02_21_Instance_13939">
    <mentionClass id="CL:0000855">sensory hair cell</mentionClass>
  </classMention>
  <classMention id="CL_basic_2014_02_21_Instance_13941">
    <mentionClass id="CL:0000601">outer hair cell</mentionClass>
  </classMention>
  <classMention id="CL_basic_2014_02_21_plus_nested_Instance_858">
    <mentionClass id="CL:0000855">sensory hair cell</mentionClass>
  </classMention>
  <classMention id="CL_basic_2014_02_21_Instance_13957">
    <mentionClass id="CL:0000855">sensory hair cell</mentionClass>
  </classMention>
  <classMention id="CL_basic_2014_02_21_Instance_13959">
    <mentionClass id="CL:0000855">sensory hair cell</mentionClass>
  </classMention>
  <classMention id="CL_basic_2014_02_21_Instance_13947">
    <mentionClass id="CL:0000101">sensory neuron</mentionClass>
  </classMention>
  <classMention id="CL_basic_2014_02_21_plus_nested_Instance_848">
    <mentionClass id="CL:0000540">neuron</mentionClass>
  </classMention>
  <classMention id="CL_basic_2014_02_21_Instance_13953">
    <mentionClass id="CL:0000855">sensory hair cell</mentionClass>
  </classMention>
  <classMention id="CL_basic_2014_02_21_plus_nested_Instance_876">
    <mentionClass id="CL:0011113">spiral ganglion neuron</mentionClass>
  </classMention>
  <classMention id="CL_basic_2014_02_21_Instance_13965">
    <mentionClass id="CL:0000855">sensory hair cell</mentionClass>
  </classMention>
  <classMention id="CL_basic_2014_02_21_plus_nested_Instance_882">
    <mentionClass id="CL:0011113">spiral ganglion neuron</mentionClass>
  </classMention>
  <classMention id="CL_basic_2014_02_21_Instance_13967">
    <mentionClass id="CL:0000101">sensory neuron</mentionClass>
  </classMention>
  <classMention id="CL_basic_2014_02_21_plus_nested_Instance_864">
    <mentionClass id="CL:0011113">spiral ganglion neuron</mentionClass>
  </classMention>
  <classMention id="CL_basic_2014_02_21_Instance_13961">
    <mentionClass id="CL:0000101">sensory neuron</mentionClass>
  </classMention>
  <classMention id="CL_basic_2014_02_21_plus_nested_Instance_870">
    <mentionClass id="CL:0011113">spiral ganglion neuron</mentionClass>
  </classMention>
  <classMention id="CL_basic_2014_02_21_Instance_13963">
    <mentionClass id="CL:0000855">sensory hair cell</mentionClass>
  </classMention>
  <classMention id="CL_basic_2014_02_21_Instance_60296">
    <mentionClass id="CL:0000855">sensory hair cell</mentionClass>
  </classMention>
  <classMention id="CL_basic_2014_02_21_plus_nested_Instance_902">
    <mentionClass id="CL:0011113">spiral ganglion neuron</mentionClass>
  </classMention>
  <classMention id="CL_basic_2014_02_21_Instance_13973">
    <mentionClass id="CL:0000855">sensory hair cell</mentionClass>
  </classMention>
  <classMention id="CL_basic_2014_02_21_plus_nested_Instance_906">
    <mentionClass id="CL:0011113">spiral ganglion neuron</mentionClass>
  </classMention>
  <classMention id="CL_basic_2014_02_21_Instance_13975">
    <mentionClass id="CL:0000101">sensory neuron</mentionClass>
  </classMention>
  <classMention id="CL_basic_2014_02_21_plus_nested_Instance_892">
    <mentionClass id="CL:0011113">spiral ganglion neuron</mentionClass>
  </classMention>
  <classMention id="CL_basic_2014_02_21_Instance_13969">
    <mentionClass id="CL:0000855">sensory hair cell</mentionClass>
  </classMention>
  <classMention id="CL_basic_2014_02_21_Instance_60278">
    <mentionClass id="CL:0000855">sensory hair cell</mentionClass>
  </classMention>
  <classMention id="CL_basic_2014_02_21_Instance_13971">
    <mentionClass id="CL:0000101">sensory neuron</mentionClass>
  </classMention>
  <classMention id="CL_basic_2014_02_21_plus_nested_Instance_920">
    <mentionClass id="CL:0011113">spiral ganglion neuron</mentionClass>
  </classMention>
  <classMention id="CL_basic_2014_02_21_Instance_13981">
    <mentionClass id="CL:0000855">sensory hair cell</mentionClass>
  </classMention>
  <classMention id="CL_basic_2014_02_21_plus_nested_Instance_932">
    <mentionClass id="CL:0011113">spiral ganglion neuron</mentionClass>
  </classMention>
  <classMention id="CL_basic_2014_02_21_Instance_13983">
    <mentionClass id="CL:0000855">sensory hair cell</mentionClass>
  </classMention>
  <classMention id="CL_basic_2014_02_21_plus_nested_Instance_910">
    <mentionClass id="CL:0011113">spiral ganglion neuron</mentionClass>
  </classMention>
  <classMention id="CL_basic_2014_02_21_Instance_13977">
    <mentionClass id="CL_GO_EXT:cell">cell</mentionClass>
  </classMention>
  <classMention id="CL_basic_2014_02_21_plus_nested_Instance_914">
    <mentionClass id="CL:0011113">spiral ganglion neuron</mentionClass>
  </classMention>
  <classMention id="CL_basic_2014_02_21_Instance_13979">
    <mentionClass id="CL_GO_EXT:cell">cell</mentionClass>
  </classMention>
  <classMention id="CL_basic_2014_02_21_Instance_13991">
    <mentionClass id="CL:0000855">sensory hair cell</mentionClass>
  </classMention>
  <classMention id="CL_basic_2014_02_21_Instance_13993">
    <mentionClass id="CL:0000855">sensory hair cell</mentionClass>
  </classMention>
  <classMention id="CL_basic_2014_02_21_plus_nested_Instance_942">
    <mentionClass id="CL:0011113">spiral ganglion neuron</mentionClass>
  </classMention>
  <classMention id="CL_basic_2014_02_21_Instance_13985">
    <mentionClass id="CL:0000101">sensory neuron</mentionClass>
  </classMention>
  <classMention id="CL_basic_2014_02_21_Instance_13987">
    <mentionClass id="CL:0000601">outer hair cell</mentionClass>
  </classMention>
  <classMention id="CL_basic_2014_02_21_Instance_13999">
    <mentionClass id="CL:0000855">sensory hair cell</mentionClass>
  </classMention>
  <classMention id="CL_basic_2014_02_21_Instance_14001">
    <mentionClass id="CL:0000855">sensory hair cell</mentionClass>
  </classMention>
  <classMention id="CL_basic_2014_02_21_Instance_13995">
    <mentionClass id="CL:0000855">sensory hair cell</mentionClass>
  </classMention>
  <classMention id="CL_basic_2014_02_21_Instance_13997">
    <mentionClass id="CL:0000855">sensory hair cell</mentionClass>
  </classMention>
  <classMention id="CL_basic_2014_02_21_Instance_14007">
    <mentionClass id="CL:0000589">cochlear inner hair cell</mentionClass>
  </classMention>
  <classMention id="CL_basic_2014_02_21_Instance_14009">
    <mentionClass id="CL:0000589">cochlear inner hair cell</mentionClass>
  </classMention>
  <classMention id="CL_basic_2014_02_21_Instance_14003">
    <mentionClass id="CL:0000855">sensory hair cell</mentionClass>
  </classMention>
  <classMention id="CL_basic_2014_02_21_Instance_14005">
    <mentionClass id="CL:0000855">sensory hair cell</mentionClass>
  </classMention>
  <classMention id="CL_basic_2014_02_21_Instance_14017">
    <mentionClass id="CL:0000855">sensory hair cell</mentionClass>
  </classMention>
  <classMention id="CL_basic_2014_02_21_Instance_14019">
    <mentionClass id="CL:0000855">sensory hair cell</mentionClass>
  </classMention>
  <classMention id="CL_basic_2014_02_21_Instance_14011">
    <mentionClass id="CL:0000530">primary neuron</mentionClass>
  </classMention>
  <classMention id="CL_basic_2014_02_21_Instance_14013">
    <mentionClass id="CL:0000855">sensory hair cell</mentionClass>
  </classMention>
  <classMention id="CL_basic_2014_02_21_Instance_14025">
    <mentionClass id="CL:0000101">sensory neuron</mentionClass>
  </classMention>
  <classMention id="CL_basic_2014_02_21_Instance_14027">
    <mentionClass id="CL:0000530">primary neuron</mentionClass>
  </classMention>
  <classMention id="CL_basic_2014_02_21_Instance_14021">
    <mentionClass id="CL_GO_EXT:cell">cell</mentionClass>
  </classMention>
  <classMention id="CL_basic_2014_02_21_Instance_14023">
    <mentionClass id="CL:0000101">sensory neuron</mentionClass>
  </classMention>
  <classMention id="CL_basic_2014_02_21_Instance_14033">
    <mentionClass id="CL:0000855">sensory hair cell</mentionClass>
  </classMention>
  <classMention id="CL_basic_2014_02_21_Instance_14035">
    <mentionClass id="CL:0000855">sensory hair cell</mentionClass>
  </classMention>
  <classMention id="CL_basic_2014_02_21_Instance_14029">
    <mentionClass id="CL:0000530">primary neuron</mentionClass>
  </classMention>
  <classMention id="CL_basic_2014_02_21_Instance_14031">
    <mentionClass id="CL:0000101">sensory neuron</mentionClass>
  </classMention>
  <classMention id="CL_basic_2014_02_21_Instance_14041">
    <mentionClass id="CL:0000855">sensory hair cell</mentionClass>
  </classMention>
  <classMention id="CL_basic_2014_02_21_Instance_14043">
    <mentionClass id="CL:0000589">cochlear inner hair cell</mentionClass>
  </classMention>
  <classMention id="CL_basic_2014_02_21_Instance_14037">
    <mentionClass id="CL:0000101">sensory neuron</mentionClass>
  </classMention>
  <classMention id="CL_basic_2014_02_21_Instance_14039">
    <mentionClass id="CL:0000101">sensory neuron</mentionClass>
  </classMention>
  <classMention id="CL_basic_2014_02_21_Instance_14049">
    <mentionClass id="CL:0000530">primary neuron</mentionClass>
  </classMention>
  <classMention id="CL_basic_2014_02_21_Instance_14051">
    <mentionClass id="CL:0000101">sensory neuron</mentionClass>
  </classMention>
  <classMention id="CL_basic_2014_02_21_Instance_14045">
    <mentionClass id="CL:0000855">sensory hair cell</mentionClass>
  </classMention>
  <classMention id="CL_basic_2014_02_21_Instance_14047">
    <mentionClass id="CL:0000855">sensory hair cell</mentionClass>
  </classMention>
  <classMention id="CL_basic_2014_02_21_Instance_14059">
    <mentionClass id="CL:0000855">sensory hair cell</mentionClass>
  </classMention>
  <classMention id="CL_basic_2014_02_21_Instance_30493">
    <mentionClass id="CL:0011113">spiral ganglion neuron</mentionClass>
  </classMention>
  <classMention id="CL_basic_2014_02_21_Instance_70092">
    <mentionClass id="CL:0000540">neuron</mentionClass>
  </classMention>
  <classMention id="CL_basic_2014_02_21_Instance_14061">
    <mentionClass id="CL:0000601">outer hair cell</mentionClass>
  </classMention>
  <classMention id="CL_basic_2014_02_21_Instance_30496">
    <mentionClass id="CL:0011113">spiral ganglion neuron</mentionClass>
  </classMention>
  <classMention id="CL_basic_2014_02_21_Instance_14053">
    <mentionClass id="CL:0000855">sensory hair cell</mentionClass>
  </classMention>
  <classMention id="CL_basic_2014_02_21_Instance_14057">
    <mentionClass id="CL:0000855">sensory hair cell</mentionClass>
  </classMention>
  <classMention id="CL_basic_2014_02_21_Instance_30484">
    <mentionClass id="CL:0000202">auditory hair cell</mentionClass>
  </classMention>
  <classMention id="CL_basic_2014_02_21_Instance_14067">
    <mentionClass id="CL:0000589">cochlear inner hair cell</mentionClass>
  </classMention>
  <classMention id="CL_basic_2014_02_21_Instance_30526">
    <mentionClass id="CL:0011113">spiral ganglion neuron</mentionClass>
  </classMention>
  <classMention id="CL_basic_2014_02_21_Instance_14069">
    <mentionClass id="CL:0000601">outer hair cell</mentionClass>
  </classMention>
  <classMention id="CL_basic_2014_02_21_Instance_30542">
    <mentionClass id="CL:0011113">spiral ganglion neuron</mentionClass>
  </classMention>
  <classMention id="CL_basic_2014_02_21_Instance_14063">
    <mentionClass id="CL:0000601">outer hair cell</mentionClass>
  </classMention>
  <classMention id="CL_basic_2014_02_21_Instance_30508">
    <mentionClass id="CL:0011113">spiral ganglion neuron</mentionClass>
  </classMention>
  <classMention id="CL_basic_2014_02_21_Instance_14065">
    <mentionClass id="CL:1000191">pillar cell</mentionClass>
  </classMention>
  <classMention id="CL_basic_2014_02_21_Instance_30520">
    <mentionClass id="CL:0011113">spiral ganglion neuron</mentionClass>
  </classMention>
  <classMention id="CL_basic_2014_02_21_Instance_14075">
    <mentionClass id="CL:0000855">sensory hair cell</mentionClass>
  </classMention>
  <classMention id="CL_basic_2014_02_21_Instance_14081">
    <mentionClass id="CL:0000855">sensory hair cell</mentionClass>
  </classMention>
  <classMention id="CL_basic_2014_02_21_Instance_14071">
    <mentionClass id="CL:0000855">sensory hair cell</mentionClass>
  </classMention>
  <classMention id="CL_basic_2014_02_21_Instance_30548">
    <mentionClass id="CL:0011113">spiral ganglion neuron</mentionClass>
  </classMention>
  <classMention id="CL_basic_2014_02_21_Instance_14073">
    <mentionClass id="CL:0000100">motor neuron</mentionClass>
  </classMention>
  <classMention id="CL_basic_2014_02_21_Instance_30560">
    <mentionClass id="CL:0011113">spiral ganglion neuron</mentionClass>
  </classMention>
  <classMention id="CL_basic_2014_02_21_Instance_13799">
    <mentionClass id="CL:0000855">sensory hair cell</mentionClass>
  </classMention>
  <classMention id="CL_basic_2014_02_21_Instance_30595">
    <mentionClass id="CL:0000202">auditory hair cell</mentionClass>
  </classMention>
  <classMention id="CL_basic_2014_02_21_Instance_70145">
    <mentionClass id="CL:0000589">cochlear inner hair cell</mentionClass>
  </classMention>
  <classMention id="CL_basic_2014_02_21_Instance_14087">
    <mentionClass id="CL:0000101">sensory neuron</mentionClass>
  </classMention>
  <classMention id="CL_basic_2014_02_21_Instance_13801">
    <mentionClass id="CL:0000101">sensory neuron</mentionClass>
  </classMention>
  <classMention id="CL_basic_2014_02_21_Instance_30598">
    <mentionClass id="CL:0000202">auditory hair cell</mentionClass>
  </classMention>
  <classMention id="CL_basic_2014_02_21_Instance_14089">
    <mentionClass id="CL:0000101">sensory neuron</mentionClass>
  </classMention>
  <classMention id="CL_basic_2014_02_21_Instance_30571">
    <mentionClass id="CL:0000589">cochlear inner hair cell</mentionClass>
  </classMention>
  <classMention id="CL_basic_2014_02_21_Instance_14083">
    <mentionClass id="CL:0000601">outer hair cell</mentionClass>
  </classMention>
  <classMention id="CL_basic_2014_02_21_Instance_13797">
    <mentionClass id="CL:0000855">sensory hair cell</mentionClass>
  </classMention>
  <classMention id="CL_basic_2014_02_21_Instance_30591">
    <mentionClass id="CL:0000609">vestibular hair cell</mentionClass>
  </classMention>
  <classMention id="CL_basic_2014_02_21_Instance_14085">
    <mentionClass id="CL:0000855">sensory hair cell</mentionClass>
  </classMention>
  <classMention id="CL_basic_2014_02_21_Instance_13807">
    <mentionClass id="CL:0000855">sensory hair cell</mentionClass>
  </classMention>
  <classMention id="CL_basic_2014_02_21_Instance_14095">
    <mentionClass id="CL:0000855">sensory hair cell</mentionClass>
  </classMention>
  <classMention id="CL_basic_2014_02_21_Instance_13809">
    <mentionClass id="CL:0000101">sensory neuron</mentionClass>
  </classMention>
  <classMention id="CL_basic_2014_02_21_Instance_14097">
    <mentionClass id="CL:0000855">sensory hair cell</mentionClass>
  </classMention>
  <classMention id="CL_basic_2014_02_21_Instance_13803">
    <mentionClass id="CL:0000855">sensory hair cell</mentionClass>
  </classMention>
  <classMention id="CL_basic_2014_02_21_Instance_14091">
    <mentionClass id="CL:0000855">sensory hair cell</mentionClass>
  </classMention>
  <classMention id="CL_basic_2014_02_21_Instance_13805">
    <mentionClass id="CL:0000855">sensory hair cell</mentionClass>
  </classMention>
  <classMention id="CL_basic_2014_02_21_Instance_14093">
    <mentionClass id="CL:0000855">sensory hair cell</mentionClass>
  </classMention>
</annotations>

