<?xml version="1.0" encoding="UTF-8"?>
<annotations textSource="12925238.txt">
  <annotation>
    <mention id="CL_basic_2014_02_21_Instance_10993" />
    <annotator id="CL_basic_2014_02_21_Instance_10000">Mike Bada, University of Colorado Anschutz Medical Campus</annotator>
    <span start="21307" end="21312" />
    <spannedText>cells</spannedText>
  </annotation>
  <annotation>
    <mention id="CL_basic_2014_02_21_Instance_10995" />
    <annotator id="CL_basic_2014_02_21_Instance_10000">Mike Bada, University of Colorado Anschutz Medical Campus</annotator>
    <span start="29986" end="30001" />
    <spannedText>red blood cells</spannedText>
  </annotation>
  <annotation>
    <mention id="CL_basic_2014_02_21_Instance_11569" />
    <annotator id="CL_basic_2014_02_21_Instance_10000">Mike Bada, University of Colorado Anschutz Medical Campus</annotator>
    <span start="1466" end="1474" />
    <spannedText>cellular</spannedText>
  </annotation>
  <annotation>
    <mention id="CL_basic_2014_02_21_Instance_11571" />
    <annotator id="CL_basic_2014_02_21_Instance_10000">Mike Bada, University of Colorado Anschutz Medical Campus</annotator>
    <span start="11979" end="11983" />
    <spannedText>cell</spannedText>
  </annotation>
  <annotation>
    <mention id="CL_basic_2014_02_21_Instance_11573" />
    <annotator id="CL_basic_2014_02_21_Instance_10000">Mike Bada, University of Colorado Anschutz Medical Campus</annotator>
    <span start="12354" end="12362" />
    <spannedText>cellular</spannedText>
  </annotation>
  <annotation>
    <mention id="CL_basic_2014_02_21_Instance_11575" />
    <annotator id="CL_basic_2014_02_21_Instance_10000">Mike Bada, University of Colorado Anschutz Medical Campus</annotator>
    <span start="13185" end="13193" />
    <spannedText>cellular</spannedText>
  </annotation>
  <annotation>
    <mention id="CL_basic_2014_02_21_Instance_11577" />
    <annotator id="CL_basic_2014_02_21_Instance_10000">Mike Bada, University of Colorado Anschutz Medical Campus</annotator>
    <span start="13084" end="13089" />
    <spannedText>cells</spannedText>
  </annotation>
  <annotation>
    <mention id="CL_basic_2014_02_21_Instance_11579" />
    <annotator id="CL_basic_2014_02_21_Instance_10000">Mike Bada, University of Colorado Anschutz Medical Campus</annotator>
    <span start="16764" end="16769" />
    <spannedText>cells</spannedText>
  </annotation>
  <annotation>
    <mention id="CL_basic_2014_02_21_Instance_12409" />
    <annotator id="CL_basic_2014_02_21_Instance_10000">Mike Bada, University of Colorado Anschutz Medical Campus</annotator>
    <span start="5758" end="5773" />
    <spannedText>red blood cells</spannedText>
  </annotation>
  <annotation>
    <mention id="CL_basic_2014_02_21_Instance_12459" />
    <annotator id="CL_basic_2014_02_21_Instance_10000">Mike Bada, University of Colorado Anschutz Medical Campus</annotator>
    <span start="55" end="64" />
    <spannedText>platelets</spannedText>
  </annotation>
  <annotation>
    <mention id="CL_basic_2014_02_21_Instance_12475" />
    <annotator id="CL_basic_2014_02_21_Instance_10000">Mike Bada, University of Colorado Anschutz Medical Campus</annotator>
    <span start="69" end="84" />
    <spannedText>red blood cells</spannedText>
  </annotation>
  <annotation>
    <mention id="CL_basic_2014_02_21_Instance_12477" />
    <annotator id="CL_basic_2014_02_21_Instance_10000">Mike Bada, University of Colorado Anschutz Medical Campus</annotator>
    <span start="364" end="376" />
    <spannedText>erythrocytes</spannedText>
  </annotation>
  <annotation>
    <mention id="CL_basic_2014_02_21_Instance_12487" />
    <annotator id="CL_basic_2014_02_21_Instance_10000">Mike Bada, University of Colorado Anschutz Medical Campus</annotator>
    <span start="496" end="511" />
    <spannedText>red blood cells</spannedText>
  </annotation>
  <annotation>
    <mention id="CL_basic_2014_02_21_Instance_12501" />
    <annotator id="CL_basic_2014_02_21_Instance_10000">Mike Bada, University of Colorado Anschutz Medical Campus</annotator>
    <span start="629" end="644" />
    <spannedText>red blood cells</spannedText>
  </annotation>
  <annotation>
    <mention id="CL_basic_2014_02_21_Instance_12509" />
    <annotator id="CL_basic_2014_02_21_Instance_10000">Mike Bada, University of Colorado Anschutz Medical Campus</annotator>
    <span start="662" end="674" />
    <spannedText>erythrocytes</spannedText>
  </annotation>
  <annotation>
    <mention id="CL_basic_2014_02_21_Instance_12519" />
    <annotator id="CL_basic_2014_02_21_Instance_10000">Mike Bada, University of Colorado Anschutz Medical Campus</annotator>
    <span start="924" end="928" />
    <spannedText>cell</spannedText>
  </annotation>
  <annotation>
    <mention id="CL_basic_2014_02_21_Instance_12531" />
    <annotator id="CL_basic_2014_02_21_Instance_10000">Mike Bada, University of Colorado Anschutz Medical Campus</annotator>
    <span start="971" end="986" />
    <spannedText>red blood cells</spannedText>
  </annotation>
  <annotation>
    <mention id="CL_basic_2014_02_21_Instance_12539" />
    <annotator id="CL_basic_2014_02_21_Instance_10000">Mike Bada, University of Colorado Anschutz Medical Campus</annotator>
    <span start="1022" end="1031" />
    <spannedText>platelets</spannedText>
  </annotation>
  <annotation>
    <mention id="CL_basic_2014_02_21_Instance_12541" />
    <annotator id="CL_basic_2014_02_21_Instance_10000">Mike Bada, University of Colorado Anschutz Medical Campus</annotator>
    <span start="1042" end="1047" />
    <spannedText>cells</spannedText>
  </annotation>
  <annotation>
    <mention id="CL_basic_2014_02_21_Instance_12543" />
    <annotator id="CL_basic_2014_02_21_Instance_10000">Mike Bada, University of Colorado Anschutz Medical Campus</annotator>
    <span start="1159" end="1168" />
    <spannedText>platelets</spannedText>
  </annotation>
  <annotation>
    <mention id="CL_basic_2014_02_21_Instance_12545" />
    <annotator id="CL_basic_2014_02_21_Instance_10000">Mike Bada, University of Colorado Anschutz Medical Campus</annotator>
    <span start="1275" end="1290" />
    <spannedText>red blood cells</spannedText>
  </annotation>
  <annotation>
    <mention id="CL_basic_2014_02_21_Instance_12547" />
    <annotator id="CL_basic_2014_02_21_Instance_10000">Mike Bada, University of Colorado Anschutz Medical Campus</annotator>
    <span start="1380" end="1395" />
    <spannedText>Red blood cells</spannedText>
  </annotation>
  <annotation>
    <mention id="CL_basic_2014_02_21_Instance_12549" />
    <annotator id="CL_basic_2014_02_21_Instance_10000">Mike Bada, University of Colorado Anschutz Medical Campus</annotator>
    <span start="1564" end="1579" />
    <spannedText>red blood cells</spannedText>
  </annotation>
  <annotation>
    <mention id="CL_basic_2014_02_21_Instance_12551" />
    <annotator id="CL_basic_2014_02_21_Instance_10000">Mike Bada, University of Colorado Anschutz Medical Campus</annotator>
    <span start="1621" end="1630" />
    <spannedText>platelets</spannedText>
  </annotation>
  <annotation>
    <mention id="CL_basic_2014_02_21_Instance_12553" />
    <annotator id="CL_basic_2014_02_21_Instance_10000">Mike Bada, University of Colorado Anschutz Medical Campus</annotator>
    <span start="1640" end="1644" />
    <spannedText>cell</spannedText>
  </annotation>
  <annotation>
    <mention id="CL_basic_2014_02_21_Instance_12555" />
    <annotator id="CL_basic_2014_02_21_Instance_10000">Mike Bada, University of Colorado Anschutz Medical Campus</annotator>
    <span start="1682" end="1690" />
    <spannedText>cellular</spannedText>
  </annotation>
  <annotation>
    <mention id="CL_basic_2014_02_21_Instance_12557" />
    <annotator id="CL_basic_2014_02_21_Instance_10000">Mike Bada, University of Colorado Anschutz Medical Campus</annotator>
    <span start="1823" end="1827" />
    <spannedText>cell</spannedText>
  </annotation>
  <annotation>
    <mention id="CL_basic_2014_02_21_Instance_12559" />
    <annotator id="CL_basic_2014_02_21_Instance_10000">Mike Bada, University of Colorado Anschutz Medical Campus</annotator>
    <span start="3018" end="3026" />
    <spannedText>cellular</spannedText>
  </annotation>
  <annotation>
    <mention id="CL_basic_2014_02_21_Instance_12561" />
    <annotator id="CL_basic_2014_02_21_Instance_10000">Mike Bada, University of Colorado Anschutz Medical Campus</annotator>
    <span start="5002" end="5010" />
    <spannedText>cellular</spannedText>
  </annotation>
  <annotation>
    <mention id="CL_basic_2014_02_21_Instance_12563" />
    <annotator id="CL_basic_2014_02_21_Instance_10000">Mike Bada, University of Colorado Anschutz Medical Campus</annotator>
    <span start="5656" end="5670" />
    <spannedText>cardiomyocytes</spannedText>
  </annotation>
  <annotation>
    <mention id="CL_basic_2014_02_21_Instance_21571" />
    <annotator id="CL_basic_2014_02_21_Instance_10000">Mike Bada, University of Colorado Anschutz Medical Campus</annotator>
    <span start="8522" end="8537" />
    <spannedText>red blood cells</spannedText>
  </annotation>
  <annotation>
    <mention id="CL_basic_2014_02_21_Instance_21603" />
    <annotator id="CL_basic_2014_02_21_Instance_10000">Mike Bada, University of Colorado Anschutz Medical Campus</annotator>
    <span start="5778" end="5787" />
    <spannedText>platelets</spannedText>
  </annotation>
  <annotation>
    <mention id="CL_basic_2014_02_21_Instance_21635" />
    <annotator id="CL_basic_2014_02_21_Instance_10000">Mike Bada, University of Colorado Anschutz Medical Campus</annotator>
    <span start="5823" end="5838" />
    <spannedText>red blood cells</spannedText>
  </annotation>
  <annotation>
    <mention id="CL_basic_2014_02_21_Instance_21653" />
    <annotator id="CL_basic_2014_02_21_Instance_10000">Mike Bada, University of Colorado Anschutz Medical Campus</annotator>
    <span start="5843" end="5852" />
    <spannedText>platelets</spannedText>
  </annotation>
  <annotation>
    <mention id="CL_basic_2014_02_21_Instance_21655" />
    <annotator id="CL_basic_2014_02_21_Instance_10000">Mike Bada, University of Colorado Anschutz Medical Campus</annotator>
    <span start="5963" end="5978" />
    <spannedText>red blood cells</spannedText>
  </annotation>
  <annotation>
    <mention id="CL_basic_2014_02_21_Instance_21657" />
    <annotator id="CL_basic_2014_02_21_Instance_10000">Mike Bada, University of Colorado Anschutz Medical Campus</annotator>
    <span start="5985" end="6000" />
    <spannedText>Red blood cells</spannedText>
  </annotation>
  <annotation>
    <mention id="CL_basic_2014_02_21_Instance_21659" />
    <annotator id="CL_basic_2014_02_21_Instance_10000">Mike Bada, University of Colorado Anschutz Medical Campus</annotator>
    <span start="6280" end="6294" />
    <spannedText>red blood cell</spannedText>
  </annotation>
  <annotation>
    <mention id="CL_basic_2014_02_21_Instance_21661" />
    <annotator id="CL_basic_2014_02_21_Instance_10000">Mike Bada, University of Colorado Anschutz Medical Campus</annotator>
    <span start="6351" end="6366" />
    <spannedText>Red blood cells</spannedText>
  </annotation>
  <annotation>
    <mention id="CL_basic_2014_02_21_Instance_21663" />
    <annotator id="CL_basic_2014_02_21_Instance_10000">Mike Bada, University of Colorado Anschutz Medical Campus</annotator>
    <span start="6425" end="6439" />
    <spannedText>red blood cell</spannedText>
  </annotation>
  <annotation>
    <mention id="CL_basic_2014_02_21_Instance_21665" />
    <annotator id="CL_basic_2014_02_21_Instance_10000">Mike Bada, University of Colorado Anschutz Medical Campus</annotator>
    <span start="6719" end="6723" />
    <spannedText>cell</spannedText>
  </annotation>
  <annotation>
    <mention id="CL_basic_2014_02_21_Instance_21667" />
    <annotator id="CL_basic_2014_02_21_Instance_10000">Mike Bada, University of Colorado Anschutz Medical Campus</annotator>
    <span start="7063" end="7077" />
    <spannedText>red blood cell</spannedText>
  </annotation>
  <annotation>
    <mention id="CL_basic_2014_02_21_Instance_21669" />
    <annotator id="CL_basic_2014_02_21_Instance_10000">Mike Bada, University of Colorado Anschutz Medical Campus</annotator>
    <span start="7162" end="7170" />
    <spannedText>cellular</spannedText>
  </annotation>
  <annotation>
    <mention id="CL_basic_2014_02_21_Instance_21671" />
    <annotator id="CL_basic_2014_02_21_Instance_10000">Mike Bada, University of Colorado Anschutz Medical Campus</annotator>
    <span start="7216" end="7231" />
    <spannedText>red blood cells</spannedText>
  </annotation>
  <annotation>
    <mention id="CL_basic_2014_02_21_Instance_21673" />
    <annotator id="CL_basic_2014_02_21_Instance_10000">Mike Bada, University of Colorado Anschutz Medical Campus</annotator>
    <span start="7233" end="7247" />
    <spannedText>red blood cell</spannedText>
  </annotation>
  <annotation>
    <mention id="CL_basic_2014_02_21_Instance_21675" />
    <annotator id="CL_basic_2014_02_21_Instance_10000">Mike Bada, University of Colorado Anschutz Medical Campus</annotator>
    <span start="7275" end="7284" />
    <spannedText>platelets</spannedText>
  </annotation>
  <annotation>
    <mention id="CL_basic_2014_02_21_Instance_21677" />
    <annotator id="CL_basic_2014_02_21_Instance_10000">Mike Bada, University of Colorado Anschutz Medical Campus</annotator>
    <span start="7430" end="7445" />
    <spannedText>red blood cells</spannedText>
  </annotation>
  <annotation>
    <mention id="CL_basic_2014_02_21_Instance_21679" />
    <annotator id="CL_basic_2014_02_21_Instance_10000">Mike Bada, University of Colorado Anschutz Medical Campus</annotator>
    <span start="7647" end="7662" />
    <spannedText>red blood cells</spannedText>
  </annotation>
  <annotation>
    <mention id="CL_basic_2014_02_21_Instance_21681" />
    <annotator id="CL_basic_2014_02_21_Instance_10000">Mike Bada, University of Colorado Anschutz Medical Campus</annotator>
    <span start="7979" end="7994" />
    <spannedText>red blood cells</spannedText>
  </annotation>
  <annotation>
    <mention id="CL_basic_2014_02_21_Instance_21683" />
    <annotator id="CL_basic_2014_02_21_Instance_10000">Mike Bada, University of Colorado Anschutz Medical Campus</annotator>
    <span start="8009" end="8018" />
    <spannedText>platelets</spannedText>
  </annotation>
  <annotation>
    <mention id="CL_basic_2014_02_21_Instance_21685" />
    <annotator id="CL_basic_2014_02_21_Instance_10000">Mike Bada, University of Colorado Anschutz Medical Campus</annotator>
    <span start="8254" end="8269" />
    <spannedText>red blood cells</spannedText>
  </annotation>
  <annotation>
    <mention id="CL_basic_2014_02_21_Instance_21687" />
    <annotator id="CL_basic_2014_02_21_Instance_10000">Mike Bada, University of Colorado Anschutz Medical Campus</annotator>
    <span start="8274" end="8283" />
    <spannedText>platelets</spannedText>
  </annotation>
  <annotation>
    <mention id="CL_basic_2014_02_21_Instance_22325" />
    <annotator id="CL_basic_2014_02_21_Instance_10000">Mike Bada, University of Colorado Anschutz Medical Campus</annotator>
    <span start="11827" end="11832" />
    <spannedText>cells</spannedText>
  </annotation>
  <annotation>
    <mention id="CL_basic_2014_02_21_Instance_22329" />
    <annotator id="CL_basic_2014_02_21_Instance_10000">Mike Bada, University of Colorado Anschutz Medical Campus</annotator>
    <span start="9199" end="9213" />
    <spannedText>red blood cell</spannedText>
  </annotation>
  <annotation>
    <mention id="CL_basic_2014_02_21_Instance_22331" />
    <annotator id="CL_basic_2014_02_21_Instance_10000">Mike Bada, University of Colorado Anschutz Medical Campus</annotator>
    <span start="9467" end="9481" />
    <spannedText>red blood cell</spannedText>
  </annotation>
  <annotation>
    <mention id="CL_basic_2014_02_21_Instance_22333" />
    <annotator id="CL_basic_2014_02_21_Instance_10000">Mike Bada, University of Colorado Anschutz Medical Campus</annotator>
    <span start="9727" end="9742" />
    <spannedText>red blood cells</spannedText>
  </annotation>
  <annotation>
    <mention id="CL_basic_2014_02_21_Instance_22335" />
    <annotator id="CL_basic_2014_02_21_Instance_10000">Mike Bada, University of Colorado Anschutz Medical Campus</annotator>
    <span start="10216" end="10231" />
    <spannedText>red blood cells</spannedText>
  </annotation>
  <annotation>
    <mention id="CL_basic_2014_02_21_Instance_22337" />
    <annotator id="CL_basic_2014_02_21_Instance_10000">Mike Bada, University of Colorado Anschutz Medical Campus</annotator>
    <span start="10333" end="10348" />
    <spannedText>red blood cells</spannedText>
  </annotation>
  <annotation>
    <mention id="CL_basic_2014_02_21_Instance_22339" />
    <annotator id="CL_basic_2014_02_21_Instance_10000">Mike Bada, University of Colorado Anschutz Medical Campus</annotator>
    <span start="10595" end="10610" />
    <spannedText>red blood cells</spannedText>
  </annotation>
  <annotation>
    <mention id="CL_basic_2014_02_21_Instance_22341" />
    <annotator id="CL_basic_2014_02_21_Instance_10000">Mike Bada, University of Colorado Anschutz Medical Campus</annotator>
    <span start="11049" end="11058" />
    <spannedText>platelets</spannedText>
  </annotation>
  <annotation>
    <mention id="CL_basic_2014_02_21_Instance_22343" />
    <annotator id="CL_basic_2014_02_21_Instance_10000">Mike Bada, University of Colorado Anschutz Medical Campus</annotator>
    <span start="11189" end="11203" />
    <spannedText>red blood cell</spannedText>
  </annotation>
  <annotation>
    <mention id="CL_basic_2014_02_21_Instance_22345" />
    <annotator id="CL_basic_2014_02_21_Instance_10000">Mike Bada, University of Colorado Anschutz Medical Campus</annotator>
    <span start="11243" end="11258" />
    <spannedText>red blood cells</spannedText>
  </annotation>
  <annotation>
    <mention id="CL_basic_2014_02_21_Instance_22347" />
    <annotator id="CL_basic_2014_02_21_Instance_10000">Mike Bada, University of Colorado Anschutz Medical Campus</annotator>
    <span start="11526" end="11540" />
    <spannedText>red blood cell</spannedText>
  </annotation>
  <annotation>
    <mention id="CL_basic_2014_02_21_Instance_22349" />
    <annotator id="CL_basic_2014_02_21_Instance_10000">Mike Bada, University of Colorado Anschutz Medical Campus</annotator>
    <span start="11608" end="11622" />
    <spannedText>red blood cell</spannedText>
  </annotation>
  <annotation>
    <mention id="CL_basic_2014_02_21_Instance_22351" />
    <annotator id="CL_basic_2014_02_21_Instance_10000">Mike Bada, University of Colorado Anschutz Medical Campus</annotator>
    <span start="11712" end="11726" />
    <spannedText>red blood cell</spannedText>
  </annotation>
  <annotation>
    <mention id="CL_basic_2014_02_21_Instance_22587" />
    <annotator id="CL_basic_2014_02_21_Instance_10000">Mike Bada, University of Colorado Anschutz Medical Campus</annotator>
    <span start="11918" end="11933" />
    <spannedText>red blood cells</spannedText>
  </annotation>
  <annotation>
    <mention id="CL_basic_2014_02_21_Instance_22593" />
    <annotator id="CL_basic_2014_02_21_Instance_10000">Mike Bada, University of Colorado Anschutz Medical Campus</annotator>
    <span start="12230" end="12234" />
    <spannedText>cell</spannedText>
  </annotation>
  <annotation>
    <mention id="CL_basic_2014_02_21_Instance_22601" />
    <annotator id="CL_basic_2014_02_21_Instance_10000">Mike Bada, University of Colorado Anschutz Medical Campus</annotator>
    <span start="12280" end="12295" />
    <spannedText>red blood cells</spannedText>
  </annotation>
  <annotation>
    <mention id="CL_basic_2014_02_21_Instance_22607" />
    <annotator id="CL_basic_2014_02_21_Instance_10000">Mike Bada, University of Colorado Anschutz Medical Campus</annotator>
    <span start="12513" end="12527" />
    <spannedText>red blood cell</spannedText>
  </annotation>
  <annotation>
    <mention id="CL_basic_2014_02_21_Instance_22615" />
    <annotator id="CL_basic_2014_02_21_Instance_10000">Mike Bada, University of Colorado Anschutz Medical Campus</annotator>
    <span start="12903" end="12917" />
    <spannedText>red blood cell</spannedText>
  </annotation>
  <annotation>
    <mention id="CL_basic_2014_02_21_Instance_22619" />
    <annotator id="CL_basic_2014_02_21_Instance_10000">Mike Bada, University of Colorado Anschutz Medical Campus</annotator>
    <span start="12990" end="12998" />
    <spannedText>cellular</spannedText>
  </annotation>
  <annotation>
    <mention id="CL_basic_2014_02_21_Instance_22623" />
    <annotator id="CL_basic_2014_02_21_Instance_10000">Mike Bada, University of Colorado Anschutz Medical Campus</annotator>
    <span start="13252" end="13267" />
    <spannedText>red blood cells</spannedText>
  </annotation>
  <annotation>
    <mention id="CL_basic_2014_02_21_Instance_22629" />
    <annotator id="CL_basic_2014_02_21_Instance_10000">Mike Bada, University of Colorado Anschutz Medical Campus</annotator>
    <span start="13360" end="13375" />
    <spannedText>red blood cells</spannedText>
  </annotation>
  <annotation>
    <mention id="CL_basic_2014_02_21_Instance_22633" />
    <annotator id="CL_basic_2014_02_21_Instance_10000">Mike Bada, University of Colorado Anschutz Medical Campus</annotator>
    <span start="13459" end="13474" />
    <spannedText>red blood cells</spannedText>
  </annotation>
  <annotation>
    <mention id="CL_basic_2014_02_21_Instance_22639" />
    <annotator id="CL_basic_2014_02_21_Instance_10000">Mike Bada, University of Colorado Anschutz Medical Campus</annotator>
    <span start="13573" end="13578" />
    <spannedText>cells</spannedText>
  </annotation>
  <annotation>
    <mention id="CL_basic_2014_02_21_Instance_22643" />
    <annotator id="CL_basic_2014_02_21_Instance_10000">Mike Bada, University of Colorado Anschutz Medical Campus</annotator>
    <span start="13645" end="13650" />
    <spannedText>cells</spannedText>
  </annotation>
  <annotation>
    <mention id="CL_basic_2014_02_21_Instance_22647" />
    <annotator id="CL_basic_2014_02_21_Instance_10000">Mike Bada, University of Colorado Anschutz Medical Campus</annotator>
    <span start="13753" end="13758" />
    <spannedText>cells</spannedText>
  </annotation>
  <annotation>
    <mention id="CL_basic_2014_02_21_Instance_22651" />
    <annotator id="CL_basic_2014_02_21_Instance_10000">Mike Bada, University of Colorado Anschutz Medical Campus</annotator>
    <span start="13840" end="13845" />
    <spannedText>cells</spannedText>
  </annotation>
  <annotation>
    <mention id="CL_basic_2014_02_21_Instance_22655" />
    <annotator id="CL_basic_2014_02_21_Instance_10000">Mike Bada, University of Colorado Anschutz Medical Campus</annotator>
    <span start="13524" end="13529" />
    <spannedText>cells</spannedText>
  </annotation>
  <annotation>
    <mention id="CL_basic_2014_02_21_Instance_22659" />
    <annotator id="CL_basic_2014_02_21_Instance_10000">Mike Bada, University of Colorado Anschutz Medical Campus</annotator>
    <span start="13951" end="13965" />
    <spannedText>red blood cell</spannedText>
  </annotation>
  <annotation>
    <mention id="CL_basic_2014_02_21_Instance_22667" />
    <annotator id="CL_basic_2014_02_21_Instance_10000">Mike Bada, University of Colorado Anschutz Medical Campus</annotator>
    <span start="14157" end="14172" />
    <spannedText>red blood cells</spannedText>
  </annotation>
  <annotation>
    <mention id="CL_basic_2014_02_21_Instance_22673" />
    <annotator id="CL_basic_2014_02_21_Instance_10000">Mike Bada, University of Colorado Anschutz Medical Campus</annotator>
    <span start="14546" end="14561" />
    <spannedText>red blood cells</spannedText>
  </annotation>
  <annotation>
    <mention id="CL_basic_2014_02_21_Instance_22683" />
    <annotator id="CL_basic_2014_02_21_Instance_10000">Mike Bada, University of Colorado Anschutz Medical Campus</annotator>
    <span start="14603" end="14618" />
    <spannedText>red blood cells</spannedText>
  </annotation>
  <annotation>
    <mention id="CL_basic_2014_02_21_Instance_22689" />
    <annotator id="CL_basic_2014_02_21_Instance_10000">Mike Bada, University of Colorado Anschutz Medical Campus</annotator>
    <span start="14777" end="14791" />
    <spannedText>red blood cell</spannedText>
  </annotation>
  <annotation>
    <mention id="CL_basic_2014_02_21_Instance_22695" />
    <annotator id="CL_basic_2014_02_21_Instance_10000">Mike Bada, University of Colorado Anschutz Medical Campus</annotator>
    <span start="14862" end="14870" />
    <spannedText>cellular</spannedText>
  </annotation>
  <annotation>
    <mention id="CL_basic_2014_02_21_Instance_22697" />
    <annotator id="CL_basic_2014_02_21_Instance_10000">Mike Bada, University of Colorado Anschutz Medical Campus</annotator>
    <span start="14954" end="14968" />
    <spannedText>red blood cell</spannedText>
  </annotation>
  <annotation>
    <mention id="CL_basic_2014_02_21_Instance_22699" />
    <annotator id="CL_basic_2014_02_21_Instance_10000">Mike Bada, University of Colorado Anschutz Medical Campus</annotator>
    <span start="15017" end="15032" />
    <spannedText>red blood cells</spannedText>
  </annotation>
  <annotation>
    <mention id="CL_basic_2014_02_21_Instance_22709" />
    <annotator id="CL_basic_2014_02_21_Instance_10000">Mike Bada, University of Colorado Anschutz Medical Campus</annotator>
    <span start="15179" end="15194" />
    <spannedText>red blood cells</spannedText>
  </annotation>
  <annotation>
    <mention id="CL_basic_2014_02_21_Instance_22717" />
    <annotator id="CL_basic_2014_02_21_Instance_10000">Mike Bada, University of Colorado Anschutz Medical Campus</annotator>
    <span start="15496" end="15500" />
    <spannedText>cell</spannedText>
  </annotation>
  <annotation>
    <mention id="CL_basic_2014_02_21_Instance_22723" />
    <annotator id="CL_basic_2014_02_21_Instance_10000">Mike Bada, University of Colorado Anschutz Medical Campus</annotator>
    <span start="15638" end="15648" />
    <spannedText>leukocytes</spannedText>
  </annotation>
  <annotation>
    <mention id="CL_basic_2014_02_21_Instance_22735" />
    <annotator id="CL_basic_2014_02_21_Instance_10000">Mike Bada, University of Colorado Anschutz Medical Campus</annotator>
    <span start="15650" end="15665" />
    <spannedText>red blood cells</spannedText>
  </annotation>
  <annotation>
    <mention id="CL_basic_2014_02_21_Instance_22745" />
    <annotator id="CL_basic_2014_02_21_Instance_10000">Mike Bada, University of Colorado Anschutz Medical Campus</annotator>
    <span start="15706" end="15714" />
    <spannedText>cellular</spannedText>
  </annotation>
  <annotation>
    <mention id="CL_basic_2014_02_21_Instance_22749" />
    <annotator id="CL_basic_2014_02_21_Instance_10000">Mike Bada, University of Colorado Anschutz Medical Campus</annotator>
    <span start="15728" end="15736" />
    <spannedText>cellular</spannedText>
  </annotation>
  <annotation>
    <mention id="CL_basic_2014_02_21_Instance_22753" />
    <annotator id="CL_basic_2014_02_21_Instance_10000">Mike Bada, University of Colorado Anschutz Medical Campus</annotator>
    <span start="15755" end="15763" />
    <spannedText>cellular</spannedText>
  </annotation>
  <annotation>
    <mention id="CL_basic_2014_02_21_Instance_22755" />
    <annotator id="CL_basic_2014_02_21_Instance_10000">Mike Bada, University of Colorado Anschutz Medical Campus</annotator>
    <span start="15791" end="15800" />
    <spannedText>platelets</spannedText>
  </annotation>
  <annotation>
    <mention id="CL_basic_2014_02_21_Instance_22761" />
    <annotator id="CL_basic_2014_02_21_Instance_10000">Mike Bada, University of Colorado Anschutz Medical Campus</annotator>
    <span start="15802" end="15814" />
    <spannedText>neutrophiles</spannedText>
  </annotation>
  <annotation>
    <mention id="CL_basic_2014_02_21_Instance_22763" />
    <annotator id="CL_basic_2014_02_21_Instance_10000">Mike Bada, University of Colorado Anschutz Medical Campus</annotator>
    <span start="15816" end="15827" />
    <spannedText>lymphocytes</spannedText>
  </annotation>
  <annotation>
    <mention id="CL_basic_2014_02_21_Instance_22765" />
    <annotator id="CL_basic_2014_02_21_Instance_10000">Mike Bada, University of Colorado Anschutz Medical Campus</annotator>
    <span start="15829" end="15838" />
    <spannedText>monocytes</spannedText>
  </annotation>
  <annotation>
    <mention id="CL_basic_2014_02_21_Instance_22767" />
    <annotator id="CL_basic_2014_02_21_Instance_10000">Mike Bada, University of Colorado Anschutz Medical Campus</annotator>
    <span start="15840" end="15852" />
    <spannedText>eosinophiles</spannedText>
  </annotation>
  <annotation>
    <mention id="CL_basic_2014_02_21_Instance_22769" />
    <annotator id="CL_basic_2014_02_21_Instance_10000">Mike Bada, University of Colorado Anschutz Medical Campus</annotator>
    <span start="15857" end="15867" />
    <spannedText>basophiles</spannedText>
  </annotation>
  <annotation>
    <mention id="CL_basic_2014_02_21_Instance_22771" />
    <annotator id="CL_basic_2014_02_21_Instance_10000">Mike Bada, University of Colorado Anschutz Medical Campus</annotator>
    <span start="15929" end="15937" />
    <spannedText>platelet</spannedText>
  </annotation>
  <annotation>
    <mention id="CL_basic_2014_02_21_Instance_22773" />
    <annotator id="CL_basic_2014_02_21_Instance_10000">Mike Bada, University of Colorado Anschutz Medical Campus</annotator>
    <span start="16019" end="16027" />
    <spannedText>platelet</spannedText>
  </annotation>
  <annotation>
    <mention id="CL_basic_2014_02_21_Instance_22775" />
    <annotator id="CL_basic_2014_02_21_Instance_10000">Mike Bada, University of Colorado Anschutz Medical Campus</annotator>
    <span start="16142" end="16150" />
    <spannedText>platelet</spannedText>
  </annotation>
  <annotation>
    <mention id="CL_basic_2014_02_21_Instance_22777" />
    <annotator id="CL_basic_2014_02_21_Instance_10000">Mike Bada, University of Colorado Anschutz Medical Campus</annotator>
    <span start="16266" end="16274" />
    <spannedText>platelet</spannedText>
  </annotation>
  <annotation>
    <mention id="CL_basic_2014_02_21_Instance_22779" />
    <annotator id="CL_basic_2014_02_21_Instance_10000">Mike Bada, University of Colorado Anschutz Medical Campus</annotator>
    <span start="16324" end="16332" />
    <spannedText>platelet</spannedText>
  </annotation>
  <annotation>
    <mention id="CL_basic_2014_02_21_Instance_22781" />
    <annotator id="CL_basic_2014_02_21_Instance_10000">Mike Bada, University of Colorado Anschutz Medical Campus</annotator>
    <span start="16567" end="16575" />
    <spannedText>platelet</spannedText>
  </annotation>
  <annotation>
    <mention id="CL_basic_2014_02_21_Instance_22783" />
    <annotator id="CL_basic_2014_02_21_Instance_10000">Mike Bada, University of Colorado Anschutz Medical Campus</annotator>
    <span start="16630" end="16638" />
    <spannedText>platelet</spannedText>
  </annotation>
  <annotation>
    <mention id="CL_basic_2014_02_21_Instance_22785" />
    <annotator id="CL_basic_2014_02_21_Instance_10000">Mike Bada, University of Colorado Anschutz Medical Campus</annotator>
    <span start="16652" end="16660" />
    <spannedText>Platelet</spannedText>
  </annotation>
  <annotation>
    <mention id="CL_basic_2014_02_21_Instance_22787" />
    <annotator id="CL_basic_2014_02_21_Instance_10000">Mike Bada, University of Colorado Anschutz Medical Campus</annotator>
    <span start="16876" end="16881" />
    <spannedText>cells</spannedText>
  </annotation>
  <annotation>
    <mention id="CL_basic_2014_02_21_Instance_22789" />
    <annotator id="CL_basic_2014_02_21_Instance_10000">Mike Bada, University of Colorado Anschutz Medical Campus</annotator>
    <span start="16920" end="16925" />
    <spannedText>cells</spannedText>
  </annotation>
  <annotation>
    <mention id="CL_basic_2014_02_21_Instance_22791" />
    <annotator id="CL_basic_2014_02_21_Instance_10000">Mike Bada, University of Colorado Anschutz Medical Campus</annotator>
    <span start="17039" end="17047" />
    <spannedText>platelet</spannedText>
  </annotation>
  <annotation>
    <mention id="CL_basic_2014_02_21_Instance_22793" />
    <annotator id="CL_basic_2014_02_21_Instance_10000">Mike Bada, University of Colorado Anschutz Medical Campus</annotator>
    <span start="17196" end="17204" />
    <spannedText>platelet</spannedText>
  </annotation>
  <annotation>
    <mention id="CL_basic_2014_02_21_Instance_22795" />
    <annotator id="CL_basic_2014_02_21_Instance_10000">Mike Bada, University of Colorado Anschutz Medical Campus</annotator>
    <span start="17295" end="17304" />
    <spannedText>platelets</spannedText>
  </annotation>
  <annotation>
    <mention id="CL_basic_2014_02_21_Instance_22797" />
    <annotator id="CL_basic_2014_02_21_Instance_10000">Mike Bada, University of Colorado Anschutz Medical Campus</annotator>
    <span start="17402" end="17411" />
    <spannedText>platelets</spannedText>
  </annotation>
  <annotation>
    <mention id="CL_basic_2014_02_21_Instance_22799" />
    <annotator id="CL_basic_2014_02_21_Instance_10000">Mike Bada, University of Colorado Anschutz Medical Campus</annotator>
    <span start="17631" end="17640" />
    <spannedText>platelets</spannedText>
  </annotation>
  <annotation>
    <mention id="CL_basic_2014_02_21_Instance_22801" />
    <annotator id="CL_basic_2014_02_21_Instance_10000">Mike Bada, University of Colorado Anschutz Medical Campus</annotator>
    <span start="17653" end="17662" />
    <spannedText>platelets</spannedText>
  </annotation>
  <annotation>
    <mention id="CL_basic_2014_02_21_Instance_22803" />
    <annotator id="CL_basic_2014_02_21_Instance_10000">Mike Bada, University of Colorado Anschutz Medical Campus</annotator>
    <span start="17697" end="17706" />
    <spannedText>platelets</spannedText>
  </annotation>
  <annotation>
    <mention id="CL_basic_2014_02_21_Instance_22805" />
    <annotator id="CL_basic_2014_02_21_Instance_10000">Mike Bada, University of Colorado Anschutz Medical Campus</annotator>
    <span start="17770" end="17779" />
    <spannedText>platelets</spannedText>
  </annotation>
  <annotation>
    <mention id="CL_basic_2014_02_21_Instance_22807" />
    <annotator id="CL_basic_2014_02_21_Instance_10000">Mike Bada, University of Colorado Anschutz Medical Campus</annotator>
    <span start="17814" end="17822" />
    <spannedText>Platelet</spannedText>
  </annotation>
  <annotation>
    <mention id="CL_basic_2014_02_21_Instance_22809" />
    <annotator id="CL_basic_2014_02_21_Instance_10000">Mike Bada, University of Colorado Anschutz Medical Campus</annotator>
    <span start="17847" end="17855" />
    <spannedText>platelet</spannedText>
  </annotation>
  <annotation>
    <mention id="CL_basic_2014_02_21_Instance_22811" />
    <annotator id="CL_basic_2014_02_21_Instance_10000">Mike Bada, University of Colorado Anschutz Medical Campus</annotator>
    <span start="18072" end="18080" />
    <spannedText>platelet</spannedText>
  </annotation>
  <annotation>
    <mention id="CL_basic_2014_02_21_Instance_22813" />
    <annotator id="CL_basic_2014_02_21_Instance_10000">Mike Bada, University of Colorado Anschutz Medical Campus</annotator>
    <span start="18338" end="18346" />
    <spannedText>platelet</spannedText>
  </annotation>
  <annotation>
    <mention id="CL_basic_2014_02_21_Instance_22815" />
    <annotator id="CL_basic_2014_02_21_Instance_10000">Mike Bada, University of Colorado Anschutz Medical Campus</annotator>
    <span start="18642" end="18651" />
    <spannedText>platelets</spannedText>
  </annotation>
  <annotation>
    <mention id="CL_basic_2014_02_21_Instance_22817" />
    <annotator id="CL_basic_2014_02_21_Instance_10000">Mike Bada, University of Colorado Anschutz Medical Campus</annotator>
    <span start="18741" end="18750" />
    <spannedText>platelets</spannedText>
  </annotation>
  <annotation>
    <mention id="CL_basic_2014_02_21_Instance_22819" />
    <annotator id="CL_basic_2014_02_21_Instance_10000">Mike Bada, University of Colorado Anschutz Medical Campus</annotator>
    <span start="18787" end="18795" />
    <spannedText>platelet</spannedText>
  </annotation>
  <annotation>
    <mention id="CL_basic_2014_02_21_Instance_22821" />
    <annotator id="CL_basic_2014_02_21_Instance_10000">Mike Bada, University of Colorado Anschutz Medical Campus</annotator>
    <span start="18831" end="18840" />
    <spannedText>platelets</spannedText>
  </annotation>
  <annotation>
    <mention id="CL_basic_2014_02_21_Instance_22823" />
    <annotator id="CL_basic_2014_02_21_Instance_10000">Mike Bada, University of Colorado Anschutz Medical Campus</annotator>
    <span start="19251" end="19255" />
    <spannedText>cell</spannedText>
  </annotation>
  <annotation>
    <mention id="CL_basic_2014_02_21_Instance_22825" />
    <annotator id="CL_basic_2014_02_21_Instance_10000">Mike Bada, University of Colorado Anschutz Medical Campus</annotator>
    <span start="19315" end="19320" />
    <spannedText>cells</spannedText>
  </annotation>
  <annotation>
    <mention id="CL_basic_2014_02_21_Instance_22827" />
    <annotator id="CL_basic_2014_02_21_Instance_10000">Mike Bada, University of Colorado Anschutz Medical Campus</annotator>
    <span start="19426" end="19441" />
    <spannedText>Red blood cells</spannedText>
  </annotation>
  <annotation>
    <mention id="CL_basic_2014_02_21_Instance_22829" />
    <annotator id="CL_basic_2014_02_21_Instance_10000">Mike Bada, University of Colorado Anschutz Medical Campus</annotator>
    <span start="19646" end="19661" />
    <spannedText>red blood cells</spannedText>
  </annotation>
  <annotation>
    <mention id="CL_basic_2014_02_21_Instance_22831" />
    <annotator id="CL_basic_2014_02_21_Instance_10000">Mike Bada, University of Colorado Anschutz Medical Campus</annotator>
    <span start="19677" end="19682" />
    <spannedText>cells</spannedText>
  </annotation>
  <annotation>
    <mention id="CL_basic_2014_02_21_Instance_22833" />
    <annotator id="CL_basic_2014_02_21_Instance_10000">Mike Bada, University of Colorado Anschutz Medical Campus</annotator>
    <span start="19779" end="19794" />
    <spannedText>red blood cells</spannedText>
  </annotation>
  <annotation>
    <mention id="CL_basic_2014_02_21_Instance_22835" />
    <annotator id="CL_basic_2014_02_21_Instance_10000">Mike Bada, University of Colorado Anschutz Medical Campus</annotator>
    <span start="19907" end="19922" />
    <spannedText>red blood cells</spannedText>
  </annotation>
  <annotation>
    <mention id="CL_basic_2014_02_21_Instance_22837" />
    <annotator id="CL_basic_2014_02_21_Instance_10000">Mike Bada, University of Colorado Anschutz Medical Campus</annotator>
    <span start="21102" end="21116" />
    <spannedText>red blood cell</spannedText>
  </annotation>
  <annotation>
    <mention id="CL_basic_2014_02_21_Instance_22839" />
    <annotator id="CL_basic_2014_02_21_Instance_10000">Mike Bada, University of Colorado Anschutz Medical Campus</annotator>
    <span start="21255" end="21270" />
    <spannedText>red blood cells</spannedText>
  </annotation>
  <annotation>
    <mention id="CL_basic_2014_02_21_Instance_22841" />
    <annotator id="CL_basic_2014_02_21_Instance_10000">Mike Bada, University of Colorado Anschutz Medical Campus</annotator>
    <span start="21739" end="21753" />
    <spannedText>red blood cell</spannedText>
  </annotation>
  <annotation>
    <mention id="CL_basic_2014_02_21_Instance_22843" />
    <annotator id="CL_basic_2014_02_21_Instance_10000">Mike Bada, University of Colorado Anschutz Medical Campus</annotator>
    <span start="21954" end="21969" />
    <spannedText>red blood cells</spannedText>
  </annotation>
  <annotation>
    <mention id="CL_basic_2014_02_21_Instance_22845" />
    <annotator id="CL_basic_2014_02_21_Instance_10000">Mike Bada, University of Colorado Anschutz Medical Campus</annotator>
    <span start="22311" end="22326" />
    <spannedText>red blood cells</spannedText>
  </annotation>
  <annotation>
    <mention id="CL_basic_2014_02_21_Instance_22847" />
    <annotator id="CL_basic_2014_02_21_Instance_10000">Mike Bada, University of Colorado Anschutz Medical Campus</annotator>
    <span start="22475" end="22489" />
    <spannedText>red blood cell</spannedText>
  </annotation>
  <annotation>
    <mention id="CL_basic_2014_02_21_Instance_22849" />
    <annotator id="CL_basic_2014_02_21_Instance_10000">Mike Bada, University of Colorado Anschutz Medical Campus</annotator>
    <span start="23147" end="23162" />
    <spannedText>red blood cells</spannedText>
  </annotation>
  <annotation>
    <mention id="CL_basic_2014_02_21_Instance_22851" />
    <annotator id="CL_basic_2014_02_21_Instance_10000">Mike Bada, University of Colorado Anschutz Medical Campus</annotator>
    <span start="23206" end="23221" />
    <spannedText>red blood cells</spannedText>
  </annotation>
  <annotation>
    <mention id="CL_basic_2014_02_21_Instance_22853" />
    <annotator id="CL_basic_2014_02_21_Instance_10000">Mike Bada, University of Colorado Anschutz Medical Campus</annotator>
    <span start="23539" end="23553" />
    <spannedText>red blood cell</spannedText>
  </annotation>
  <annotation>
    <mention id="CL_basic_2014_02_21_Instance_22855" />
    <annotator id="CL_basic_2014_02_21_Instance_10000">Mike Bada, University of Colorado Anschutz Medical Campus</annotator>
    <span start="23601" end="23615" />
    <spannedText>red blood cell</spannedText>
  </annotation>
  <annotation>
    <mention id="CL_basic_2014_02_21_Instance_22857" />
    <annotator id="CL_basic_2014_02_21_Instance_10000">Mike Bada, University of Colorado Anschutz Medical Campus</annotator>
    <span start="23790" end="23794" />
    <spannedText>cell</spannedText>
  </annotation>
  <annotation>
    <mention id="CL_basic_2014_02_21_Instance_22859" />
    <annotator id="CL_basic_2014_02_21_Instance_10000">Mike Bada, University of Colorado Anschutz Medical Campus</annotator>
    <span start="23859" end="23874" />
    <spannedText>red blood cells</spannedText>
  </annotation>
  <annotation>
    <mention id="CL_basic_2014_02_21_Instance_22861" />
    <annotator id="CL_basic_2014_02_21_Instance_10000">Mike Bada, University of Colorado Anschutz Medical Campus</annotator>
    <span start="24315" end="24329" />
    <spannedText>red blood cell</spannedText>
  </annotation>
  <annotation>
    <mention id="CL_basic_2014_02_21_Instance_22863" />
    <annotator id="CL_basic_2014_02_21_Instance_10000">Mike Bada, University of Colorado Anschutz Medical Campus</annotator>
    <span start="24665" end="24680" />
    <spannedText>red blood cells</spannedText>
  </annotation>
  <annotation>
    <mention id="CL_basic_2014_02_21_Instance_22865" />
    <annotator id="CL_basic_2014_02_21_Instance_10000">Mike Bada, University of Colorado Anschutz Medical Campus</annotator>
    <span start="24981" end="24995" />
    <spannedText>red blood cell</spannedText>
  </annotation>
  <annotation>
    <mention id="CL_basic_2014_02_21_Instance_22867" />
    <annotator id="CL_basic_2014_02_21_Instance_10000">Mike Bada, University of Colorado Anschutz Medical Campus</annotator>
    <span start="25250" end="25265" />
    <spannedText>red blood cells</spannedText>
  </annotation>
  <annotation>
    <mention id="CL_basic_2014_02_21_Instance_22869" />
    <annotator id="CL_basic_2014_02_21_Instance_10000">Mike Bada, University of Colorado Anschutz Medical Campus</annotator>
    <span start="25417" end="25425" />
    <spannedText>platelet</spannedText>
  </annotation>
  <annotation>
    <mention id="CL_basic_2014_02_21_Instance_22871" />
    <annotator id="CL_basic_2014_02_21_Instance_10000">Mike Bada, University of Colorado Anschutz Medical Campus</annotator>
    <span start="25468" end="25476" />
    <spannedText>platelet</spannedText>
  </annotation>
  <annotation>
    <mention id="CL_basic_2014_02_21_Instance_22873" />
    <annotator id="CL_basic_2014_02_21_Instance_10000">Mike Bada, University of Colorado Anschutz Medical Campus</annotator>
    <span start="25575" end="25584" />
    <spannedText>platelets</spannedText>
  </annotation>
  <annotation>
    <mention id="CL_basic_2014_02_21_Instance_22875" />
    <annotator id="CL_basic_2014_02_21_Instance_10000">Mike Bada, University of Colorado Anschutz Medical Campus</annotator>
    <span start="25713" end="25722" />
    <spannedText>platelets</spannedText>
  </annotation>
  <annotation>
    <mention id="CL_basic_2014_02_21_Instance_22877" />
    <annotator id="CL_basic_2014_02_21_Instance_10000">Mike Bada, University of Colorado Anschutz Medical Campus</annotator>
    <span start="25879" end="25888" />
    <spannedText>platelets</spannedText>
  </annotation>
  <annotation>
    <mention id="CL_basic_2014_02_21_Instance_22879" />
    <annotator id="CL_basic_2014_02_21_Instance_10000">Mike Bada, University of Colorado Anschutz Medical Campus</annotator>
    <span start="26288" end="26296" />
    <spannedText>platelet</spannedText>
  </annotation>
  <annotation>
    <mention id="CL_basic_2014_02_21_Instance_22881" />
    <annotator id="CL_basic_2014_02_21_Instance_10000">Mike Bada, University of Colorado Anschutz Medical Campus</annotator>
    <span start="26317" end="26325" />
    <spannedText>platelet</spannedText>
  </annotation>
  <annotation>
    <mention id="CL_basic_2014_02_21_Instance_22883" />
    <annotator id="CL_basic_2014_02_21_Instance_10000">Mike Bada, University of Colorado Anschutz Medical Campus</annotator>
    <span start="26469" end="26484" />
    <spannedText>red blood cells</spannedText>
  </annotation>
  <annotation>
    <mention id="CL_basic_2014_02_21_Instance_22885" />
    <annotator id="CL_basic_2014_02_21_Instance_10000">Mike Bada, University of Colorado Anschutz Medical Campus</annotator>
    <span start="26854" end="26869" />
    <spannedText>red blood cells</spannedText>
  </annotation>
  <annotation>
    <mention id="CL_basic_2014_02_21_Instance_22887" />
    <annotator id="CL_basic_2014_02_21_Instance_10000">Mike Bada, University of Colorado Anschutz Medical Campus</annotator>
    <span start="26900" end="26904" />
    <spannedText>cell</spannedText>
  </annotation>
  <annotation>
    <mention id="CL_basic_2014_02_21_Instance_22889" />
    <annotator id="CL_basic_2014_02_21_Instance_10000">Mike Bada, University of Colorado Anschutz Medical Campus</annotator>
    <span start="26921" end="26933" />
    <spannedText>erythrocytes</spannedText>
  </annotation>
  <annotation>
    <mention id="CL_basic_2014_02_21_Instance_22891" />
    <annotator id="CL_basic_2014_02_21_Instance_10000">Mike Bada, University of Colorado Anschutz Medical Campus</annotator>
    <span start="26988" end="26999" />
    <spannedText>erythrocyte</spannedText>
  </annotation>
  <annotation>
    <mention id="CL_basic_2014_02_21_Instance_22893" />
    <annotator id="CL_basic_2014_02_21_Instance_10000">Mike Bada, University of Colorado Anschutz Medical Campus</annotator>
    <span start="28290" end="28294" />
    <spannedText>cell</spannedText>
  </annotation>
  <annotation>
    <mention id="CL_basic_2014_02_21_Instance_22895" />
    <annotator id="CL_basic_2014_02_21_Instance_10000">Mike Bada, University of Colorado Anschutz Medical Campus</annotator>
    <span start="28641" end="28649" />
    <spannedText>platelet</spannedText>
  </annotation>
  <annotation>
    <mention id="CL_basic_2014_02_21_Instance_22897" />
    <annotator id="CL_basic_2014_02_21_Instance_10000">Mike Bada, University of Colorado Anschutz Medical Campus</annotator>
    <span start="28784" end="28799" />
    <spannedText>red blood cells</spannedText>
  </annotation>
  <annotation>
    <mention id="CL_basic_2014_02_21_Instance_22899" />
    <annotator id="CL_basic_2014_02_21_Instance_10000">Mike Bada, University of Colorado Anschutz Medical Campus</annotator>
    <span start="28877" end="28892" />
    <spannedText>Red blood cells</spannedText>
  </annotation>
  <annotation>
    <mention id="CL_basic_2014_02_21_Instance_22901" />
    <annotator id="CL_basic_2014_02_21_Instance_10000">Mike Bada, University of Colorado Anschutz Medical Campus</annotator>
    <span start="29425" end="29439" />
    <spannedText>red blood cell</spannedText>
  </annotation>
  <annotation>
    <mention id="CL_basic_2014_02_21_Instance_22903" />
    <annotator id="CL_basic_2014_02_21_Instance_10000">Mike Bada, University of Colorado Anschutz Medical Campus</annotator>
    <span start="30003" end="30018" />
    <spannedText>Red blood cells</spannedText>
  </annotation>
  <annotation>
    <mention id="CL_basic_2014_02_21_Instance_22905" />
    <annotator id="CL_basic_2014_02_21_Instance_10000">Mike Bada, University of Colorado Anschutz Medical Campus</annotator>
    <span start="30241" end="30253" />
    <spannedText>erythrocytes</spannedText>
  </annotation>
  <annotation>
    <mention id="CL_basic_2014_02_21_Instance_22907" />
    <annotator id="CL_basic_2014_02_21_Instance_10000">Mike Bada, University of Colorado Anschutz Medical Campus</annotator>
    <span start="30363" end="30378" />
    <spannedText>red blood cells</spannedText>
  </annotation>
  <annotation>
    <mention id="CL_basic_2014_02_21_Instance_22909" />
    <annotator id="CL_basic_2014_02_21_Instance_10000">Mike Bada, University of Colorado Anschutz Medical Campus</annotator>
    <span start="30892" end="30906" />
    <spannedText>red blood cell</spannedText>
  </annotation>
  <annotation>
    <mention id="CL_basic_2014_02_21_Instance_22911" />
    <annotator id="CL_basic_2014_02_21_Instance_10000">Mike Bada, University of Colorado Anschutz Medical Campus</annotator>
    <span start="31336" end="31350" />
    <spannedText>red blood cell</spannedText>
  </annotation>
  <annotation>
    <mention id="CL_basic_2014_02_21_Instance_22913" />
    <annotator id="CL_basic_2014_02_21_Instance_10000">Mike Bada, University of Colorado Anschutz Medical Campus</annotator>
    <span start="31909" end="31924" />
    <spannedText>red blood cells</spannedText>
  </annotation>
  <annotation>
    <mention id="CL_basic_2014_02_21_Instance_22915" />
    <annotator id="CL_basic_2014_02_21_Instance_10000">Mike Bada, University of Colorado Anschutz Medical Campus</annotator>
    <span start="32477" end="32485" />
    <spannedText>Platelet</spannedText>
  </annotation>
  <annotation>
    <mention id="CL_basic_2014_02_21_Instance_22917" />
    <annotator id="CL_basic_2014_02_21_Instance_10000">Mike Bada, University of Colorado Anschutz Medical Campus</annotator>
    <span start="32655" end="32663" />
    <spannedText>platelet</spannedText>
  </annotation>
  <annotation>
    <mention id="CL_basic_2014_02_21_Instance_22919" />
    <annotator id="CL_basic_2014_02_21_Instance_10000">Mike Bada, University of Colorado Anschutz Medical Campus</annotator>
    <span start="32687" end="32695" />
    <spannedText>platelet</spannedText>
  </annotation>
  <annotation>
    <mention id="CL_basic_2014_02_21_Instance_22921" />
    <annotator id="CL_basic_2014_02_21_Instance_10000">Mike Bada, University of Colorado Anschutz Medical Campus</annotator>
    <span start="33004" end="33012" />
    <spannedText>platelet</spannedText>
  </annotation>
  <annotation>
    <mention id="CL_basic_2014_02_21_Instance_22923" />
    <annotator id="CL_basic_2014_02_21_Instance_10000">Mike Bada, University of Colorado Anschutz Medical Campus</annotator>
    <span start="33134" end="33143" />
    <spannedText>platelets</spannedText>
  </annotation>
  <annotation>
    <mention id="CL_basic_2014_02_21_Instance_22925" />
    <annotator id="CL_basic_2014_02_21_Instance_10000">Mike Bada, University of Colorado Anschutz Medical Campus</annotator>
    <span start="33434" end="33443" />
    <spannedText>platelets</spannedText>
  </annotation>
  <annotation>
    <mention id="CL_basic_2014_02_21_Instance_22927" />
    <annotator id="CL_basic_2014_02_21_Instance_10000">Mike Bada, University of Colorado Anschutz Medical Campus</annotator>
    <span start="33898" end="33906" />
    <spannedText>platelet</spannedText>
  </annotation>
  <annotation>
    <mention id="CL_basic_2014_02_21_Instance_22929" />
    <annotator id="CL_basic_2014_02_21_Instance_10000">Mike Bada, University of Colorado Anschutz Medical Campus</annotator>
    <span start="34057" end="34061" />
    <spannedText>cell</spannedText>
  </annotation>
  <annotation>
    <mention id="CL_basic_2014_02_21_Instance_22931" />
    <annotator id="CL_basic_2014_02_21_Instance_10000">Mike Bada, University of Colorado Anschutz Medical Campus</annotator>
    <span start="34168" end="34172" />
    <spannedText>cell</spannedText>
  </annotation>
  <annotation>
    <mention id="CL_basic_2014_02_21_Instance_22933" />
    <annotator id="CL_basic_2014_02_21_Instance_10000">Mike Bada, University of Colorado Anschutz Medical Campus</annotator>
    <span start="34210" end="34225" />
    <spannedText>red blood cells</spannedText>
  </annotation>
  <annotation>
    <mention id="CL_basic_2014_02_21_Instance_22935" />
    <annotator id="CL_basic_2014_02_21_Instance_10000">Mike Bada, University of Colorado Anschutz Medical Campus</annotator>
    <span start="34230" end="34239" />
    <spannedText>platelets</spannedText>
  </annotation>
  <annotation>
    <mention id="CL_basic_2014_02_21_Instance_22937" />
    <annotator id="CL_basic_2014_02_21_Instance_10000">Mike Bada, University of Colorado Anschutz Medical Campus</annotator>
    <span start="34342" end="34357" />
    <spannedText>red blood cells</spannedText>
  </annotation>
  <annotation>
    <mention id="CL_basic_2014_02_21_Instance_22939" />
    <annotator id="CL_basic_2014_02_21_Instance_10000">Mike Bada, University of Colorado Anschutz Medical Campus</annotator>
    <span start="34362" end="34371" />
    <spannedText>platelets</spannedText>
  </annotation>
  <annotation>
    <mention id="CL_basic_2014_02_21_Instance_22941" />
    <annotator id="CL_basic_2014_02_21_Instance_10000">Mike Bada, University of Colorado Anschutz Medical Campus</annotator>
    <span start="34477" end="34487" />
    <spannedText>leucocytes</spannedText>
  </annotation>
  <annotation>
    <mention id="CL_basic_2014_02_21_Instance_22943" />
    <annotator id="CL_basic_2014_02_21_Instance_10000">Mike Bada, University of Colorado Anschutz Medical Campus</annotator>
    <span start="34489" end="34504" />
    <spannedText>red blood cells</spannedText>
  </annotation>
  <annotation>
    <mention id="CL_basic_2014_02_21_Instance_22945" />
    <annotator id="CL_basic_2014_02_21_Instance_10000">Mike Bada, University of Colorado Anschutz Medical Campus</annotator>
    <span start="34537" end="34545" />
    <spannedText>cellular</spannedText>
  </annotation>
  <annotation>
    <mention id="CL_basic_2014_02_21_Instance_22947" />
    <annotator id="CL_basic_2014_02_21_Instance_10000">Mike Bada, University of Colorado Anschutz Medical Campus</annotator>
    <span start="34559" end="34567" />
    <spannedText>cellular</spannedText>
  </annotation>
  <annotation>
    <mention id="CL_basic_2014_02_21_Instance_22949" />
    <annotator id="CL_basic_2014_02_21_Instance_10000">Mike Bada, University of Colorado Anschutz Medical Campus</annotator>
    <span start="34586" end="34594" />
    <spannedText>cellular</spannedText>
  </annotation>
  <annotation>
    <mention id="CL_basic_2014_02_21_Instance_22951" />
    <annotator id="CL_basic_2014_02_21_Instance_10000">Mike Bada, University of Colorado Anschutz Medical Campus</annotator>
    <span start="34622" end="34630" />
    <spannedText>platelet</spannedText>
  </annotation>
  <annotation>
    <mention id="CL_basic_2014_02_21_Instance_22953" />
    <annotator id="CL_basic_2014_02_21_Instance_10000">Mike Bada, University of Colorado Anschutz Medical Campus</annotator>
    <span start="34639" end="34651" />
    <spannedText>neutrophiles</spannedText>
  </annotation>
  <annotation>
    <mention id="CL_basic_2014_02_21_Instance_22955" />
    <annotator id="CL_basic_2014_02_21_Instance_10000">Mike Bada, University of Colorado Anschutz Medical Campus</annotator>
    <span start="34653" end="34664" />
    <spannedText>lymphocytes</spannedText>
  </annotation>
  <annotation>
    <mention id="CL_basic_2014_02_21_Instance_22957" />
    <annotator id="CL_basic_2014_02_21_Instance_10000">Mike Bada, University of Colorado Anschutz Medical Campus</annotator>
    <span start="34666" end="34675" />
    <spannedText>monocytes</spannedText>
  </annotation>
  <annotation>
    <mention id="CL_basic_2014_02_21_Instance_22959" />
    <annotator id="CL_basic_2014_02_21_Instance_10000">Mike Bada, University of Colorado Anschutz Medical Campus</annotator>
    <span start="34677" end="34689" />
    <spannedText>eosinophiles</spannedText>
  </annotation>
  <annotation>
    <mention id="CL_basic_2014_02_21_Instance_22961" />
    <annotator id="CL_basic_2014_02_21_Instance_10000">Mike Bada, University of Colorado Anschutz Medical Campus</annotator>
    <span start="34691" end="34701" />
    <spannedText>basophiles</spannedText>
  </annotation>
  <annotation>
    <mention id="CL_basic_2014_02_21_Instance_22963" />
    <annotator id="CL_basic_2014_02_21_Instance_10000">Mike Bada, University of Colorado Anschutz Medical Campus</annotator>
    <span start="35707" end="35722" />
    <spannedText>red blood cells</spannedText>
  </annotation>
  <annotation>
    <mention id="CL_basic_2014_02_21_Instance_22965" />
    <annotator id="CL_basic_2014_02_21_Instance_10000">Mike Bada, University of Colorado Anschutz Medical Campus</annotator>
    <span start="35727" end="35736" />
    <spannedText>platelets</spannedText>
  </annotation>
  <annotation>
    <mention id="CL_basic_2014_02_21_Instance_22967" />
    <annotator id="CL_basic_2014_02_21_Instance_10000">Mike Bada, University of Colorado Anschutz Medical Campus</annotator>
    <span start="35818" end="35827" />
    <spannedText>platelets</spannedText>
  </annotation>
  <annotation>
    <mention id="CL_basic_2014_02_21_Instance_22969" />
    <annotator id="CL_basic_2014_02_21_Instance_10000">Mike Bada, University of Colorado Anschutz Medical Campus</annotator>
    <span start="35862" end="35866" />
    <spannedText>cell</spannedText>
  </annotation>
  <annotation>
    <mention id="CL_basic_2014_02_21_Instance_22971" />
    <annotator id="CL_basic_2014_02_21_Instance_10000">Mike Bada, University of Colorado Anschutz Medical Campus</annotator>
    <span start="35959" end="35967" />
    <spannedText>platelet</spannedText>
  </annotation>
  <annotation>
    <mention id="CL_basic_2014_02_21_Instance_70151" />
    <annotator id="CL_basic_2014_02_21_Instance_10000">Mike Bada, University of Colorado Anschutz Medical Campus</annotator>
    <span start="32979" end="32988" />
    <spannedText>platelets</spannedText>
  </annotation>
  <annotation>
    <mention id="CL_basic_2014_02_21_plus_nested_Instance_10000" />
    <annotator id="CL_basic_2014_02_21_Instance_10000">Mike Bada, University of Colorado Anschutz Medical Campus</annotator>
    <span start="3297" end="3305" />
    <spannedText>cellular</spannedText>
  </annotation>
  <annotation>
    <mention id="CL_basic_2014_02_21_plus_nested_Instance_30006" />
    <annotator id="CL_basic_2014_02_21_Instance_10000">Mike Bada, University of Colorado Anschutz Medical Campus</annotator>
    <span start="3409" end="3417" />
    <spannedText>cellular</spannedText>
  </annotation>
  <annotation>
    <mention id="CL_basic_2014_02_21_plus_nested_Instance_30013" />
    <annotator id="CL_basic_2014_02_21_Instance_10000">Mike Bada, University of Colorado Anschutz Medical Campus</annotator>
    <span start="13226" end="13234" />
    <spannedText>cellular</spannedText>
  </annotation>
  <annotation>
    <mention id="CL_basic_2014_02_21_plus_nested_Instance_40019" />
    <annotator id="CL_basic_2014_02_21_Instance_10000">Mike Bada, University of Colorado Anschutz Medical Campus</annotator>
    <span start="24888" end="24896" />
    <spannedText>cellular</spannedText>
  </annotation>
  <annotation>
    <mention id="CL_basic_2014_02_21_plus_nested_Instance_40024" />
    <annotator id="CL_basic_2014_02_21_Instance_10000">Mike Bada, University of Colorado Anschutz Medical Campus</annotator>
    <span start="25041" end="25049" />
    <spannedText>cellular</spannedText>
  </annotation>
  <annotation>
    <mention id="CL_basic_2014_02_21_plus_nested_Instance_50296" />
    <annotator id="CL_basic_2014_02_21_Instance_10000">Mike Bada, University of Colorado Anschutz Medical Campus</annotator>
    <span start="4589" end="4597" />
    <spannedText>cellular</spannedText>
  </annotation>
  <annotation>
    <mention id="CL_basic_2014_02_21_plus_nested_Instance_50301" />
    <annotator id="CL_basic_2014_02_21_Instance_10000">Mike Bada, University of Colorado Anschutz Medical Campus</annotator>
    <span start="12836" end="12844" />
    <spannedText>cellular</spannedText>
  </annotation>
  <annotation>
    <mention id="CL_basic_2014_02_21_plus_nested_Instance_50306" />
    <annotator id="CL_basic_2014_02_21_Instance_10000">Mike Bada, University of Colorado Anschutz Medical Campus</annotator>
    <span start="14711" end="14719" />
    <spannedText>cellular</spannedText>
  </annotation>
  <annotation>
    <mention id="CL_basic_2014_02_21_plus_nested_Instance_50565" />
    <annotator id="CL_basic_2014_02_21_Instance_10000">Mike Bada, University of Colorado Anschutz Medical Campus</annotator>
    <span start="19156" end="19164" />
    <spannedText>cellular</spannedText>
  </annotation>
  <annotation>
    <mention id="CL_basic_2014_02_21_plus_nested_Instance_50570" />
    <annotator id="CL_basic_2014_02_21_Instance_10000">Mike Bada, University of Colorado Anschutz Medical Campus</annotator>
    <span start="22024" end="22032" />
    <spannedText>cellular</spannedText>
  </annotation>
  <annotation>
    <mention id="CL_basic_2014_02_21_plus_nested_Instance_50575" />
    <annotator id="CL_basic_2014_02_21_Instance_10000">Mike Bada, University of Colorado Anschutz Medical Campus</annotator>
    <span start="28808" end="28816" />
    <spannedText>cellular</spannedText>
  </annotation>
  <classMention id="CL_basic_2014_02_21_Instance_22587">
    <mentionClass id="CL:0000232">erythrocyte</mentionClass>
  </classMention>
  <classMention id="CL_basic_2014_02_21_Instance_22601">
    <mentionClass id="CL:0000232">erythrocyte</mentionClass>
  </classMention>
  <classMention id="CL_basic_2014_02_21_Instance_22593">
    <mentionClass id="CL_GO_EXT:cell">cell</mentionClass>
  </classMention>
  <classMention id="CL_basic_2014_02_21_Instance_22607">
    <mentionClass id="CL:0000232">erythrocyte</mentionClass>
  </classMention>
  <classMention id="CL_basic_2014_02_21_Instance_22619">
    <mentionClass id="CL_GO_EXT:cell">cell</mentionClass>
  </classMention>
  <classMention id="CL_basic_2014_02_21_Instance_22615">
    <mentionClass id="CL:0000232">erythrocyte</mentionClass>
  </classMention>
  <classMention id="CL_basic_2014_02_21_Instance_22629">
    <mentionClass id="CL:0000232">erythrocyte</mentionClass>
  </classMention>
  <classMention id="CL_basic_2014_02_21_Instance_22623">
    <mentionClass id="CL:0000232">erythrocyte</mentionClass>
  </classMention>
  <classMention id="CL_basic_2014_02_21_Instance_22639">
    <mentionClass id="CL_GO_EXT:cell">cell</mentionClass>
  </classMention>
  <classMention id="CL_basic_2014_02_21_Instance_22633">
    <mentionClass id="CL:0000232">erythrocyte</mentionClass>
  </classMention>
  <classMention id="CL_basic_2014_02_21_Instance_22647">
    <mentionClass id="CL_GO_EXT:cell">cell</mentionClass>
  </classMention>
  <classMention id="CL_basic_2014_02_21_Instance_22643">
    <mentionClass id="CL_GO_EXT:cell">cell</mentionClass>
  </classMention>
  <classMention id="CL_basic_2014_02_21_plus_nested_Instance_50296">
    <mentionClass id="CL_GO_EXT:cell">cell</mentionClass>
  </classMention>
  <classMention id="CL_basic_2014_02_21_Instance_22655">
    <mentionClass id="CL_GO_EXT:cell">cell</mentionClass>
  </classMention>
  <classMention id="CL_basic_2014_02_21_plus_nested_Instance_50301">
    <mentionClass id="CL_GO_EXT:cell">cell</mentionClass>
  </classMention>
  <classMention id="CL_basic_2014_02_21_Instance_22651">
    <mentionClass id="CL_GO_EXT:cell">cell</mentionClass>
  </classMention>
  <classMention id="CL_basic_2014_02_21_plus_nested_Instance_50306">
    <mentionClass id="CL_GO_EXT:cell">cell</mentionClass>
  </classMention>
  <classMention id="CL_basic_2014_02_21_Instance_22659">
    <mentionClass id="CL:0000232">erythrocyte</mentionClass>
  </classMention>
  <classMention id="CL_basic_2014_02_21_Instance_21571">
    <mentionClass id="CL:0000232">erythrocyte</mentionClass>
  </classMention>
  <classMention id="CL_basic_2014_02_21_Instance_11571">
    <mentionClass id="CL_GO_EXT:cell">cell</mentionClass>
  </classMention>
  <classMention id="CL_basic_2014_02_21_Instance_22673">
    <mentionClass id="CL:0000232">erythrocyte</mentionClass>
  </classMention>
  <classMention id="CL_basic_2014_02_21_Instance_11573">
    <mentionClass id="CL_GO_EXT:cell">cell</mentionClass>
  </classMention>
  <classMention id="CL_basic_2014_02_21_Instance_22667">
    <mentionClass id="CL:0000232">erythrocyte</mentionClass>
  </classMention>
  <classMention id="CL_basic_2014_02_21_Instance_11569">
    <mentionClass id="CL_GO_EXT:cell">cell</mentionClass>
  </classMention>
  <classMention id="CL_basic_2014_02_21_Instance_11579">
    <mentionClass id="CL_GO_EXT:cell">cell</mentionClass>
  </classMention>
  <classMention id="CL_basic_2014_02_21_Instance_22683">
    <mentionClass id="CL:0000232">erythrocyte</mentionClass>
  </classMention>
  <classMention id="CL_basic_2014_02_21_Instance_11575">
    <mentionClass id="CL_GO_EXT:cell">cell</mentionClass>
  </classMention>
  <classMention id="CL_basic_2014_02_21_Instance_11577">
    <mentionClass id="CL_GO_EXT:cell">cell</mentionClass>
  </classMention>
  <classMention id="CL_basic_2014_02_21_Instance_22689">
    <mentionClass id="CL:0000232">erythrocyte</mentionClass>
  </classMention>
  <classMention id="CL_basic_2014_02_21_Instance_22699">
    <mentionClass id="CL:0000232">erythrocyte</mentionClass>
  </classMention>
  <classMention id="CL_basic_2014_02_21_Instance_22695">
    <mentionClass id="CL_GO_EXT:cell">cell</mentionClass>
  </classMention>
  <classMention id="CL_basic_2014_02_21_Instance_21603">
    <mentionClass id="CL:0000233">platelet</mentionClass>
  </classMention>
  <classMention id="CL_basic_2014_02_21_Instance_22697">
    <mentionClass id="CL:0000232">erythrocyte</mentionClass>
  </classMention>
  <classMention id="CL_basic_2014_02_21_Instance_22709">
    <mentionClass id="CL:0000232">erythrocyte</mentionClass>
  </classMention>
  <classMention id="CL_basic_2014_02_21_Instance_22717">
    <mentionClass id="CL_GO_EXT:cell">cell</mentionClass>
  </classMention>
  <classMention id="CL_basic_2014_02_21_Instance_22723">
    <mentionClass id="CL:0000738">leukocyte</mentionClass>
  </classMention>
  <classMention id="CL_basic_2014_02_21_Instance_21635">
    <mentionClass id="CL:0000232">erythrocyte</mentionClass>
  </classMention>
  <classMention id="CL_basic_2014_02_21_Instance_22735">
    <mentionClass id="CL:0000232">erythrocyte</mentionClass>
  </classMention>
  <classMention id="CL_basic_2014_02_21_Instance_21655">
    <mentionClass id="CL:0000232">erythrocyte</mentionClass>
  </classMention>
  <classMention id="CL_basic_2014_02_21_Instance_21657">
    <mentionClass id="CL:0000232">erythrocyte</mentionClass>
  </classMention>
  <classMention id="CL_basic_2014_02_21_Instance_22749">
    <mentionClass id="CL_GO_EXT:cell">cell</mentionClass>
  </classMention>
  <classMention id="CL_basic_2014_02_21_Instance_21653">
    <mentionClass id="CL:0000233">platelet</mentionClass>
  </classMention>
  <classMention id="CL_basic_2014_02_21_Instance_22745">
    <mentionClass id="CL_GO_EXT:cell">cell</mentionClass>
  </classMention>
  <classMention id="CL_basic_2014_02_21_Instance_21663">
    <mentionClass id="CL:0000232">erythrocyte</mentionClass>
  </classMention>
  <classMention id="CL_basic_2014_02_21_Instance_22755">
    <mentionClass id="CL:0000233">platelet</mentionClass>
  </classMention>
  <classMention id="CL_basic_2014_02_21_Instance_21665">
    <mentionClass id="CL_GO_EXT:cell">cell</mentionClass>
  </classMention>
  <classMention id="CL_basic_2014_02_21_Instance_21659">
    <mentionClass id="CL:0000232">erythrocyte</mentionClass>
  </classMention>
  <classMention id="CL_basic_2014_02_21_Instance_21661">
    <mentionClass id="CL:0000232">erythrocyte</mentionClass>
  </classMention>
  <classMention id="CL_basic_2014_02_21_Instance_22753">
    <mentionClass id="CL_GO_EXT:cell">cell</mentionClass>
  </classMention>
  <classMention id="CL_basic_2014_02_21_Instance_21671">
    <mentionClass id="CL:0000232">erythrocyte</mentionClass>
  </classMention>
  <classMention id="CL_basic_2014_02_21_Instance_22763">
    <mentionClass id="CL:0000542">lymphocyte</mentionClass>
  </classMention>
  <classMention id="CL_basic_2014_02_21_Instance_21673">
    <mentionClass id="CL:0000232">erythrocyte</mentionClass>
  </classMention>
  <classMention id="CL_basic_2014_02_21_Instance_22765">
    <mentionClass id="CL:0000576">monocyte</mentionClass>
  </classMention>
  <classMention id="CL_basic_2014_02_21_Instance_21667">
    <mentionClass id="CL:0000232">erythrocyte</mentionClass>
  </classMention>
  <classMention id="CL_basic_2014_02_21_Instance_21669">
    <mentionClass id="CL_GO_EXT:cell">cell</mentionClass>
  </classMention>
  <classMention id="CL_basic_2014_02_21_Instance_22761">
    <mentionClass id="CL:0000775">neutrophil</mentionClass>
  </classMention>
  <classMention id="CL_basic_2014_02_21_Instance_21679">
    <mentionClass id="CL:0000232">erythrocyte</mentionClass>
  </classMention>
  <classMention id="CL_basic_2014_02_21_Instance_22771">
    <mentionClass id="CL:0000233">platelet</mentionClass>
  </classMention>
  <classMention id="CL_basic_2014_02_21_Instance_21681">
    <mentionClass id="CL:0000232">erythrocyte</mentionClass>
  </classMention>
  <classMention id="CL_basic_2014_02_21_Instance_22773">
    <mentionClass id="CL:0000233">platelet</mentionClass>
  </classMention>
  <classMention id="CL_basic_2014_02_21_Instance_10993">
    <mentionClass id="CL_GO_EXT:cell">cell</mentionClass>
  </classMention>
  <classMention id="CL_basic_2014_02_21_Instance_21675">
    <mentionClass id="CL:0000233">platelet</mentionClass>
  </classMention>
  <classMention id="CL_basic_2014_02_21_Instance_22767">
    <mentionClass id="CL:0000771">eosinophil</mentionClass>
  </classMention>
  <classMention id="CL_basic_2014_02_21_Instance_10995">
    <mentionClass id="CL:0000232">erythrocyte</mentionClass>
  </classMention>
  <classMention id="CL_basic_2014_02_21_Instance_21677">
    <mentionClass id="CL:0000232">erythrocyte</mentionClass>
  </classMention>
  <classMention id="CL_basic_2014_02_21_Instance_22769">
    <mentionClass id="CL:0000767">basophil</mentionClass>
  </classMention>
  <classMention id="CL_basic_2014_02_21_Instance_21687">
    <mentionClass id="CL:0000233">platelet</mentionClass>
  </classMention>
  <classMention id="CL_basic_2014_02_21_Instance_22779">
    <mentionClass id="CL:0000233">platelet</mentionClass>
  </classMention>
  <classMention id="CL_basic_2014_02_21_plus_nested_Instance_50565">
    <mentionClass id="CL_GO_EXT:cell">cell</mentionClass>
  </classMention>
  <classMention id="CL_basic_2014_02_21_Instance_22781">
    <mentionClass id="CL:0000233">platelet</mentionClass>
  </classMention>
  <classMention id="CL_basic_2014_02_21_plus_nested_Instance_50570">
    <mentionClass id="CL_GO_EXT:cell">cell</mentionClass>
  </classMention>
  <classMention id="CL_basic_2014_02_21_Instance_21683">
    <mentionClass id="CL:0000233">platelet</mentionClass>
  </classMention>
  <classMention id="CL_basic_2014_02_21_Instance_22775">
    <mentionClass id="CL:0000233">platelet</mentionClass>
  </classMention>
  <classMention id="CL_basic_2014_02_21_Instance_21685">
    <mentionClass id="CL:0000232">erythrocyte</mentionClass>
  </classMention>
  <classMention id="CL_basic_2014_02_21_Instance_22777">
    <mentionClass id="CL:0000233">platelet</mentionClass>
  </classMention>
  <classMention id="CL_basic_2014_02_21_Instance_22787">
    <mentionClass id="CL_GO_EXT:cell">cell</mentionClass>
  </classMention>
  <classMention id="CL_basic_2014_02_21_Instance_22789">
    <mentionClass id="CL_GO_EXT:cell">cell</mentionClass>
  </classMention>
  <classMention id="CL_basic_2014_02_21_plus_nested_Instance_10000">
    <mentionClass id="CL_GO_EXT:cell">cell</mentionClass>
  </classMention>
  <classMention id="CL_basic_2014_02_21_Instance_22783">
    <mentionClass id="CL:0000233">platelet</mentionClass>
  </classMention>
  <classMention id="CL_basic_2014_02_21_plus_nested_Instance_50575">
    <mentionClass id="CL_GO_EXT:cell">cell</mentionClass>
  </classMention>
  <classMention id="CL_basic_2014_02_21_Instance_22785">
    <mentionClass id="CL:0000233">platelet</mentionClass>
  </classMention>
  <classMention id="CL_basic_2014_02_21_Instance_22795">
    <mentionClass id="CL:0000233">platelet</mentionClass>
  </classMention>
  <classMention id="CL_basic_2014_02_21_Instance_22797">
    <mentionClass id="CL:0000233">platelet</mentionClass>
  </classMention>
  <classMention id="CL_basic_2014_02_21_Instance_22791">
    <mentionClass id="CL:0000233">platelet</mentionClass>
  </classMention>
  <classMention id="CL_basic_2014_02_21_Instance_22793">
    <mentionClass id="CL:0000233">platelet</mentionClass>
  </classMention>
  <classMention id="CL_basic_2014_02_21_Instance_22803">
    <mentionClass id="CL:0000233">platelet</mentionClass>
  </classMention>
  <classMention id="CL_basic_2014_02_21_Instance_22805">
    <mentionClass id="CL:0000233">platelet</mentionClass>
  </classMention>
  <classMention id="CL_basic_2014_02_21_Instance_22799">
    <mentionClass id="CL:0000233">platelet</mentionClass>
  </classMention>
  <classMention id="CL_basic_2014_02_21_Instance_22801">
    <mentionClass id="CL:0000233">platelet</mentionClass>
  </classMention>
  <classMention id="CL_basic_2014_02_21_Instance_22811">
    <mentionClass id="CL:0000233">platelet</mentionClass>
  </classMention>
  <classMention id="CL_basic_2014_02_21_Instance_22813">
    <mentionClass id="CL:0000233">platelet</mentionClass>
  </classMention>
  <classMention id="CL_basic_2014_02_21_Instance_22807">
    <mentionClass id="CL:0000233">platelet</mentionClass>
  </classMention>
  <classMention id="CL_basic_2014_02_21_Instance_22809">
    <mentionClass id="CL:0000233">platelet</mentionClass>
  </classMention>
  <classMention id="CL_basic_2014_02_21_Instance_22819">
    <mentionClass id="CL:0000233">platelet</mentionClass>
  </classMention>
  <classMention id="CL_basic_2014_02_21_Instance_22821">
    <mentionClass id="CL:0000233">platelet</mentionClass>
  </classMention>
  <classMention id="CL_basic_2014_02_21_Instance_22815">
    <mentionClass id="CL:0000233">platelet</mentionClass>
  </classMention>
  <classMention id="CL_basic_2014_02_21_Instance_22817">
    <mentionClass id="CL:0000233">platelet</mentionClass>
  </classMention>
  <classMention id="CL_basic_2014_02_21_Instance_22827">
    <mentionClass id="CL:0000232">erythrocyte</mentionClass>
  </classMention>
  <classMention id="CL_basic_2014_02_21_Instance_22829">
    <mentionClass id="CL:0000232">erythrocyte</mentionClass>
  </classMention>
  <classMention id="CL_basic_2014_02_21_Instance_22823">
    <mentionClass id="CL_GO_EXT:cell">cell</mentionClass>
  </classMention>
  <classMention id="CL_basic_2014_02_21_Instance_22825">
    <mentionClass id="CL_GO_EXT:cell">cell</mentionClass>
  </classMention>
  <classMention id="CL_basic_2014_02_21_Instance_22835">
    <mentionClass id="CL:0000232">erythrocyte</mentionClass>
  </classMention>
  <classMention id="CL_basic_2014_02_21_Instance_22837">
    <mentionClass id="CL:0000232">erythrocyte</mentionClass>
  </classMention>
  <classMention id="CL_basic_2014_02_21_Instance_22831">
    <mentionClass id="CL_GO_EXT:cell">cell</mentionClass>
  </classMention>
  <classMention id="CL_basic_2014_02_21_Instance_22833">
    <mentionClass id="CL:0000232">erythrocyte</mentionClass>
  </classMention>
  <classMention id="CL_basic_2014_02_21_Instance_22843">
    <mentionClass id="CL:0000232">erythrocyte</mentionClass>
  </classMention>
  <classMention id="CL_basic_2014_02_21_Instance_22845">
    <mentionClass id="CL:0000232">erythrocyte</mentionClass>
  </classMention>
  <classMention id="CL_basic_2014_02_21_Instance_22839">
    <mentionClass id="CL:0000232">erythrocyte</mentionClass>
  </classMention>
  <classMention id="CL_basic_2014_02_21_Instance_22841">
    <mentionClass id="CL:0000232">erythrocyte</mentionClass>
  </classMention>
  <classMention id="CL_basic_2014_02_21_Instance_22851">
    <mentionClass id="CL:0000232">erythrocyte</mentionClass>
  </classMention>
  <classMention id="CL_basic_2014_02_21_Instance_22853">
    <mentionClass id="CL:0000232">erythrocyte</mentionClass>
  </classMention>
  <classMention id="CL_basic_2014_02_21_Instance_22847">
    <mentionClass id="CL:0000232">erythrocyte</mentionClass>
  </classMention>
  <classMention id="CL_basic_2014_02_21_Instance_22849">
    <mentionClass id="CL:0000232">erythrocyte</mentionClass>
  </classMention>
  <classMention id="CL_basic_2014_02_21_Instance_22859">
    <mentionClass id="CL:0000232">erythrocyte</mentionClass>
  </classMention>
  <classMention id="CL_basic_2014_02_21_Instance_22861">
    <mentionClass id="CL:0000232">erythrocyte</mentionClass>
  </classMention>
  <classMention id="CL_basic_2014_02_21_Instance_12409">
    <mentionClass id="CL:0000232">erythrocyte</mentionClass>
  </classMention>
  <classMention id="CL_basic_2014_02_21_Instance_22855">
    <mentionClass id="CL:0000232">erythrocyte</mentionClass>
  </classMention>
  <classMention id="CL_basic_2014_02_21_Instance_22857">
    <mentionClass id="CL_GO_EXT:cell">cell</mentionClass>
  </classMention>
  <classMention id="CL_basic_2014_02_21_Instance_22867">
    <mentionClass id="CL:0000232">erythrocyte</mentionClass>
  </classMention>
  <classMention id="CL_basic_2014_02_21_Instance_22869">
    <mentionClass id="CL:0000233">platelet</mentionClass>
  </classMention>
  <classMention id="CL_basic_2014_02_21_Instance_22863">
    <mentionClass id="CL:0000232">erythrocyte</mentionClass>
  </classMention>
  <classMention id="CL_basic_2014_02_21_Instance_22865">
    <mentionClass id="CL:0000232">erythrocyte</mentionClass>
  </classMention>
  <classMention id="CL_basic_2014_02_21_Instance_22325">
    <mentionClass id="CL_GO_EXT:cell">cell</mentionClass>
  </classMention>
  <classMention id="CL_basic_2014_02_21_Instance_22875">
    <mentionClass id="CL:0000233">platelet</mentionClass>
  </classMention>
  <classMention id="CL_basic_2014_02_21_Instance_22877">
    <mentionClass id="CL:0000233">platelet</mentionClass>
  </classMention>
  <classMention id="CL_basic_2014_02_21_Instance_22871">
    <mentionClass id="CL:0000233">platelet</mentionClass>
  </classMention>
  <classMention id="CL_basic_2014_02_21_Instance_22873">
    <mentionClass id="CL:0000233">platelet</mentionClass>
  </classMention>
  <classMention id="CL_basic_2014_02_21_Instance_22333">
    <mentionClass id="CL:0000232">erythrocyte</mentionClass>
  </classMention>
  <classMention id="CL_basic_2014_02_21_Instance_22883">
    <mentionClass id="CL:0000232">erythrocyte</mentionClass>
  </classMention>
  <classMention id="CL_basic_2014_02_21_Instance_22335">
    <mentionClass id="CL:0000232">erythrocyte</mentionClass>
  </classMention>
  <classMention id="CL_basic_2014_02_21_Instance_22885">
    <mentionClass id="CL:0000232">erythrocyte</mentionClass>
  </classMention>
  <classMention id="CL_basic_2014_02_21_Instance_22329">
    <mentionClass id="CL:0000232">erythrocyte</mentionClass>
  </classMention>
  <classMention id="CL_basic_2014_02_21_Instance_22879">
    <mentionClass id="CL:0000233">platelet</mentionClass>
  </classMention>
  <classMention id="CL_basic_2014_02_21_Instance_22331">
    <mentionClass id="CL:0000232">erythrocyte</mentionClass>
  </classMention>
  <classMention id="CL_basic_2014_02_21_Instance_22881">
    <mentionClass id="CL:0000233">platelet</mentionClass>
  </classMention>
  <classMention id="CL_basic_2014_02_21_Instance_22341">
    <mentionClass id="CL:0000233">platelet</mentionClass>
  </classMention>
  <classMention id="CL_basic_2014_02_21_Instance_22891">
    <mentionClass id="CL:0000232">erythrocyte</mentionClass>
  </classMention>
  <classMention id="CL_basic_2014_02_21_Instance_22343">
    <mentionClass id="CL:0000232">erythrocyte</mentionClass>
  </classMention>
  <classMention id="CL_basic_2014_02_21_Instance_22893">
    <mentionClass id="CL_GO_EXT:cell">cell</mentionClass>
  </classMention>
  <classMention id="CL_basic_2014_02_21_Instance_22337">
    <mentionClass id="CL:0000232">erythrocyte</mentionClass>
  </classMention>
  <classMention id="CL_basic_2014_02_21_Instance_22887">
    <mentionClass id="CL_GO_EXT:cell">cell</mentionClass>
  </classMention>
  <classMention id="CL_basic_2014_02_21_Instance_22339">
    <mentionClass id="CL:0000232">erythrocyte</mentionClass>
  </classMention>
  <classMention id="CL_basic_2014_02_21_Instance_22889">
    <mentionClass id="CL:0000232">erythrocyte</mentionClass>
  </classMention>
  <classMention id="CL_basic_2014_02_21_Instance_22349">
    <mentionClass id="CL:0000232">erythrocyte</mentionClass>
  </classMention>
  <classMention id="CL_basic_2014_02_21_Instance_22899">
    <mentionClass id="CL:0000232">erythrocyte</mentionClass>
  </classMention>
  <classMention id="CL_basic_2014_02_21_Instance_22351">
    <mentionClass id="CL:0000232">erythrocyte</mentionClass>
  </classMention>
  <classMention id="CL_basic_2014_02_21_Instance_22901">
    <mentionClass id="CL:0000232">erythrocyte</mentionClass>
  </classMention>
  <classMention id="CL_basic_2014_02_21_Instance_22345">
    <mentionClass id="CL:0000232">erythrocyte</mentionClass>
  </classMention>
  <classMention id="CL_basic_2014_02_21_Instance_22895">
    <mentionClass id="CL:0000233">platelet</mentionClass>
  </classMention>
  <classMention id="CL_basic_2014_02_21_Instance_22347">
    <mentionClass id="CL:0000232">erythrocyte</mentionClass>
  </classMention>
  <classMention id="CL_basic_2014_02_21_Instance_22897">
    <mentionClass id="CL:0000232">erythrocyte</mentionClass>
  </classMention>
  <classMention id="CL_basic_2014_02_21_Instance_22907">
    <mentionClass id="CL:0000232">erythrocyte</mentionClass>
  </classMention>
  <classMention id="CL_basic_2014_02_21_Instance_22909">
    <mentionClass id="CL:0000232">erythrocyte</mentionClass>
  </classMention>
  <classMention id="CL_basic_2014_02_21_Instance_22903">
    <mentionClass id="CL:0000232">erythrocyte</mentionClass>
  </classMention>
  <classMention id="CL_basic_2014_02_21_Instance_12459">
    <mentionClass id="CL:0000233">platelet</mentionClass>
  </classMention>
  <classMention id="CL_basic_2014_02_21_Instance_22905">
    <mentionClass id="CL:0000232">erythrocyte</mentionClass>
  </classMention>
  <classMention id="CL_basic_2014_02_21_Instance_22915">
    <mentionClass id="CL:0000233">platelet</mentionClass>
  </classMention>
  <classMention id="CL_basic_2014_02_21_Instance_22917">
    <mentionClass id="CL:0000233">platelet</mentionClass>
  </classMention>
  <classMention id="CL_basic_2014_02_21_Instance_22911">
    <mentionClass id="CL:0000232">erythrocyte</mentionClass>
  </classMention>
  <classMention id="CL_basic_2014_02_21_Instance_22913">
    <mentionClass id="CL:0000232">erythrocyte</mentionClass>
  </classMention>
  <classMention id="CL_basic_2014_02_21_Instance_12477">
    <mentionClass id="CL:0000232">erythrocyte</mentionClass>
  </classMention>
  <classMention id="CL_basic_2014_02_21_Instance_22923">
    <mentionClass id="CL:0000233">platelet</mentionClass>
  </classMention>
  <classMention id="CL_basic_2014_02_21_Instance_22925">
    <mentionClass id="CL:0000233">platelet</mentionClass>
  </classMention>
  <classMention id="CL_basic_2014_02_21_Instance_22919">
    <mentionClass id="CL:0000233">platelet</mentionClass>
  </classMention>
  <classMention id="CL_basic_2014_02_21_Instance_12475">
    <mentionClass id="CL:0000232">erythrocyte</mentionClass>
  </classMention>
  <classMention id="CL_basic_2014_02_21_Instance_22921">
    <mentionClass id="CL:0000233">platelet</mentionClass>
  </classMention>
  <classMention id="CL_basic_2014_02_21_Instance_22931">
    <mentionClass id="CL_GO_EXT:cell">cell</mentionClass>
  </classMention>
  <classMention id="CL_basic_2014_02_21_Instance_12487">
    <mentionClass id="CL:0000232">erythrocyte</mentionClass>
  </classMention>
  <classMention id="CL_basic_2014_02_21_Instance_22933">
    <mentionClass id="CL:0000232">erythrocyte</mentionClass>
  </classMention>
  <classMention id="CL_basic_2014_02_21_Instance_22927">
    <mentionClass id="CL:0000233">platelet</mentionClass>
  </classMention>
  <classMention id="CL_basic_2014_02_21_Instance_22929">
    <mentionClass id="CL_GO_EXT:cell">cell</mentionClass>
  </classMention>
  <classMention id="CL_basic_2014_02_21_Instance_22939">
    <mentionClass id="CL:0000233">platelet</mentionClass>
  </classMention>
  <classMention id="CL_basic_2014_02_21_Instance_22941">
    <mentionClass id="CL:0000738">leukocyte</mentionClass>
  </classMention>
  <classMention id="CL_basic_2014_02_21_Instance_22935">
    <mentionClass id="CL:0000233">platelet</mentionClass>
  </classMention>
  <classMention id="CL_basic_2014_02_21_Instance_22937">
    <mentionClass id="CL:0000232">erythrocyte</mentionClass>
  </classMention>
  <classMention id="CL_basic_2014_02_21_Instance_22947">
    <mentionClass id="CL_GO_EXT:cell">cell</mentionClass>
  </classMention>
  <classMention id="CL_basic_2014_02_21_Instance_22949">
    <mentionClass id="CL_GO_EXT:cell">cell</mentionClass>
  </classMention>
  <classMention id="CL_basic_2014_02_21_Instance_22943">
    <mentionClass id="CL:0000232">erythrocyte</mentionClass>
  </classMention>
  <classMention id="CL_basic_2014_02_21_Instance_12501">
    <mentionClass id="CL:0000232">erythrocyte</mentionClass>
  </classMention>
  <classMention id="CL_basic_2014_02_21_Instance_22945">
    <mentionClass id="CL_GO_EXT:cell">cell</mentionClass>
  </classMention>
  <classMention id="CL_basic_2014_02_21_Instance_22955">
    <mentionClass id="CL:0000542">lymphocyte</mentionClass>
  </classMention>
  <classMention id="CL_basic_2014_02_21_Instance_22957">
    <mentionClass id="CL:0000576">monocyte</mentionClass>
  </classMention>
  <classMention id="CL_basic_2014_02_21_Instance_22951">
    <mentionClass id="CL:0000233">platelet</mentionClass>
  </classMention>
  <classMention id="CL_basic_2014_02_21_Instance_12509">
    <mentionClass id="CL:0000232">erythrocyte</mentionClass>
  </classMention>
  <classMention id="CL_basic_2014_02_21_Instance_22953">
    <mentionClass id="CL:0000775">neutrophil</mentionClass>
  </classMention>
  <classMention id="CL_basic_2014_02_21_Instance_12519">
    <mentionClass id="CL_GO_EXT:cell">cell</mentionClass>
  </classMention>
  <classMention id="CL_basic_2014_02_21_Instance_22963">
    <mentionClass id="CL:0000232">erythrocyte</mentionClass>
  </classMention>
  <classMention id="CL_basic_2014_02_21_Instance_22965">
    <mentionClass id="CL:0000233">platelet</mentionClass>
  </classMention>
  <classMention id="CL_basic_2014_02_21_Instance_22959">
    <mentionClass id="CL:0000771">eosinophil</mentionClass>
  </classMention>
  <classMention id="CL_basic_2014_02_21_Instance_22961">
    <mentionClass id="CL:0000767">basophil</mentionClass>
  </classMention>
  <classMention id="CL_basic_2014_02_21_Instance_22971">
    <mentionClass id="CL:0000233">platelet</mentionClass>
  </classMention>
  <classMention id="CL_basic_2014_02_21_Instance_22967">
    <mentionClass id="CL:0000233">platelet</mentionClass>
  </classMention>
  <classMention id="CL_basic_2014_02_21_Instance_22969">
    <mentionClass id="CL_GO_EXT:cell">cell</mentionClass>
  </classMention>
  <classMention id="CL_basic_2014_02_21_plus_nested_Instance_30006">
    <mentionClass id="CL_GO_EXT:cell">cell</mentionClass>
  </classMention>
  <classMention id="CL_basic_2014_02_21_Instance_12531">
    <mentionClass id="CL:0000232">erythrocyte</mentionClass>
  </classMention>
  <classMention id="CL_basic_2014_02_21_Instance_12543">
    <mentionClass id="CL:0000233">platelet</mentionClass>
  </classMention>
  <classMention id="CL_basic_2014_02_21_Instance_12545">
    <mentionClass id="CL:0000232">erythrocyte</mentionClass>
  </classMention>
  <classMention id="CL_basic_2014_02_21_Instance_12539">
    <mentionClass id="CL:0000233">platelet</mentionClass>
  </classMention>
  <classMention id="CL_basic_2014_02_21_plus_nested_Instance_30013">
    <mentionClass id="CL_GO_EXT:cell">cell</mentionClass>
  </classMention>
  <classMention id="CL_basic_2014_02_21_Instance_12541">
    <mentionClass id="CL_GO_EXT:cell">cell</mentionClass>
  </classMention>
  <classMention id="CL_basic_2014_02_21_Instance_12551">
    <mentionClass id="CL:0000233">platelet</mentionClass>
  </classMention>
  <classMention id="CL_basic_2014_02_21_Instance_12553">
    <mentionClass id="CL_GO_EXT:cell">cell</mentionClass>
  </classMention>
  <classMention id="CL_basic_2014_02_21_Instance_12547">
    <mentionClass id="CL:0000232">erythrocyte</mentionClass>
  </classMention>
  <classMention id="CL_basic_2014_02_21_Instance_12549">
    <mentionClass id="CL:0000232">erythrocyte</mentionClass>
  </classMention>
  <classMention id="CL_basic_2014_02_21_Instance_12559">
    <mentionClass id="CL_GO_EXT:cell">cell</mentionClass>
  </classMention>
  <classMention id="CL_basic_2014_02_21_Instance_12561">
    <mentionClass id="CL_GO_EXT:cell">cell</mentionClass>
  </classMention>
  <classMention id="CL_basic_2014_02_21_Instance_12555">
    <mentionClass id="CL_GO_EXT:cell">cell</mentionClass>
  </classMention>
  <classMention id="CL_basic_2014_02_21_Instance_12557">
    <mentionClass id="CL_GO_EXT:cell">cell</mentionClass>
  </classMention>
  <classMention id="CL_basic_2014_02_21_Instance_12563">
    <mentionClass id="CL:0000746">cardiac muscle cell</mentionClass>
  </classMention>
  <classMention id="CL_basic_2014_02_21_plus_nested_Instance_40024">
    <mentionClass id="CL_GO_EXT:cell">cell</mentionClass>
  </classMention>
  <classMention id="CL_basic_2014_02_21_plus_nested_Instance_40019">
    <mentionClass id="CL_GO_EXT:cell">cell</mentionClass>
  </classMention>
  <classMention id="CL_basic_2014_02_21_Instance_70151">
    <mentionClass id="CL:0000233">platelet</mentionClass>
  </classMention>
</annotations>

