<?xml version="1.0" encoding="UTF-8"?>
<annotations textSource="15328538.txt">
  <annotation>
    <mention id="CL_basic_2014_02_21_Instance_14995" />
    <annotator id="CL_basic_2014_02_21_Instance_10000">Mike Bada, University of Colorado Anschutz Medical Campus</annotator>
    <span start="2594" end="2599" />
    <spannedText>cells</spannedText>
  </annotation>
  <annotation>
    <mention id="CL_basic_2014_02_21_Instance_14997" />
    <annotator id="CL_basic_2014_02_21_Instance_10000">Mike Bada, University of Colorado Anschutz Medical Campus</annotator>
    <span start="9671" end="9675" />
    <spannedText>cell</spannedText>
  </annotation>
  <annotation>
    <mention id="CL_basic_2014_02_21_Instance_14999" />
    <annotator id="CL_basic_2014_02_21_Instance_10000">Mike Bada, University of Colorado Anschutz Medical Campus</annotator>
    <span start="14129" end="14133" />
    <spannedText>cell</spannedText>
  </annotation>
  <annotation>
    <mention id="CL_basic_2014_02_21_Instance_23007" />
    <annotator id="CL_basic_2014_02_21_Instance_10000">Mike Bada, University of Colorado Anschutz Medical Campus</annotator>
    <span start="14028" end="14036" />
    <spannedText>cellular</spannedText>
  </annotation>
  <annotation>
    <mention id="CL_basic_2014_02_21_Instance_23009" />
    <annotator id="CL_basic_2014_02_21_Instance_10000">Mike Bada, University of Colorado Anschutz Medical Campus</annotator>
    <span start="25589" end="25597" />
    <spannedText>cellular</spannedText>
  </annotation>
  <annotation>
    <mention id="CL_basic_2014_02_21_Instance_31659" />
    <annotator id="CL_basic_2014_02_21_Instance_10000">Mike Bada, University of Colorado Anschutz Medical Campus</annotator>
    <span start="4734" end="4749" />
    <spannedText>cardiac myocyte</spannedText>
  </annotation>
  <annotation>
    <mention id="CL_basic_2014_02_21_Instance_31665" />
    <annotator id="CL_basic_2014_02_21_Instance_10000">Mike Bada, University of Colorado Anschutz Medical Campus</annotator>
    <span start="5108" end="5123" />
    <spannedText>type IIA fibers</spannedText>
  </annotation>
  <annotation>
    <mention id="CL_basic_2014_02_21_Instance_31672" />
    <annotator id="CL_basic_2014_02_21_Instance_10000">Mike Bada, University of Colorado Anschutz Medical Campus</annotator>
    <span start="11780" end="11786" />
    <span start="11798" end="11804" />
    <spannedText>muscle ... fibers</spannedText>
  </annotation>
  <annotation>
    <mention id="CL_basic_2014_02_21_Instance_31676" />
    <annotator id="CL_basic_2014_02_21_Instance_10000">Mike Bada, University of Colorado Anschutz Medical Campus</annotator>
    <span start="12128" end="12157" />
    <spannedText>fast-twitch glycolytic fibers</spannedText>
  </annotation>
  <annotation>
    <mention id="CL_basic_2014_02_21_Instance_31679" />
    <annotator id="CL_basic_2014_02_21_Instance_10000">Mike Bada, University of Colorado Anschutz Medical Campus</annotator>
    <span start="12811" end="12828" />
    <spannedText>glycolytic fibers</spannedText>
  </annotation>
  <annotation>
    <mention id="CL_basic_2014_02_21_Instance_31685" />
    <annotator id="CL_basic_2014_02_21_Instance_10000">Mike Bada, University of Colorado Anschutz Medical Campus</annotator>
    <span start="24162" end="24175" />
    <spannedText>muscle fibers</spannedText>
  </annotation>
  <annotation>
    <mention id="CL_basic_2014_02_21_Instance_31691" />
    <annotator id="CL_basic_2014_02_21_Instance_10000">Mike Bada, University of Colorado Anschutz Medical Campus</annotator>
    <span start="29393" end="29406" />
    <spannedText>muscle fibers</spannedText>
  </annotation>
  <annotation>
    <mention id="CL_basic_2014_02_21_Instance_31709" />
    <annotator id="CL_basic_2014_02_21_Instance_10000">Mike Bada, University of Colorado Anschutz Medical Campus</annotator>
    <span start="31313" end="31330" />
    <spannedText>glycolytic fibers</spannedText>
  </annotation>
  <annotation>
    <mention id="CL_basic_2014_02_21_Instance_31718" />
    <annotator id="CL_basic_2014_02_21_Instance_10000">Mike Bada, University of Colorado Anschutz Medical Campus</annotator>
    <span start="29292" end="29305" />
    <spannedText>Muscle Fibers</spannedText>
  </annotation>
  <classMention id="CL_basic_2014_02_21_Instance_31676">
    <mentionClass id="CL:0000190">fast muscle cell</mentionClass>
  </classMention>
  <classMention id="CL_basic_2014_02_21_Instance_14995">
    <mentionClass id="CL_GO_EXT:cell">cell</mentionClass>
  </classMention>
  <classMention id="CL_basic_2014_02_21_Instance_31679">
    <mentionClass id="CL:0000190">fast muscle cell</mentionClass>
  </classMention>
  <classMention id="CL_basic_2014_02_21_Instance_14997">
    <mentionClass id="CL_GO_EXT:cell">cell</mentionClass>
  </classMention>
  <classMention id="CL_basic_2014_02_21_Instance_31665">
    <mentionClass id="CL:0002214">type IIa muscle cell</mentionClass>
  </classMention>
  <classMention id="CL_basic_2014_02_21_Instance_31672">
    <mentionClass id="CL:0000187">muscle cell</mentionClass>
  </classMention>
  <classMention id="CL_basic_2014_02_21_Instance_31709">
    <mentionClass id="CL:0000190">fast muscle cell</mentionClass>
  </classMention>
  <classMention id="CL_basic_2014_02_21_Instance_31718">
    <mentionClass id="CL:0000187">muscle cell</mentionClass>
  </classMention>
  <classMention id="CL_basic_2014_02_21_Instance_31685">
    <mentionClass id="CL:0000187">muscle cell</mentionClass>
  </classMention>
  <classMention id="CL_basic_2014_02_21_Instance_14999">
    <mentionClass id="CL_GO_EXT:cell">cell</mentionClass>
  </classMention>
  <classMention id="CL_basic_2014_02_21_Instance_31691">
    <mentionClass id="CL:0000187">muscle cell</mentionClass>
  </classMention>
  <classMention id="CL_basic_2014_02_21_Instance_23007">
    <mentionClass id="CL_GO_EXT:cell">cell</mentionClass>
  </classMention>
  <classMention id="CL_basic_2014_02_21_Instance_23009">
    <mentionClass id="CL_GO_EXT:cell">cell</mentionClass>
  </classMention>
  <classMention id="CL_basic_2014_02_21_Instance_31659">
    <mentionClass id="CL:0000746">cardiac muscle cell</mentionClass>
  </classMention>
</annotations>

