<?xml version="1.0" encoding="UTF-8"?>
<annotations textSource="15550985.txt">
  <annotation>
    <mention id="CL_basic_2014_02_21_Instance_15409" />
    <annotator id="CL_basic_2014_02_21_Instance_10000">Mike Bada, University of Colorado Anschutz Medical Campus</annotator>
    <span start="219" end="226" />
    <spannedText>neurons</spannedText>
  </annotation>
  <annotation>
    <mention id="CL_basic_2014_02_21_Instance_15411" />
    <annotator id="CL_basic_2014_02_21_Instance_10000">Mike Bada, University of Colorado Anschutz Medical Campus</annotator>
    <span start="1035" end="1048" />
    <spannedText>motor neurons</spannedText>
  </annotation>
  <annotation>
    <mention id="CL_basic_2014_02_21_Instance_15415" />
    <annotator id="CL_basic_2014_02_21_Instance_10000">Mike Bada, University of Colorado Anschutz Medical Campus</annotator>
    <span start="1986" end="1993" />
    <spannedText>neurons</spannedText>
  </annotation>
  <annotation>
    <mention id="CL_basic_2014_02_21_Instance_15417" />
    <annotator id="CL_basic_2014_02_21_Instance_10000">Mike Bada, University of Colorado Anschutz Medical Campus</annotator>
    <span start="2023" end="2036" />
    <spannedText>motor neurons</spannedText>
  </annotation>
  <annotation>
    <mention id="CL_basic_2014_02_21_Instance_15421" />
    <annotator id="CL_basic_2014_02_21_Instance_10000">Mike Bada, University of Colorado Anschutz Medical Campus</annotator>
    <span start="2620" end="2635" />
    <spannedText>sensory neurons</spannedText>
  </annotation>
  <annotation>
    <mention id="CL_basic_2014_02_21_Instance_15423" />
    <annotator id="CL_basic_2014_02_21_Instance_10000">Mike Bada, University of Colorado Anschutz Medical Campus</annotator>
    <span start="3150" end="3155" />
    <spannedText>cells</spannedText>
  </annotation>
  <annotation>
    <mention id="CL_basic_2014_02_21_Instance_15425" />
    <annotator id="CL_basic_2014_02_21_Instance_10000">Mike Bada, University of Colorado Anschutz Medical Campus</annotator>
    <span start="3259" end="3264" />
    <spannedText>cells</spannedText>
  </annotation>
  <annotation>
    <mention id="CL_basic_2014_02_21_Instance_15427" />
    <annotator id="CL_basic_2014_02_21_Instance_10000">Mike Bada, University of Colorado Anschutz Medical Campus</annotator>
    <span start="3414" end="3419" />
    <spannedText>cells</spannedText>
  </annotation>
  <annotation>
    <mention id="CL_basic_2014_02_21_Instance_15429" />
    <annotator id="CL_basic_2014_02_21_Instance_10000">Mike Bada, University of Colorado Anschutz Medical Campus</annotator>
    <span start="3502" end="3507" />
    <spannedText>cells</spannedText>
  </annotation>
  <annotation>
    <mention id="CL_basic_2014_02_21_Instance_15431" />
    <annotator id="CL_basic_2014_02_21_Instance_10000">Mike Bada, University of Colorado Anschutz Medical Campus</annotator>
    <span start="3664" end="3669" />
    <spannedText>cells</spannedText>
  </annotation>
  <annotation>
    <mention id="CL_basic_2014_02_21_Instance_15433" />
    <annotator id="CL_basic_2014_02_21_Instance_10000">Mike Bada, University of Colorado Anschutz Medical Campus</annotator>
    <span start="3900" end="3907" />
    <spannedText>neurons</spannedText>
  </annotation>
  <annotation>
    <mention id="CL_basic_2014_02_21_Instance_15435" />
    <annotator id="CL_basic_2014_02_21_Instance_10000">Mike Bada, University of Colorado Anschutz Medical Campus</annotator>
    <span start="4129" end="4142" />
    <spannedText>Motor Neurons</spannedText>
  </annotation>
  <annotation>
    <mention id="CL_basic_2014_02_21_Instance_15439" />
    <annotator id="CL_basic_2014_02_21_Instance_10000">Mike Bada, University of Colorado Anschutz Medical Campus</annotator>
    <span start="5837" end="5849" />
    <spannedText>motor neuron</spannedText>
  </annotation>
  <annotation>
    <mention id="CL_basic_2014_02_21_Instance_15441" />
    <annotator id="CL_basic_2014_02_21_Instance_10000">Mike Bada, University of Colorado Anschutz Medical Campus</annotator>
    <span start="6229" end="6242" />
    <spannedText>motor neurons</spannedText>
  </annotation>
  <annotation>
    <mention id="CL_basic_2014_02_21_Instance_15443" />
    <annotator id="CL_basic_2014_02_21_Instance_10000">Mike Bada, University of Colorado Anschutz Medical Campus</annotator>
    <span start="6754" end="6766" />
    <spannedText>motor neuron</spannedText>
  </annotation>
  <annotation>
    <mention id="CL_basic_2014_02_21_Instance_15445" />
    <annotator id="CL_basic_2014_02_21_Instance_10000">Mike Bada, University of Colorado Anschutz Medical Campus</annotator>
    <span start="6919" end="6932" />
    <spannedText>motor neurons</spannedText>
  </annotation>
  <annotation>
    <mention id="CL_basic_2014_02_21_Instance_15447" />
    <annotator id="CL_basic_2014_02_21_Instance_10000">Mike Bada, University of Colorado Anschutz Medical Campus</annotator>
    <span start="7900" end="7905" />
    <spannedText>cells</spannedText>
  </annotation>
  <annotation>
    <mention id="CL_basic_2014_02_21_Instance_15449" />
    <annotator id="CL_basic_2014_02_21_Instance_10000">Mike Bada, University of Colorado Anschutz Medical Campus</annotator>
    <span start="10378" end="10391" />
    <spannedText>motor neurons</spannedText>
  </annotation>
  <annotation>
    <mention id="CL_basic_2014_02_21_Instance_15451" />
    <annotator id="CL_basic_2014_02_21_Instance_10000">Mike Bada, University of Colorado Anschutz Medical Campus</annotator>
    <span start="13175" end="13182" />
    <spannedText>neurons</spannedText>
  </annotation>
  <annotation>
    <mention id="CL_basic_2014_02_21_Instance_15453" />
    <annotator id="CL_basic_2014_02_21_Instance_10000">Mike Bada, University of Colorado Anschutz Medical Campus</annotator>
    <span start="14399" end="14403" />
    <spannedText>cell</spannedText>
  </annotation>
  <annotation>
    <mention id="CL_basic_2014_02_21_Instance_15455" />
    <annotator id="CL_basic_2014_02_21_Instance_10000">Mike Bada, University of Colorado Anschutz Medical Campus</annotator>
    <span start="15684" end="15696" />
    <spannedText>motor neuron</spannedText>
  </annotation>
  <annotation>
    <mention id="CL_basic_2014_02_21_Instance_15459" />
    <annotator id="CL_basic_2014_02_21_Instance_10000">Mike Bada, University of Colorado Anschutz Medical Campus</annotator>
    <span start="16103" end="16116" />
    <spannedText>motor neurons</spannedText>
  </annotation>
  <annotation>
    <mention id="CL_basic_2014_02_21_Instance_15463" />
    <annotator id="CL_basic_2014_02_21_Instance_10000">Mike Bada, University of Colorado Anschutz Medical Campus</annotator>
    <span start="18853" end="18860" />
    <spannedText>neurons</spannedText>
  </annotation>
  <annotation>
    <mention id="CL_basic_2014_02_21_Instance_15465" />
    <annotator id="CL_basic_2014_02_21_Instance_10000">Mike Bada, University of Colorado Anschutz Medical Campus</annotator>
    <span start="18872" end="18885" />
    <spannedText>motor neurons</spannedText>
  </annotation>
  <annotation>
    <mention id="CL_basic_2014_02_21_Instance_15467" />
    <annotator id="CL_basic_2014_02_21_Instance_10000">Mike Bada, University of Colorado Anschutz Medical Campus</annotator>
    <span start="19586" end="19591" />
    <spannedText>cells</spannedText>
  </annotation>
  <annotation>
    <mention id="CL_basic_2014_02_21_Instance_15469" />
    <annotator id="CL_basic_2014_02_21_Instance_10000">Mike Bada, University of Colorado Anschutz Medical Campus</annotator>
    <span start="19977" end="19990" />
    <spannedText>motor neurons</spannedText>
  </annotation>
  <annotation>
    <mention id="CL_basic_2014_02_21_Instance_15471" />
    <annotator id="CL_basic_2014_02_21_Instance_10000">Mike Bada, University of Colorado Anschutz Medical Campus</annotator>
    <span start="20120" end="20133" />
    <spannedText>motor neurons</spannedText>
  </annotation>
  <annotation>
    <mention id="CL_basic_2014_02_21_Instance_15473" />
    <annotator id="CL_basic_2014_02_21_Instance_10000">Mike Bada, University of Colorado Anschutz Medical Campus</annotator>
    <span start="20251" end="20264" />
    <spannedText>motor neurons</spannedText>
  </annotation>
  <annotation>
    <mention id="CL_basic_2014_02_21_Instance_15475" />
    <annotator id="CL_basic_2014_02_21_Instance_10000">Mike Bada, University of Colorado Anschutz Medical Campus</annotator>
    <span start="20517" end="20530" />
    <spannedText>motor neurons</spannedText>
  </annotation>
  <annotation>
    <mention id="CL_basic_2014_02_21_Instance_15477" />
    <annotator id="CL_basic_2014_02_21_Instance_10000">Mike Bada, University of Colorado Anschutz Medical Campus</annotator>
    <span start="20854" end="20867" />
    <spannedText>motor neurons</spannedText>
  </annotation>
  <annotation>
    <mention id="CL_basic_2014_02_21_Instance_15479" />
    <annotator id="CL_basic_2014_02_21_Instance_10000">Mike Bada, University of Colorado Anschutz Medical Campus</annotator>
    <span start="20901" end="20914" />
    <spannedText>motor neurons</spannedText>
  </annotation>
  <annotation>
    <mention id="CL_basic_2014_02_21_Instance_15481" />
    <annotator id="CL_basic_2014_02_21_Instance_10000">Mike Bada, University of Colorado Anschutz Medical Campus</annotator>
    <span start="20950" end="20955" />
    <spannedText>cells</spannedText>
  </annotation>
  <annotation>
    <mention id="CL_basic_2014_02_21_Instance_15483" />
    <annotator id="CL_basic_2014_02_21_Instance_10000">Mike Bada, University of Colorado Anschutz Medical Campus</annotator>
    <span start="21368" end="21375" />
    <spannedText>neurons</spannedText>
  </annotation>
  <annotation>
    <mention id="CL_basic_2014_02_21_Instance_15485" />
    <annotator id="CL_basic_2014_02_21_Instance_10000">Mike Bada, University of Colorado Anschutz Medical Campus</annotator>
    <span start="22327" end="22340" />
    <spannedText>motor neurons</spannedText>
  </annotation>
  <annotation>
    <mention id="CL_basic_2014_02_21_Instance_15487" />
    <annotator id="CL_basic_2014_02_21_Instance_10000">Mike Bada, University of Colorado Anschutz Medical Campus</annotator>
    <span start="22466" end="22473" />
    <spannedText>neurons</spannedText>
  </annotation>
  <annotation>
    <mention id="CL_basic_2014_02_21_Instance_15489" />
    <annotator id="CL_basic_2014_02_21_Instance_10000">Mike Bada, University of Colorado Anschutz Medical Campus</annotator>
    <span start="23607" end="23612" />
    <spannedText>cells</spannedText>
  </annotation>
  <annotation>
    <mention id="CL_basic_2014_02_21_Instance_15491" />
    <annotator id="CL_basic_2014_02_21_Instance_10000">Mike Bada, University of Colorado Anschutz Medical Campus</annotator>
    <span start="26420" end="26425" />
    <spannedText>cells</spannedText>
  </annotation>
  <annotation>
    <mention id="CL_basic_2014_02_21_Instance_15493" />
    <annotator id="CL_basic_2014_02_21_Instance_10000">Mike Bada, University of Colorado Anschutz Medical Campus</annotator>
    <span start="27418" end="27431" />
    <spannedText>motor neurons</spannedText>
  </annotation>
  <annotation>
    <mention id="CL_basic_2014_02_21_Instance_15495" />
    <annotator id="CL_basic_2014_02_21_Instance_10000">Mike Bada, University of Colorado Anschutz Medical Campus</annotator>
    <span start="30126" end="30138" />
    <spannedText>Motor Neuron</spannedText>
  </annotation>
  <annotation>
    <mention id="CL_basic_2014_02_21_Instance_15497" />
    <annotator id="CL_basic_2014_02_21_Instance_10000">Mike Bada, University of Colorado Anschutz Medical Campus</annotator>
    <span start="30246" end="30259" />
    <spannedText>motor neurons</spannedText>
  </annotation>
  <annotation>
    <mention id="CL_basic_2014_02_21_Instance_15499" />
    <annotator id="CL_basic_2014_02_21_Instance_10000">Mike Bada, University of Colorado Anschutz Medical Campus</annotator>
    <span start="30427" end="30439" />
    <spannedText>motor neuron</spannedText>
  </annotation>
  <annotation>
    <mention id="CL_basic_2014_02_21_Instance_15501" />
    <annotator id="CL_basic_2014_02_21_Instance_10000">Mike Bada, University of Colorado Anschutz Medical Campus</annotator>
    <span start="30665" end="30677" />
    <spannedText>motor neuron</spannedText>
  </annotation>
  <annotation>
    <mention id="CL_basic_2014_02_21_Instance_15503" />
    <annotator id="CL_basic_2014_02_21_Instance_10000">Mike Bada, University of Colorado Anschutz Medical Campus</annotator>
    <span start="30785" end="30798" />
    <spannedText>motor neurons</spannedText>
  </annotation>
  <annotation>
    <mention id="CL_basic_2014_02_21_Instance_15505" />
    <annotator id="CL_basic_2014_02_21_Instance_10000">Mike Bada, University of Colorado Anschutz Medical Campus</annotator>
    <span start="30912" end="30925" />
    <spannedText>motor neurons</spannedText>
  </annotation>
  <annotation>
    <mention id="CL_basic_2014_02_21_Instance_23393" />
    <annotator id="CL_basic_2014_02_21_Instance_10000">Mike Bada, University of Colorado Anschutz Medical Campus</annotator>
    <span start="1170" end="1176" />
    <spannedText>neuron</spannedText>
  </annotation>
  <annotation>
    <mention id="CL_basic_2014_02_21_Instance_23397" />
    <annotator id="CL_basic_2014_02_21_Instance_10000">Mike Bada, University of Colorado Anschutz Medical Campus</annotator>
    <span start="32520" end="32527" />
    <spannedText>neurons</spannedText>
  </annotation>
  <annotation>
    <mention id="CL_basic_2014_02_21_Instance_23399" />
    <annotator id="CL_basic_2014_02_21_Instance_10000">Mike Bada, University of Colorado Anschutz Medical Campus</annotator>
    <span start="32687" end="32692" />
    <spannedText>cells</spannedText>
  </annotation>
  <annotation>
    <mention id="CL_basic_2014_02_21_Instance_23401" />
    <annotator id="CL_basic_2014_02_21_Instance_10000">Mike Bada, University of Colorado Anschutz Medical Campus</annotator>
    <span start="32747" end="32752" />
    <spannedText>cells</spannedText>
  </annotation>
  <annotation>
    <mention id="CL_basic_2014_02_21_Instance_23403" />
    <annotator id="CL_basic_2014_02_21_Instance_10000">Mike Bada, University of Colorado Anschutz Medical Campus</annotator>
    <span start="32776" end="32781" />
    <spannedText>cells</spannedText>
  </annotation>
  <annotation>
    <mention id="CL_basic_2014_02_21_Instance_23405" />
    <annotator id="CL_basic_2014_02_21_Instance_10000">Mike Bada, University of Colorado Anschutz Medical Campus</annotator>
    <span start="32838" end="32843" />
    <spannedText>cells</spannedText>
  </annotation>
  <annotation>
    <mention id="CL_basic_2014_02_21_Instance_23407" />
    <annotator id="CL_basic_2014_02_21_Instance_10000">Mike Bada, University of Colorado Anschutz Medical Campus</annotator>
    <span start="32969" end="32974" />
    <spannedText>cells</spannedText>
  </annotation>
  <annotation>
    <mention id="CL_basic_2014_02_21_Instance_23411" />
    <annotator id="CL_basic_2014_02_21_Instance_10000">Mike Bada, University of Colorado Anschutz Medical Campus</annotator>
    <span start="33264" end="33277" />
    <spannedText>motor neurons</spannedText>
  </annotation>
  <annotation>
    <mention id="CL_basic_2014_02_21_Instance_23413" />
    <annotator id="CL_basic_2014_02_21_Instance_10000">Mike Bada, University of Colorado Anschutz Medical Campus</annotator>
    <span start="33527" end="33540" />
    <spannedText>motor neurons</spannedText>
  </annotation>
  <annotation>
    <mention id="CL_basic_2014_02_21_Instance_23415" />
    <annotator id="CL_basic_2014_02_21_Instance_10000">Mike Bada, University of Colorado Anschutz Medical Campus</annotator>
    <span start="33911" end="33924" />
    <spannedText>motor neurons</spannedText>
  </annotation>
  <annotation>
    <mention id="CL_basic_2014_02_21_Instance_23417" />
    <annotator id="CL_basic_2014_02_21_Instance_10000">Mike Bada, University of Colorado Anschutz Medical Campus</annotator>
    <span start="34317" end="34330" />
    <spannedText>motor neurons</spannedText>
  </annotation>
  <annotation>
    <mention id="CL_basic_2014_02_21_Instance_23927" />
    <annotator id="CL_basic_2014_02_21_Instance_10000">Mike Bada, University of Colorado Anschutz Medical Campus</annotator>
    <span start="20967" end="20971" />
    <spannedText>glia</spannedText>
  </annotation>
  <annotation>
    <mention id="CL_basic_2014_02_21_Instance_40118" />
    <annotator id="CL_basic_2014_02_21_Instance_10000">Mike Bada, University of Colorado Anschutz Medical Campus</annotator>
    <span start="113" end="134" />
    <spannedText>proprioceptive neuron</spannedText>
  </annotation>
  <annotation>
    <mention id="CL_basic_2014_02_21_Instance_40126" />
    <annotator id="CL_basic_2014_02_21_Instance_10000">Mike Bada, University of Colorado Anschutz Medical Campus</annotator>
    <span start="1295" end="1317" />
    <spannedText>proprioceptive neurons</spannedText>
  </annotation>
  <annotation>
    <mention id="CL_basic_2014_02_21_Instance_40130" />
    <annotator id="CL_basic_2014_02_21_Instance_10000">Mike Bada, University of Colorado Anschutz Medical Campus</annotator>
    <span start="1757" end="1765" />
    <spannedText>myotubes</spannedText>
  </annotation>
  <annotation>
    <mention id="CL_basic_2014_02_21_Instance_40142" />
    <annotator id="CL_basic_2014_02_21_Instance_10000">Mike Bada, University of Colorado Anschutz Medical Campus</annotator>
    <span start="2435" end="2442" />
    <spannedText>Neurons</spannedText>
  </annotation>
  <annotation>
    <mention id="CL_basic_2014_02_21_Instance_40156" />
    <annotator id="CL_basic_2014_02_21_Instance_10000">Mike Bada, University of Colorado Anschutz Medical Campus</annotator>
    <span start="15880" end="15902" />
    <spannedText>proprioceptive neurons</spannedText>
  </annotation>
  <annotation>
    <mention id="CL_basic_2014_02_21_Instance_40162" />
    <annotator id="CL_basic_2014_02_21_Instance_10000">Mike Bada, University of Colorado Anschutz Medical Campus</annotator>
    <span start="17644" end="17666" />
    <spannedText>proprioceptive neurons</spannedText>
  </annotation>
  <annotation>
    <mention id="CL_basic_2014_02_21_Instance_40172" />
    <annotator id="CL_basic_2014_02_21_Instance_10000">Mike Bada, University of Colorado Anschutz Medical Campus</annotator>
    <span start="24138" end="24159" />
    <spannedText>proprioceptive neuron</spannedText>
  </annotation>
  <annotation>
    <mention id="CL_basic_2014_02_21_Instance_40177" />
    <annotator id="CL_basic_2014_02_21_Instance_10000">Mike Bada, University of Colorado Anschutz Medical Campus</annotator>
    <span start="33210" end="33236" />
    <spannedText>DRG proprioceptive neurons</spannedText>
  </annotation>
  <annotation>
    <mention id="CL_basic_2014_02_21_Instance_40181" />
    <annotator id="CL_basic_2014_02_21_Instance_10000">Mike Bada, University of Colorado Anschutz Medical Campus</annotator>
    <span start="18903" end="18916" />
    <spannedText>muscle fibers</spannedText>
  </annotation>
  <annotation>
    <mention id="CL_basic_2014_02_21_Instance_40184" />
    <annotator id="CL_basic_2014_02_21_Instance_10000">Mike Bada, University of Colorado Anschutz Medical Campus</annotator>
    <span start="31126" end="31132" />
    <span start="31143" end="31149" />
    <spannedText>muscle ... fibers</spannedText>
  </annotation>
  <annotation>
    <mention id="CL_basic_2014_02_21_Instance_40187" />
    <annotator id="CL_basic_2014_02_21_Instance_10000">Mike Bada, University of Colorado Anschutz Medical Campus</annotator>
    <span start="35134" end="35147" />
    <spannedText>muscle fibers</spannedText>
  </annotation>
  <annotation>
    <mention id="CL_basic_2014_02_21_plus_nested_Instance_428" />
    <annotator id="CL_basic_2014_02_21_Instance_10000">Mike Bada, University of Colorado Anschutz Medical Campus</annotator>
    <span start="5121" end="5134" />
    <spannedText>motor neurons</spannedText>
  </annotation>
  <classMention id="CL_basic_2014_02_21_Instance_15489">
    <mentionClass id="CL_GO_EXT:cell">cell</mentionClass>
  </classMention>
  <classMention id="CL_basic_2014_02_21_Instance_15491">
    <mentionClass id="CL_GO_EXT:cell">cell</mentionClass>
  </classMention>
  <classMention id="CL_basic_2014_02_21_Instance_15485">
    <mentionClass id="CL:0000100">motor neuron</mentionClass>
  </classMention>
  <classMention id="CL_basic_2014_02_21_Instance_15487">
    <mentionClass id="CL:0000540">neuron</mentionClass>
  </classMention>
  <classMention id="CL_basic_2014_02_21_Instance_23397">
    <mentionClass id="CL:0000540">neuron</mentionClass>
  </classMention>
  <classMention id="CL_basic_2014_02_21_Instance_15497">
    <mentionClass id="CL:0000100">motor neuron</mentionClass>
  </classMention>
  <classMention id="CL_basic_2014_02_21_Instance_23399">
    <mentionClass id="CL_GO_EXT:cell">cell</mentionClass>
  </classMention>
  <classMention id="CL_basic_2014_02_21_Instance_15499">
    <mentionClass id="CL:0000100">motor neuron</mentionClass>
  </classMention>
  <classMention id="CL_basic_2014_02_21_Instance_15493">
    <mentionClass id="CL:0000100">motor neuron</mentionClass>
  </classMention>
  <classMention id="CL_basic_2014_02_21_Instance_23393">
    <mentionClass id="CL:0000540">neuron</mentionClass>
  </classMention>
  <classMention id="CL_basic_2014_02_21_Instance_15495">
    <mentionClass id="CL:0000100">motor neuron</mentionClass>
  </classMention>
  <classMention id="CL_basic_2014_02_21_Instance_23405">
    <mentionClass id="CL_GO_EXT:cell">cell</mentionClass>
  </classMention>
  <classMention id="CL_basic_2014_02_21_Instance_15505">
    <mentionClass id="CL:0000100">motor neuron</mentionClass>
  </classMention>
  <classMention id="CL_basic_2014_02_21_Instance_23407">
    <mentionClass id="CL_GO_EXT:cell">cell</mentionClass>
  </classMention>
  <classMention id="CL_basic_2014_02_21_Instance_23401">
    <mentionClass id="CL_GO_EXT:cell">cell</mentionClass>
  </classMention>
  <classMention id="CL_basic_2014_02_21_Instance_15501">
    <mentionClass id="CL:0000100">motor neuron</mentionClass>
  </classMention>
  <classMention id="CL_basic_2014_02_21_Instance_23403">
    <mentionClass id="CL_GO_EXT:cell">cell</mentionClass>
  </classMention>
  <classMention id="CL_basic_2014_02_21_Instance_15503">
    <mentionClass id="CL:0000100">motor neuron</mentionClass>
  </classMention>
  <classMention id="CL_basic_2014_02_21_Instance_23415">
    <mentionClass id="CL:0000100">motor neuron</mentionClass>
  </classMention>
  <classMention id="CL_basic_2014_02_21_Instance_23417">
    <mentionClass id="CL:0000100">motor neuron</mentionClass>
  </classMention>
  <classMention id="CL_basic_2014_02_21_Instance_23411">
    <mentionClass id="CL:0000100">motor neuron</mentionClass>
  </classMention>
  <classMention id="CL_basic_2014_02_21_Instance_23413">
    <mentionClass id="CL:0000100">motor neuron</mentionClass>
  </classMention>
  <classMention id="CL_basic_2014_02_21_Instance_15409">
    <mentionClass id="CL:0000540">neuron</mentionClass>
  </classMention>
  <classMention id="CL_basic_2014_02_21_Instance_15417">
    <mentionClass id="CL:0000100">motor neuron</mentionClass>
  </classMention>
  <classMention id="CL_basic_2014_02_21_Instance_15421">
    <mentionClass id="CL:0000101">sensory neuron</mentionClass>
  </classMention>
  <classMention id="CL_basic_2014_02_21_Instance_15411">
    <mentionClass id="CL:0000100">motor neuron</mentionClass>
  </classMention>
  <classMention id="CL_basic_2014_02_21_Instance_15415">
    <mentionClass id="CL:0000540">neuron</mentionClass>
  </classMention>
  <classMention id="CL_basic_2014_02_21_Instance_15427">
    <mentionClass id="CL_GO_EXT:cell">cell</mentionClass>
  </classMention>
  <classMention id="CL_basic_2014_02_21_Instance_15429">
    <mentionClass id="CL_GO_EXT:cell">cell</mentionClass>
  </classMention>
  <classMention id="CL_basic_2014_02_21_Instance_15423">
    <mentionClass id="CL_GO_EXT:cell">cell</mentionClass>
  </classMention>
  <classMention id="CL_basic_2014_02_21_Instance_15425">
    <mentionClass id="CL_GO_EXT:cell">cell</mentionClass>
  </classMention>
  <classMention id="CL_basic_2014_02_21_Instance_40126">
    <mentionClass id="CL:1001451">sensory neuron of dorsal root ganglion</mentionClass>
  </classMention>
  <classMention id="CL_basic_2014_02_21_Instance_15435">
    <mentionClass id="CL:0000100">motor neuron</mentionClass>
  </classMention>
  <classMention id="CL_basic_2014_02_21_Instance_40130">
    <mentionClass id="CL:0002372">myotube</mentionClass>
  </classMention>
  <classMention id="CL_basic_2014_02_21_Instance_15439">
    <mentionClass id="CL:0000100">motor neuron</mentionClass>
  </classMention>
  <classMention id="CL_basic_2014_02_21_Instance_15431">
    <mentionClass id="CL_GO_EXT:cell">cell</mentionClass>
  </classMention>
  <classMention id="CL_basic_2014_02_21_Instance_40118">
    <mentionClass id="CL:1001451">sensory neuron of dorsal root ganglion</mentionClass>
  </classMention>
  <classMention id="CL_basic_2014_02_21_Instance_15433">
    <mentionClass id="CL:0000540">neuron</mentionClass>
  </classMention>
  <classMention id="CL_basic_2014_02_21_Instance_40162">
    <mentionClass id="CL:1001451">sensory neuron of dorsal root ganglion</mentionClass>
  </classMention>
  <classMention id="CL_basic_2014_02_21_Instance_15445">
    <mentionClass id="CL:0000100">motor neuron</mentionClass>
  </classMention>
  <classMention id="CL_basic_2014_02_21_Instance_40172">
    <mentionClass id="CL:1001451">sensory neuron of dorsal root ganglion</mentionClass>
  </classMention>
  <classMention id="CL_basic_2014_02_21_Instance_15447">
    <mentionClass id="CL_GO_EXT:cell">cell</mentionClass>
  </classMention>
  <classMention id="CL_basic_2014_02_21_Instance_40142">
    <mentionClass id="CL:0000540">neuron</mentionClass>
  </classMention>
  <classMention id="CL_basic_2014_02_21_Instance_15441">
    <mentionClass id="CL:0000100">motor neuron</mentionClass>
  </classMention>
  <classMention id="CL_basic_2014_02_21_Instance_40156">
    <mentionClass id="CL:1001451">sensory neuron of dorsal root ganglion</mentionClass>
  </classMention>
  <classMention id="CL_basic_2014_02_21_Instance_15443">
    <mentionClass id="CL:0000100">motor neuron</mentionClass>
  </classMention>
  <classMention id="CL_basic_2014_02_21_Instance_40184">
    <mentionClass id="CL:0000187">muscle cell</mentionClass>
  </classMention>
  <classMention id="CL_basic_2014_02_21_Instance_15453">
    <mentionClass id="CL_GO_EXT:cell">cell</mentionClass>
  </classMention>
  <classMention id="CL_basic_2014_02_21_Instance_40187">
    <mentionClass id="CL:0000187">muscle cell</mentionClass>
  </classMention>
  <classMention id="CL_basic_2014_02_21_Instance_15455">
    <mentionClass id="CL:0000100">motor neuron</mentionClass>
  </classMention>
  <classMention id="CL_basic_2014_02_21_Instance_40177">
    <mentionClass id="CL:1001451">sensory neuron of dorsal root ganglion</mentionClass>
  </classMention>
  <classMention id="CL_basic_2014_02_21_plus_nested_Instance_428">
    <mentionClass id="CL:0000100">motor neuron</mentionClass>
  </classMention>
  <classMention id="CL_basic_2014_02_21_Instance_15449">
    <mentionClass id="CL:0000100">motor neuron</mentionClass>
  </classMention>
  <classMention id="CL_basic_2014_02_21_Instance_40181">
    <mentionClass id="CL:0000187">muscle cell</mentionClass>
  </classMention>
  <classMention id="CL_basic_2014_02_21_Instance_15451">
    <mentionClass id="CL:0000540">neuron</mentionClass>
  </classMention>
  <classMention id="CL_basic_2014_02_21_Instance_15465">
    <mentionClass id="CL:0000100">motor neuron</mentionClass>
  </classMention>
  <classMention id="CL_basic_2014_02_21_Instance_15467">
    <mentionClass id="CL_GO_EXT:cell">cell</mentionClass>
  </classMention>
  <classMention id="CL_basic_2014_02_21_Instance_15459">
    <mentionClass id="CL:0000100">motor neuron</mentionClass>
  </classMention>
  <classMention id="CL_basic_2014_02_21_Instance_15463">
    <mentionClass id="CL:0000540">neuron</mentionClass>
  </classMention>
  <classMention id="CL_basic_2014_02_21_Instance_15473">
    <mentionClass id="CL:0000100">motor neuron</mentionClass>
  </classMention>
  <classMention id="CL_basic_2014_02_21_Instance_15475">
    <mentionClass id="CL:0000100">motor neuron</mentionClass>
  </classMention>
  <classMention id="CL_basic_2014_02_21_Instance_23927">
    <mentionClass id="CL:0000125">glial cell</mentionClass>
  </classMention>
  <classMention id="CL_basic_2014_02_21_Instance_15469">
    <mentionClass id="CL:0000100">motor neuron</mentionClass>
  </classMention>
  <classMention id="CL_basic_2014_02_21_Instance_15471">
    <mentionClass id="CL:0000100">motor neuron</mentionClass>
  </classMention>
  <classMention id="CL_basic_2014_02_21_Instance_15481">
    <mentionClass id="CL_GO_EXT:cell">cell</mentionClass>
  </classMention>
  <classMention id="CL_basic_2014_02_21_Instance_15483">
    <mentionClass id="CL:0000540">neuron</mentionClass>
  </classMention>
  <classMention id="CL_basic_2014_02_21_Instance_15477">
    <mentionClass id="CL:0000100">motor neuron</mentionClass>
  </classMention>
  <classMention id="CL_basic_2014_02_21_Instance_15479">
    <mentionClass id="CL:0000100">motor neuron</mentionClass>
  </classMention>
</annotations>

