<?xml version="1.0" encoding="UTF-8"?>
<annotations textSource="15676071.txt">
  <annotation>
    <mention id="CL_basic_2014_02_21_Instance_11403" />
    <annotator id="CL_basic_2014_02_21_Instance_10000">Mike Bada, University of Colorado Anschutz Medical Campus</annotator>
    <span start="5264" end="5266" />
    <span start="5272" end="5285" />
    <spannedText>on ... bipolar cells</spannedText>
  </annotation>
  <annotation>
    <mention id="CL_basic_2014_02_21_Instance_11405" />
    <annotator id="CL_basic_2014_02_21_Instance_10000">Mike Bada, University of Colorado Anschutz Medical Campus</annotator>
    <span start="5349" end="5352" />
    <span start="5358" end="5371" />
    <spannedText>off ... bipolar cells</spannedText>
  </annotation>
  <annotation>
    <mention id="CL_basic_2014_02_21_Instance_11407" />
    <annotator id="CL_basic_2014_02_21_Instance_10000">Mike Bada, University of Colorado Anschutz Medical Campus</annotator>
    <span start="18730" end="18731" />
    <spannedText>H</spannedText>
  </annotation>
  <annotation>
    <mention id="CL_basic_2014_02_21_Instance_11409" />
    <annotator id="CL_basic_2014_02_21_Instance_10000">Mike Bada, University of Colorado Anschutz Medical Campus</annotator>
    <span start="18750" end="18751" />
    <spannedText>B</spannedText>
  </annotation>
  <annotation>
    <mention id="CL_basic_2014_02_21_Instance_15989" />
    <annotator id="CL_basic_2014_02_21_Instance_10000">Mike Bada, University of Colorado Anschutz Medical Campus</annotator>
    <span start="352" end="371" />
    <spannedText>photoreceptor cells</spannedText>
  </annotation>
  <annotation>
    <mention id="CL_basic_2014_02_21_Instance_15991" />
    <annotator id="CL_basic_2014_02_21_Instance_10000">Mike Bada, University of Colorado Anschutz Medical Campus</annotator>
    <span start="1261" end="1280" />
    <spannedText>Photoreceptor cells</spannedText>
  </annotation>
  <annotation>
    <mention id="CL_basic_2014_02_21_Instance_15993" />
    <annotator id="CL_basic_2014_02_21_Instance_10000">Mike Bada, University of Colorado Anschutz Medical Campus</annotator>
    <span start="1382" end="1397" />
    <spannedText>sensory neurons</spannedText>
  </annotation>
  <annotation>
    <mention id="CL_basic_2014_02_21_Instance_15995" />
    <annotator id="CL_basic_2014_02_21_Instance_10000">Mike Bada, University of Colorado Anschutz Medical Campus</annotator>
    <span start="2259" end="2278" />
    <spannedText>photoreceptor cells</spannedText>
  </annotation>
  <annotation>
    <mention id="CL_basic_2014_02_21_Instance_15997" />
    <annotator id="CL_basic_2014_02_21_Instance_10000">Mike Bada, University of Colorado Anschutz Medical Campus</annotator>
    <span start="2888" end="2907" />
    <spannedText>photoreceptor cells</spannedText>
  </annotation>
  <annotation>
    <mention id="CL_basic_2014_02_21_Instance_15999" />
    <annotator id="CL_basic_2014_02_21_Instance_10000">Mike Bada, University of Colorado Anschutz Medical Campus</annotator>
    <span start="4452" end="4471" />
    <spannedText>photoreceptor cells</spannedText>
  </annotation>
  <annotation>
    <mention id="CL_basic_2014_02_21_Instance_16001" />
    <annotator id="CL_basic_2014_02_21_Instance_10000">Mike Bada, University of Colorado Anschutz Medical Campus</annotator>
    <span start="4541" end="4560" />
    <spannedText>Photoreceptor cells</spannedText>
  </annotation>
  <annotation>
    <mention id="CL_basic_2014_02_21_Instance_16003" />
    <annotator id="CL_basic_2014_02_21_Instance_10000">Mike Bada, University of Colorado Anschutz Medical Campus</annotator>
    <span start="4604" end="4611" />
    <spannedText>neurons</spannedText>
  </annotation>
  <annotation>
    <mention id="CL_basic_2014_02_21_Instance_16005" />
    <annotator id="CL_basic_2014_02_21_Instance_10000">Mike Bada, University of Colorado Anschutz Medical Campus</annotator>
    <span start="4975" end="4988" />
    <spannedText>bipolar cells</spannedText>
  </annotation>
  <annotation>
    <mention id="CL_basic_2014_02_21_Instance_16007" />
    <annotator id="CL_basic_2014_02_21_Instance_10000">Mike Bada, University of Colorado Anschutz Medical Campus</annotator>
    <span start="5095" end="5111" />
    <spannedText>horizontal cells</spannedText>
  </annotation>
  <annotation>
    <mention id="CL_basic_2014_02_21_Instance_16009" />
    <annotator id="CL_basic_2014_02_21_Instance_10000">Mike Bada, University of Colorado Anschutz Medical Campus</annotator>
    <span start="5290" end="5306" />
    <spannedText>horizontal cells</spannedText>
  </annotation>
  <annotation>
    <mention id="CL_basic_2014_02_21_Instance_16011" />
    <annotator id="CL_basic_2014_02_21_Instance_10000">Mike Bada, University of Colorado Anschutz Medical Campus</annotator>
    <span start="6196" end="6201" />
    <spannedText>cells</spannedText>
  </annotation>
  <annotation>
    <mention id="CL_basic_2014_02_21_Instance_16013" />
    <annotator id="CL_basic_2014_02_21_Instance_10000">Mike Bada, University of Colorado Anschutz Medical Campus</annotator>
    <span start="9407" end="9411" />
    <spannedText>cell</spannedText>
  </annotation>
  <annotation>
    <mention id="CL_basic_2014_02_21_Instance_16015" />
    <annotator id="CL_basic_2014_02_21_Instance_10000">Mike Bada, University of Colorado Anschutz Medical Campus</annotator>
    <span start="15539" end="15555" />
    <spannedText>horizontal cells</spannedText>
  </annotation>
  <annotation>
    <mention id="CL_basic_2014_02_21_Instance_16017" />
    <annotator id="CL_basic_2014_02_21_Instance_10000">Mike Bada, University of Colorado Anschutz Medical Campus</annotator>
    <span start="15660" end="15677" />
    <spannedText>rod bipolar cells</spannedText>
  </annotation>
  <annotation>
    <mention id="CL_basic_2014_02_21_Instance_16019" />
    <annotator id="CL_basic_2014_02_21_Instance_10000">Mike Bada, University of Colorado Anschutz Medical Campus</annotator>
    <span start="17905" end="17921" />
    <spannedText>horizontal cells</spannedText>
  </annotation>
  <annotation>
    <mention id="CL_basic_2014_02_21_Instance_16021" />
    <annotator id="CL_basic_2014_02_21_Instance_10000">Mike Bada, University of Colorado Anschutz Medical Campus</annotator>
    <span start="18133" end="18137" />
    <spannedText>cell</spannedText>
  </annotation>
  <annotation>
    <mention id="CL_basic_2014_02_21_Instance_16023" />
    <annotator id="CL_basic_2014_02_21_Instance_10000">Mike Bada, University of Colorado Anschutz Medical Campus</annotator>
    <span start="18733" end="18748" />
    <spannedText>horizontal cell</spannedText>
  </annotation>
  <annotation>
    <mention id="CL_basic_2014_02_21_Instance_16025" />
    <annotator id="CL_basic_2014_02_21_Instance_10000">Mike Bada, University of Colorado Anschutz Medical Campus</annotator>
    <span start="31004" end="31008" />
    <spannedText>cell</spannedText>
  </annotation>
  <annotation>
    <mention id="CL_basic_2014_02_21_Instance_21949" />
    <annotator id="CL_basic_2014_02_21_Instance_10000">Mike Bada, University of Colorado Anschutz Medical Campus</annotator>
    <span start="4960" end="4970" />
    <span start="4983" end="4988" />
    <spannedText>horizontal ... cells</spannedText>
  </annotation>
  <annotation>
    <mention id="CL_basic_2014_02_21_Instance_21951" />
    <annotator id="CL_basic_2014_02_21_Instance_10000">Mike Bada, University of Colorado Anschutz Medical Campus</annotator>
    <span start="15847" end="15857" />
    <span start="15870" end="15874" />
    <spannedText>horizontal ... cell</spannedText>
  </annotation>
  <annotation>
    <mention id="CL_basic_2014_02_21_Instance_21953" />
    <annotator id="CL_basic_2014_02_21_Instance_10000">Mike Bada, University of Colorado Anschutz Medical Campus</annotator>
    <span start="15862" end="15874" />
    <spannedText>bipolar cell</spannedText>
  </annotation>
  <annotation>
    <mention id="CL_basic_2014_02_21_Instance_21955" />
    <annotator id="CL_basic_2014_02_21_Instance_10000">Mike Bada, University of Colorado Anschutz Medical Campus</annotator>
    <span start="18753" end="18765" />
    <spannedText>bipolar cell</spannedText>
  </annotation>
  <annotation>
    <mention id="CL_basic_2014_02_21_Instance_21957" />
    <annotator id="CL_basic_2014_02_21_Instance_10000">Mike Bada, University of Colorado Anschutz Medical Campus</annotator>
    <span start="20288" end="20300" />
    <spannedText>Müller cells</spannedText>
  </annotation>
  <annotation>
    <mention id="CL_basic_2014_02_21_Instance_21959" />
    <annotator id="CL_basic_2014_02_21_Instance_10000">Mike Bada, University of Colorado Anschutz Medical Campus</annotator>
    <span start="6731" end="6744" />
    <spannedText>photoreceptor</spannedText>
  </annotation>
  <annotation>
    <mention id="CL_basic_2014_02_21_Instance_21995" />
    <annotator id="CL_basic_2014_02_21_Instance_10000">Mike Bada, University of Colorado Anschutz Medical Campus</annotator>
    <span start="464" end="477" />
    <spannedText>photoreceptor</spannedText>
  </annotation>
  <annotation>
    <mention id="CL_basic_2014_02_21_Instance_21997" />
    <annotator id="CL_basic_2014_02_21_Instance_10000">Mike Bada, University of Colorado Anschutz Medical Campus</annotator>
    <span start="898" end="912" />
    <spannedText>photoreceptors</spannedText>
  </annotation>
  <annotation>
    <mention id="CL_basic_2014_02_21_Instance_21999" />
    <annotator id="CL_basic_2014_02_21_Instance_10000">Mike Bada, University of Colorado Anschutz Medical Campus</annotator>
    <span start="1162" end="1175" />
    <spannedText>photoreceptor</spannedText>
  </annotation>
  <annotation>
    <mention id="CL_basic_2014_02_21_Instance_22001" />
    <annotator id="CL_basic_2014_02_21_Instance_10000">Mike Bada, University of Colorado Anschutz Medical Campus</annotator>
    <span start="1563" end="1577" />
    <spannedText>photoreceptors</spannedText>
  </annotation>
  <annotation>
    <mention id="CL_basic_2014_02_21_Instance_22003" />
    <annotator id="CL_basic_2014_02_21_Instance_10000">Mike Bada, University of Colorado Anschutz Medical Campus</annotator>
    <span start="1603" end="1617" />
    <spannedText>Photoreceptors</spannedText>
  </annotation>
  <annotation>
    <mention id="CL_basic_2014_02_21_Instance_22005" />
    <annotator id="CL_basic_2014_02_21_Instance_10000">Mike Bada, University of Colorado Anschutz Medical Campus</annotator>
    <span start="1768" end="1782" />
    <spannedText>photoreceptors</spannedText>
  </annotation>
  <annotation>
    <mention id="CL_basic_2014_02_21_Instance_22007" />
    <annotator id="CL_basic_2014_02_21_Instance_10000">Mike Bada, University of Colorado Anschutz Medical Campus</annotator>
    <span start="1903" end="1916" />
    <spannedText>photoreceptor</spannedText>
  </annotation>
  <annotation>
    <mention id="CL_basic_2014_02_21_Instance_22009" />
    <annotator id="CL_basic_2014_02_21_Instance_10000">Mike Bada, University of Colorado Anschutz Medical Campus</annotator>
    <span start="2052" end="2066" />
    <spannedText>photoreceptors</spannedText>
  </annotation>
  <annotation>
    <mention id="CL_basic_2014_02_21_Instance_22011" />
    <annotator id="CL_basic_2014_02_21_Instance_10000">Mike Bada, University of Colorado Anschutz Medical Campus</annotator>
    <span start="2287" end="2305" />
    <spannedText>rod photoreceptors</spannedText>
  </annotation>
  <annotation>
    <mention id="CL_basic_2014_02_21_Instance_22013" />
    <annotator id="CL_basic_2014_02_21_Instance_10000">Mike Bada, University of Colorado Anschutz Medical Campus</annotator>
    <span start="2432" end="2450" />
    <spannedText>rod photoreceptors</spannedText>
  </annotation>
  <annotation>
    <mention id="CL_basic_2014_02_21_Instance_22015" />
    <annotator id="CL_basic_2014_02_21_Instance_10000">Mike Bada, University of Colorado Anschutz Medical Campus</annotator>
    <span start="2461" end="2474" />
    <spannedText>photoreceptor</spannedText>
  </annotation>
  <annotation>
    <mention id="CL_basic_2014_02_21_Instance_22017" />
    <annotator id="CL_basic_2014_02_21_Instance_10000">Mike Bada, University of Colorado Anschutz Medical Campus</annotator>
    <span start="2958" end="2972" />
    <spannedText>photoreceptors</spannedText>
  </annotation>
  <annotation>
    <mention id="CL_basic_2014_02_21_Instance_22019" />
    <annotator id="CL_basic_2014_02_21_Instance_10000">Mike Bada, University of Colorado Anschutz Medical Campus</annotator>
    <span start="4357" end="4370" />
    <spannedText>photoreceptor</spannedText>
  </annotation>
  <annotation>
    <mention id="CL_basic_2014_02_21_Instance_22021" />
    <annotator id="CL_basic_2014_02_21_Instance_10000">Mike Bada, University of Colorado Anschutz Medical Campus</annotator>
    <span start="4873" end="4887" />
    <spannedText>photoreceptors</spannedText>
  </annotation>
  <annotation>
    <mention id="CL_basic_2014_02_21_Instance_22023" />
    <annotator id="CL_basic_2014_02_21_Instance_10000">Mike Bada, University of Colorado Anschutz Medical Campus</annotator>
    <span start="5417" end="5430" />
    <spannedText>photoreceptor</spannedText>
  </annotation>
  <annotation>
    <mention id="CL_basic_2014_02_21_Instance_22025" />
    <annotator id="CL_basic_2014_02_21_Instance_10000">Mike Bada, University of Colorado Anschutz Medical Campus</annotator>
    <span start="5477" end="5490" />
    <spannedText>photoreceptor</spannedText>
  </annotation>
  <annotation>
    <mention id="CL_basic_2014_02_21_Instance_22027" />
    <annotator id="CL_basic_2014_02_21_Instance_10000">Mike Bada, University of Colorado Anschutz Medical Campus</annotator>
    <span start="6085" end="6099" />
    <spannedText>photoreceptors</spannedText>
  </annotation>
  <annotation>
    <mention id="CL_basic_2014_02_21_Instance_22029" />
    <annotator id="CL_basic_2014_02_21_Instance_10000">Mike Bada, University of Colorado Anschutz Medical Campus</annotator>
    <span start="6282" end="6295" />
    <spannedText>photoreceptor</spannedText>
  </annotation>
  <annotation>
    <mention id="CL_basic_2014_02_21_Instance_22031" />
    <annotator id="CL_basic_2014_02_21_Instance_10000">Mike Bada, University of Colorado Anschutz Medical Campus</annotator>
    <span start="6888" end="6902" />
    <spannedText>photoreceptors</spannedText>
  </annotation>
  <annotation>
    <mention id="CL_basic_2014_02_21_Instance_22033" />
    <annotator id="CL_basic_2014_02_21_Instance_10000">Mike Bada, University of Colorado Anschutz Medical Campus</annotator>
    <span start="7035" end="7049" />
    <spannedText>photoreceptors</spannedText>
  </annotation>
  <annotation>
    <mention id="CL_basic_2014_02_21_Instance_22035" />
    <annotator id="CL_basic_2014_02_21_Instance_10000">Mike Bada, University of Colorado Anschutz Medical Campus</annotator>
    <span start="7101" end="7114" />
    <spannedText>photoreceptor</spannedText>
  </annotation>
  <annotation>
    <mention id="CL_basic_2014_02_21_Instance_22037" />
    <annotator id="CL_basic_2014_02_21_Instance_10000">Mike Bada, University of Colorado Anschutz Medical Campus</annotator>
    <span start="7707" end="7720" />
    <spannedText>photoreceptor</spannedText>
  </annotation>
  <annotation>
    <mention id="CL_basic_2014_02_21_Instance_22039" />
    <annotator id="CL_basic_2014_02_21_Instance_10000">Mike Bada, University of Colorado Anschutz Medical Campus</annotator>
    <span start="7880" end="7894" />
    <spannedText>photoreceptors</spannedText>
  </annotation>
  <annotation>
    <mention id="CL_basic_2014_02_21_Instance_22041" />
    <annotator id="CL_basic_2014_02_21_Instance_10000">Mike Bada, University of Colorado Anschutz Medical Campus</annotator>
    <span start="8065" end="8078" />
    <spannedText>Photoreceptor</spannedText>
  </annotation>
  <annotation>
    <mention id="CL_basic_2014_02_21_Instance_22043" />
    <annotator id="CL_basic_2014_02_21_Instance_10000">Mike Bada, University of Colorado Anschutz Medical Campus</annotator>
    <span start="8783" end="8797" />
    <spannedText>photoreceptors</spannedText>
  </annotation>
  <annotation>
    <mention id="CL_basic_2014_02_21_Instance_22045" />
    <annotator id="CL_basic_2014_02_21_Instance_10000">Mike Bada, University of Colorado Anschutz Medical Campus</annotator>
    <span start="9136" end="9149" />
    <spannedText>photoreceptor</spannedText>
  </annotation>
  <annotation>
    <mention id="CL_basic_2014_02_21_Instance_22047" />
    <annotator id="CL_basic_2014_02_21_Instance_10000">Mike Bada, University of Colorado Anschutz Medical Campus</annotator>
    <span start="9595" end="9608" />
    <spannedText>photoreceptor</spannedText>
  </annotation>
  <annotation>
    <mention id="CL_basic_2014_02_21_Instance_22049" />
    <annotator id="CL_basic_2014_02_21_Instance_10000">Mike Bada, University of Colorado Anschutz Medical Campus</annotator>
    <span start="9748" end="9761" />
    <spannedText>photoreceptor</spannedText>
  </annotation>
  <annotation>
    <mention id="CL_basic_2014_02_21_Instance_22051" />
    <annotator id="CL_basic_2014_02_21_Instance_10000">Mike Bada, University of Colorado Anschutz Medical Campus</annotator>
    <span start="9976" end="9990" />
    <spannedText>photoreceptors</spannedText>
  </annotation>
  <annotation>
    <mention id="CL_basic_2014_02_21_Instance_22053" />
    <annotator id="CL_basic_2014_02_21_Instance_10000">Mike Bada, University of Colorado Anschutz Medical Campus</annotator>
    <span start="10560" end="10574" />
    <spannedText>photoreceptors</spannedText>
  </annotation>
  <annotation>
    <mention id="CL_basic_2014_02_21_Instance_22055" />
    <annotator id="CL_basic_2014_02_21_Instance_10000">Mike Bada, University of Colorado Anschutz Medical Campus</annotator>
    <span start="10643" end="10657" />
    <spannedText>photoreceptors</spannedText>
  </annotation>
  <annotation>
    <mention id="CL_basic_2014_02_21_Instance_22057" />
    <annotator id="CL_basic_2014_02_21_Instance_10000">Mike Bada, University of Colorado Anschutz Medical Campus</annotator>
    <span start="11032" end="11046" />
    <spannedText>photoreceptors</spannedText>
  </annotation>
  <annotation>
    <mention id="CL_basic_2014_02_21_Instance_22059" />
    <annotator id="CL_basic_2014_02_21_Instance_10000">Mike Bada, University of Colorado Anschutz Medical Campus</annotator>
    <span start="11176" end="11189" />
    <spannedText>photoreceptor</spannedText>
  </annotation>
  <annotation>
    <mention id="CL_basic_2014_02_21_Instance_22061" />
    <annotator id="CL_basic_2014_02_21_Instance_10000">Mike Bada, University of Colorado Anschutz Medical Campus</annotator>
    <span start="11601" end="11615" />
    <spannedText>photoreceptors</spannedText>
  </annotation>
  <annotation>
    <mention id="CL_basic_2014_02_21_Instance_22063" />
    <annotator id="CL_basic_2014_02_21_Instance_10000">Mike Bada, University of Colorado Anschutz Medical Campus</annotator>
    <span start="11672" end="11686" />
    <spannedText>photoreceptors</spannedText>
  </annotation>
  <annotation>
    <mention id="CL_basic_2014_02_21_Instance_22065" />
    <annotator id="CL_basic_2014_02_21_Instance_10000">Mike Bada, University of Colorado Anschutz Medical Campus</annotator>
    <span start="11810" end="11824" />
    <spannedText>photoreceptors</spannedText>
  </annotation>
  <annotation>
    <mention id="CL_basic_2014_02_21_Instance_22067" />
    <annotator id="CL_basic_2014_02_21_Instance_10000">Mike Bada, University of Colorado Anschutz Medical Campus</annotator>
    <span start="11930" end="11944" />
    <spannedText>photoreceptors</spannedText>
  </annotation>
  <annotation>
    <mention id="CL_basic_2014_02_21_Instance_22069" />
    <annotator id="CL_basic_2014_02_21_Instance_10000">Mike Bada, University of Colorado Anschutz Medical Campus</annotator>
    <span start="12284" end="12298" />
    <spannedText>photoreceptors</spannedText>
  </annotation>
  <annotation>
    <mention id="CL_basic_2014_02_21_Instance_22071" />
    <annotator id="CL_basic_2014_02_21_Instance_10000">Mike Bada, University of Colorado Anschutz Medical Campus</annotator>
    <span start="12389" end="12403" />
    <spannedText>photoreceptors</spannedText>
  </annotation>
  <annotation>
    <mention id="CL_basic_2014_02_21_Instance_22073" />
    <annotator id="CL_basic_2014_02_21_Instance_10000">Mike Bada, University of Colorado Anschutz Medical Campus</annotator>
    <span start="12683" end="12696" />
    <spannedText>photoreceptor</spannedText>
  </annotation>
  <annotation>
    <mention id="CL_basic_2014_02_21_Instance_22075" />
    <annotator id="CL_basic_2014_02_21_Instance_10000">Mike Bada, University of Colorado Anschutz Medical Campus</annotator>
    <span start="12808" end="12822" />
    <spannedText>photoreceptors</spannedText>
  </annotation>
  <annotation>
    <mention id="CL_basic_2014_02_21_Instance_22077" />
    <annotator id="CL_basic_2014_02_21_Instance_10000">Mike Bada, University of Colorado Anschutz Medical Campus</annotator>
    <span start="12867" end="12881" />
    <spannedText>photoreceptors</spannedText>
  </annotation>
  <annotation>
    <mention id="CL_basic_2014_02_21_Instance_22079" />
    <annotator id="CL_basic_2014_02_21_Instance_10000">Mike Bada, University of Colorado Anschutz Medical Campus</annotator>
    <span start="13287" end="13301" />
    <spannedText>photoreceptors</spannedText>
  </annotation>
  <annotation>
    <mention id="CL_basic_2014_02_21_Instance_22081" />
    <annotator id="CL_basic_2014_02_21_Instance_10000">Mike Bada, University of Colorado Anschutz Medical Campus</annotator>
    <span start="13710" end="13724" />
    <spannedText>photoreceptors</spannedText>
  </annotation>
  <annotation>
    <mention id="CL_basic_2014_02_21_Instance_22083" />
    <annotator id="CL_basic_2014_02_21_Instance_10000">Mike Bada, University of Colorado Anschutz Medical Campus</annotator>
    <span start="13732" end="13745" />
    <spannedText>photoreceptor</spannedText>
  </annotation>
  <annotation>
    <mention id="CL_basic_2014_02_21_Instance_22085" />
    <annotator id="CL_basic_2014_02_21_Instance_10000">Mike Bada, University of Colorado Anschutz Medical Campus</annotator>
    <span start="14175" end="14189" />
    <spannedText>photoreceptors</spannedText>
  </annotation>
  <annotation>
    <mention id="CL_basic_2014_02_21_Instance_22087" />
    <annotator id="CL_basic_2014_02_21_Instance_10000">Mike Bada, University of Colorado Anschutz Medical Campus</annotator>
    <span start="13763" end="13776" />
    <spannedText>Photoreceptor</spannedText>
  </annotation>
  <annotation>
    <mention id="CL_basic_2014_02_21_Instance_22089" />
    <annotator id="CL_basic_2014_02_21_Instance_10000">Mike Bada, University of Colorado Anschutz Medical Campus</annotator>
    <span start="13869" end="13882" />
    <spannedText>photoreceptor</spannedText>
  </annotation>
  <annotation>
    <mention id="CL_basic_2014_02_21_Instance_22091" />
    <annotator id="CL_basic_2014_02_21_Instance_10000">Mike Bada, University of Colorado Anschutz Medical Campus</annotator>
    <span start="13917" end="13931" />
    <spannedText>photoreceptors</spannedText>
  </annotation>
  <annotation>
    <mention id="CL_basic_2014_02_21_Instance_22093" />
    <annotator id="CL_basic_2014_02_21_Instance_10000">Mike Bada, University of Colorado Anschutz Medical Campus</annotator>
    <span start="14113" end="14127" />
    <spannedText>photoreceptors</spannedText>
  </annotation>
  <annotation>
    <mention id="CL_basic_2014_02_21_Instance_22095" />
    <annotator id="CL_basic_2014_02_21_Instance_10000">Mike Bada, University of Colorado Anschutz Medical Campus</annotator>
    <span start="14224" end="14237" />
    <spannedText>photoreceptor</spannedText>
  </annotation>
  <annotation>
    <mention id="CL_basic_2014_02_21_Instance_22097" />
    <annotator id="CL_basic_2014_02_21_Instance_10000">Mike Bada, University of Colorado Anschutz Medical Campus</annotator>
    <span start="14475" end="14489" />
    <spannedText>Photoreceptors</spannedText>
  </annotation>
  <annotation>
    <mention id="CL_basic_2014_02_21_Instance_22099" />
    <annotator id="CL_basic_2014_02_21_Instance_10000">Mike Bada, University of Colorado Anschutz Medical Campus</annotator>
    <span start="14589" end="14603" />
    <spannedText>photoreceptors</spannedText>
  </annotation>
  <annotation>
    <mention id="CL_basic_2014_02_21_Instance_22101" />
    <annotator id="CL_basic_2014_02_21_Instance_10000">Mike Bada, University of Colorado Anschutz Medical Campus</annotator>
    <span start="14727" end="14741" />
    <spannedText>photoreceptors</spannedText>
  </annotation>
  <annotation>
    <mention id="CL_basic_2014_02_21_Instance_22103" />
    <annotator id="CL_basic_2014_02_21_Instance_10000">Mike Bada, University of Colorado Anschutz Medical Campus</annotator>
    <span start="14918" end="14931" />
    <spannedText>photoreceptor</spannedText>
  </annotation>
  <annotation>
    <mention id="CL_basic_2014_02_21_Instance_22105" />
    <annotator id="CL_basic_2014_02_21_Instance_10000">Mike Bada, University of Colorado Anschutz Medical Campus</annotator>
    <span start="15208" end="15221" />
    <spannedText>photoreceptor</spannedText>
  </annotation>
  <annotation>
    <mention id="CL_basic_2014_02_21_Instance_22107" />
    <annotator id="CL_basic_2014_02_21_Instance_10000">Mike Bada, University of Colorado Anschutz Medical Campus</annotator>
    <span start="16051" end="16064" />
    <spannedText>photoreceptor</spannedText>
  </annotation>
  <annotation>
    <mention id="CL_basic_2014_02_21_Instance_22109" />
    <annotator id="CL_basic_2014_02_21_Instance_10000">Mike Bada, University of Colorado Anschutz Medical Campus</annotator>
    <span start="17075" end="17088" />
    <spannedText>photoreceptor</spannedText>
  </annotation>
  <annotation>
    <mention id="CL_basic_2014_02_21_Instance_22111" />
    <annotator id="CL_basic_2014_02_21_Instance_10000">Mike Bada, University of Colorado Anschutz Medical Campus</annotator>
    <span start="18203" end="18216" />
    <spannedText>photoreceptor</spannedText>
  </annotation>
  <annotation>
    <mention id="CL_basic_2014_02_21_Instance_22113" />
    <annotator id="CL_basic_2014_02_21_Instance_10000">Mike Bada, University of Colorado Anschutz Medical Campus</annotator>
    <span start="18934" end="18948" />
    <spannedText>photoreceptors</spannedText>
  </annotation>
  <annotation>
    <mention id="CL_basic_2014_02_21_Instance_22115" />
    <annotator id="CL_basic_2014_02_21_Instance_10000">Mike Bada, University of Colorado Anschutz Medical Campus</annotator>
    <span start="19344" end="19358" />
    <spannedText>photoreceptors</spannedText>
  </annotation>
  <annotation>
    <mention id="CL_basic_2014_02_21_Instance_22117" />
    <annotator id="CL_basic_2014_02_21_Instance_10000">Mike Bada, University of Colorado Anschutz Medical Campus</annotator>
    <span start="19508" end="19522" />
    <spannedText>photoreceptors</spannedText>
  </annotation>
  <annotation>
    <mention id="CL_basic_2014_02_21_Instance_22119" />
    <annotator id="CL_basic_2014_02_21_Instance_10000">Mike Bada, University of Colorado Anschutz Medical Campus</annotator>
    <span start="19847" end="19860" />
    <spannedText>photoreceptor</spannedText>
  </annotation>
  <annotation>
    <mention id="CL_basic_2014_02_21_Instance_22121" />
    <annotator id="CL_basic_2014_02_21_Instance_10000">Mike Bada, University of Colorado Anschutz Medical Campus</annotator>
    <span start="19937" end="19951" />
    <spannedText>photoreceptors</spannedText>
  </annotation>
  <annotation>
    <mention id="CL_basic_2014_02_21_Instance_22123" />
    <annotator id="CL_basic_2014_02_21_Instance_10000">Mike Bada, University of Colorado Anschutz Medical Campus</annotator>
    <span start="20629" end="20643" />
    <spannedText>photoreceptors</spannedText>
  </annotation>
  <annotation>
    <mention id="CL_basic_2014_02_21_Instance_22125" />
    <annotator id="CL_basic_2014_02_21_Instance_10000">Mike Bada, University of Colorado Anschutz Medical Campus</annotator>
    <span start="21931" end="21948" />
    <spannedText>photoreceptors R1</spannedText>
  </annotation>
  <annotation>
    <mention id="CL_basic_2014_02_21_Instance_22127" />
    <annotator id="CL_basic_2014_02_21_Instance_10000">Mike Bada, University of Colorado Anschutz Medical Campus</annotator>
    <span start="21931" end="21945" />
    <span start="21949" end="21951" />
    <spannedText>photoreceptors ... R6</spannedText>
  </annotation>
  <annotation>
    <mention id="CL_basic_2014_02_21_Instance_22129" />
    <annotator id="CL_basic_2014_02_21_Instance_10000">Mike Bada, University of Colorado Anschutz Medical Campus</annotator>
    <span start="22064" end="22066" />
    <span start="22070" end="22084" />
    <spannedText>R1 ... photoreceptors</spannedText>
  </annotation>
  <annotation>
    <mention id="CL_basic_2014_02_21_Instance_22131" />
    <annotator id="CL_basic_2014_02_21_Instance_10000">Mike Bada, University of Colorado Anschutz Medical Campus</annotator>
    <span start="22067" end="22084" />
    <spannedText>R6 photoreceptors</spannedText>
  </annotation>
  <annotation>
    <mention id="CL_basic_2014_02_21_Instance_22133" />
    <annotator id="CL_basic_2014_02_21_Instance_10000">Mike Bada, University of Colorado Anschutz Medical Campus</annotator>
    <span start="22535" end="22548" />
    <spannedText>photoreceptor</spannedText>
  </annotation>
  <annotation>
    <mention id="CL_basic_2014_02_21_Instance_22135" />
    <annotator id="CL_basic_2014_02_21_Instance_10000">Mike Bada, University of Colorado Anschutz Medical Campus</annotator>
    <span start="22583" end="22596" />
    <spannedText>photoreceptor</spannedText>
  </annotation>
  <annotation>
    <mention id="CL_basic_2014_02_21_Instance_22137" />
    <annotator id="CL_basic_2014_02_21_Instance_10000">Mike Bada, University of Colorado Anschutz Medical Campus</annotator>
    <span start="23440" end="23453" />
    <spannedText>photoreceptor</spannedText>
  </annotation>
  <annotation>
    <mention id="CL_basic_2014_02_21_Instance_22139" />
    <annotator id="CL_basic_2014_02_21_Instance_10000">Mike Bada, University of Colorado Anschutz Medical Campus</annotator>
    <span start="23715" end="23729" />
    <spannedText>photoreceptors</spannedText>
  </annotation>
  <annotation>
    <mention id="CL_basic_2014_02_21_Instance_22141" />
    <annotator id="CL_basic_2014_02_21_Instance_10000">Mike Bada, University of Colorado Anschutz Medical Campus</annotator>
    <span start="24303" end="24317" />
    <spannedText>photoreceptors</spannedText>
  </annotation>
  <annotation>
    <mention id="CL_basic_2014_02_21_Instance_22143" />
    <annotator id="CL_basic_2014_02_21_Instance_10000">Mike Bada, University of Colorado Anschutz Medical Campus</annotator>
    <span start="24547" end="24560" />
    <spannedText>photoreceptor</spannedText>
  </annotation>
  <annotation>
    <mention id="CL_basic_2014_02_21_Instance_22145" />
    <annotator id="CL_basic_2014_02_21_Instance_10000">Mike Bada, University of Colorado Anschutz Medical Campus</annotator>
    <span start="24740" end="24753" />
    <spannedText>photoreceptor</spannedText>
  </annotation>
  <annotation>
    <mention id="CL_basic_2014_02_21_Instance_22147" />
    <annotator id="CL_basic_2014_02_21_Instance_10000">Mike Bada, University of Colorado Anschutz Medical Campus</annotator>
    <span start="24992" end="25006" />
    <spannedText>photoreceptors</spannedText>
  </annotation>
  <annotation>
    <mention id="CL_basic_2014_02_21_Instance_22149" />
    <annotator id="CL_basic_2014_02_21_Instance_10000">Mike Bada, University of Colorado Anschutz Medical Campus</annotator>
    <span start="25069" end="25082" />
    <spannedText>photoreceptor</spannedText>
  </annotation>
  <annotation>
    <mention id="CL_basic_2014_02_21_Instance_22151" />
    <annotator id="CL_basic_2014_02_21_Instance_10000">Mike Bada, University of Colorado Anschutz Medical Campus</annotator>
    <span start="25166" end="25179" />
    <spannedText>photoreceptor</spannedText>
  </annotation>
  <annotation>
    <mention id="CL_basic_2014_02_21_Instance_22153" />
    <annotator id="CL_basic_2014_02_21_Instance_10000">Mike Bada, University of Colorado Anschutz Medical Campus</annotator>
    <span start="25219" end="25233" />
    <spannedText>photoreceptors</spannedText>
  </annotation>
  <annotation>
    <mention id="CL_basic_2014_02_21_Instance_22155" />
    <annotator id="CL_basic_2014_02_21_Instance_10000">Mike Bada, University of Colorado Anschutz Medical Campus</annotator>
    <span start="25459" end="25472" />
    <spannedText>photoreceptor</spannedText>
  </annotation>
  <annotation>
    <mention id="CL_basic_2014_02_21_Instance_22157" />
    <annotator id="CL_basic_2014_02_21_Instance_10000">Mike Bada, University of Colorado Anschutz Medical Campus</annotator>
    <span start="25757" end="25770" />
    <spannedText>photoreceptor</spannedText>
  </annotation>
  <annotation>
    <mention id="CL_basic_2014_02_21_Instance_22159" />
    <annotator id="CL_basic_2014_02_21_Instance_10000">Mike Bada, University of Colorado Anschutz Medical Campus</annotator>
    <span start="25936" end="25949" />
    <spannedText>photoreceptor</spannedText>
  </annotation>
  <annotation>
    <mention id="CL_basic_2014_02_21_Instance_22161" />
    <annotator id="CL_basic_2014_02_21_Instance_10000">Mike Bada, University of Colorado Anschutz Medical Campus</annotator>
    <span start="26131" end="26145" />
    <spannedText>photoreceptors</spannedText>
  </annotation>
  <annotation>
    <mention id="CL_basic_2014_02_21_Instance_22163" />
    <annotator id="CL_basic_2014_02_21_Instance_10000">Mike Bada, University of Colorado Anschutz Medical Campus</annotator>
    <span start="26285" end="26298" />
    <spannedText>photoreceptor</spannedText>
  </annotation>
  <annotation>
    <mention id="CL_basic_2014_02_21_Instance_22165" />
    <annotator id="CL_basic_2014_02_21_Instance_10000">Mike Bada, University of Colorado Anschutz Medical Campus</annotator>
    <span start="26894" end="26908" />
    <spannedText>photoreceptors</spannedText>
  </annotation>
  <annotation>
    <mention id="CL_basic_2014_02_21_Instance_22167" />
    <annotator id="CL_basic_2014_02_21_Instance_10000">Mike Bada, University of Colorado Anschutz Medical Campus</annotator>
    <span start="27037" end="27050" />
    <spannedText>photoreceptor</spannedText>
  </annotation>
  <annotation>
    <mention id="CL_basic_2014_02_21_Instance_22169" />
    <annotator id="CL_basic_2014_02_21_Instance_10000">Mike Bada, University of Colorado Anschutz Medical Campus</annotator>
    <span start="27115" end="27128" />
    <spannedText>photoreceptor</spannedText>
  </annotation>
  <annotation>
    <mention id="CL_basic_2014_02_21_Instance_22171" />
    <annotator id="CL_basic_2014_02_21_Instance_10000">Mike Bada, University of Colorado Anschutz Medical Campus</annotator>
    <span start="28111" end="28124" />
    <spannedText>photoreceptor</spannedText>
  </annotation>
  <annotation>
    <mention id="CL_basic_2014_02_21_Instance_22173" />
    <annotator id="CL_basic_2014_02_21_Instance_10000">Mike Bada, University of Colorado Anschutz Medical Campus</annotator>
    <span start="28492" end="28505" />
    <spannedText>photoreceptor</spannedText>
  </annotation>
  <annotation>
    <mention id="CL_basic_2014_02_21_Instance_22175" />
    <annotator id="CL_basic_2014_02_21_Instance_10000">Mike Bada, University of Colorado Anschutz Medical Campus</annotator>
    <span start="28891" end="28904" />
    <spannedText>photoreceptor</spannedText>
  </annotation>
  <annotation>
    <mention id="CL_basic_2014_02_21_Instance_22177" />
    <annotator id="CL_basic_2014_02_21_Instance_10000">Mike Bada, University of Colorado Anschutz Medical Campus</annotator>
    <span start="29204" end="29217" />
    <spannedText>photoreceptor</spannedText>
  </annotation>
  <annotation>
    <mention id="CL_basic_2014_02_21_Instance_22179" />
    <annotator id="CL_basic_2014_02_21_Instance_10000">Mike Bada, University of Colorado Anschutz Medical Campus</annotator>
    <span start="29785" end="29799" />
    <spannedText>photoreceptors</spannedText>
  </annotation>
  <annotation>
    <mention id="CL_basic_2014_02_21_Instance_22181" />
    <annotator id="CL_basic_2014_02_21_Instance_10000">Mike Bada, University of Colorado Anschutz Medical Campus</annotator>
    <span start="30177" end="30190" />
    <spannedText>photoreceptor</spannedText>
  </annotation>
  <annotation>
    <mention id="CL_basic_2014_02_21_Instance_22183" />
    <annotator id="CL_basic_2014_02_21_Instance_10000">Mike Bada, University of Colorado Anschutz Medical Campus</annotator>
    <span start="30249" end="30262" />
    <spannedText>photoreceptor</spannedText>
  </annotation>
  <annotation>
    <mention id="CL_basic_2014_02_21_Instance_22185" />
    <annotator id="CL_basic_2014_02_21_Instance_10000">Mike Bada, University of Colorado Anschutz Medical Campus</annotator>
    <span start="31041" end="31054" />
    <spannedText>photoreceptor</spannedText>
  </annotation>
  <annotation>
    <mention id="CL_basic_2014_02_21_Instance_22187" />
    <annotator id="CL_basic_2014_02_21_Instance_10000">Mike Bada, University of Colorado Anschutz Medical Campus</annotator>
    <span start="31191" end="31204" />
    <spannedText>photoreceptor</spannedText>
  </annotation>
  <annotation>
    <mention id="CL_basic_2014_02_21_Instance_22189" />
    <annotator id="CL_basic_2014_02_21_Instance_10000">Mike Bada, University of Colorado Anschutz Medical Campus</annotator>
    <span start="32355" end="32368" />
    <spannedText>photoreceptor</spannedText>
  </annotation>
  <annotation>
    <mention id="CL_basic_2014_02_21_Instance_22191" />
    <annotator id="CL_basic_2014_02_21_Instance_10000">Mike Bada, University of Colorado Anschutz Medical Campus</annotator>
    <span start="4515" end="4523" />
    <spannedText>neuronal</spannedText>
  </annotation>
  <annotation>
    <mention id="CL_basic_2014_02_21_Instance_22193" />
    <annotator id="CL_basic_2014_02_21_Instance_10000">Mike Bada, University of Colorado Anschutz Medical Campus</annotator>
    <span start="5201" end="5205" />
    <spannedText>Cone</spannedText>
  </annotation>
  <annotation>
    <mention id="CL_basic_2014_02_21_Instance_22195" />
    <annotator id="CL_basic_2014_02_21_Instance_10000">Mike Bada, University of Colorado Anschutz Medical Campus</annotator>
    <span start="5267" end="5271" />
    <spannedText>cone</spannedText>
  </annotation>
  <annotation>
    <mention id="CL_basic_2014_02_21_Instance_22197" />
    <annotator id="CL_basic_2014_02_21_Instance_10000">Mike Bada, University of Colorado Anschutz Medical Campus</annotator>
    <span start="5353" end="5357" />
    <spannedText>cone</spannedText>
  </annotation>
  <annotation>
    <mention id="CL_basic_2014_02_21_Instance_22199" />
    <annotator id="CL_basic_2014_02_21_Instance_10000">Mike Bada, University of Colorado Anschutz Medical Campus</annotator>
    <span start="15739" end="15743" />
    <spannedText>Cone</spannedText>
  </annotation>
  <annotation>
    <mention id="CL_basic_2014_02_21_Instance_22201" />
    <annotator id="CL_basic_2014_02_21_Instance_10000">Mike Bada, University of Colorado Anschutz Medical Campus</annotator>
    <span start="16809" end="16813" />
    <spannedText>Cone</spannedText>
  </annotation>
  <annotation>
    <mention id="CL_basic_2014_02_21_Instance_22203" />
    <annotator id="CL_basic_2014_02_21_Instance_10000">Mike Bada, University of Colorado Anschutz Medical Campus</annotator>
    <span start="29259" end="29263" />
    <spannedText>cone</spannedText>
  </annotation>
  <annotation>
    <mention id="CL_basic_2014_02_21_Instance_22205" />
    <annotator id="CL_basic_2014_02_21_Instance_10000">Mike Bada, University of Colorado Anschutz Medical Campus</annotator>
    <span start="29363" end="29367" />
    <spannedText>cone</spannedText>
  </annotation>
  <annotation>
    <mention id="CL_basic_2014_02_21_Instance_22207" />
    <annotator id="CL_basic_2014_02_21_Instance_10000">Mike Bada, University of Colorado Anschutz Medical Campus</annotator>
    <span start="29420" end="29424" />
    <spannedText>cone</spannedText>
  </annotation>
  <annotation>
    <mention id="CL_basic_2014_02_21_Instance_22209" />
    <annotator id="CL_basic_2014_02_21_Instance_10000">Mike Bada, University of Colorado Anschutz Medical Campus</annotator>
    <span start="29624" end="29628" />
    <spannedText>cone</spannedText>
  </annotation>
  <annotation>
    <mention id="CL_basic_2014_02_21_Instance_22211" />
    <annotator id="CL_basic_2014_02_21_Instance_10000">Mike Bada, University of Colorado Anschutz Medical Campus</annotator>
    <span start="30021" end="30025" />
    <spannedText>cone</spannedText>
  </annotation>
  <annotation>
    <mention id="CL_basic_2014_02_21_Instance_22213" />
    <annotator id="CL_basic_2014_02_21_Instance_10000">Mike Bada, University of Colorado Anschutz Medical Campus</annotator>
    <span start="29963" end="29966" />
    <spannedText>rod</spannedText>
  </annotation>
  <annotation>
    <mention id="CL_basic_2014_02_21_Instance_22215" />
    <annotator id="CL_basic_2014_02_21_Instance_10000">Mike Bada, University of Colorado Anschutz Medical Campus</annotator>
    <span start="1980" end="1983" />
    <spannedText>rod</spannedText>
  </annotation>
  <annotation>
    <mention id="CL_basic_2014_02_21_Instance_22217" />
    <annotator id="CL_basic_2014_02_21_Instance_10000">Mike Bada, University of Colorado Anschutz Medical Campus</annotator>
    <span start="1975" end="1979" />
    <spannedText>cone</spannedText>
  </annotation>
  <annotation>
    <mention id="CL_basic_2014_02_21_Instance_22219" />
    <annotator id="CL_basic_2014_02_21_Instance_10000">Mike Bada, University of Colorado Anschutz Medical Campus</annotator>
    <span start="2708" end="2711" />
    <spannedText>rod</spannedText>
  </annotation>
  <annotation>
    <mention id="CL_basic_2014_02_21_Instance_22221" />
    <annotator id="CL_basic_2014_02_21_Instance_10000">Mike Bada, University of Colorado Anschutz Medical Campus</annotator>
    <span start="2703" end="2707" />
    <spannedText>cone</spannedText>
  </annotation>
  <annotation>
    <mention id="CL_basic_2014_02_21_Instance_22223" />
    <annotator id="CL_basic_2014_02_21_Instance_10000">Mike Bada, University of Colorado Anschutz Medical Campus</annotator>
    <span start="4998" end="5001" />
    <spannedText>Rod</spannedText>
  </annotation>
  <annotation>
    <mention id="CL_basic_2014_02_21_Instance_22227" />
    <annotator id="CL_basic_2014_02_21_Instance_10000">Mike Bada, University of Colorado Anschutz Medical Campus</annotator>
    <span start="15054" end="15058" />
    <spannedText>rods</spannedText>
  </annotation>
  <annotation>
    <mention id="CL_basic_2014_02_21_Instance_22229" />
    <annotator id="CL_basic_2014_02_21_Instance_10000">Mike Bada, University of Colorado Anschutz Medical Campus</annotator>
    <span start="15085" end="15088" />
    <spannedText>rod</spannedText>
  </annotation>
  <annotation>
    <mention id="CL_basic_2014_02_21_Instance_22231" />
    <annotator id="CL_basic_2014_02_21_Instance_10000">Mike Bada, University of Colorado Anschutz Medical Campus</annotator>
    <span start="15302" end="15305" />
    <spannedText>rod</spannedText>
  </annotation>
  <annotation>
    <mention id="CL_basic_2014_02_21_Instance_22233" />
    <annotator id="CL_basic_2014_02_21_Instance_10000">Mike Bada, University of Colorado Anschutz Medical Campus</annotator>
    <span start="16647" end="16650" />
    <spannedText>rod</spannedText>
  </annotation>
  <annotation>
    <mention id="CL_basic_2014_02_21_Instance_22235" />
    <annotator id="CL_basic_2014_02_21_Instance_10000">Mike Bada, University of Colorado Anschutz Medical Campus</annotator>
    <span start="17689" end="17692" />
    <spannedText>rod</spannedText>
  </annotation>
  <annotation>
    <mention id="CL_basic_2014_02_21_Instance_22237" />
    <annotator id="CL_basic_2014_02_21_Instance_10000">Mike Bada, University of Colorado Anschutz Medical Campus</annotator>
    <span start="17830" end="17833" />
    <spannedText>rod</spannedText>
  </annotation>
  <annotation>
    <mention id="CL_basic_2014_02_21_Instance_22239" />
    <annotator id="CL_basic_2014_02_21_Instance_10000">Mike Bada, University of Colorado Anschutz Medical Campus</annotator>
    <span start="17941" end="17944" />
    <spannedText>rod</spannedText>
  </annotation>
  <annotation>
    <mention id="CL_basic_2014_02_21_Instance_22241" />
    <annotator id="CL_basic_2014_02_21_Instance_10000">Mike Bada, University of Colorado Anschutz Medical Campus</annotator>
    <span start="21684" end="21687" />
    <spannedText>rod</spannedText>
  </annotation>
  <annotation>
    <mention id="CL_basic_2014_02_21_Instance_22243" />
    <annotator id="CL_basic_2014_02_21_Instance_10000">Mike Bada, University of Colorado Anschutz Medical Campus</annotator>
    <span start="22969" end="22973" />
    <spannedText>rods</spannedText>
  </annotation>
  <annotation>
    <mention id="CL_basic_2014_02_21_Instance_22245" />
    <annotator id="CL_basic_2014_02_21_Instance_10000">Mike Bada, University of Colorado Anschutz Medical Campus</annotator>
    <span start="29264" end="29267" />
    <spannedText>rod</spannedText>
  </annotation>
  <annotation>
    <mention id="CL_basic_2014_02_21_Instance_22247" />
    <annotator id="CL_basic_2014_02_21_Instance_10000">Mike Bada, University of Colorado Anschutz Medical Campus</annotator>
    <span start="29368" end="29371" />
    <spannedText>rod</spannedText>
  </annotation>
  <annotation>
    <mention id="CL_basic_2014_02_21_Instance_22249" />
    <annotator id="CL_basic_2014_02_21_Instance_10000">Mike Bada, University of Colorado Anschutz Medical Campus</annotator>
    <span start="29518" end="29521" />
    <spannedText>rod</spannedText>
  </annotation>
  <annotation>
    <mention id="CL_basic_2014_02_21_Instance_22251" />
    <annotator id="CL_basic_2014_02_21_Instance_10000">Mike Bada, University of Colorado Anschutz Medical Campus</annotator>
    <span start="29590" end="29593" />
    <spannedText>rod</spannedText>
  </annotation>
  <annotation>
    <mention id="CL_basic_2014_02_21_Instance_40341" />
    <annotator id="CL_basic_2014_02_21_Instance_10000">Mike Bada, University of Colorado Anschutz Medical Campus</annotator>
    <span start="5051" end="5054" />
    <spannedText>rod</spannedText>
  </annotation>
  <annotation>
    <mention id="CL_basic_2014_02_21_Instance_70099" />
    <annotator id="CL_basic_2014_02_21_Instance_10000">Mike Bada, University of Colorado Anschutz Medical Campus</annotator>
    <span start="5742" end="5750" />
    <spannedText>neuronal</spannedText>
  </annotation>
  <annotation>
    <mention id="CL_basic_2014_02_21_plus_nested_Instance_15452" />
    <annotator id="CL_basic_2014_02_21_Instance_10000">Mike Bada, University of Colorado Anschutz Medical Campus</annotator>
    <span start="17923" end="17924" />
    <spannedText>h</spannedText>
  </annotation>
  <annotation>
    <mention id="CL_basic_2014_02_21_plus_nested_Instance_15458" />
    <annotator id="CL_basic_2014_02_21_Instance_10000">Mike Bada, University of Colorado Anschutz Medical Campus</annotator>
    <span start="17881" end="17882" />
    <spannedText>r</spannedText>
  </annotation>
  <classMention id="CL_basic_2014_02_21_Instance_22037">
    <mentionClass id="CL:0000210">photoreceptor cell</mentionClass>
  </classMention>
  <classMention id="CL_basic_2014_02_21_Instance_22039">
    <mentionClass id="CL:0000210">photoreceptor cell</mentionClass>
  </classMention>
  <classMention id="CL_basic_2014_02_21_Instance_22033">
    <mentionClass id="CL:0000210">photoreceptor cell</mentionClass>
  </classMention>
  <classMention id="CL_basic_2014_02_21_Instance_22035">
    <mentionClass id="CL:0000210">photoreceptor cell</mentionClass>
  </classMention>
  <classMention id="CL_basic_2014_02_21_Instance_22045">
    <mentionClass id="CL:0000210">photoreceptor cell</mentionClass>
  </classMention>
  <classMention id="CL_basic_2014_02_21_Instance_22047">
    <mentionClass id="CL:0000210">photoreceptor cell</mentionClass>
  </classMention>
  <classMention id="CL_basic_2014_02_21_Instance_22041">
    <mentionClass id="CL:0000210">photoreceptor cell</mentionClass>
  </classMention>
  <classMention id="CL_basic_2014_02_21_Instance_22043">
    <mentionClass id="CL:0000210">photoreceptor cell</mentionClass>
  </classMention>
  <classMention id="CL_basic_2014_02_21_Instance_22053">
    <mentionClass id="CL:0000210">photoreceptor cell</mentionClass>
  </classMention>
  <classMention id="CL_basic_2014_02_21_Instance_22055">
    <mentionClass id="CL:0000210">photoreceptor cell</mentionClass>
  </classMention>
  <classMention id="CL_basic_2014_02_21_Instance_22049">
    <mentionClass id="CL:0000210">photoreceptor cell</mentionClass>
  </classMention>
  <classMention id="CL_basic_2014_02_21_Instance_22051">
    <mentionClass id="CL:0000210">photoreceptor cell</mentionClass>
  </classMention>
  <classMention id="CL_basic_2014_02_21_Instance_22061">
    <mentionClass id="CL:0000210">photoreceptor cell</mentionClass>
  </classMention>
  <classMention id="CL_basic_2014_02_21_Instance_22063">
    <mentionClass id="CL:0000210">photoreceptor cell</mentionClass>
  </classMention>
  <classMention id="CL_basic_2014_02_21_Instance_22057">
    <mentionClass id="CL:0000210">photoreceptor cell</mentionClass>
  </classMention>
  <classMention id="CL_basic_2014_02_21_Instance_22059">
    <mentionClass id="CL:0000210">photoreceptor cell</mentionClass>
  </classMention>
  <classMention id="CL_basic_2014_02_21_Instance_22069">
    <mentionClass id="CL:0000210">photoreceptor cell</mentionClass>
  </classMention>
  <classMention id="CL_basic_2014_02_21_Instance_22071">
    <mentionClass id="CL:0000210">photoreceptor cell</mentionClass>
  </classMention>
  <classMention id="CL_basic_2014_02_21_Instance_22065">
    <mentionClass id="CL:0000210">photoreceptor cell</mentionClass>
  </classMention>
  <classMention id="CL_basic_2014_02_21_Instance_22067">
    <mentionClass id="CL:0000210">photoreceptor cell</mentionClass>
  </classMention>
  <classMention id="CL_basic_2014_02_21_Instance_22077">
    <mentionClass id="CL:0000210">photoreceptor cell</mentionClass>
  </classMention>
  <classMention id="CL_basic_2014_02_21_Instance_22079">
    <mentionClass id="CL:0000210">photoreceptor cell</mentionClass>
  </classMention>
  <classMention id="CL_basic_2014_02_21_Instance_22073">
    <mentionClass id="CL:0000210">photoreceptor cell</mentionClass>
  </classMention>
  <classMention id="CL_basic_2014_02_21_Instance_22075">
    <mentionClass id="CL:0000210">photoreceptor cell</mentionClass>
  </classMention>
  <classMention id="CL_basic_2014_02_21_Instance_22085">
    <mentionClass id="CL:0000210">photoreceptor cell</mentionClass>
  </classMention>
  <classMention id="CL_basic_2014_02_21_Instance_22087">
    <mentionClass id="CL:0000210">photoreceptor cell</mentionClass>
  </classMention>
  <classMention id="CL_basic_2014_02_21_Instance_22081">
    <mentionClass id="CL:0000210">photoreceptor cell</mentionClass>
  </classMention>
  <classMention id="CL_basic_2014_02_21_Instance_22083">
    <mentionClass id="CL:0000210">photoreceptor cell</mentionClass>
  </classMention>
  <classMention id="CL_basic_2014_02_21_Instance_22093">
    <mentionClass id="CL:0000210">photoreceptor cell</mentionClass>
  </classMention>
  <classMention id="CL_basic_2014_02_21_Instance_22095">
    <mentionClass id="CL:0000210">photoreceptor cell</mentionClass>
  </classMention>
  <classMention id="CL_basic_2014_02_21_Instance_22089">
    <mentionClass id="CL:0000210">photoreceptor cell</mentionClass>
  </classMention>
  <classMention id="CL_basic_2014_02_21_Instance_22091">
    <mentionClass id="CL:0000210">photoreceptor cell</mentionClass>
  </classMention>
  <classMention id="CL_basic_2014_02_21_Instance_22101">
    <mentionClass id="CL:0000210">photoreceptor cell</mentionClass>
  </classMention>
  <classMention id="CL_basic_2014_02_21_Instance_40341">
    <mentionClass id="CL:0000604">retinal rod cell</mentionClass>
  </classMention>
  <classMention id="CL_basic_2014_02_21_Instance_22103">
    <mentionClass id="CL:0000210">photoreceptor cell</mentionClass>
  </classMention>
  <classMention id="CL_basic_2014_02_21_Instance_22097">
    <mentionClass id="CL:0000210">photoreceptor cell</mentionClass>
  </classMention>
  <classMention id="CL_basic_2014_02_21_Instance_22099">
    <mentionClass id="CL:0000210">photoreceptor cell</mentionClass>
  </classMention>
  <classMention id="CL_basic_2014_02_21_Instance_22109">
    <mentionClass id="CL:0000210">photoreceptor cell</mentionClass>
  </classMention>
  <classMention id="CL_basic_2014_02_21_Instance_22111">
    <mentionClass id="CL:0000210">photoreceptor cell</mentionClass>
  </classMention>
  <classMention id="CL_basic_2014_02_21_plus_nested_Instance_15452">
    <mentionClass id="CL:0000745">horizontal cell</mentionClass>
  </classMention>
  <classMention id="CL_basic_2014_02_21_Instance_22105">
    <mentionClass id="CL:0000210">photoreceptor cell</mentionClass>
  </classMention>
  <classMention id="CL_basic_2014_02_21_Instance_22107">
    <mentionClass id="CL:0000210">photoreceptor cell</mentionClass>
  </classMention>
  <classMention id="CL_basic_2014_02_21_Instance_22117">
    <mentionClass id="CL:0000210">photoreceptor cell</mentionClass>
  </classMention>
  <classMention id="CL_basic_2014_02_21_Instance_22119">
    <mentionClass id="CL:0000210">photoreceptor cell</mentionClass>
  </classMention>
  <classMention id="CL_basic_2014_02_21_Instance_22113">
    <mentionClass id="CL:0000210">photoreceptor cell</mentionClass>
  </classMention>
  <classMention id="CL_basic_2014_02_21_plus_nested_Instance_15458">
    <mentionClass id="CL:0000604">retinal rod cell</mentionClass>
  </classMention>
  <classMention id="CL_basic_2014_02_21_Instance_22115">
    <mentionClass id="CL:0000210">photoreceptor cell</mentionClass>
  </classMention>
  <classMention id="CL_basic_2014_02_21_Instance_22125">
    <mentionClass id="CL:0000687">R1 photoreceptor cell</mentionClass>
  </classMention>
  <classMention id="CL_basic_2014_02_21_Instance_22127">
    <mentionClass id="CL:0000705">R6 photoreceptor cell</mentionClass>
  </classMention>
  <classMention id="CL_basic_2014_02_21_Instance_22121">
    <mentionClass id="CL:0000210">photoreceptor cell</mentionClass>
  </classMention>
  <classMention id="CL_basic_2014_02_21_Instance_22123">
    <mentionClass id="CL:0000210">photoreceptor cell</mentionClass>
  </classMention>
  <classMention id="CL_basic_2014_02_21_Instance_22133">
    <mentionClass id="CL:0000210">photoreceptor cell</mentionClass>
  </classMention>
  <classMention id="CL_basic_2014_02_21_Instance_22135">
    <mentionClass id="CL:0000210">photoreceptor cell</mentionClass>
  </classMention>
  <classMention id="CL_basic_2014_02_21_Instance_22129">
    <mentionClass id="CL:0000687">R1 photoreceptor cell</mentionClass>
  </classMention>
  <classMention id="CL_basic_2014_02_21_Instance_22131">
    <mentionClass id="CL:0000705">R6 photoreceptor cell</mentionClass>
  </classMention>
  <classMention id="CL_basic_2014_02_21_Instance_22141">
    <mentionClass id="CL:0000210">photoreceptor cell</mentionClass>
  </classMention>
  <classMention id="CL_basic_2014_02_21_Instance_22143">
    <mentionClass id="CL:0000210">photoreceptor cell</mentionClass>
  </classMention>
  <classMention id="CL_basic_2014_02_21_Instance_15989">
    <mentionClass id="CL:0000210">photoreceptor cell</mentionClass>
  </classMention>
  <classMention id="CL_basic_2014_02_21_Instance_22137">
    <mentionClass id="CL:0000210">photoreceptor cell</mentionClass>
  </classMention>
  <classMention id="CL_basic_2014_02_21_Instance_22139">
    <mentionClass id="CL:0000210">photoreceptor cell</mentionClass>
  </classMention>
  <classMention id="CL_basic_2014_02_21_Instance_22149">
    <mentionClass id="CL:0000210">photoreceptor cell</mentionClass>
  </classMention>
  <classMention id="CL_basic_2014_02_21_Instance_15995">
    <mentionClass id="CL:0000210">photoreceptor cell</mentionClass>
  </classMention>
  <classMention id="CL_basic_2014_02_21_Instance_22151">
    <mentionClass id="CL:0000210">photoreceptor cell</mentionClass>
  </classMention>
  <classMention id="CL_basic_2014_02_21_Instance_15997">
    <mentionClass id="CL:0000210">photoreceptor cell</mentionClass>
  </classMention>
  <classMention id="CL_basic_2014_02_21_Instance_22145">
    <mentionClass id="CL:0000210">photoreceptor cell</mentionClass>
  </classMention>
  <classMention id="CL_basic_2014_02_21_Instance_15991">
    <mentionClass id="CL:0000210">photoreceptor cell</mentionClass>
  </classMention>
  <classMention id="CL_basic_2014_02_21_Instance_22147">
    <mentionClass id="CL:0000210">photoreceptor cell</mentionClass>
  </classMention>
  <classMention id="CL_basic_2014_02_21_Instance_15993">
    <mentionClass id="CL:0000101">sensory neuron</mentionClass>
  </classMention>
  <classMention id="CL_basic_2014_02_21_Instance_22157">
    <mentionClass id="CL:0000210">photoreceptor cell</mentionClass>
  </classMention>
  <classMention id="CL_basic_2014_02_21_Instance_16003">
    <mentionClass id="CL:0000540">neuron</mentionClass>
  </classMention>
  <classMention id="CL_basic_2014_02_21_Instance_22159">
    <mentionClass id="CL:0000210">photoreceptor cell</mentionClass>
  </classMention>
  <classMention id="CL_basic_2014_02_21_Instance_16005">
    <mentionClass id="CL:0000103">bipolar neuron</mentionClass>
  </classMention>
  <classMention id="CL_basic_2014_02_21_Instance_22153">
    <mentionClass id="CL:0000210">photoreceptor cell</mentionClass>
  </classMention>
  <classMention id="CL_basic_2014_02_21_Instance_15999">
    <mentionClass id="CL:0000210">photoreceptor cell</mentionClass>
  </classMention>
  <classMention id="CL_basic_2014_02_21_Instance_22155">
    <mentionClass id="CL:0000210">photoreceptor cell</mentionClass>
  </classMention>
  <classMention id="CL_basic_2014_02_21_Instance_16001">
    <mentionClass id="CL:0000210">photoreceptor cell</mentionClass>
  </classMention>
  <classMention id="CL_basic_2014_02_21_Instance_22165">
    <mentionClass id="CL:0000210">photoreceptor cell</mentionClass>
  </classMention>
  <classMention id="CL_basic_2014_02_21_Instance_16011">
    <mentionClass id="CL_GO_EXT:cell">cell</mentionClass>
  </classMention>
  <classMention id="CL_basic_2014_02_21_Instance_22167">
    <mentionClass id="CL:0000210">photoreceptor cell</mentionClass>
  </classMention>
  <classMention id="CL_basic_2014_02_21_Instance_16013">
    <mentionClass id="CL_GO_EXT:cell">cell</mentionClass>
  </classMention>
  <classMention id="CL_basic_2014_02_21_Instance_22161">
    <mentionClass id="CL:0000210">photoreceptor cell</mentionClass>
  </classMention>
  <classMention id="CL_basic_2014_02_21_Instance_16007">
    <mentionClass id="CL:0000745">horizontal cell</mentionClass>
  </classMention>
  <classMention id="CL_basic_2014_02_21_Instance_22163">
    <mentionClass id="CL:0000210">photoreceptor cell</mentionClass>
  </classMention>
  <classMention id="CL_basic_2014_02_21_Instance_16009">
    <mentionClass id="CL:0000745">horizontal cell</mentionClass>
  </classMention>
  <classMention id="CL_basic_2014_02_21_Instance_22173">
    <mentionClass id="CL:0000210">photoreceptor cell</mentionClass>
  </classMention>
  <classMention id="CL_basic_2014_02_21_Instance_16019">
    <mentionClass id="CL:0000745">horizontal cell</mentionClass>
  </classMention>
  <classMention id="CL_basic_2014_02_21_Instance_22175">
    <mentionClass id="CL:0000210">photoreceptor cell</mentionClass>
  </classMention>
  <classMention id="CL_basic_2014_02_21_Instance_16021">
    <mentionClass id="CL_GO_EXT:cell">cell</mentionClass>
  </classMention>
  <classMention id="CL_basic_2014_02_21_Instance_22169">
    <mentionClass id="CL:0000210">photoreceptor cell</mentionClass>
  </classMention>
  <classMention id="CL_basic_2014_02_21_Instance_16015">
    <mentionClass id="CL:0000745">horizontal cell</mentionClass>
  </classMention>
  <classMention id="CL_basic_2014_02_21_Instance_22171">
    <mentionClass id="CL:0000210">photoreceptor cell</mentionClass>
  </classMention>
  <classMention id="CL_basic_2014_02_21_Instance_16017">
    <mentionClass id="CL:0000751">rod bipolar cell</mentionClass>
  </classMention>
  <classMention id="CL_basic_2014_02_21_Instance_22181">
    <mentionClass id="CL:0000210">photoreceptor cell</mentionClass>
  </classMention>
  <classMention id="CL_basic_2014_02_21_Instance_22183">
    <mentionClass id="CL:0000210">photoreceptor cell</mentionClass>
  </classMention>
  <classMention id="CL_basic_2014_02_21_Instance_22177">
    <mentionClass id="CL:0000210">photoreceptor cell</mentionClass>
  </classMention>
  <classMention id="CL_basic_2014_02_21_Instance_16023">
    <mentionClass id="CL:0000745">horizontal cell</mentionClass>
  </classMention>
  <classMention id="CL_basic_2014_02_21_Instance_22179">
    <mentionClass id="CL:0000210">photoreceptor cell</mentionClass>
  </classMention>
  <classMention id="CL_basic_2014_02_21_Instance_16025">
    <mentionClass id="CL_GO_EXT:cell">cell</mentionClass>
  </classMention>
  <classMention id="CL_basic_2014_02_21_Instance_22189">
    <mentionClass id="CL:0000210">photoreceptor cell</mentionClass>
  </classMention>
  <classMention id="CL_basic_2014_02_21_Instance_22191">
    <mentionClass id="CL:0000540">neuron</mentionClass>
  </classMention>
  <classMention id="CL_basic_2014_02_21_Instance_22185">
    <mentionClass id="CL:0000210">photoreceptor cell</mentionClass>
  </classMention>
  <classMention id="CL_basic_2014_02_21_Instance_22187">
    <mentionClass id="CL:0000210">photoreceptor cell</mentionClass>
  </classMention>
  <classMention id="CL_basic_2014_02_21_Instance_22197">
    <mentionClass id="CL:0000573">retinal cone cell</mentionClass>
  </classMention>
  <classMention id="CL_basic_2014_02_21_Instance_22199">
    <mentionClass id="CL:0000573">retinal cone cell</mentionClass>
  </classMention>
  <classMention id="CL_basic_2014_02_21_Instance_22193">
    <mentionClass id="CL:0000573">retinal cone cell</mentionClass>
  </classMention>
  <classMention id="CL_basic_2014_02_21_Instance_22195">
    <mentionClass id="CL:0000573">retinal cone cell</mentionClass>
  </classMention>
  <classMention id="CL_basic_2014_02_21_Instance_22205">
    <mentionClass id="CL:0000573">retinal cone cell</mentionClass>
  </classMention>
  <classMention id="CL_basic_2014_02_21_Instance_22207">
    <mentionClass id="CL:0000573">retinal cone cell</mentionClass>
  </classMention>
  <classMention id="CL_basic_2014_02_21_Instance_22201">
    <mentionClass id="CL:0000573">retinal cone cell</mentionClass>
  </classMention>
  <classMention id="CL_basic_2014_02_21_Instance_22203">
    <mentionClass id="CL:0000573">retinal cone cell</mentionClass>
  </classMention>
  <classMention id="CL_basic_2014_02_21_Instance_21949">
    <mentionClass id="CL:0000745">horizontal cell</mentionClass>
  </classMention>
  <classMention id="CL_basic_2014_02_21_Instance_22213">
    <mentionClass id="CL:0000604">retinal rod cell</mentionClass>
  </classMention>
  <classMention id="CL_basic_2014_02_21_Instance_21951">
    <mentionClass id="CL:0000745">horizontal cell</mentionClass>
  </classMention>
  <classMention id="CL_basic_2014_02_21_Instance_22215">
    <mentionClass id="CL:0000604">retinal rod cell</mentionClass>
  </classMention>
  <classMention id="CL_basic_2014_02_21_Instance_22209">
    <mentionClass id="CL:0000573">retinal cone cell</mentionClass>
  </classMention>
  <classMention id="CL_basic_2014_02_21_Instance_22211">
    <mentionClass id="CL:0000573">retinal cone cell</mentionClass>
  </classMention>
  <classMention id="CL_basic_2014_02_21_Instance_21957">
    <mentionClass id="CL:0000636">Mueller cell</mentionClass>
  </classMention>
  <classMention id="CL_basic_2014_02_21_Instance_22221">
    <mentionClass id="CL:0000573">retinal cone cell</mentionClass>
  </classMention>
  <classMention id="CL_basic_2014_02_21_Instance_21959">
    <mentionClass id="CL:0000210">photoreceptor cell</mentionClass>
  </classMention>
  <classMention id="CL_basic_2014_02_21_Instance_22223">
    <mentionClass id="CL:0000604">retinal rod cell</mentionClass>
  </classMention>
  <classMention id="CL_basic_2014_02_21_Instance_21953">
    <mentionClass id="CL:0000103">bipolar neuron</mentionClass>
  </classMention>
  <classMention id="CL_basic_2014_02_21_Instance_22217">
    <mentionClass id="CL:0000573">retinal cone cell</mentionClass>
  </classMention>
  <classMention id="CL_basic_2014_02_21_Instance_21955">
    <mentionClass id="CL:0000103">bipolar neuron</mentionClass>
  </classMention>
  <classMention id="CL_basic_2014_02_21_Instance_22219">
    <mentionClass id="CL:0000604">retinal rod cell</mentionClass>
  </classMention>
  <classMention id="CL_basic_2014_02_21_Instance_22231">
    <mentionClass id="CL:0000604">retinal rod cell</mentionClass>
  </classMention>
  <classMention id="CL_basic_2014_02_21_Instance_22233">
    <mentionClass id="CL:0000604">retinal rod cell</mentionClass>
  </classMention>
  <classMention id="CL_basic_2014_02_21_Instance_22227">
    <mentionClass id="CL:0000604">retinal rod cell</mentionClass>
  </classMention>
  <classMention id="CL_basic_2014_02_21_Instance_22229">
    <mentionClass id="CL:0000604">retinal rod cell</mentionClass>
  </classMention>
  <classMention id="CL_basic_2014_02_21_Instance_22239">
    <mentionClass id="CL:0000604">retinal rod cell</mentionClass>
  </classMention>
  <classMention id="CL_basic_2014_02_21_Instance_22241">
    <mentionClass id="CL:0000604">retinal rod cell</mentionClass>
  </classMention>
  <classMention id="CL_basic_2014_02_21_Instance_22235">
    <mentionClass id="CL:0000604">retinal rod cell</mentionClass>
  </classMention>
  <classMention id="CL_basic_2014_02_21_Instance_22237">
    <mentionClass id="CL:0000604">retinal rod cell</mentionClass>
  </classMention>
  <classMention id="CL_basic_2014_02_21_Instance_22247">
    <mentionClass id="CL:0000604">retinal rod cell</mentionClass>
  </classMention>
  <classMention id="CL_basic_2014_02_21_Instance_22249">
    <mentionClass id="CL:0000604">retinal rod cell</mentionClass>
  </classMention>
  <classMention id="CL_basic_2014_02_21_Instance_22243">
    <mentionClass id="CL:0000604">retinal rod cell</mentionClass>
  </classMention>
  <classMention id="CL_basic_2014_02_21_Instance_22245">
    <mentionClass id="CL:0000604">retinal rod cell</mentionClass>
  </classMention>
  <classMention id="CL_basic_2014_02_21_Instance_21997">
    <mentionClass id="CL:0000210">photoreceptor cell</mentionClass>
  </classMention>
  <classMention id="CL_basic_2014_02_21_Instance_21999">
    <mentionClass id="CL:0000210">photoreceptor cell</mentionClass>
  </classMention>
  <classMention id="CL_basic_2014_02_21_Instance_22251">
    <mentionClass id="CL:0000604">retinal rod cell</mentionClass>
  </classMention>
  <classMention id="CL_basic_2014_02_21_Instance_21995">
    <mentionClass id="CL:0000210">photoreceptor cell</mentionClass>
  </classMention>
  <classMention id="CL_basic_2014_02_21_Instance_22005">
    <mentionClass id="CL:0000210">photoreceptor cell</mentionClass>
  </classMention>
  <classMention id="CL_basic_2014_02_21_Instance_22007">
    <mentionClass id="CL:0000210">photoreceptor cell</mentionClass>
  </classMention>
  <classMention id="CL_basic_2014_02_21_Instance_22001">
    <mentionClass id="CL:0000210">photoreceptor cell</mentionClass>
  </classMention>
  <classMention id="CL_basic_2014_02_21_Instance_22003">
    <mentionClass id="CL:0000210">photoreceptor cell</mentionClass>
  </classMention>
  <classMention id="CL_basic_2014_02_21_Instance_70099">
    <mentionClass id="CL:0000540">neuron</mentionClass>
  </classMention>
  <classMention id="CL_basic_2014_02_21_Instance_11407">
    <mentionClass id="CL:0000745">horizontal cell</mentionClass>
  </classMention>
  <classMention id="CL_basic_2014_02_21_Instance_22013">
    <mentionClass id="CL:0000604">retinal rod cell</mentionClass>
  </classMention>
  <classMention id="CL_basic_2014_02_21_Instance_11409">
    <mentionClass id="CL:0000103">bipolar neuron</mentionClass>
  </classMention>
  <classMention id="CL_basic_2014_02_21_Instance_22015">
    <mentionClass id="CL:0000210">photoreceptor cell</mentionClass>
  </classMention>
  <classMention id="CL_basic_2014_02_21_Instance_11403">
    <mentionClass id="CL:0000749">ON-bipolar cell</mentionClass>
  </classMention>
  <classMention id="CL_basic_2014_02_21_Instance_22009">
    <mentionClass id="CL:0000210">photoreceptor cell</mentionClass>
  </classMention>
  <classMention id="CL_basic_2014_02_21_Instance_11405">
    <mentionClass id="CL:0000750">OFF-bipolar cell</mentionClass>
  </classMention>
  <classMention id="CL_basic_2014_02_21_Instance_22011">
    <mentionClass id="CL:0000604">retinal rod cell</mentionClass>
  </classMention>
  <classMention id="CL_basic_2014_02_21_Instance_22021">
    <mentionClass id="CL:0000210">photoreceptor cell</mentionClass>
  </classMention>
  <classMention id="CL_basic_2014_02_21_Instance_22023">
    <mentionClass id="CL:0000210">photoreceptor cell</mentionClass>
  </classMention>
  <classMention id="CL_basic_2014_02_21_Instance_22017">
    <mentionClass id="CL:0000210">photoreceptor cell</mentionClass>
  </classMention>
  <classMention id="CL_basic_2014_02_21_Instance_22019">
    <mentionClass id="CL:0000210">photoreceptor cell</mentionClass>
  </classMention>
  <classMention id="CL_basic_2014_02_21_Instance_22029">
    <mentionClass id="CL:0000210">photoreceptor cell</mentionClass>
  </classMention>
  <classMention id="CL_basic_2014_02_21_Instance_22031">
    <mentionClass id="CL:0000210">photoreceptor cell</mentionClass>
  </classMention>
  <classMention id="CL_basic_2014_02_21_Instance_22025">
    <mentionClass id="CL:0000210">photoreceptor cell</mentionClass>
  </classMention>
  <classMention id="CL_basic_2014_02_21_Instance_22027">
    <mentionClass id="CL:0000210">photoreceptor cell</mentionClass>
  </classMention>
</annotations>

