<?xml version="1.0" encoding="UTF-8"?>
<annotations textSource="16026622.txt">
  <annotation>
    <mention id="CL_basic_2014_02_21_Instance_17211" />
    <annotator id="CL_basic_2014_02_21_Instance_10000">Mike Bada, University of Colorado Anschutz Medical Campus</annotator>
    <span start="477" end="488" />
    <spannedText>macrophages</spannedText>
  </annotation>
  <annotation>
    <mention id="CL_basic_2014_02_21_Instance_17215" />
    <annotator id="CL_basic_2014_02_21_Instance_10000">Mike Bada, University of Colorado Anschutz Medical Campus</annotator>
    <span start="901" end="912" />
    <spannedText>macrophages</spannedText>
  </annotation>
  <annotation>
    <mention id="CL_basic_2014_02_21_Instance_17219" />
    <annotator id="CL_basic_2014_02_21_Instance_10000">Mike Bada, University of Colorado Anschutz Medical Campus</annotator>
    <span start="1470" end="1480" />
    <spannedText>macrophage</spannedText>
  </annotation>
  <annotation>
    <mention id="CL_basic_2014_02_21_Instance_17223" />
    <annotator id="CL_basic_2014_02_21_Instance_10000">Mike Bada, University of Colorado Anschutz Medical Campus</annotator>
    <span start="2022" end="2033" />
    <spannedText>macrophages</spannedText>
  </annotation>
  <annotation>
    <mention id="CL_basic_2014_02_21_Instance_17229" />
    <annotator id="CL_basic_2014_02_21_Instance_10000">Mike Bada, University of Colorado Anschutz Medical Campus</annotator>
    <span start="4113" end="4124" />
    <spannedText>macrophages</spannedText>
  </annotation>
  <annotation>
    <mention id="CL_basic_2014_02_21_Instance_17233" />
    <annotator id="CL_basic_2014_02_21_Instance_10000">Mike Bada, University of Colorado Anschutz Medical Campus</annotator>
    <span start="4948" end="4958" />
    <spannedText>macrophage</spannedText>
  </annotation>
  <annotation>
    <mention id="CL_basic_2014_02_21_Instance_17235" />
    <annotator id="CL_basic_2014_02_21_Instance_10000">Mike Bada, University of Colorado Anschutz Medical Campus</annotator>
    <span start="7452" end="7456" />
    <spannedText>cell</spannedText>
  </annotation>
  <annotation>
    <mention id="CL_basic_2014_02_21_Instance_17237" />
    <annotator id="CL_basic_2014_02_21_Instance_10000">Mike Bada, University of Colorado Anschutz Medical Campus</annotator>
    <span start="7482" end="7486" />
    <spannedText>cell</spannedText>
  </annotation>
  <annotation>
    <mention id="CL_basic_2014_02_21_Instance_17241" />
    <annotator id="CL_basic_2014_02_21_Instance_10000">Mike Bada, University of Colorado Anschutz Medical Campus</annotator>
    <span start="10773" end="10784" />
    <spannedText>macrophages</spannedText>
  </annotation>
  <annotation>
    <mention id="CL_basic_2014_02_21_Instance_17245" />
    <annotator id="CL_basic_2014_02_21_Instance_10000">Mike Bada, University of Colorado Anschutz Medical Campus</annotator>
    <span start="12623" end="12633" />
    <spannedText>macrophage</spannedText>
  </annotation>
  <annotation>
    <mention id="CL_basic_2014_02_21_Instance_17249" />
    <annotator id="CL_basic_2014_02_21_Instance_10000">Mike Bada, University of Colorado Anschutz Medical Campus</annotator>
    <span start="13733" end="13743" />
    <spannedText>macrophage</spannedText>
  </annotation>
  <annotation>
    <mention id="CL_basic_2014_02_21_Instance_17253" />
    <annotator id="CL_basic_2014_02_21_Instance_10000">Mike Bada, University of Colorado Anschutz Medical Campus</annotator>
    <span start="15395" end="15405" />
    <spannedText>macrophage</spannedText>
  </annotation>
  <annotation>
    <mention id="CL_basic_2014_02_21_Instance_17257" />
    <annotator id="CL_basic_2014_02_21_Instance_10000">Mike Bada, University of Colorado Anschutz Medical Campus</annotator>
    <span start="15727" end="15738" />
    <spannedText>macrophages</spannedText>
  </annotation>
  <annotation>
    <mention id="CL_basic_2014_02_21_Instance_17261" />
    <annotator id="CL_basic_2014_02_21_Instance_10000">Mike Bada, University of Colorado Anschutz Medical Campus</annotator>
    <span start="16323" end="16333" />
    <spannedText>macrophage</spannedText>
  </annotation>
  <annotation>
    <mention id="CL_basic_2014_02_21_Instance_17265" />
    <annotator id="CL_basic_2014_02_21_Instance_10000">Mike Bada, University of Colorado Anschutz Medical Campus</annotator>
    <span start="19131" end="19142" />
    <spannedText>macrophages</spannedText>
  </annotation>
  <annotation>
    <mention id="CL_basic_2014_02_21_Instance_17269" />
    <annotator id="CL_basic_2014_02_21_Instance_10000">Mike Bada, University of Colorado Anschutz Medical Campus</annotator>
    <span start="25457" end="25461" />
    <spannedText>cell</spannedText>
  </annotation>
  <annotation>
    <mention id="CL_basic_2014_02_21_Instance_17273" />
    <annotator id="CL_basic_2014_02_21_Instance_10000">Mike Bada, University of Colorado Anschutz Medical Campus</annotator>
    <span start="25843" end="25854" />
    <spannedText>macrophages</spannedText>
  </annotation>
  <annotation>
    <mention id="CL_basic_2014_02_21_Instance_17283" />
    <annotator id="CL_basic_2014_02_21_Instance_10000">Mike Bada, University of Colorado Anschutz Medical Campus</annotator>
    <span start="26415" end="26419" />
    <spannedText>cell</spannedText>
  </annotation>
  <annotation>
    <mention id="CL_basic_2014_02_21_Instance_17291" />
    <annotator id="CL_basic_2014_02_21_Instance_10000">Mike Bada, University of Colorado Anschutz Medical Campus</annotator>
    <span start="26728" end="26743" />
    <spannedText>dendritic cells</spannedText>
  </annotation>
  <annotation>
    <mention id="CL_basic_2014_02_21_Instance_17293" />
    <annotator id="CL_basic_2014_02_21_Instance_10000">Mike Bada, University of Colorado Anschutz Medical Campus</annotator>
    <span start="26888" end="26895" />
    <spannedText>T cells</spannedText>
  </annotation>
  <annotation>
    <mention id="CL_basic_2014_02_21_Instance_17297" />
    <annotator id="CL_basic_2014_02_21_Instance_10000">Mike Bada, University of Colorado Anschutz Medical Campus</annotator>
    <span start="27062" end="27067" />
    <spannedText>cells</spannedText>
  </annotation>
  <annotation>
    <mention id="CL_basic_2014_02_21_Instance_17299" />
    <annotator id="CL_basic_2014_02_21_Instance_10000">Mike Bada, University of Colorado Anschutz Medical Campus</annotator>
    <span start="27153" end="27163" />
    <spannedText>macrophage</spannedText>
  </annotation>
  <annotation>
    <mention id="CL_basic_2014_02_21_Instance_17301" />
    <annotator id="CL_basic_2014_02_21_Instance_10000">Mike Bada, University of Colorado Anschutz Medical Campus</annotator>
    <span start="27646" end="27657" />
    <spannedText>macrophages</spannedText>
  </annotation>
  <annotation>
    <mention id="CL_basic_2014_02_21_Instance_17303" />
    <annotator id="CL_basic_2014_02_21_Instance_10000">Mike Bada, University of Colorado Anschutz Medical Campus</annotator>
    <span start="27780" end="27790" />
    <spannedText>macrophage</spannedText>
  </annotation>
  <annotation>
    <mention id="CL_basic_2014_02_21_Instance_17307" />
    <annotator id="CL_basic_2014_02_21_Instance_10000">Mike Bada, University of Colorado Anschutz Medical Campus</annotator>
    <span start="27841" end="27852" />
    <spannedText>macrophages</spannedText>
  </annotation>
  <annotation>
    <mention id="CL_basic_2014_02_21_Instance_17309" />
    <annotator id="CL_basic_2014_02_21_Instance_10000">Mike Bada, University of Colorado Anschutz Medical Campus</annotator>
    <span start="29983" end="29988" />
    <spannedText>cells</spannedText>
  </annotation>
  <annotation>
    <mention id="CL_basic_2014_02_21_Instance_17313" />
    <annotator id="CL_basic_2014_02_21_Instance_10000">Mike Bada, University of Colorado Anschutz Medical Campus</annotator>
    <span start="31366" end="31377" />
    <spannedText>macrophages</spannedText>
  </annotation>
  <annotation>
    <mention id="CL_basic_2014_02_21_Instance_24169" />
    <annotator id="CL_basic_2014_02_21_Instance_10000">Mike Bada, University of Colorado Anschutz Medical Campus</annotator>
    <span start="12823" end="12834" />
    <spannedText>macrophages</spannedText>
  </annotation>
  <annotation>
    <mention id="CL_basic_2014_02_21_Instance_24171" />
    <annotator id="CL_basic_2014_02_21_Instance_10000">Mike Bada, University of Colorado Anschutz Medical Campus</annotator>
    <span start="24821" end="24829" />
    <spannedText>platelet</spannedText>
  </annotation>
  <annotation>
    <mention id="CL_basic_2014_02_21_Instance_24173" />
    <annotator id="CL_basic_2014_02_21_Instance_10000">Mike Bada, University of Colorado Anschutz Medical Campus</annotator>
    <span start="28116" end="28124" />
    <spannedText>cellular</spannedText>
  </annotation>
  <annotation>
    <mention id="CL_basic_2014_02_21_Instance_41014" />
    <annotator id="CL_basic_2014_02_21_Instance_10000">Mike Bada, University of Colorado Anschutz Medical Campus</annotator>
    <span start="440" end="468" />
    <spannedText>polymorphonuclear leukocytes</spannedText>
  </annotation>
  <annotation>
    <mention id="CL_basic_2014_02_21_Instance_41020" />
    <annotator id="CL_basic_2014_02_21_Instance_10000">Mike Bada, University of Colorado Anschutz Medical Campus</annotator>
    <span start="470" end="474" />
    <spannedText>PMNs</spannedText>
  </annotation>
  <annotation>
    <mention id="CL_basic_2014_02_21_Instance_41027" />
    <annotator id="CL_basic_2014_02_21_Instance_10000">Mike Bada, University of Colorado Anschutz Medical Campus</annotator>
    <span start="891" end="895" />
    <spannedText>PMNs</spannedText>
  </annotation>
  <annotation>
    <mention id="CL_basic_2014_02_21_Instance_41033" />
    <annotator id="CL_basic_2014_02_21_Instance_10000">Mike Bada, University of Colorado Anschutz Medical Campus</annotator>
    <span start="1462" end="1465" />
    <spannedText>PMN</spannedText>
  </annotation>
  <annotation>
    <mention id="CL_basic_2014_02_21_Instance_41039" />
    <annotator id="CL_basic_2014_02_21_Instance_10000">Mike Bada, University of Colorado Anschutz Medical Campus</annotator>
    <span start="2012" end="2016" />
    <spannedText>PMNs</spannedText>
  </annotation>
  <annotation>
    <mention id="CL_basic_2014_02_21_Instance_41046" />
    <annotator id="CL_basic_2014_02_21_Instance_10000">Mike Bada, University of Colorado Anschutz Medical Campus</annotator>
    <span start="3565" end="3593" />
    <spannedText>polymorphonuclear leukocytes</spannedText>
  </annotation>
  <annotation>
    <mention id="CL_basic_2014_02_21_Instance_41049" />
    <annotator id="CL_basic_2014_02_21_Instance_10000">Mike Bada, University of Colorado Anschutz Medical Campus</annotator>
    <span start="3595" end="3599" />
    <spannedText>PMNs</spannedText>
  </annotation>
  <annotation>
    <mention id="CL_basic_2014_02_21_Instance_41055" />
    <annotator id="CL_basic_2014_02_21_Instance_10000">Mike Bada, University of Colorado Anschutz Medical Campus</annotator>
    <span start="4103" end="4107" />
    <spannedText>PMNs</spannedText>
  </annotation>
  <annotation>
    <mention id="CL_basic_2014_02_21_Instance_41062" />
    <annotator id="CL_basic_2014_02_21_Instance_10000">Mike Bada, University of Colorado Anschutz Medical Campus</annotator>
    <span start="4939" end="4942" />
    <spannedText>PMN</spannedText>
  </annotation>
  <annotation>
    <mention id="CL_basic_2014_02_21_Instance_41068" />
    <annotator id="CL_basic_2014_02_21_Instance_10000">Mike Bada, University of Colorado Anschutz Medical Campus</annotator>
    <span start="10763" end="10767" />
    <spannedText>PMNs</spannedText>
  </annotation>
  <annotation>
    <mention id="CL_basic_2014_02_21_Instance_41074" />
    <annotator id="CL_basic_2014_02_21_Instance_10000">Mike Bada, University of Colorado Anschutz Medical Campus</annotator>
    <span start="12614" end="12617" />
    <spannedText>PMN</spannedText>
  </annotation>
  <annotation>
    <mention id="CL_basic_2014_02_21_Instance_41080" />
    <annotator id="CL_basic_2014_02_21_Instance_10000">Mike Bada, University of Colorado Anschutz Medical Campus</annotator>
    <span start="12810" end="12814" />
    <spannedText>PMNs</spannedText>
  </annotation>
  <annotation>
    <mention id="CL_basic_2014_02_21_Instance_41086" />
    <annotator id="CL_basic_2014_02_21_Instance_10000">Mike Bada, University of Colorado Anschutz Medical Campus</annotator>
    <span start="13725" end="13728" />
    <spannedText>PMN</spannedText>
  </annotation>
  <annotation>
    <mention id="CL_basic_2014_02_21_Instance_41092" />
    <annotator id="CL_basic_2014_02_21_Instance_10000">Mike Bada, University of Colorado Anschutz Medical Campus</annotator>
    <span start="15386" end="15389" />
    <spannedText>PMN</spannedText>
  </annotation>
  <annotation>
    <mention id="CL_basic_2014_02_21_Instance_41098" />
    <annotator id="CL_basic_2014_02_21_Instance_10000">Mike Bada, University of Colorado Anschutz Medical Campus</annotator>
    <span start="15719" end="15722" />
    <spannedText>PMN</spannedText>
  </annotation>
  <annotation>
    <mention id="CL_basic_2014_02_21_Instance_41104" />
    <annotator id="CL_basic_2014_02_21_Instance_10000">Mike Bada, University of Colorado Anschutz Medical Campus</annotator>
    <span start="16315" end="16318" />
    <spannedText>PMN</spannedText>
  </annotation>
  <annotation>
    <mention id="CL_basic_2014_02_21_Instance_41110" />
    <annotator id="CL_basic_2014_02_21_Instance_10000">Mike Bada, University of Colorado Anschutz Medical Campus</annotator>
    <span start="19122" end="19126" />
    <spannedText>PMNs</spannedText>
  </annotation>
  <annotation>
    <mention id="CL_basic_2014_02_21_Instance_41113" />
    <annotator id="CL_basic_2014_02_21_Instance_10000">Mike Bada, University of Colorado Anschutz Medical Campus</annotator>
    <span start="23814" end="23831" />
    <spannedText>inflammatory cell</spannedText>
  </annotation>
  <annotation>
    <mention id="CL_basic_2014_02_21_Instance_41119" />
    <annotator id="CL_basic_2014_02_21_Instance_10000">Mike Bada, University of Colorado Anschutz Medical Campus</annotator>
    <span start="25834" end="25838" />
    <spannedText>PMNs</spannedText>
  </annotation>
  <annotation>
    <mention id="CL_basic_2014_02_21_Instance_41125" />
    <annotator id="CL_basic_2014_02_21_Instance_10000">Mike Bada, University of Colorado Anschutz Medical Campus</annotator>
    <span start="26104" end="26107" />
    <spannedText>PMN</spannedText>
  </annotation>
  <annotation>
    <mention id="CL_basic_2014_02_21_Instance_41131" />
    <annotator id="CL_basic_2014_02_21_Instance_10000">Mike Bada, University of Colorado Anschutz Medical Campus</annotator>
    <span start="26135" end="26139" />
    <spannedText>PMNs</spannedText>
  </annotation>
  <annotation>
    <mention id="CL_basic_2014_02_21_Instance_41137" />
    <annotator id="CL_basic_2014_02_21_Instance_10000">Mike Bada, University of Colorado Anschutz Medical Campus</annotator>
    <span start="26276" end="26280" />
    <spannedText>PMNs</spannedText>
  </annotation>
  <annotation>
    <mention id="CL_basic_2014_02_21_Instance_41143" />
    <annotator id="CL_basic_2014_02_21_Instance_10000">Mike Bada, University of Colorado Anschutz Medical Campus</annotator>
    <span start="26372" end="26376" />
    <spannedText>PMNs</spannedText>
  </annotation>
  <annotation>
    <mention id="CL_basic_2014_02_21_Instance_41149" />
    <annotator id="CL_basic_2014_02_21_Instance_10000">Mike Bada, University of Colorado Anschutz Medical Campus</annotator>
    <span start="26497" end="26501" />
    <spannedText>PMNs</spannedText>
  </annotation>
  <annotation>
    <mention id="CL_basic_2014_02_21_Instance_41155" />
    <annotator id="CL_basic_2014_02_21_Instance_10000">Mike Bada, University of Colorado Anschutz Medical Campus</annotator>
    <span start="26626" end="26630" />
    <spannedText>PMNs</spannedText>
  </annotation>
  <annotation>
    <mention id="CL_basic_2014_02_21_Instance_41161" />
    <annotator id="CL_basic_2014_02_21_Instance_10000">Mike Bada, University of Colorado Anschutz Medical Campus</annotator>
    <span start="26652" end="26656" />
    <spannedText>PMNs</spannedText>
  </annotation>
  <annotation>
    <mention id="CL_basic_2014_02_21_Instance_41169" />
    <annotator id="CL_basic_2014_02_21_Instance_10000">Mike Bada, University of Colorado Anschutz Medical Campus</annotator>
    <span start="26920" end="26923" />
    <spannedText>PMN</spannedText>
  </annotation>
  <annotation>
    <mention id="CL_basic_2014_02_21_Instance_41176" />
    <annotator id="CL_basic_2014_02_21_Instance_10000">Mike Bada, University of Colorado Anschutz Medical Campus</annotator>
    <span start="27832" end="27836" />
    <spannedText>PMNs</spannedText>
  </annotation>
  <annotation>
    <mention id="CL_basic_2014_02_21_Instance_41181" />
    <annotator id="CL_basic_2014_02_21_Instance_10000">Mike Bada, University of Colorado Anschutz Medical Campus</annotator>
    <span start="31332" end="31336" />
    <spannedText>PMNs</spannedText>
  </annotation>
  <classMention id="CL_basic_2014_02_21_Instance_17211">
    <mentionClass id="CL:0000235">macrophage</mentionClass>
  </classMention>
  <classMention id="CL_basic_2014_02_21_Instance_17223">
    <mentionClass id="CL:0000235">macrophage</mentionClass>
  </classMention>
  <classMention id="CL_basic_2014_02_21_Instance_17229">
    <mentionClass id="CL:0000235">macrophage</mentionClass>
  </classMention>
  <classMention id="CL_basic_2014_02_21_Instance_17215">
    <mentionClass id="CL:0000235">macrophage</mentionClass>
  </classMention>
  <classMention id="CL_basic_2014_02_21_Instance_17219">
    <mentionClass id="CL:0000235">macrophage</mentionClass>
  </classMention>
  <classMention id="CL_basic_2014_02_21_Instance_17237">
    <mentionClass id="CL_GO_EXT:cell">cell</mentionClass>
  </classMention>
  <classMention id="CL_basic_2014_02_21_Instance_17241">
    <mentionClass id="CL:0000235">macrophage</mentionClass>
  </classMention>
  <classMention id="CL_basic_2014_02_21_Instance_17233">
    <mentionClass id="CL:0000235">macrophage</mentionClass>
  </classMention>
  <classMention id="CL_basic_2014_02_21_Instance_17235">
    <mentionClass id="CL_GO_EXT:cell">cell</mentionClass>
  </classMention>
  <classMention id="CL_basic_2014_02_21_Instance_17253">
    <mentionClass id="CL:0000235">macrophage</mentionClass>
  </classMention>
  <classMention id="CL_basic_2014_02_21_Instance_17257">
    <mentionClass id="CL:0000235">macrophage</mentionClass>
  </classMention>
  <classMention id="CL_basic_2014_02_21_Instance_17245">
    <mentionClass id="CL:0000235">macrophage</mentionClass>
  </classMention>
  <classMention id="CL_basic_2014_02_21_Instance_17249">
    <mentionClass id="CL:0000235">macrophage</mentionClass>
  </classMention>
  <classMention id="CL_basic_2014_02_21_Instance_17269">
    <mentionClass id="CL_GO_EXT:cell">cell</mentionClass>
  </classMention>
  <classMention id="CL_basic_2014_02_21_Instance_41014">
    <mentionClass id="CL:0000094">granulocyte</mentionClass>
  </classMention>
  <classMention id="CL_basic_2014_02_21_Instance_17273">
    <mentionClass id="CL:0000235">macrophage</mentionClass>
  </classMention>
  <classMention id="CL_basic_2014_02_21_Instance_17261">
    <mentionClass id="CL:0000235">macrophage</mentionClass>
  </classMention>
  <classMention id="CL_basic_2014_02_21_Instance_17265">
    <mentionClass id="CL:0000235">macrophage</mentionClass>
  </classMention>
  <classMention id="CL_basic_2014_02_21_Instance_41033">
    <mentionClass id="CL:0000094">granulocyte</mentionClass>
  </classMention>
  <classMention id="CL_basic_2014_02_21_Instance_17293">
    <mentionClass id="CL:0000084">T cell</mentionClass>
  </classMention>
  <classMention id="CL_basic_2014_02_21_Instance_41039">
    <mentionClass id="CL:0000094">granulocyte</mentionClass>
  </classMention>
  <classMention id="CL_basic_2014_02_21_Instance_17297">
    <mentionClass id="CL_GO_EXT:cell">cell</mentionClass>
  </classMention>
  <classMention id="CL_basic_2014_02_21_Instance_41020">
    <mentionClass id="CL:0000094">granulocyte</mentionClass>
  </classMention>
  <classMention id="CL_basic_2014_02_21_Instance_17283">
    <mentionClass id="CL_GO_EXT:cell">cell</mentionClass>
  </classMention>
  <classMention id="CL_basic_2014_02_21_Instance_41027">
    <mentionClass id="CL:0000094">granulocyte</mentionClass>
  </classMention>
  <classMention id="CL_basic_2014_02_21_Instance_17291">
    <mentionClass id="CL:0000451">dendritic cell</mentionClass>
  </classMention>
  <classMention id="CL_basic_2014_02_21_Instance_41055">
    <mentionClass id="CL:0000094">granulocyte</mentionClass>
  </classMention>
  <classMention id="CL_basic_2014_02_21_Instance_17303">
    <mentionClass id="CL:0000235">macrophage</mentionClass>
  </classMention>
  <classMention id="CL_basic_2014_02_21_Instance_24169">
    <mentionClass id="CL:0000235">macrophage</mentionClass>
  </classMention>
  <classMention id="CL_basic_2014_02_21_Instance_41062">
    <mentionClass id="CL:0000094">granulocyte</mentionClass>
  </classMention>
  <classMention id="CL_basic_2014_02_21_Instance_17307">
    <mentionClass id="CL:0000235">macrophage</mentionClass>
  </classMention>
  <classMention id="CL_basic_2014_02_21_Instance_41046">
    <mentionClass id="CL:0000094">granulocyte</mentionClass>
  </classMention>
  <classMention id="CL_basic_2014_02_21_Instance_17299">
    <mentionClass id="CL:0000235">macrophage</mentionClass>
  </classMention>
  <classMention id="CL_basic_2014_02_21_Instance_41049">
    <mentionClass id="CL:0000094">granulocyte</mentionClass>
  </classMention>
  <classMention id="CL_basic_2014_02_21_Instance_17301">
    <mentionClass id="CL:0000235">macrophage</mentionClass>
  </classMention>
  <classMention id="CL_basic_2014_02_21_Instance_41080">
    <mentionClass id="CL:0000094">granulocyte</mentionClass>
  </classMention>
  <classMention id="CL_basic_2014_02_21_Instance_41086">
    <mentionClass id="CL:0000094">granulocyte</mentionClass>
  </classMention>
  <classMention id="CL_basic_2014_02_21_Instance_24171">
    <mentionClass id="CL:0000233">platelet</mentionClass>
  </classMention>
  <classMention id="CL_basic_2014_02_21_Instance_41068">
    <mentionClass id="CL:0000094">granulocyte</mentionClass>
  </classMention>
  <classMention id="CL_basic_2014_02_21_Instance_17309">
    <mentionClass id="CL_GO_EXT:cell">cell</mentionClass>
  </classMention>
  <classMention id="CL_basic_2014_02_21_Instance_24173">
    <mentionClass id="CL_GO_EXT:cell">cell</mentionClass>
  </classMention>
  <classMention id="CL_basic_2014_02_21_Instance_41074">
    <mentionClass id="CL:0000094">granulocyte</mentionClass>
  </classMention>
  <classMention id="CL_basic_2014_02_21_Instance_17313">
    <mentionClass id="CL:0000235">macrophage</mentionClass>
  </classMention>
  <classMention id="CL_basic_2014_02_21_Instance_41104">
    <mentionClass id="CL:0000094">granulocyte</mentionClass>
  </classMention>
  <classMention id="CL_basic_2014_02_21_Instance_41110">
    <mentionClass id="CL:0000094">granulocyte</mentionClass>
  </classMention>
  <classMention id="CL_basic_2014_02_21_Instance_41092">
    <mentionClass id="CL:0000094">granulocyte</mentionClass>
  </classMention>
  <classMention id="CL_basic_2014_02_21_Instance_41098">
    <mentionClass id="CL:0000094">granulocyte</mentionClass>
  </classMention>
  <classMention id="CL_basic_2014_02_21_Instance_41125">
    <mentionClass id="CL:0000094">granulocyte</mentionClass>
  </classMention>
  <classMention id="CL_basic_2014_02_21_Instance_41131">
    <mentionClass id="CL:0000094">granulocyte</mentionClass>
  </classMention>
  <classMention id="CL_basic_2014_02_21_Instance_41113">
    <mentionClass id="CL:0009002">inflammatory cell</mentionClass>
  </classMention>
  <classMention id="CL_basic_2014_02_21_Instance_41119">
    <mentionClass id="CL:0000094">granulocyte</mentionClass>
  </classMention>
  <classMention id="CL_basic_2014_02_21_Instance_41149">
    <mentionClass id="CL:0000094">granulocyte</mentionClass>
  </classMention>
  <classMention id="CL_basic_2014_02_21_Instance_41155">
    <mentionClass id="CL:0000094">granulocyte</mentionClass>
  </classMention>
  <classMention id="CL_basic_2014_02_21_Instance_41137">
    <mentionClass id="CL:0000094">granulocyte</mentionClass>
  </classMention>
  <classMention id="CL_basic_2014_02_21_Instance_41143">
    <mentionClass id="CL:0000094">granulocyte</mentionClass>
  </classMention>
  <classMention id="CL_basic_2014_02_21_Instance_41176">
    <mentionClass id="CL:0000094">granulocyte</mentionClass>
  </classMention>
  <classMention id="CL_basic_2014_02_21_Instance_41181">
    <mentionClass id="CL:0000094">granulocyte</mentionClass>
  </classMention>
  <classMention id="CL_basic_2014_02_21_Instance_41161">
    <mentionClass id="CL:0000094">granulocyte</mentionClass>
  </classMention>
  <classMention id="CL_basic_2014_02_21_Instance_41169">
    <mentionClass id="CL:0000094">granulocyte</mentionClass>
  </classMention>
</annotations>

