<?xml version="1.0" encoding="UTF-8"?>
<annotations textSource="16109169.txt">
  <annotation>
    <mention id="CL_basic_2014_02_21_Instance_11439" />
    <annotator id="CL_basic_2014_02_21_Instance_10000">Mike Bada, University of Colorado Anschutz Medical Campus</annotator>
    <span start="20692" end="20712" />
    <spannedText>Primitive germ cells</spannedText>
  </annotation>
  <annotation>
    <mention id="CL_basic_2014_02_21_Instance_11441" />
    <annotator id="CL_basic_2014_02_21_Instance_10000">Mike Bada, University of Colorado Anschutz Medical Campus</annotator>
    <span start="22640" end="22644" />
    <spannedText>PGCs</spannedText>
  </annotation>
  <annotation>
    <mention id="CL_basic_2014_02_21_Instance_11443" />
    <annotator id="CL_basic_2014_02_21_Instance_10000">Mike Bada, University of Colorado Anschutz Medical Campus</annotator>
    <span start="22692" end="22696" />
    <spannedText>PGCs</spannedText>
  </annotation>
  <annotation>
    <mention id="CL_basic_2014_02_21_Instance_11445" />
    <annotator id="CL_basic_2014_02_21_Instance_10000">Mike Bada, University of Colorado Anschutz Medical Campus</annotator>
    <span start="22905" end="22909" />
    <spannedText>PCGs</spannedText>
  </annotation>
  <annotation>
    <mention id="CL_basic_2014_02_21_Instance_11447" />
    <annotator id="CL_basic_2014_02_21_Instance_10000">Mike Bada, University of Colorado Anschutz Medical Campus</annotator>
    <span start="27546" end="27550" />
    <spannedText>PCGs</spannedText>
  </annotation>
  <annotation>
    <mention id="CL_basic_2014_02_21_Instance_11449" />
    <annotator id="CL_basic_2014_02_21_Instance_10000">Mike Bada, University of Colorado Anschutz Medical Campus</annotator>
    <span start="33804" end="33808" />
    <spannedText>PCGs</spannedText>
  </annotation>
  <annotation>
    <mention id="CL_basic_2014_02_21_Instance_11451" />
    <annotator id="CL_basic_2014_02_21_Instance_10000">Mike Bada, University of Colorado Anschutz Medical Campus</annotator>
    <span start="34707" end="34711" />
    <spannedText>PCGs</spannedText>
  </annotation>
  <annotation>
    <mention id="CL_basic_2014_02_21_Instance_12631" />
    <annotator id="CL_basic_2014_02_21_Instance_10000">Mike Bada, University of Colorado Anschutz Medical Campus</annotator>
    <span start="1811" end="1819" />
    <spannedText>cellular</spannedText>
  </annotation>
  <annotation>
    <mention id="CL_basic_2014_02_21_Instance_12801" />
    <annotator id="CL_basic_2014_02_21_Instance_10000">Mike Bada, University of Colorado Anschutz Medical Campus</annotator>
    <span start="4775" end="4780" />
    <spannedText>cells</spannedText>
  </annotation>
  <annotation>
    <mention id="CL_basic_2014_02_21_Instance_12877" />
    <annotator id="CL_basic_2014_02_21_Instance_10000">Mike Bada, University of Colorado Anschutz Medical Campus</annotator>
    <span start="4825" end="4829" />
    <spannedText>cell</spannedText>
  </annotation>
  <annotation>
    <mention id="CL_basic_2014_02_21_Instance_12879" />
    <annotator id="CL_basic_2014_02_21_Instance_10000">Mike Bada, University of Colorado Anschutz Medical Campus</annotator>
    <span start="2614" end="2627" />
    <spannedText>neuronal cell</spannedText>
  </annotation>
  <annotation>
    <mention id="CL_basic_2014_02_21_Instance_12883" />
    <annotator id="CL_basic_2014_02_21_Instance_10000">Mike Bada, University of Colorado Anschutz Medical Campus</annotator>
    <span start="2753" end="2757" />
    <spannedText>cell</spannedText>
  </annotation>
  <annotation>
    <mention id="CL_basic_2014_02_21_Instance_12885" />
    <annotator id="CL_basic_2014_02_21_Instance_10000">Mike Bada, University of Colorado Anschutz Medical Campus</annotator>
    <span start="3269" end="3277" />
    <spannedText>cellular</spannedText>
  </annotation>
  <annotation>
    <mention id="CL_basic_2014_02_21_Instance_12887" />
    <annotator id="CL_basic_2014_02_21_Instance_10000">Mike Bada, University of Colorado Anschutz Medical Campus</annotator>
    <span start="3581" end="3589" />
    <spannedText>cellular</spannedText>
  </annotation>
  <annotation>
    <mention id="CL_basic_2014_02_21_Instance_12889" />
    <annotator id="CL_basic_2014_02_21_Instance_10000">Mike Bada, University of Colorado Anschutz Medical Campus</annotator>
    <span start="3855" end="3859" />
    <spannedText>cell</spannedText>
  </annotation>
  <annotation>
    <mention id="CL_basic_2014_02_21_Instance_12893" />
    <annotator id="CL_basic_2014_02_21_Instance_10000">Mike Bada, University of Colorado Anschutz Medical Campus</annotator>
    <span start="3934" end="3941" />
    <spannedText>neurons</spannedText>
  </annotation>
  <annotation>
    <mention id="CL_basic_2014_02_21_Instance_12899" />
    <annotator id="CL_basic_2014_02_21_Instance_10000">Mike Bada, University of Colorado Anschutz Medical Campus</annotator>
    <span start="8138" end="8146" />
    <span start="8153" end="8158" />
    <spannedText>endoderm ... cells</spannedText>
  </annotation>
  <annotation>
    <mention id="CL_basic_2014_02_21_Instance_12901" />
    <annotator id="CL_basic_2014_02_21_Instance_10000">Mike Bada, University of Colorado Anschutz Medical Campus</annotator>
    <span start="10555" end="10560" />
    <spannedText>cells</spannedText>
  </annotation>
  <annotation>
    <mention id="CL_basic_2014_02_21_Instance_12903" />
    <annotator id="CL_basic_2014_02_21_Instance_10000">Mike Bada, University of Colorado Anschutz Medical Campus</annotator>
    <span start="10653" end="10658" />
    <spannedText>cells</spannedText>
  </annotation>
  <annotation>
    <mention id="CL_basic_2014_02_21_Instance_12905" />
    <annotator id="CL_basic_2014_02_21_Instance_10000">Mike Bada, University of Colorado Anschutz Medical Campus</annotator>
    <span start="10949" end="10954" />
    <spannedText>cells</spannedText>
  </annotation>
  <annotation>
    <mention id="CL_basic_2014_02_21_Instance_12907" />
    <annotator id="CL_basic_2014_02_21_Instance_10000">Mike Bada, University of Colorado Anschutz Medical Campus</annotator>
    <span start="12687" end="12692" />
    <spannedText>cells</spannedText>
  </annotation>
  <annotation>
    <mention id="CL_basic_2014_02_21_Instance_12909" />
    <annotator id="CL_basic_2014_02_21_Instance_10000">Mike Bada, University of Colorado Anschutz Medical Campus</annotator>
    <span start="12990" end="12995" />
    <spannedText>cells</spannedText>
  </annotation>
  <annotation>
    <mention id="CL_basic_2014_02_21_Instance_12911" />
    <annotator id="CL_basic_2014_02_21_Instance_10000">Mike Bada, University of Colorado Anschutz Medical Campus</annotator>
    <span start="13621" end="13626" />
    <spannedText>cells</spannedText>
  </annotation>
  <annotation>
    <mention id="CL_basic_2014_02_21_Instance_12913" />
    <annotator id="CL_basic_2014_02_21_Instance_10000">Mike Bada, University of Colorado Anschutz Medical Campus</annotator>
    <span start="15906" end="15911" />
    <spannedText>cells</spannedText>
  </annotation>
  <annotation>
    <mention id="CL_basic_2014_02_21_Instance_12915" />
    <annotator id="CL_basic_2014_02_21_Instance_10000">Mike Bada, University of Colorado Anschutz Medical Campus</annotator>
    <span start="16176" end="16180" />
    <spannedText>cell</spannedText>
  </annotation>
  <annotation>
    <mention id="CL_basic_2014_02_21_Instance_12917" />
    <annotator id="CL_basic_2014_02_21_Instance_10000">Mike Bada, University of Colorado Anschutz Medical Campus</annotator>
    <span start="16614" end="16618" />
    <spannedText>cell</spannedText>
  </annotation>
  <annotation>
    <mention id="CL_basic_2014_02_21_Instance_12919" />
    <annotator id="CL_basic_2014_02_21_Instance_10000">Mike Bada, University of Colorado Anschutz Medical Campus</annotator>
    <span start="16871" end="16876" />
    <spannedText>cells</spannedText>
  </annotation>
  <annotation>
    <mention id="CL_basic_2014_02_21_Instance_12921" />
    <annotator id="CL_basic_2014_02_21_Instance_10000">Mike Bada, University of Colorado Anschutz Medical Campus</annotator>
    <span start="17982" end="17987" />
    <spannedText>cells</spannedText>
  </annotation>
  <annotation>
    <mention id="CL_basic_2014_02_21_Instance_12923" />
    <annotator id="CL_basic_2014_02_21_Instance_10000">Mike Bada, University of Colorado Anschutz Medical Campus</annotator>
    <span start="19048" end="19062" />
    <spannedText>endoderm cells</spannedText>
  </annotation>
  <annotation>
    <mention id="CL_basic_2014_02_21_Instance_12925" />
    <annotator id="CL_basic_2014_02_21_Instance_10000">Mike Bada, University of Colorado Anschutz Medical Campus</annotator>
    <span start="22617" end="22638" />
    <spannedText>primordial germ cells</spannedText>
  </annotation>
  <annotation>
    <mention id="CL_basic_2014_02_21_Instance_12927" />
    <annotator id="CL_basic_2014_02_21_Instance_10000">Mike Bada, University of Colorado Anschutz Medical Campus</annotator>
    <span start="24806" end="24814" />
    <spannedText>cellular</spannedText>
  </annotation>
  <annotation>
    <mention id="CL_basic_2014_02_21_Instance_12929" />
    <annotator id="CL_basic_2014_02_21_Instance_10000">Mike Bada, University of Colorado Anschutz Medical Campus</annotator>
    <span start="25891" end="25912" />
    <spannedText>primordial germ cells</spannedText>
  </annotation>
  <annotation>
    <mention id="CL_basic_2014_02_21_Instance_12931" />
    <annotator id="CL_basic_2014_02_21_Instance_10000">Mike Bada, University of Colorado Anschutz Medical Campus</annotator>
    <span start="28223" end="28243" />
    <spannedText>extraembryonic cells</spannedText>
  </annotation>
  <annotation>
    <mention id="CL_basic_2014_02_21_Instance_12933" />
    <annotator id="CL_basic_2014_02_21_Instance_10000">Mike Bada, University of Colorado Anschutz Medical Campus</annotator>
    <span start="30468" end="30475" />
    <spannedText>neurons</spannedText>
  </annotation>
  <annotation>
    <mention id="CL_basic_2014_02_21_Instance_12935" />
    <annotator id="CL_basic_2014_02_21_Instance_10000">Mike Bada, University of Colorado Anschutz Medical Campus</annotator>
    <span start="30915" end="30919" />
    <spannedText>cell</spannedText>
  </annotation>
  <annotation>
    <mention id="CL_basic_2014_02_21_Instance_12937" />
    <annotator id="CL_basic_2014_02_21_Instance_10000">Mike Bada, University of Colorado Anschutz Medical Campus</annotator>
    <span start="31307" end="31315" />
    <spannedText>cellular</spannedText>
  </annotation>
  <annotation>
    <mention id="CL_basic_2014_02_21_Instance_12939" />
    <annotator id="CL_basic_2014_02_21_Instance_10000">Mike Bada, University of Colorado Anschutz Medical Campus</annotator>
    <span start="31862" end="31870" />
    <spannedText>cellular</spannedText>
  </annotation>
  <annotation>
    <mention id="CL_basic_2014_02_21_Instance_12941" />
    <annotator id="CL_basic_2014_02_21_Instance_10000">Mike Bada, University of Colorado Anschutz Medical Campus</annotator>
    <span start="33781" end="33802" />
    <spannedText>Primordial Germ Cells</spannedText>
  </annotation>
  <annotation>
    <mention id="CL_basic_2014_02_21_Instance_12943" />
    <annotator id="CL_basic_2014_02_21_Instance_10000">Mike Bada, University of Colorado Anschutz Medical Campus</annotator>
    <span start="34713" end="34734" />
    <spannedText>primordial germ cells</spannedText>
  </annotation>
  <annotation>
    <mention id="CL_basic_2014_02_21_Instance_12945" />
    <annotator id="CL_basic_2014_02_21_Instance_10000">Mike Bada, University of Colorado Anschutz Medical Campus</annotator>
    <span start="2093" end="2100" />
    <spannedText>neurons</spannedText>
  </annotation>
  <annotation>
    <mention id="CL_basic_2014_02_21_Instance_41212" />
    <annotator id="CL_basic_2014_02_21_Instance_10000">Mike Bada, University of Colorado Anschutz Medical Campus</annotator>
    <span start="2500" end="2516" />
    <spannedText>striatal neurons</spannedText>
  </annotation>
  <annotation>
    <mention id="CL_basic_2014_02_21_Instance_41216" />
    <annotator id="CL_basic_2014_02_21_Instance_10000">Mike Bada, University of Colorado Anschutz Medical Campus</annotator>
    <span start="3909" end="3929" />
    <spannedText>embryonic stem cells</spannedText>
  </annotation>
  <annotation>
    <mention id="CL_basic_2014_02_21_Instance_41218" />
    <annotator id="CL_basic_2014_02_21_Instance_10000">Mike Bada, University of Colorado Anschutz Medical Campus</annotator>
    <span start="5473" end="5493" />
    <spannedText>embryonic stem cells</spannedText>
  </annotation>
  <annotation>
    <mention id="CL_basic_2014_02_21_Instance_41220" />
    <annotator id="CL_basic_2014_02_21_Instance_10000">Mike Bada, University of Colorado Anschutz Medical Campus</annotator>
    <span start="20714" end="20718" />
    <spannedText>PCGs</spannedText>
  </annotation>
  <annotation>
    <mention id="CL_basic_2014_02_21_plus_nested_Instance_50738" />
    <annotator id="CL_basic_2014_02_21_Instance_10000">Mike Bada, University of Colorado Anschutz Medical Campus</annotator>
    <span start="2894" end="2902" />
    <spannedText>cellular</spannedText>
  </annotation>
  <annotation>
    <mention id="CL_basic_2014_02_21_plus_nested_Instance_50743" />
    <annotator id="CL_basic_2014_02_21_Instance_10000">Mike Bada, University of Colorado Anschutz Medical Campus</annotator>
    <span start="3066" end="3074" />
    <spannedText>cellular</spannedText>
  </annotation>
  <classMention id="CL_basic_2014_02_21_Instance_11443">
    <mentionClass id="CL:0000670">primordial germ cell</mentionClass>
  </classMention>
  <classMention id="CL_basic_2014_02_21_Instance_12883">
    <mentionClass id="CL_GO_EXT:cell">cell</mentionClass>
  </classMention>
  <classMention id="CL_basic_2014_02_21_Instance_11445">
    <mentionClass id="CL:0000670">primordial germ cell</mentionClass>
  </classMention>
  <classMention id="CL_basic_2014_02_21_Instance_12885">
    <mentionClass id="CL_GO_EXT:cell">cell</mentionClass>
  </classMention>
  <classMention id="CL_basic_2014_02_21_Instance_11439">
    <mentionClass id="CL:0000670">primordial germ cell</mentionClass>
  </classMention>
  <classMention id="CL_basic_2014_02_21_Instance_12877">
    <mentionClass id="CL_GO_EXT:cell">cell</mentionClass>
  </classMention>
  <classMention id="CL_basic_2014_02_21_Instance_41220">
    <mentionClass id="CL:0000670">primordial germ cell</mentionClass>
  </classMention>
  <classMention id="CL_basic_2014_02_21_Instance_11441">
    <mentionClass id="CL:0000670">primordial germ cell</mentionClass>
  </classMention>
  <classMention id="CL_basic_2014_02_21_Instance_12879">
    <mentionClass id="CL:0000540">neuron</mentionClass>
  </classMention>
  <classMention id="CL_basic_2014_02_21_Instance_11451">
    <mentionClass id="CL:0000670">primordial germ cell</mentionClass>
  </classMention>
  <classMention id="CL_basic_2014_02_21_Instance_12893">
    <mentionClass id="CL:0000540">neuron</mentionClass>
  </classMention>
  <classMention id="CL_basic_2014_02_21_plus_nested_Instance_50738">
    <mentionClass id="CL_GO_EXT:cell">cell</mentionClass>
  </classMention>
  <classMention id="CL_basic_2014_02_21_Instance_11447">
    <mentionClass id="CL:0000670">primordial germ cell</mentionClass>
  </classMention>
  <classMention id="CL_basic_2014_02_21_Instance_12887">
    <mentionClass id="CL_GO_EXT:cell">cell</mentionClass>
  </classMention>
  <classMention id="CL_basic_2014_02_21_Instance_11449">
    <mentionClass id="CL:0000670">primordial germ cell</mentionClass>
  </classMention>
  <classMention id="CL_basic_2014_02_21_Instance_12889">
    <mentionClass id="CL_GO_EXT:cell">cell</mentionClass>
  </classMention>
  <classMention id="CL_basic_2014_02_21_Instance_12903">
    <mentionClass id="CL_GO_EXT:cell">cell</mentionClass>
  </classMention>
  <classMention id="CL_basic_2014_02_21_Instance_12631">
    <mentionClass id="CL_GO_EXT:cell">cell</mentionClass>
  </classMention>
  <classMention id="CL_basic_2014_02_21_Instance_12905">
    <mentionClass id="CL_GO_EXT:cell">cell</mentionClass>
  </classMention>
  <classMention id="CL_basic_2014_02_21_Instance_12899">
    <mentionClass id="CL:0000223">endodermal cell</mentionClass>
  </classMention>
  <classMention id="CL_basic_2014_02_21_plus_nested_Instance_50743">
    <mentionClass id="CL_GO_EXT:cell">cell</mentionClass>
  </classMention>
  <classMention id="CL_basic_2014_02_21_Instance_12901">
    <mentionClass id="CL_GO_EXT:cell">cell</mentionClass>
  </classMention>
  <classMention id="CL_basic_2014_02_21_Instance_12911">
    <mentionClass id="CL_GO_EXT:cell">cell</mentionClass>
  </classMention>
  <classMention id="CL_basic_2014_02_21_Instance_12913">
    <mentionClass id="CL_GO_EXT:cell">cell</mentionClass>
  </classMention>
  <classMention id="CL_basic_2014_02_21_Instance_12907">
    <mentionClass id="CL_GO_EXT:cell">cell</mentionClass>
  </classMention>
  <classMention id="CL_basic_2014_02_21_Instance_12909">
    <mentionClass id="CL_GO_EXT:cell">cell</mentionClass>
  </classMention>
  <classMention id="CL_basic_2014_02_21_Instance_12919">
    <mentionClass id="CL_GO_EXT:cell">cell</mentionClass>
  </classMention>
  <classMention id="CL_basic_2014_02_21_Instance_12921">
    <mentionClass id="CL_GO_EXT:cell">cell</mentionClass>
  </classMention>
  <classMention id="CL_basic_2014_02_21_Instance_12915">
    <mentionClass id="CL_GO_EXT:cell">cell</mentionClass>
  </classMention>
  <classMention id="CL_basic_2014_02_21_Instance_12917">
    <mentionClass id="CL_GO_EXT:cell">cell</mentionClass>
  </classMention>
  <classMention id="CL_basic_2014_02_21_Instance_12927">
    <mentionClass id="CL_GO_EXT:cell">cell</mentionClass>
  </classMention>
  <classMention id="CL_basic_2014_02_21_Instance_12929">
    <mentionClass id="CL:0000670">primordial germ cell</mentionClass>
  </classMention>
  <classMention id="CL_basic_2014_02_21_Instance_12923">
    <mentionClass id="CL:0000223">endodermal cell</mentionClass>
  </classMention>
  <classMention id="CL_basic_2014_02_21_Instance_12925">
    <mentionClass id="CL:0000670">primordial germ cell</mentionClass>
  </classMention>
  <classMention id="CL_basic_2014_02_21_Instance_12935">
    <mentionClass id="CL_GO_EXT:cell">cell</mentionClass>
  </classMention>
  <classMention id="CL_basic_2014_02_21_Instance_12937">
    <mentionClass id="CL_GO_EXT:cell">cell</mentionClass>
  </classMention>
  <classMention id="CL_basic_2014_02_21_Instance_12931">
    <mentionClass id="CL:0000349">extraembryonic cell</mentionClass>
  </classMention>
  <classMention id="CL_basic_2014_02_21_Instance_12933">
    <mentionClass id="CL:0000540">neuron</mentionClass>
  </classMention>
  <classMention id="CL_basic_2014_02_21_Instance_12943">
    <mentionClass id="CL:0000670">primordial germ cell</mentionClass>
  </classMention>
  <classMention id="CL_basic_2014_02_21_Instance_41216">
    <mentionClass id="CL:0002322">embryonic stem cell</mentionClass>
  </classMention>
  <classMention id="CL_basic_2014_02_21_Instance_12801">
    <mentionClass id="CL_GO_EXT:cell">cell</mentionClass>
  </classMention>
  <classMention id="CL_basic_2014_02_21_Instance_12945">
    <mentionClass id="CL:0000540">neuron</mentionClass>
  </classMention>
  <classMention id="CL_basic_2014_02_21_Instance_41218">
    <mentionClass id="CL:0002322">embryonic stem cell</mentionClass>
  </classMention>
  <classMention id="CL_basic_2014_02_21_Instance_12939">
    <mentionClass id="CL_GO_EXT:cell">cell</mentionClass>
  </classMention>
  <classMention id="CL_basic_2014_02_21_Instance_12941">
    <mentionClass id="CL:0000670">primordial germ cell</mentionClass>
  </classMention>
  <classMention id="CL_basic_2014_02_21_Instance_41212">
    <mentionClass id="CL:0002613">striatum neuron</mentionClass>
  </classMention>
</annotations>

