<?xml version="1.0" encoding="UTF-8"?>
<annotations textSource="16362077.txt">
  <annotation>
    <mention id="CL_basic_2014_02_21_Instance_11463" />
    <annotator id="CL_basic_2014_02_21_Instance_10000">Mike Bada, University of Colorado Anschutz Medical Campus</annotator>
    <span start="22732" end="22743" />
    <span start="22770" end="22775" />
    <spannedText>mesenchymal ... cells</spannedText>
  </annotation>
  <annotation>
    <mention id="CL_basic_2014_02_21_Instance_11467" />
    <annotator id="CL_basic_2014_02_21_Instance_10000">Mike Bada, University of Colorado Anschutz Medical Campus</annotator>
    <span start="27436" end="27447" />
    <span start="27474" end="27479" />
    <spannedText>mesenchymal ... cells</spannedText>
  </annotation>
  <annotation>
    <mention id="CL_basic_2014_02_21_Instance_17913" />
    <annotator id="CL_basic_2014_02_21_Instance_10000">Mike Bada, University of Colorado Anschutz Medical Campus</annotator>
    <span start="966" end="976" />
    <spannedText>osteoblast</spannedText>
  </annotation>
  <annotation>
    <mention id="CL_basic_2014_02_21_Instance_17915" />
    <annotator id="CL_basic_2014_02_21_Instance_10000">Mike Bada, University of Colorado Anschutz Medical Campus</annotator>
    <span start="1089" end="1100" />
    <spannedText>fibroblasts</spannedText>
  </annotation>
  <annotation>
    <mention id="CL_basic_2014_02_21_Instance_17917" />
    <annotator id="CL_basic_2014_02_21_Instance_10000">Mike Bada, University of Colorado Anschutz Medical Campus</annotator>
    <span start="1185" end="1195" />
    <spannedText>adipocytes</spannedText>
  </annotation>
  <annotation>
    <mention id="CL_basic_2014_02_21_Instance_17919" />
    <annotator id="CL_basic_2014_02_21_Instance_10000">Mike Bada, University of Colorado Anschutz Medical Campus</annotator>
    <span start="1270" end="1281" />
    <spannedText>fibroblasts</spannedText>
  </annotation>
  <annotation>
    <mention id="CL_basic_2014_02_21_Instance_17921" />
    <annotator id="CL_basic_2014_02_21_Instance_10000">Mike Bada, University of Colorado Anschutz Medical Campus</annotator>
    <span start="1305" end="1314" />
    <spannedText>adipocyte</spannedText>
  </annotation>
  <annotation>
    <mention id="CL_basic_2014_02_21_Instance_17923" />
    <annotator id="CL_basic_2014_02_21_Instance_10000">Mike Bada, University of Colorado Anschutz Medical Campus</annotator>
    <span start="1435" end="1445" />
    <spannedText>adipocytes</spannedText>
  </annotation>
  <annotation>
    <mention id="CL_basic_2014_02_21_Instance_17925" />
    <annotator id="CL_basic_2014_02_21_Instance_10000">Mike Bada, University of Colorado Anschutz Medical Campus</annotator>
    <span start="1610" end="1619" />
    <spannedText>adipocyte</spannedText>
  </annotation>
  <annotation>
    <mention id="CL_basic_2014_02_21_Instance_17927" />
    <annotator id="CL_basic_2014_02_21_Instance_10000">Mike Bada, University of Colorado Anschutz Medical Campus</annotator>
    <span start="1664" end="1674" />
    <spannedText>osteoblast</spannedText>
  </annotation>
  <annotation>
    <mention id="CL_basic_2014_02_21_Instance_17931" />
    <annotator id="CL_basic_2014_02_21_Instance_10000">Mike Bada, University of Colorado Anschutz Medical Campus</annotator>
    <span start="2452" end="2462" />
    <spannedText>adipocytes</spannedText>
  </annotation>
  <annotation>
    <mention id="CL_basic_2014_02_21_Instance_17933" />
    <annotator id="CL_basic_2014_02_21_Instance_10000">Mike Bada, University of Colorado Anschutz Medical Campus</annotator>
    <span start="2519" end="2530" />
    <spannedText>osteoblasts</spannedText>
  </annotation>
  <annotation>
    <mention id="CL_basic_2014_02_21_Instance_17935" />
    <annotator id="CL_basic_2014_02_21_Instance_10000">Mike Bada, University of Colorado Anschutz Medical Campus</annotator>
    <span start="2662" end="2673" />
    <spannedText>osteoblasts</spannedText>
  </annotation>
  <annotation>
    <mention id="CL_basic_2014_02_21_Instance_17937" />
    <annotator id="CL_basic_2014_02_21_Instance_10000">Mike Bada, University of Colorado Anschutz Medical Campus</annotator>
    <span start="2838" end="2847" />
    <spannedText>stem cell</spannedText>
  </annotation>
  <annotation>
    <mention id="CL_basic_2014_02_21_Instance_17939" />
    <annotator id="CL_basic_2014_02_21_Instance_10000">Mike Bada, University of Colorado Anschutz Medical Campus</annotator>
    <span start="3070" end="3081" />
    <spannedText>osteoblasts</spannedText>
  </annotation>
  <annotation>
    <mention id="CL_basic_2014_02_21_Instance_17941" />
    <annotator id="CL_basic_2014_02_21_Instance_10000">Mike Bada, University of Colorado Anschutz Medical Campus</annotator>
    <span start="3128" end="3139" />
    <spannedText>osteoclasts</spannedText>
  </annotation>
  <annotation>
    <mention id="CL_basic_2014_02_21_Instance_17943" />
    <annotator id="CL_basic_2014_02_21_Instance_10000">Mike Bada, University of Colorado Anschutz Medical Campus</annotator>
    <span start="3266" end="3277" />
    <spannedText>osteoblasts</spannedText>
  </annotation>
  <annotation>
    <mention id="CL_basic_2014_02_21_Instance_17945" />
    <annotator id="CL_basic_2014_02_21_Instance_10000">Mike Bada, University of Colorado Anschutz Medical Campus</annotator>
    <span start="3282" end="3293" />
    <spannedText>osteoclasts</spannedText>
  </annotation>
  <annotation>
    <mention id="CL_basic_2014_02_21_Instance_17947" />
    <annotator id="CL_basic_2014_02_21_Instance_10000">Mike Bada, University of Colorado Anschutz Medical Campus</annotator>
    <span start="3390" end="3400" />
    <spannedText>osteoclast</spannedText>
  </annotation>
  <annotation>
    <mention id="CL_basic_2014_02_21_Instance_17949" />
    <annotator id="CL_basic_2014_02_21_Instance_10000">Mike Bada, University of Colorado Anschutz Medical Campus</annotator>
    <span start="3406" end="3416" />
    <spannedText>osteoblast</spannedText>
  </annotation>
  <annotation>
    <mention id="CL_basic_2014_02_21_Instance_17957" />
    <annotator id="CL_basic_2014_02_21_Instance_10000">Mike Bada, University of Colorado Anschutz Medical Campus</annotator>
    <span start="4574" end="4583" />
    <spannedText>adipocyte</spannedText>
  </annotation>
  <annotation>
    <mention id="CL_basic_2014_02_21_Instance_17959" />
    <annotator id="CL_basic_2014_02_21_Instance_10000">Mike Bada, University of Colorado Anschutz Medical Campus</annotator>
    <span start="4608" end="4618" />
    <spannedText>osteoblast</spannedText>
  </annotation>
  <annotation>
    <mention id="CL_basic_2014_02_21_Instance_17961" />
    <annotator id="CL_basic_2014_02_21_Instance_10000">Mike Bada, University of Colorado Anschutz Medical Campus</annotator>
    <span start="4721" end="4731" />
    <spannedText>adipocytes</spannedText>
  </annotation>
  <annotation>
    <mention id="CL_basic_2014_02_21_Instance_17963" />
    <annotator id="CL_basic_2014_02_21_Instance_10000">Mike Bada, University of Colorado Anschutz Medical Campus</annotator>
    <span start="4748" end="4759" />
    <spannedText>osteoblasts</spannedText>
  </annotation>
  <annotation>
    <mention id="CL_basic_2014_02_21_Instance_17965" />
    <annotator id="CL_basic_2014_02_21_Instance_10000">Mike Bada, University of Colorado Anschutz Medical Campus</annotator>
    <span start="4766" end="4777" />
    <spannedText>Osteoblasts</spannedText>
  </annotation>
  <annotation>
    <mention id="CL_basic_2014_02_21_Instance_17967" />
    <annotator id="CL_basic_2014_02_21_Instance_10000">Mike Bada, University of Colorado Anschutz Medical Campus</annotator>
    <span start="4782" end="4792" />
    <spannedText>adipocytes</spannedText>
  </annotation>
  <annotation>
    <mention id="CL_basic_2014_02_21_Instance_17969" />
    <annotator id="CL_basic_2014_02_21_Instance_10000">Mike Bada, University of Colorado Anschutz Medical Campus</annotator>
    <span start="5062" end="5066" />
    <spannedText>cell</spannedText>
  </annotation>
  <annotation>
    <mention id="CL_basic_2014_02_21_Instance_17973" />
    <annotator id="CL_basic_2014_02_21_Instance_10000">Mike Bada, University of Colorado Anschutz Medical Campus</annotator>
    <span start="5639" end="5655" />
    <spannedText>oligodendrocytes</spannedText>
  </annotation>
  <annotation>
    <mention id="CL_basic_2014_02_21_Instance_17975" />
    <annotator id="CL_basic_2014_02_21_Instance_10000">Mike Bada, University of Colorado Anschutz Medical Campus</annotator>
    <span start="5765" end="5776" />
    <spannedText>glial cells</spannedText>
  </annotation>
  <annotation>
    <mention id="CL_basic_2014_02_21_Instance_17977" />
    <annotator id="CL_basic_2014_02_21_Instance_10000">Mike Bada, University of Colorado Anschutz Medical Campus</annotator>
    <span start="5789" end="5796" />
    <spannedText>neurons</spannedText>
  </annotation>
  <annotation>
    <mention id="CL_basic_2014_02_21_Instance_17979" />
    <annotator id="CL_basic_2014_02_21_Instance_10000">Mike Bada, University of Colorado Anschutz Medical Campus</annotator>
    <span start="5847" end="5851" />
    <spannedText>cell</spannedText>
  </annotation>
  <annotation>
    <mention id="CL_basic_2014_02_21_Instance_17981" />
    <annotator id="CL_basic_2014_02_21_Instance_10000">Mike Bada, University of Colorado Anschutz Medical Campus</annotator>
    <span start="5956" end="5966" />
    <spannedText>stem cells</spannedText>
  </annotation>
  <annotation>
    <mention id="CL_basic_2014_02_21_Instance_17985" />
    <annotator id="CL_basic_2014_02_21_Instance_10000">Mike Bada, University of Colorado Anschutz Medical Campus</annotator>
    <span start="6977" end="6982" />
    <spannedText>cells</spannedText>
  </annotation>
  <annotation>
    <mention id="CL_basic_2014_02_21_Instance_17987" />
    <annotator id="CL_basic_2014_02_21_Instance_10000">Mike Bada, University of Colorado Anschutz Medical Campus</annotator>
    <span start="7165" end="7176" />
    <spannedText>fibroblasts</spannedText>
  </annotation>
  <annotation>
    <mention id="CL_basic_2014_02_21_Instance_17989" />
    <annotator id="CL_basic_2014_02_21_Instance_10000">Mike Bada, University of Colorado Anschutz Medical Campus</annotator>
    <span start="7238" end="7248" />
    <spannedText>adipocytes</spannedText>
  </annotation>
  <annotation>
    <mention id="CL_basic_2014_02_21_Instance_17993" />
    <annotator id="CL_basic_2014_02_21_Instance_10000">Mike Bada, University of Colorado Anschutz Medical Campus</annotator>
    <span start="8096" end="8101" />
    <spannedText>cells</spannedText>
  </annotation>
  <annotation>
    <mention id="CL_basic_2014_02_21_Instance_17995" />
    <annotator id="CL_basic_2014_02_21_Instance_10000">Mike Bada, University of Colorado Anschutz Medical Campus</annotator>
    <span start="8181" end="8193" />
    <spannedText>chondrocytes</spannedText>
  </annotation>
  <annotation>
    <mention id="CL_basic_2014_02_21_Instance_17997" />
    <annotator id="CL_basic_2014_02_21_Instance_10000">Mike Bada, University of Colorado Anschutz Medical Campus</annotator>
    <span start="8471" end="8483" />
    <spannedText>chondrocytes</spannedText>
  </annotation>
  <annotation>
    <mention id="CL_basic_2014_02_21_Instance_17999" />
    <annotator id="CL_basic_2014_02_21_Instance_10000">Mike Bada, University of Colorado Anschutz Medical Campus</annotator>
    <span start="8488" end="8513" />
    <spannedText>hypertrophic chondrocytes</spannedText>
  </annotation>
  <annotation>
    <mention id="CL_basic_2014_02_21_Instance_18001" />
    <annotator id="CL_basic_2014_02_21_Instance_10000">Mike Bada, University of Colorado Anschutz Medical Campus</annotator>
    <span start="8539" end="8550" />
    <spannedText>osteoblasts</spannedText>
  </annotation>
  <annotation>
    <mention id="CL_basic_2014_02_21_Instance_18003" />
    <annotator id="CL_basic_2014_02_21_Instance_10000">Mike Bada, University of Colorado Anschutz Medical Campus</annotator>
    <span start="8581" end="8592" />
    <spannedText>osteoclasts</spannedText>
  </annotation>
  <annotation>
    <mention id="CL_basic_2014_02_21_Instance_18005" />
    <annotator id="CL_basic_2014_02_21_Instance_10000">Mike Bada, University of Colorado Anschutz Medical Campus</annotator>
    <span start="14169" end="14179" />
    <spannedText>osteoblast</spannedText>
  </annotation>
  <annotation>
    <mention id="CL_basic_2014_02_21_Instance_18007" />
    <annotator id="CL_basic_2014_02_21_Instance_10000">Mike Bada, University of Colorado Anschutz Medical Campus</annotator>
    <span start="14184" end="14194" />
    <spannedText>osteoclast</spannedText>
  </annotation>
  <annotation>
    <mention id="CL_basic_2014_02_21_Instance_18009" />
    <annotator id="CL_basic_2014_02_21_Instance_10000">Mike Bada, University of Colorado Anschutz Medical Campus</annotator>
    <span start="14335" end="14346" />
    <spannedText>osteoblasts</spannedText>
  </annotation>
  <annotation>
    <mention id="CL_basic_2014_02_21_Instance_18011" />
    <annotator id="CL_basic_2014_02_21_Instance_10000">Mike Bada, University of Colorado Anschutz Medical Campus</annotator>
    <span start="14455" end="14466" />
    <spannedText>osteoclasts</spannedText>
  </annotation>
  <annotation>
    <mention id="CL_basic_2014_02_21_Instance_18013" />
    <annotator id="CL_basic_2014_02_21_Instance_10000">Mike Bada, University of Colorado Anschutz Medical Campus</annotator>
    <span start="14611" end="14616" />
    <spannedText>cells</spannedText>
  </annotation>
  <annotation>
    <mention id="CL_basic_2014_02_21_Instance_18015" />
    <annotator id="CL_basic_2014_02_21_Instance_10000">Mike Bada, University of Colorado Anschutz Medical Campus</annotator>
    <span start="14778" end="14788" />
    <spannedText>osteoblast</spannedText>
  </annotation>
  <annotation>
    <mention id="CL_basic_2014_02_21_Instance_18017" />
    <annotator id="CL_basic_2014_02_21_Instance_10000">Mike Bada, University of Colorado Anschutz Medical Campus</annotator>
    <span start="14793" end="14803" />
    <spannedText>osteoclast</spannedText>
  </annotation>
  <annotation>
    <mention id="CL_basic_2014_02_21_Instance_18019" />
    <annotator id="CL_basic_2014_02_21_Instance_10000">Mike Bada, University of Colorado Anschutz Medical Campus</annotator>
    <span start="14918" end="14928" />
    <spannedText>osteoclast</spannedText>
  </annotation>
  <annotation>
    <mention id="CL_basic_2014_02_21_Instance_18021" />
    <annotator id="CL_basic_2014_02_21_Instance_10000">Mike Bada, University of Colorado Anschutz Medical Campus</annotator>
    <span start="14934" end="14944" />
    <spannedText>osteoblast</spannedText>
  </annotation>
  <annotation>
    <mention id="CL_basic_2014_02_21_Instance_18023" />
    <annotator id="CL_basic_2014_02_21_Instance_10000">Mike Bada, University of Colorado Anschutz Medical Campus</annotator>
    <span start="15413" end="15424" />
    <spannedText>osteoblasts</spannedText>
  </annotation>
  <annotation>
    <mention id="CL_basic_2014_02_21_Instance_18025" />
    <annotator id="CL_basic_2014_02_21_Instance_10000">Mike Bada, University of Colorado Anschutz Medical Campus</annotator>
    <span start="15438" end="15449" />
    <spannedText>osteoclasts</spannedText>
  </annotation>
  <annotation>
    <mention id="CL_basic_2014_02_21_Instance_18027" />
    <annotator id="CL_basic_2014_02_21_Instance_10000">Mike Bada, University of Colorado Anschutz Medical Campus</annotator>
    <span start="15692" end="15697" />
    <spannedText>cells</spannedText>
  </annotation>
  <annotation>
    <mention id="CL_basic_2014_02_21_Instance_18029" />
    <annotator id="CL_basic_2014_02_21_Instance_10000">Mike Bada, University of Colorado Anschutz Medical Campus</annotator>
    <span start="15822" end="15833" />
    <spannedText>osteoblasts</spannedText>
  </annotation>
  <annotation>
    <mention id="CL_basic_2014_02_21_Instance_18031" />
    <annotator id="CL_basic_2014_02_21_Instance_10000">Mike Bada, University of Colorado Anschutz Medical Campus</annotator>
    <span start="15837" end="15848" />
    <spannedText>osteoclasts</spannedText>
  </annotation>
  <annotation>
    <mention id="CL_basic_2014_02_21_Instance_18033" />
    <annotator id="CL_basic_2014_02_21_Instance_10000">Mike Bada, University of Colorado Anschutz Medical Campus</annotator>
    <span start="16744" end="16754" />
    <spannedText>Osteoblast</spannedText>
  </annotation>
  <annotation>
    <mention id="CL_basic_2014_02_21_Instance_18035" />
    <annotator id="CL_basic_2014_02_21_Instance_10000">Mike Bada, University of Colorado Anschutz Medical Campus</annotator>
    <span start="16764" end="16774" />
    <spannedText>Osteoclast</spannedText>
  </annotation>
  <annotation>
    <mention id="CL_basic_2014_02_21_Instance_18037" />
    <annotator id="CL_basic_2014_02_21_Instance_10000">Mike Bada, University of Colorado Anschutz Medical Campus</annotator>
    <span start="16913" end="16923" />
    <spannedText>osteoblast</spannedText>
  </annotation>
  <annotation>
    <mention id="CL_basic_2014_02_21_Instance_18039" />
    <annotator id="CL_basic_2014_02_21_Instance_10000">Mike Bada, University of Colorado Anschutz Medical Campus</annotator>
    <span start="16927" end="16937" />
    <spannedText>osteoclast</spannedText>
  </annotation>
  <annotation>
    <mention id="CL_basic_2014_02_21_Instance_18041" />
    <annotator id="CL_basic_2014_02_21_Instance_10000">Mike Bada, University of Colorado Anschutz Medical Campus</annotator>
    <span start="17146" end="17157" />
    <spannedText>osteoblasts</spannedText>
  </annotation>
  <annotation>
    <mention id="CL_basic_2014_02_21_Instance_18043" />
    <annotator id="CL_basic_2014_02_21_Instance_10000">Mike Bada, University of Colorado Anschutz Medical Campus</annotator>
    <span start="17162" end="17173" />
    <spannedText>osteoclasts</spannedText>
  </annotation>
  <annotation>
    <mention id="CL_basic_2014_02_21_Instance_18047" />
    <annotator id="CL_basic_2014_02_21_Instance_10000">Mike Bada, University of Colorado Anschutz Medical Campus</annotator>
    <span start="17310" end="17320" />
    <spannedText>osteoblast</spannedText>
  </annotation>
  <annotation>
    <mention id="CL_basic_2014_02_21_Instance_18049" />
    <annotator id="CL_basic_2014_02_21_Instance_10000">Mike Bada, University of Colorado Anschutz Medical Campus</annotator>
    <span start="17537" end="17547" />
    <spannedText>fibroblast</spannedText>
  </annotation>
  <annotation>
    <mention id="CL_basic_2014_02_21_Instance_18051" />
    <annotator id="CL_basic_2014_02_21_Instance_10000">Mike Bada, University of Colorado Anschutz Medical Campus</annotator>
    <span start="17665" end="17675" />
    <spannedText>osteoblast</spannedText>
  </annotation>
  <annotation>
    <mention id="CL_basic_2014_02_21_Instance_18053" />
    <annotator id="CL_basic_2014_02_21_Instance_10000">Mike Bada, University of Colorado Anschutz Medical Campus</annotator>
    <span start="17906" end="17917" />
    <spannedText>osteoclasts</spannedText>
  </annotation>
  <annotation>
    <mention id="CL_basic_2014_02_21_Instance_18055" />
    <annotator id="CL_basic_2014_02_21_Instance_10000">Mike Bada, University of Colorado Anschutz Medical Campus</annotator>
    <span start="18188" end="18199" />
    <spannedText>osteoclasts</spannedText>
  </annotation>
  <annotation>
    <mention id="CL_basic_2014_02_21_Instance_18057" />
    <annotator id="CL_basic_2014_02_21_Instance_10000">Mike Bada, University of Colorado Anschutz Medical Campus</annotator>
    <span start="18314" end="18323" />
    <spannedText>Adipocyte</spannedText>
  </annotation>
  <annotation>
    <mention id="CL_basic_2014_02_21_Instance_18059" />
    <annotator id="CL_basic_2014_02_21_Instance_10000">Mike Bada, University of Colorado Anschutz Medical Campus</annotator>
    <span start="18353" end="18363" />
    <spannedText>Osteoblast</spannedText>
  </annotation>
  <annotation>
    <mention id="CL_basic_2014_02_21_Instance_18063" />
    <annotator id="CL_basic_2014_02_21_Instance_10000">Mike Bada, University of Colorado Anschutz Medical Campus</annotator>
    <span start="18452" end="18463" />
    <spannedText>osteoblasts</spannedText>
  </annotation>
  <annotation>
    <mention id="CL_basic_2014_02_21_Instance_18065" />
    <annotator id="CL_basic_2014_02_21_Instance_10000">Mike Bada, University of Colorado Anschutz Medical Campus</annotator>
    <span start="18468" end="18478" />
    <spannedText>adipocytes</spannedText>
  </annotation>
  <annotation>
    <mention id="CL_basic_2014_02_21_Instance_18067" />
    <annotator id="CL_basic_2014_02_21_Instance_10000">Mike Bada, University of Colorado Anschutz Medical Campus</annotator>
    <span start="18568" end="18577" />
    <spannedText>adipocyte</spannedText>
  </annotation>
  <annotation>
    <mention id="CL_basic_2014_02_21_Instance_18071" />
    <annotator id="CL_basic_2014_02_21_Instance_10000">Mike Bada, University of Colorado Anschutz Medical Campus</annotator>
    <span start="19019" end="19028" />
    <spannedText>adipocyte</spannedText>
  </annotation>
  <annotation>
    <mention id="CL_basic_2014_02_21_Instance_18073" />
    <annotator id="CL_basic_2014_02_21_Instance_10000">Mike Bada, University of Colorado Anschutz Medical Campus</annotator>
    <span start="19171" end="19181" />
    <spannedText>adipocytes</spannedText>
  </annotation>
  <annotation>
    <mention id="CL_basic_2014_02_21_Instance_18075" />
    <annotator id="CL_basic_2014_02_21_Instance_10000">Mike Bada, University of Colorado Anschutz Medical Campus</annotator>
    <span start="19262" end="19267" />
    <spannedText>Cells</spannedText>
  </annotation>
  <annotation>
    <mention id="CL_basic_2014_02_21_Instance_18077" />
    <annotator id="CL_basic_2014_02_21_Instance_10000">Mike Bada, University of Colorado Anschutz Medical Campus</annotator>
    <span start="19493" end="19502" />
    <spannedText>adipocyte</spannedText>
  </annotation>
  <annotation>
    <mention id="CL_basic_2014_02_21_Instance_18079" />
    <annotator id="CL_basic_2014_02_21_Instance_10000">Mike Bada, University of Colorado Anschutz Medical Campus</annotator>
    <span start="19941" end="19958" />
    <spannedText>mesenchymal cells</spannedText>
  </annotation>
  <annotation>
    <mention id="CL_basic_2014_02_21_Instance_18081" />
    <annotator id="CL_basic_2014_02_21_Instance_10000">Mike Bada, University of Colorado Anschutz Medical Campus</annotator>
    <span start="20000" end="20004" />
    <spannedText>cell</spannedText>
  </annotation>
  <annotation>
    <mention id="CL_basic_2014_02_21_Instance_18083" />
    <annotator id="CL_basic_2014_02_21_Instance_10000">Mike Bada, University of Colorado Anschutz Medical Campus</annotator>
    <span start="20132" end="20142" />
    <spannedText>osteoblast</spannedText>
  </annotation>
  <annotation>
    <mention id="CL_basic_2014_02_21_Instance_18085" />
    <annotator id="CL_basic_2014_02_21_Instance_10000">Mike Bada, University of Colorado Anschutz Medical Campus</annotator>
    <span start="20286" end="20291" />
    <spannedText>cells</spannedText>
  </annotation>
  <annotation>
    <mention id="CL_basic_2014_02_21_Instance_18087" />
    <annotator id="CL_basic_2014_02_21_Instance_10000">Mike Bada, University of Colorado Anschutz Medical Campus</annotator>
    <span start="20584" end="20594" />
    <spannedText>Osteoblast</spannedText>
  </annotation>
  <annotation>
    <mention id="CL_basic_2014_02_21_Instance_18089" />
    <annotator id="CL_basic_2014_02_21_Instance_10000">Mike Bada, University of Colorado Anschutz Medical Campus</annotator>
    <span start="20836" end="20841" />
    <spannedText>cells</spannedText>
  </annotation>
  <annotation>
    <mention id="CL_basic_2014_02_21_Instance_18091" />
    <annotator id="CL_basic_2014_02_21_Instance_10000">Mike Bada, University of Colorado Anschutz Medical Campus</annotator>
    <span start="20870" end="20880" />
    <spannedText>osteoblast</spannedText>
  </annotation>
  <annotation>
    <mention id="CL_basic_2014_02_21_Instance_18093" />
    <annotator id="CL_basic_2014_02_21_Instance_10000">Mike Bada, University of Colorado Anschutz Medical Campus</annotator>
    <span start="20913" end="20918" />
    <spannedText>cells</spannedText>
  </annotation>
  <annotation>
    <mention id="CL_basic_2014_02_21_Instance_18097" />
    <annotator id="CL_basic_2014_02_21_Instance_10000">Mike Bada, University of Colorado Anschutz Medical Campus</annotator>
    <span start="21457" end="21467" />
    <spannedText>adipocytes</spannedText>
  </annotation>
  <annotation>
    <mention id="CL_basic_2014_02_21_Instance_18101" />
    <annotator id="CL_basic_2014_02_21_Instance_10000">Mike Bada, University of Colorado Anschutz Medical Campus</annotator>
    <span start="22062" end="22071" />
    <spannedText>adipocyte</spannedText>
  </annotation>
  <annotation>
    <mention id="CL_basic_2014_02_21_Instance_18103" />
    <annotator id="CL_basic_2014_02_21_Instance_10000">Mike Bada, University of Colorado Anschutz Medical Campus</annotator>
    <span start="22100" end="22110" />
    <spannedText>osteoblast</spannedText>
  </annotation>
  <annotation>
    <mention id="CL_basic_2014_02_21_Instance_18107" />
    <annotator id="CL_basic_2014_02_21_Instance_10000">Mike Bada, University of Colorado Anschutz Medical Campus</annotator>
    <span start="22679" end="22689" />
    <spannedText>stem cells</spannedText>
  </annotation>
  <annotation>
    <mention id="CL_basic_2014_02_21_Instance_18109" />
    <annotator id="CL_basic_2014_02_21_Instance_10000">Mike Bada, University of Colorado Anschutz Medical Campus</annotator>
    <span start="22841" end="22851" />
    <spannedText>osteoblast</spannedText>
  </annotation>
  <annotation>
    <mention id="CL_basic_2014_02_21_Instance_18111" />
    <annotator id="CL_basic_2014_02_21_Instance_10000">Mike Bada, University of Colorado Anschutz Medical Campus</annotator>
    <span start="22928" end="22938" />
    <spannedText>osteoblast</spannedText>
  </annotation>
  <annotation>
    <mention id="CL_basic_2014_02_21_Instance_18113" />
    <annotator id="CL_basic_2014_02_21_Instance_10000">Mike Bada, University of Colorado Anschutz Medical Campus</annotator>
    <span start="23065" end="23074" />
    <spannedText>adipocyte</spannedText>
  </annotation>
  <annotation>
    <mention id="CL_basic_2014_02_21_Instance_18115" />
    <annotator id="CL_basic_2014_02_21_Instance_10000">Mike Bada, University of Colorado Anschutz Medical Campus</annotator>
    <span start="23695" end="23702" />
    <spannedText>neurons</spannedText>
  </annotation>
  <annotation>
    <mention id="CL_basic_2014_02_21_Instance_18119" />
    <annotator id="CL_basic_2014_02_21_Instance_10000">Mike Bada, University of Colorado Anschutz Medical Campus</annotator>
    <span start="23875" end="23880" />
    <spannedText>cells</spannedText>
  </annotation>
  <annotation>
    <mention id="CL_basic_2014_02_21_Instance_18121" />
    <annotator id="CL_basic_2014_02_21_Instance_10000">Mike Bada, University of Colorado Anschutz Medical Campus</annotator>
    <span start="23926" end="23938" />
    <spannedText>chondrocytes</spannedText>
  </annotation>
  <annotation>
    <mention id="CL_basic_2014_02_21_Instance_18123" />
    <annotator id="CL_basic_2014_02_21_Instance_10000">Mike Bada, University of Colorado Anschutz Medical Campus</annotator>
    <span start="23940" end="23951" />
    <spannedText>osteoblasts</spannedText>
  </annotation>
  <annotation>
    <mention id="CL_basic_2014_02_21_Instance_18125" />
    <annotator id="CL_basic_2014_02_21_Instance_10000">Mike Bada, University of Colorado Anschutz Medical Campus</annotator>
    <span start="23956" end="23967" />
    <spannedText>osteoclasts</spannedText>
  </annotation>
  <annotation>
    <mention id="CL_basic_2014_02_21_Instance_18127" />
    <annotator id="CL_basic_2014_02_21_Instance_10000">Mike Bada, University of Colorado Anschutz Medical Campus</annotator>
    <span start="25674" end="25684" />
    <spannedText>osteoblast</spannedText>
  </annotation>
  <annotation>
    <mention id="CL_basic_2014_02_21_Instance_18129" />
    <annotator id="CL_basic_2014_02_21_Instance_10000">Mike Bada, University of Colorado Anschutz Medical Campus</annotator>
    <span start="25689" end="25699" />
    <spannedText>osteoclast</spannedText>
  </annotation>
  <annotation>
    <mention id="CL_basic_2014_02_21_Instance_18131" />
    <annotator id="CL_basic_2014_02_21_Instance_10000">Mike Bada, University of Colorado Anschutz Medical Campus</annotator>
    <span start="25847" end="25858" />
    <spannedText>osteoclasts</spannedText>
  </annotation>
  <annotation>
    <mention id="CL_basic_2014_02_21_Instance_18133" />
    <annotator id="CL_basic_2014_02_21_Instance_10000">Mike Bada, University of Colorado Anschutz Medical Campus</annotator>
    <span start="26057" end="26067" />
    <spannedText>osteoclast</spannedText>
  </annotation>
  <annotation>
    <mention id="CL_basic_2014_02_21_Instance_18135" />
    <annotator id="CL_basic_2014_02_21_Instance_10000">Mike Bada, University of Colorado Anschutz Medical Campus</annotator>
    <span start="26115" end="26126" />
    <spannedText>osteoclasts</spannedText>
  </annotation>
  <annotation>
    <mention id="CL_basic_2014_02_21_Instance_18137" />
    <annotator id="CL_basic_2014_02_21_Instance_10000">Mike Bada, University of Colorado Anschutz Medical Campus</annotator>
    <span start="26256" end="26267" />
    <spannedText>osteoclasts</spannedText>
  </annotation>
  <annotation>
    <mention id="CL_basic_2014_02_21_Instance_18139" />
    <annotator id="CL_basic_2014_02_21_Instance_10000">Mike Bada, University of Colorado Anschutz Medical Campus</annotator>
    <span start="26299" end="26310" />
    <spannedText>osteoclasts</spannedText>
  </annotation>
  <annotation>
    <mention id="CL_basic_2014_02_21_Instance_18141" />
    <annotator id="CL_basic_2014_02_21_Instance_10000">Mike Bada, University of Colorado Anschutz Medical Campus</annotator>
    <span start="26677" end="26687" />
    <spannedText>osteoclast</spannedText>
  </annotation>
  <annotation>
    <mention id="CL_basic_2014_02_21_Instance_18143" />
    <annotator id="CL_basic_2014_02_21_Instance_10000">Mike Bada, University of Colorado Anschutz Medical Campus</annotator>
    <span start="26897" end="26907" />
    <spannedText>osteoclast</spannedText>
  </annotation>
  <annotation>
    <mention id="CL_basic_2014_02_21_Instance_18147" />
    <annotator id="CL_basic_2014_02_21_Instance_10000">Mike Bada, University of Colorado Anschutz Medical Campus</annotator>
    <span start="27146" end="27156" />
    <spannedText>osteoblast</spannedText>
  </annotation>
  <annotation>
    <mention id="CL_basic_2014_02_21_Instance_18149" />
    <annotator id="CL_basic_2014_02_21_Instance_10000">Mike Bada, University of Colorado Anschutz Medical Campus</annotator>
    <span start="27217" end="27222" />
    <spannedText>cells</spannedText>
  </annotation>
  <annotation>
    <mention id="CL_basic_2014_02_21_Instance_18153" />
    <annotator id="CL_basic_2014_02_21_Instance_10000">Mike Bada, University of Colorado Anschutz Medical Campus</annotator>
    <span start="27541" end="27552" />
    <spannedText>osteoblasts</spannedText>
  </annotation>
  <annotation>
    <mention id="CL_basic_2014_02_21_Instance_18155" />
    <annotator id="CL_basic_2014_02_21_Instance_10000">Mike Bada, University of Colorado Anschutz Medical Campus</annotator>
    <span start="27690" end="27699" />
    <spannedText>adipocyte</spannedText>
  </annotation>
  <annotation>
    <mention id="CL_basic_2014_02_21_Instance_18157" />
    <annotator id="CL_basic_2014_02_21_Instance_10000">Mike Bada, University of Colorado Anschutz Medical Campus</annotator>
    <span start="27752" end="27761" />
    <spannedText>adipocyte</spannedText>
  </annotation>
  <annotation>
    <mention id="CL_basic_2014_02_21_Instance_18159" />
    <annotator id="CL_basic_2014_02_21_Instance_10000">Mike Bada, University of Colorado Anschutz Medical Campus</annotator>
    <span start="27766" end="27776" />
    <spannedText>osteoblast</spannedText>
  </annotation>
  <annotation>
    <mention id="CL_basic_2014_02_21_Instance_18161" />
    <annotator id="CL_basic_2014_02_21_Instance_10000">Mike Bada, University of Colorado Anschutz Medical Campus</annotator>
    <span start="27869" end="27885" />
    <spannedText>mesenchymal cell</spannedText>
  </annotation>
  <annotation>
    <mention id="CL_basic_2014_02_21_Instance_18163" />
    <annotator id="CL_basic_2014_02_21_Instance_10000">Mike Bada, University of Colorado Anschutz Medical Campus</annotator>
    <span start="28018" end="28028" />
    <spannedText>osteoblast</spannedText>
  </annotation>
  <annotation>
    <mention id="CL_basic_2014_02_21_Instance_18165" />
    <annotator id="CL_basic_2014_02_21_Instance_10000">Mike Bada, University of Colorado Anschutz Medical Campus</annotator>
    <span start="28318" end="28329" />
    <spannedText>osteoblasts</spannedText>
  </annotation>
  <annotation>
    <mention id="CL_basic_2014_02_21_Instance_18167" />
    <annotator id="CL_basic_2014_02_21_Instance_10000">Mike Bada, University of Colorado Anschutz Medical Campus</annotator>
    <span start="28432" end="28443" />
    <spannedText>osteoclasts</spannedText>
  </annotation>
  <annotation>
    <mention id="CL_basic_2014_02_21_Instance_18169" />
    <annotator id="CL_basic_2014_02_21_Instance_10000">Mike Bada, University of Colorado Anschutz Medical Campus</annotator>
    <span start="29051" end="29061" />
    <spannedText>osteoblast</spannedText>
  </annotation>
  <annotation>
    <mention id="CL_basic_2014_02_21_Instance_18171" />
    <annotator id="CL_basic_2014_02_21_Instance_10000">Mike Bada, University of Colorado Anschutz Medical Campus</annotator>
    <span start="29075" end="29084" />
    <spannedText>adipocyte</spannedText>
  </annotation>
  <annotation>
    <mention id="CL_basic_2014_02_21_Instance_18175" />
    <annotator id="CL_basic_2014_02_21_Instance_10000">Mike Bada, University of Colorado Anschutz Medical Campus</annotator>
    <span start="29496" end="29505" />
    <spannedText>adipocyte</spannedText>
  </annotation>
  <annotation>
    <mention id="CL_basic_2014_02_21_Instance_18179" />
    <annotator id="CL_basic_2014_02_21_Instance_10000">Mike Bada, University of Colorado Anschutz Medical Campus</annotator>
    <span start="35472" end="35482" />
    <spannedText>osteoblast</spannedText>
  </annotation>
  <annotation>
    <mention id="CL_basic_2014_02_21_Instance_18181" />
    <annotator id="CL_basic_2014_02_21_Instance_10000">Mike Bada, University of Colorado Anschutz Medical Campus</annotator>
    <span start="35487" end="35497" />
    <spannedText>osteoclast</spannedText>
  </annotation>
  <annotation>
    <mention id="CL_basic_2014_02_21_Instance_18183" />
    <annotator id="CL_basic_2014_02_21_Instance_10000">Mike Bada, University of Colorado Anschutz Medical Campus</annotator>
    <span start="35619" end="35632" />
    <spannedText>stromal cells</spannedText>
  </annotation>
  <annotation>
    <mention id="CL_basic_2014_02_21_Instance_18185" />
    <annotator id="CL_basic_2014_02_21_Instance_10000">Mike Bada, University of Colorado Anschutz Medical Campus</annotator>
    <span start="35965" end="35976" />
    <spannedText>Osteoclasts</spannedText>
  </annotation>
  <annotation>
    <mention id="CL_basic_2014_02_21_Instance_18187" />
    <annotator id="CL_basic_2014_02_21_Instance_10000">Mike Bada, University of Colorado Anschutz Medical Campus</annotator>
    <span start="36120" end="36125" />
    <spannedText>cells</spannedText>
  </annotation>
  <annotation>
    <mention id="CL_basic_2014_02_21_Instance_18189" />
    <annotator id="CL_basic_2014_02_21_Instance_10000">Mike Bada, University of Colorado Anschutz Medical Campus</annotator>
    <span start="36222" end="36226" />
    <spannedText>cell</spannedText>
  </annotation>
  <annotation>
    <mention id="CL_basic_2014_02_21_Instance_18191" />
    <annotator id="CL_basic_2014_02_21_Instance_10000">Mike Bada, University of Colorado Anschutz Medical Campus</annotator>
    <span start="36407" end="36412" />
    <spannedText>cells</spannedText>
  </annotation>
  <annotation>
    <mention id="CL_basic_2014_02_21_Instance_18193" />
    <annotator id="CL_basic_2014_02_21_Instance_10000">Mike Bada, University of Colorado Anschutz Medical Campus</annotator>
    <span start="36914" end="36924" />
    <spannedText>fibroblast</spannedText>
  </annotation>
  <annotation>
    <mention id="CL_basic_2014_02_21_Instance_18195" />
    <annotator id="CL_basic_2014_02_21_Instance_10000">Mike Bada, University of Colorado Anschutz Medical Campus</annotator>
    <span start="36942" end="36951" />
    <spannedText>adipocyte</spannedText>
  </annotation>
  <annotation>
    <mention id="CL_basic_2014_02_21_Instance_18197" />
    <annotator id="CL_basic_2014_02_21_Instance_10000">Mike Bada, University of Colorado Anschutz Medical Campus</annotator>
    <span start="37097" end="37106" />
    <spannedText>adipocyte</spannedText>
  </annotation>
  <annotation>
    <mention id="CL_basic_2014_02_21_Instance_18201" />
    <annotator id="CL_basic_2014_02_21_Instance_10000">Mike Bada, University of Colorado Anschutz Medical Campus</annotator>
    <span start="38677" end="38682" />
    <spannedText>cells</spannedText>
  </annotation>
  <annotation>
    <mention id="CL_basic_2014_02_21_Instance_18203" />
    <annotator id="CL_basic_2014_02_21_Instance_10000">Mike Bada, University of Colorado Anschutz Medical Campus</annotator>
    <span start="38734" end="38739" />
    <spannedText>cells</spannedText>
  </annotation>
  <annotation>
    <mention id="CL_basic_2014_02_21_Instance_18205" />
    <annotator id="CL_basic_2014_02_21_Instance_10000">Mike Bada, University of Colorado Anschutz Medical Campus</annotator>
    <span start="39202" end="39213" />
    <spannedText>Osteoblasts</spannedText>
  </annotation>
  <annotation>
    <mention id="CL_basic_2014_02_21_Instance_18207" />
    <annotator id="CL_basic_2014_02_21_Instance_10000">Mike Bada, University of Colorado Anschutz Medical Campus</annotator>
    <span start="39218" end="39229" />
    <spannedText>Osteoclasts</spannedText>
  </annotation>
  <annotation>
    <mention id="CL_basic_2014_02_21_Instance_18209" />
    <annotator id="CL_basic_2014_02_21_Instance_10000">Mike Bada, University of Colorado Anschutz Medical Campus</annotator>
    <span start="39331" end="39344" />
    <spannedText>Stromal Cells</spannedText>
  </annotation>
  <annotation>
    <mention id="CL_basic_2014_02_21_Instance_18211" />
    <annotator id="CL_basic_2014_02_21_Instance_10000">Mike Bada, University of Colorado Anschutz Medical Campus</annotator>
    <span start="40315" end="40325" />
    <spannedText>fibroblast</spannedText>
  </annotation>
  <annotation>
    <mention id="CL_basic_2014_02_21_Instance_25119" />
    <annotator id="CL_basic_2014_02_21_Instance_10000">Mike Bada, University of Colorado Anschutz Medical Campus</annotator>
    <span start="5327" end="5335" />
    <spannedText>cellular</spannedText>
  </annotation>
  <annotation>
    <mention id="CL_basic_2014_02_21_Instance_25127" />
    <annotator id="CL_basic_2014_02_21_Instance_10000">Mike Bada, University of Colorado Anschutz Medical Campus</annotator>
    <span start="35889" end="35899" />
    <spannedText>osteoblast</spannedText>
  </annotation>
  <annotation>
    <mention id="CL_basic_2014_02_21_Instance_25129" />
    <annotator id="CL_basic_2014_02_21_Instance_10000">Mike Bada, University of Colorado Anschutz Medical Campus</annotator>
    <span start="37329" end="37337" />
    <spannedText>cellular</spannedText>
  </annotation>
  <annotation>
    <mention id="CL_basic_2014_02_21_Instance_25131" />
    <annotator id="CL_basic_2014_02_21_Instance_10000">Mike Bada, University of Colorado Anschutz Medical Campus</annotator>
    <span start="38802" end="38807" />
    <spannedText>cells</spannedText>
  </annotation>
  <annotation>
    <mention id="CL_basic_2014_02_21_Instance_25133" />
    <annotator id="CL_basic_2014_02_21_Instance_10000">Mike Bada, University of Colorado Anschutz Medical Campus</annotator>
    <span start="38961" end="38969" />
    <spannedText>cellular</spannedText>
  </annotation>
  <annotation>
    <mention id="CL_basic_2014_02_21_Instance_25135" />
    <annotator id="CL_basic_2014_02_21_Instance_10000">Mike Bada, University of Colorado Anschutz Medical Campus</annotator>
    <span start="41074" end="41086" />
    <spannedText>chondrocytes</spannedText>
  </annotation>
  <annotation>
    <mention id="CL_basic_2014_02_21_Instance_25137" />
    <annotator id="CL_basic_2014_02_21_Instance_10000">Mike Bada, University of Colorado Anschutz Medical Campus</annotator>
    <span start="41226" end="41237" />
    <spannedText>osteoblasts</spannedText>
  </annotation>
  <annotation>
    <mention id="CL_basic_2014_02_21_Instance_25139" />
    <annotator id="CL_basic_2014_02_21_Instance_10000">Mike Bada, University of Colorado Anschutz Medical Campus</annotator>
    <span start="41455" end="41460" />
    <spannedText>cells</spannedText>
  </annotation>
  <annotation>
    <mention id="CL_basic_2014_02_21_Instance_25141" />
    <annotator id="CL_basic_2014_02_21_Instance_10000">Mike Bada, University of Colorado Anschutz Medical Campus</annotator>
    <span start="42446" end="42451" />
    <spannedText>cells</spannedText>
  </annotation>
  <annotation>
    <mention id="CL_basic_2014_02_21_Instance_25143" />
    <annotator id="CL_basic_2014_02_21_Instance_10000">Mike Bada, University of Colorado Anschutz Medical Campus</annotator>
    <span start="45166" end="45177" />
    <spannedText>osteoblasts</spannedText>
  </annotation>
  <annotation>
    <mention id="CL_basic_2014_02_21_Instance_25145" />
    <annotator id="CL_basic_2014_02_21_Instance_10000">Mike Bada, University of Colorado Anschutz Medical Campus</annotator>
    <span start="45222" end="45233" />
    <spannedText>osteoclasts</spannedText>
  </annotation>
  <annotation>
    <mention id="CL_basic_2014_02_21_Instance_25147" />
    <annotator id="CL_basic_2014_02_21_Instance_10000">Mike Bada, University of Colorado Anschutz Medical Campus</annotator>
    <span start="45642" end="45653" />
    <spannedText>Osteoblasts</spannedText>
  </annotation>
  <annotation>
    <mention id="CL_basic_2014_02_21_Instance_25151" />
    <annotator id="CL_basic_2014_02_21_Instance_10000">Mike Bada, University of Colorado Anschutz Medical Campus</annotator>
    <span start="45788" end="45798" />
    <spannedText>osteoblast</spannedText>
  </annotation>
  <annotation>
    <mention id="CL_basic_2014_02_21_Instance_25153" />
    <annotator id="CL_basic_2014_02_21_Instance_10000">Mike Bada, University of Colorado Anschutz Medical Campus</annotator>
    <span start="46176" end="46187" />
    <spannedText>osteoclasts</spannedText>
  </annotation>
  <annotation>
    <mention id="CL_basic_2014_02_21_Instance_25155" />
    <annotator id="CL_basic_2014_02_21_Instance_10000">Mike Bada, University of Colorado Anschutz Medical Campus</annotator>
    <span start="46346" end="46357" />
    <spannedText>Osteoclasts</spannedText>
  </annotation>
  <annotation>
    <mention id="CL_basic_2014_02_21_Instance_25159" />
    <annotator id="CL_basic_2014_02_21_Instance_10000">Mike Bada, University of Colorado Anschutz Medical Campus</annotator>
    <span start="46618" end="46623" />
    <spannedText>cells</spannedText>
  </annotation>
  <annotation>
    <mention id="CL_basic_2014_02_21_Instance_25161" />
    <annotator id="CL_basic_2014_02_21_Instance_10000">Mike Bada, University of Colorado Anschutz Medical Campus</annotator>
    <span start="46899" end="46908" />
    <spannedText>Adipocyte</spannedText>
  </annotation>
  <annotation>
    <mention id="CL_basic_2014_02_21_Instance_25163" />
    <annotator id="CL_basic_2014_02_21_Instance_10000">Mike Bada, University of Colorado Anschutz Medical Campus</annotator>
    <span start="47135" end="47145" />
    <spannedText>adipocytes</spannedText>
  </annotation>
  <annotation>
    <mention id="CL_basic_2014_02_21_Instance_25165" />
    <annotator id="CL_basic_2014_02_21_Instance_10000">Mike Bada, University of Colorado Anschutz Medical Campus</annotator>
    <span start="47174" end="47178" />
    <spannedText>cell</spannedText>
  </annotation>
  <annotation>
    <mention id="CL_basic_2014_02_21_Instance_25167" />
    <annotator id="CL_basic_2014_02_21_Instance_10000">Mike Bada, University of Colorado Anschutz Medical Campus</annotator>
    <span start="47264" end="47272" />
    <spannedText>cellular</spannedText>
  </annotation>
  <annotation>
    <mention id="CL_basic_2014_02_21_Instance_25171" />
    <annotator id="CL_basic_2014_02_21_Instance_10000">Mike Bada, University of Colorado Anschutz Medical Campus</annotator>
    <span start="47714" end="47719" />
    <spannedText>cells</spannedText>
  </annotation>
  <annotation>
    <mention id="CL_basic_2014_02_21_Instance_25173" />
    <annotator id="CL_basic_2014_02_21_Instance_10000">Mike Bada, University of Colorado Anschutz Medical Campus</annotator>
    <span start="48220" end="48225" />
    <spannedText>cells</spannedText>
  </annotation>
  <annotation>
    <mention id="CL_basic_2014_02_21_Instance_25175" />
    <annotator id="CL_basic_2014_02_21_Instance_10000">Mike Bada, University of Colorado Anschutz Medical Campus</annotator>
    <span start="48246" end="48256" />
    <spannedText>osteoblast</spannedText>
  </annotation>
  <annotation>
    <mention id="CL_basic_2014_02_21_Instance_25177" />
    <annotator id="CL_basic_2014_02_21_Instance_10000">Mike Bada, University of Colorado Anschutz Medical Campus</annotator>
    <span start="48719" end="48729" />
    <spannedText>adipocytes</spannedText>
  </annotation>
  <annotation>
    <mention id="CL_basic_2014_02_21_Instance_25179" />
    <annotator id="CL_basic_2014_02_21_Instance_10000">Mike Bada, University of Colorado Anschutz Medical Campus</annotator>
    <span start="48898" end="48908" />
    <spannedText>adipocytes</spannedText>
  </annotation>
  <annotation>
    <mention id="CL_basic_2014_02_21_Instance_41484" />
    <annotator id="CL_basic_2014_02_21_Instance_10000">Mike Bada, University of Colorado Anschutz Medical Campus</annotator>
    <span start="699" end="724" />
    <spannedText>bone marrow stromal cells</spannedText>
  </annotation>
  <annotation>
    <mention id="CL_basic_2014_02_21_Instance_41487" />
    <annotator id="CL_basic_2014_02_21_Instance_10000">Mike Bada, University of Colorado Anschutz Medical Campus</annotator>
    <span start="849" end="858" />
    <span start="907" end="912" />
    <spannedText>embryonic ... cells</spannedText>
  </annotation>
  <annotation>
    <mention id="CL_basic_2014_02_21_Instance_41489" />
    <annotator id="CL_basic_2014_02_21_Instance_10000">Mike Bada, University of Colorado Anschutz Medical Campus</annotator>
    <span start="859" end="870" />
    <span start="907" end="912" />
    <spannedText>mesenchymal ... cells</spannedText>
  </annotation>
  <annotation>
    <mention id="CL_basic_2014_02_21_Instance_41505" />
    <annotator id="CL_basic_2014_02_21_Instance_10000">Mike Bada, University of Colorado Anschutz Medical Campus</annotator>
    <span start="3680" end="3690" />
    <spannedText>bone cells</spannedText>
  </annotation>
  <annotation>
    <mention id="CL_basic_2014_02_21_Instance_41507" />
    <annotator id="CL_basic_2014_02_21_Instance_10000">Mike Bada, University of Colorado Anschutz Medical Campus</annotator>
    <span start="4375" end="4384" />
    <spannedText>bone cell</spannedText>
  </annotation>
  <annotation>
    <mention id="CL_basic_2014_02_21_Instance_41512" />
    <annotator id="CL_basic_2014_02_21_Instance_10000">Mike Bada, University of Colorado Anschutz Medical Campus</annotator>
    <span start="4485" end="4510" />
    <spannedText>bone marrow stromal cells</spannedText>
  </annotation>
  <annotation>
    <mention id="CL_basic_2014_02_21_Instance_41515" />
    <annotator id="CL_basic_2014_02_21_Instance_10000">Mike Bada, University of Colorado Anschutz Medical Campus</annotator>
    <span start="1744" end="1772" />
    <spannedText>bone marrow mesenchymal cell</spannedText>
  </annotation>
  <annotation>
    <mention id="CL_basic_2014_02_21_Instance_41517" />
    <annotator id="CL_basic_2014_02_21_Instance_10000">Mike Bada, University of Colorado Anschutz Medical Campus</annotator>
    <span start="5089" end="5118" />
    <spannedText>bone marrow mesenchymal cells</spannedText>
  </annotation>
  <annotation>
    <mention id="CL_basic_2014_02_21_Instance_41525" />
    <annotator id="CL_basic_2014_02_21_Instance_10000">Mike Bada, University of Colorado Anschutz Medical Campus</annotator>
    <span start="6935" end="6960" />
    <spannedText>bone marrow stromal cells</spannedText>
  </annotation>
  <annotation>
    <mention id="CL_basic_2014_02_21_Instance_41530" />
    <annotator id="CL_basic_2014_02_21_Instance_10000">Mike Bada, University of Colorado Anschutz Medical Campus</annotator>
    <span start="7293" end="7321" />
    <spannedText>bone marrow mesenchymal cell</spannedText>
  </annotation>
  <annotation>
    <mention id="CL_basic_2014_02_21_Instance_41540" />
    <annotator id="CL_basic_2014_02_21_Instance_10000">Mike Bada, University of Colorado Anschutz Medical Campus</annotator>
    <span start="17214" end="17239" />
    <spannedText>bone marrow stromal cells</spannedText>
  </annotation>
  <annotation>
    <mention id="CL_basic_2014_02_21_Instance_41544" />
    <annotator id="CL_basic_2014_02_21_Instance_10000">Mike Bada, University of Colorado Anschutz Medical Campus</annotator>
    <span start="17574" end="17575" />
    <spannedText>F</spannedText>
  </annotation>
  <annotation>
    <mention id="CL_basic_2014_02_21_Instance_41551" />
    <annotator id="CL_basic_2014_02_21_Instance_10000">Mike Bada, University of Colorado Anschutz Medical Campus</annotator>
    <span start="18408" end="18433" />
    <spannedText>bone marrow stromal cells</spannedText>
  </annotation>
  <annotation>
    <mention id="CL_basic_2014_02_21_Instance_41557" />
    <annotator id="CL_basic_2014_02_21_Instance_10000">Mike Bada, University of Colorado Anschutz Medical Campus</annotator>
    <span start="18641" end="18666" />
    <spannedText>bone marrow stromal cells</spannedText>
  </annotation>
  <annotation>
    <mention id="CL_basic_2014_02_21_Instance_41560" />
    <annotator id="CL_basic_2014_02_21_Instance_10000">Mike Bada, University of Colorado Anschutz Medical Campus</annotator>
    <span start="20037" end="20046" />
    <span start="20085" end="20090" />
    <spannedText>embryonic ... cells</spannedText>
  </annotation>
  <annotation>
    <mention id="CL_basic_2014_02_21_Instance_41562" />
    <annotator id="CL_basic_2014_02_21_Instance_10000">Mike Bada, University of Colorado Anschutz Medical Campus</annotator>
    <span start="20047" end="20058" />
    <span start="20085" end="20090" />
    <spannedText>mesenchymal ... cells</spannedText>
  </annotation>
  <annotation>
    <mention id="CL_basic_2014_02_21_Instance_41567" />
    <annotator id="CL_basic_2014_02_21_Instance_10000">Mike Bada, University of Colorado Anschutz Medical Campus</annotator>
    <span start="21046" end="21071" />
    <spannedText>bone marrow stromal cells</spannedText>
  </annotation>
  <annotation>
    <mention id="CL_basic_2014_02_21_Instance_41571" />
    <annotator id="CL_basic_2014_02_21_Instance_10000">Mike Bada, University of Colorado Anschutz Medical Campus</annotator>
    <span start="22021" end="22050" />
    <spannedText>bone marrow mesenchymal cells</spannedText>
  </annotation>
  <annotation>
    <mention id="CL_basic_2014_02_21_Instance_41573" />
    <annotator id="CL_basic_2014_02_21_Instance_10000">Mike Bada, University of Colorado Anschutz Medical Campus</annotator>
    <span start="22239" end="22273" />
    <spannedText>bone marrow mesenchymal stem cells</spannedText>
  </annotation>
  <annotation>
    <mention id="CL_basic_2014_02_21_Instance_41576" />
    <annotator id="CL_basic_2014_02_21_Instance_10000">Mike Bada, University of Colorado Anschutz Medical Campus</annotator>
    <span start="22667" end="22678" />
    <span start="22684" end="22689" />
    <spannedText>bone marrow ... cells</spannedText>
  </annotation>
  <annotation>
    <mention id="CL_basic_2014_02_21_Instance_41578" />
    <annotator id="CL_basic_2014_02_21_Instance_10000">Mike Bada, University of Colorado Anschutz Medical Campus</annotator>
    <span start="22722" end="22731" />
    <span start="22770" end="22775" />
    <spannedText>embryonic ... cells</spannedText>
  </annotation>
  <annotation>
    <mention id="CL_basic_2014_02_21_Instance_41584" />
    <annotator id="CL_basic_2014_02_21_Instance_10000">Mike Bada, University of Colorado Anschutz Medical Campus</annotator>
    <span start="23824" end="23849" />
    <spannedText>bone marrow stromal cells</spannedText>
  </annotation>
  <annotation>
    <mention id="CL_basic_2014_02_21_Instance_41592" />
    <annotator id="CL_basic_2014_02_21_Instance_10000">Mike Bada, University of Colorado Anschutz Medical Campus</annotator>
    <span start="27067" end="27092" />
    <spannedText>bone marrow stromal cells</spannedText>
  </annotation>
  <annotation>
    <mention id="CL_basic_2014_02_21_Instance_41595" />
    <annotator id="CL_basic_2014_02_21_Instance_10000">Mike Bada, University of Colorado Anschutz Medical Campus</annotator>
    <span start="27059" end="27066" />
    <span start="27087" end="27092" />
    <spannedText>primary ... cells</spannedText>
  </annotation>
  <annotation>
    <mention id="CL_basic_2014_02_21_Instance_41599" />
    <annotator id="CL_basic_2014_02_21_Instance_10000">Mike Bada, University of Colorado Anschutz Medical Campus</annotator>
    <span start="27331" end="27338" />
    <span start="27359" end="27364" />
    <spannedText>primary ... cells</spannedText>
  </annotation>
  <annotation>
    <mention id="CL_basic_2014_02_21_Instance_41602" />
    <annotator id="CL_basic_2014_02_21_Instance_10000">Mike Bada, University of Colorado Anschutz Medical Campus</annotator>
    <span start="27339" end="27364" />
    <spannedText>bone marrow stromal cells</spannedText>
  </annotation>
  <annotation>
    <mention id="CL_basic_2014_02_21_Instance_41605" />
    <annotator id="CL_basic_2014_02_21_Instance_10000">Mike Bada, University of Colorado Anschutz Medical Campus</annotator>
    <span start="27426" end="27435" />
    <span start="27474" end="27479" />
    <spannedText>embryonic ... cells</spannedText>
  </annotation>
  <annotation>
    <mention id="CL_basic_2014_02_21_Instance_41607" />
    <annotator id="CL_basic_2014_02_21_Instance_10000">Mike Bada, University of Colorado Anschutz Medical Campus</annotator>
    <span start="29187" end="29220" />
    <spannedText>bone marrow mesenchymal stem cell</spannedText>
  </annotation>
  <annotation>
    <mention id="CL_basic_2014_02_21_Instance_41609" />
    <annotator id="CL_basic_2014_02_21_Instance_10000">Mike Bada, University of Colorado Anschutz Medical Campus</annotator>
    <span start="32416" end="32430" />
    <span start="32436" end="32441" />
    <spannedText>embryonic stem ... cells</spannedText>
  </annotation>
  <annotation>
    <mention id="CL_basic_2014_02_21_Instance_41613" />
    <annotator id="CL_basic_2014_02_21_Instance_10000">Mike Bada, University of Colorado Anschutz Medical Campus</annotator>
    <span start="32463" end="32465" />
    <spannedText>ES</spannedText>
  </annotation>
  <annotation>
    <mention id="CL_basic_2014_02_21_Instance_41615" />
    <annotator id="CL_basic_2014_02_21_Instance_10000">Mike Bada, University of Colorado Anschutz Medical Campus</annotator>
    <span start="32605" end="32613" />
    <spannedText>ES cells</spannedText>
  </annotation>
  <annotation>
    <mention id="CL_basic_2014_02_21_Instance_41618" />
    <annotator id="CL_basic_2014_02_21_Instance_10000">Mike Bada, University of Colorado Anschutz Medical Campus</annotator>
    <span start="37191" end="37205" />
    <spannedText>Cultured cells</spannedText>
  </annotation>
  <annotation>
    <mention id="CL_basic_2014_02_21_Instance_41620" />
    <annotator id="CL_basic_2014_02_21_Instance_10000">Mike Bada, University of Colorado Anschutz Medical Campus</annotator>
    <span start="39322" end="39330" />
    <span start="39339" end="39344" />
    <spannedText>Cultured ... Cells</spannedText>
  </annotation>
  <annotation>
    <mention id="CL_basic_2014_02_21_Instance_41624" />
    <annotator id="CL_basic_2014_02_21_Instance_10000">Mike Bada, University of Colorado Anschutz Medical Campus</annotator>
    <span start="45658" end="45669" />
    <spannedText>Osteoclasts</spannedText>
  </annotation>
  <annotation>
    <mention id="CL_basic_2014_02_21_Instance_41629" />
    <annotator id="CL_basic_2014_02_21_Instance_10000">Mike Bada, University of Colorado Anschutz Medical Campus</annotator>
    <span start="45671" end="45691" />
    <spannedText>Marrow stromal cells</spannedText>
  </annotation>
  <annotation>
    <mention id="CL_basic_2014_02_21_Instance_41632" />
    <annotator id="CL_basic_2014_02_21_Instance_10000">Mike Bada, University of Colorado Anschutz Medical Campus</annotator>
    <span start="46377" end="46387" />
    <span start="46402" end="46408" />
    <spannedText>cells with ... nuclei</spannedText>
  </annotation>
  <annotation>
    <mention id="CL_basic_2014_02_21_Instance_41634" />
    <annotator id="CL_basic_2014_02_21_Instance_10000">Mike Bada, University of Colorado Anschutz Medical Campus</annotator>
    <span start="47650" end="47664" />
    <spannedText>Embryonic Cell</spannedText>
  </annotation>
  <annotation>
    <mention id="CL_basic_2014_02_21_Instance_70157" />
    <annotator id="CL_basic_2014_02_21_Instance_10000">Mike Bada, University of Colorado Anschutz Medical Campus</annotator>
    <span start="46726" end="46737" />
    <spannedText>Fibroblasts</spannedText>
  </annotation>
  <annotation>
    <mention id="CL_basic_2014_02_21_plus_nested_Instance_31141" />
    <annotator id="CL_basic_2014_02_21_Instance_10000">Mike Bada, University of Colorado Anschutz Medical Campus</annotator>
    <span start="2826" end="2837" />
    <span start="2843" end="2847" />
    <spannedText>bone marrow ... cell</spannedText>
  </annotation>
  <annotation>
    <mention id="CL_basic_2014_02_21_plus_nested_Instance_31313" />
    <annotator id="CL_basic_2014_02_21_Instance_10000">Mike Bada, University of Colorado Anschutz Medical Campus</annotator>
    <span start="4841" end="4845" />
    <spannedText>cell</spannedText>
  </annotation>
  <annotation>
    <mention id="CL_basic_2014_02_21_plus_nested_test_Instance_10045" />
    <annotator id="CL_basic_2014_02_21_Instance_10000">Mike Bada, University of Colorado Anschutz Medical Campus</annotator>
    <span start="32432" end="32434" />
    <span start="32436" end="32441" />
    <spannedText>ES ... cells</spannedText>
  </annotation>
  <classMention id="CL_basic_2014_02_21_Instance_41517">
    <mentionClass id="CL:0002540">mesenchymal stem cell of the bone marrow</mentionClass>
  </classMention>
  <classMention id="CL_basic_2014_02_21_Instance_41525">
    <mentionClass id="CL:0010001">stromal cell of bone marrow</mentionClass>
  </classMention>
  <classMention id="CL_basic_2014_02_21_Instance_41512">
    <mentionClass id="CL:0010001">stromal cell of bone marrow</mentionClass>
  </classMention>
  <classMention id="CL_basic_2014_02_21_Instance_41515">
    <mentionClass id="CL:0002540">mesenchymal stem cell of the bone marrow</mentionClass>
  </classMention>
  <classMention id="CL_basic_2014_02_21_Instance_41544">
    <mentionClass id="CL:0000057">fibroblast</mentionClass>
  </classMention>
  <classMention id="CL_basic_2014_02_21_Instance_41551">
    <mentionClass id="CL:0010001">stromal cell of bone marrow</mentionClass>
  </classMention>
  <classMention id="CL_basic_2014_02_21_Instance_41530">
    <mentionClass id="CL:0002540">mesenchymal stem cell of the bone marrow</mentionClass>
  </classMention>
  <classMention id="CL_basic_2014_02_21_Instance_41540">
    <mentionClass id="CL:0010001">stromal cell of bone marrow</mentionClass>
  </classMention>
  <classMention id="CL_basic_2014_02_21_Instance_41562">
    <mentionClass id="CL:0000134">mesenchymal cell</mentionClass>
  </classMention>
  <classMention id="CL_basic_2014_02_21_Instance_41567">
    <mentionClass id="CL:0010001">stromal cell of bone marrow</mentionClass>
  </classMention>
  <classMention id="CL_basic_2014_02_21_Instance_11463">
    <mentionClass id="CL:0000134">mesenchymal cell</mentionClass>
  </classMention>
  <classMention id="CL_basic_2014_02_21_Instance_41557">
    <mentionClass id="CL:0010001">stromal cell of bone marrow</mentionClass>
  </classMention>
  <classMention id="CL_basic_2014_02_21_Instance_11467">
    <mentionClass id="CL:0000134">mesenchymal cell</mentionClass>
  </classMention>
  <classMention id="CL_basic_2014_02_21_Instance_41560">
    <mentionClass id="CL:0002321">embryonic cell</mentionClass>
  </classMention>
  <classMention id="CL_basic_2014_02_21_Instance_41576">
    <mentionClass id="CL:0002092">bone marrow cell</mentionClass>
  </classMention>
  <classMention id="CL_basic_2014_02_21_Instance_41578">
    <mentionClass id="CL:0002321">embryonic cell</mentionClass>
  </classMention>
  <classMention id="CL_basic_2014_02_21_Instance_41571">
    <mentionClass id="CL:0002540">mesenchymal stem cell of the bone marrow</mentionClass>
  </classMention>
  <classMention id="CL_basic_2014_02_21_Instance_41573">
    <mentionClass id="CL:0002540">mesenchymal stem cell of the bone marrow</mentionClass>
  </classMention>
  <classMention id="CL_basic_2014_02_21_Instance_41595">
    <mentionClass id="CL:0000001">primary cultured cell</mentionClass>
  </classMention>
  <classMention id="CL_basic_2014_02_21_Instance_41599">
    <mentionClass id="CL:0000001">primary cultured cell</mentionClass>
  </classMention>
  <classMention id="CL_basic_2014_02_21_Instance_41584">
    <mentionClass id="CL:0010001">stromal cell of bone marrow</mentionClass>
  </classMention>
  <classMention id="CL_basic_2014_02_21_Instance_41592">
    <mentionClass id="CL:0010001">stromal cell of bone marrow</mentionClass>
  </classMention>
  <classMention id="CL_basic_2014_02_21_Instance_41607">
    <mentionClass id="CL:0002540">mesenchymal stem cell of the bone marrow</mentionClass>
  </classMention>
  <classMention id="CL_basic_2014_02_21_Instance_41609">
    <mentionClass id="CL:0002322">embryonic stem cell</mentionClass>
  </classMention>
  <classMention id="CL_basic_2014_02_21_Instance_41602">
    <mentionClass id="CL:0010001">stromal cell of bone marrow</mentionClass>
  </classMention>
  <classMention id="CL_basic_2014_02_21_Instance_41605">
    <mentionClass id="CL:0002321">embryonic cell</mentionClass>
  </classMention>
  <classMention id="CL_basic_2014_02_21_Instance_41618">
    <mentionClass id="CL:0000010">cultured cell</mentionClass>
  </classMention>
  <classMention id="CL_basic_2014_02_21_Instance_41620">
    <mentionClass id="CL:0000010">cultured cell</mentionClass>
  </classMention>
  <classMention id="CL_basic_2014_02_21_Instance_41613">
    <mentionClass id="CL:0002322">embryonic stem cell</mentionClass>
  </classMention>
  <classMention id="CL_basic_2014_02_21_Instance_41615">
    <mentionClass id="CL:0002322">embryonic stem cell</mentionClass>
  </classMention>
  <classMention id="CL_basic_2014_02_21_Instance_41632">
    <mentionClass id="CL:0002242">nucleate cell</mentionClass>
  </classMention>
  <classMention id="CL_basic_2014_02_21_Instance_41634">
    <mentionClass id="CL:0002321">embryonic cell</mentionClass>
  </classMention>
  <classMention id="CL_basic_2014_02_21_Instance_41624">
    <mentionClass id="CL:0000092">osteoclast</mentionClass>
  </classMention>
  <classMention id="CL_basic_2014_02_21_Instance_41629">
    <mentionClass id="CL:0010001">stromal cell of bone marrow</mentionClass>
  </classMention>
  <classMention id="CL_basic_2014_02_21_Instance_17913">
    <mentionClass id="CL:0000062">osteoblast</mentionClass>
  </classMention>
  <classMention id="CL_basic_2014_02_21_Instance_17915">
    <mentionClass id="CL:0000057">fibroblast</mentionClass>
  </classMention>
  <classMention id="CL_basic_2014_02_21_Instance_17921">
    <mentionClass id="CL:0000136">fat cell</mentionClass>
  </classMention>
  <classMention id="CL_basic_2014_02_21_Instance_17923">
    <mentionClass id="CL:0000136">fat cell</mentionClass>
  </classMention>
  <classMention id="CL_basic_2014_02_21_Instance_17917">
    <mentionClass id="CL:0000136">fat cell</mentionClass>
  </classMention>
  <classMention id="CL_basic_2014_02_21_Instance_17919">
    <mentionClass id="CL:0000057">fibroblast</mentionClass>
  </classMention>
  <classMention id="CL_basic_2014_02_21_Instance_17931">
    <mentionClass id="CL:0000136">fat cell</mentionClass>
  </classMention>
  <classMention id="CL_basic_2014_02_21_Instance_17933">
    <mentionClass id="CL:0000062">osteoblast</mentionClass>
  </classMention>
  <classMention id="CL_basic_2014_02_21_Instance_17925">
    <mentionClass id="CL:0000136">fat cell</mentionClass>
  </classMention>
  <classMention id="CL_basic_2014_02_21_Instance_17927">
    <mentionClass id="CL:0000062">osteoblast</mentionClass>
  </classMention>
  <classMention id="CL_basic_2014_02_21_Instance_17939">
    <mentionClass id="CL:0000062">osteoblast</mentionClass>
  </classMention>
  <classMention id="CL_basic_2014_02_21_Instance_17941">
    <mentionClass id="CL:0000092">osteoclast</mentionClass>
  </classMention>
  <classMention id="CL_basic_2014_02_21_Instance_17935">
    <mentionClass id="CL:0000062">osteoblast</mentionClass>
  </classMention>
  <classMention id="CL_basic_2014_02_21_Instance_17937">
    <mentionClass id="CL:0000034">stem cell</mentionClass>
  </classMention>
  <classMention id="CL_basic_2014_02_21_Instance_17947">
    <mentionClass id="CL:0000092">osteoclast</mentionClass>
  </classMention>
  <classMention id="CL_basic_2014_02_21_Instance_17949">
    <mentionClass id="CL:0000062">osteoblast</mentionClass>
  </classMention>
  <classMention id="CL_basic_2014_02_21_Instance_17943">
    <mentionClass id="CL:0000062">osteoblast</mentionClass>
  </classMention>
  <classMention id="CL_basic_2014_02_21_Instance_17945">
    <mentionClass id="CL:0000092">osteoclast</mentionClass>
  </classMention>
  <classMention id="CL_basic_2014_02_21_Instance_17961">
    <mentionClass id="CL:0000136">fat cell</mentionClass>
  </classMention>
  <classMention id="CL_basic_2014_02_21_Instance_17963">
    <mentionClass id="CL:0000062">osteoblast</mentionClass>
  </classMention>
  <classMention id="CL_basic_2014_02_21_Instance_17957">
    <mentionClass id="CL:0000136">fat cell</mentionClass>
  </classMention>
  <classMention id="CL_basic_2014_02_21_Instance_17959">
    <mentionClass id="CL:0000062">osteoblast</mentionClass>
  </classMention>
  <classMention id="CL_basic_2014_02_21_Instance_17969">
    <mentionClass id="CL_GO_EXT:cell">cell</mentionClass>
  </classMention>
  <classMention id="CL_basic_2014_02_21_Instance_17973">
    <mentionClass id="CL:0000128">oligodendrocyte</mentionClass>
  </classMention>
  <classMention id="CL_basic_2014_02_21_Instance_17965">
    <mentionClass id="CL:0000062">osteoblast</mentionClass>
  </classMention>
  <classMention id="CL_basic_2014_02_21_Instance_17967">
    <mentionClass id="CL:0000136">fat cell</mentionClass>
  </classMention>
  <classMention id="CL_basic_2014_02_21_Instance_17979">
    <mentionClass id="CL_GO_EXT:cell">cell</mentionClass>
  </classMention>
  <classMention id="CL_basic_2014_02_21_Instance_17981">
    <mentionClass id="CL:0000034">stem cell</mentionClass>
  </classMention>
  <classMention id="CL_basic_2014_02_21_Instance_17975">
    <mentionClass id="CL:0000125">glial cell</mentionClass>
  </classMention>
  <classMention id="CL_basic_2014_02_21_Instance_17977">
    <mentionClass id="CL:0000540">neuron</mentionClass>
  </classMention>
  <classMention id="CL_basic_2014_02_21_Instance_17989">
    <mentionClass id="CL:0000136">fat cell</mentionClass>
  </classMention>
  <classMention id="CL_basic_2014_02_21_Instance_17993">
    <mentionClass id="CL_GO_EXT:cell">cell</mentionClass>
  </classMention>
  <classMention id="CL_basic_2014_02_21_Instance_17985">
    <mentionClass id="CL_GO_EXT:cell">cell</mentionClass>
  </classMention>
  <classMention id="CL_basic_2014_02_21_Instance_17987">
    <mentionClass id="CL:0000057">fibroblast</mentionClass>
  </classMention>
  <classMention id="CL_basic_2014_02_21_Instance_17999">
    <mentionClass id="CL:0000743">hypertrophic chondrocyte</mentionClass>
  </classMention>
  <classMention id="CL_basic_2014_02_21_Instance_18001">
    <mentionClass id="CL:0000062">osteoblast</mentionClass>
  </classMention>
  <classMention id="CL_basic_2014_02_21_Instance_17995">
    <mentionClass id="CL:0000138">chondrocyte</mentionClass>
  </classMention>
  <classMention id="CL_basic_2014_02_21_Instance_17997">
    <mentionClass id="CL:0000138">chondrocyte</mentionClass>
  </classMention>
  <classMention id="CL_basic_2014_02_21_Instance_18007">
    <mentionClass id="CL:0000092">osteoclast</mentionClass>
  </classMention>
  <classMention id="CL_basic_2014_02_21_Instance_18009">
    <mentionClass id="CL:0000062">osteoblast</mentionClass>
  </classMention>
  <classMention id="CL_basic_2014_02_21_Instance_18003">
    <mentionClass id="CL:0000092">osteoclast</mentionClass>
  </classMention>
  <classMention id="CL_basic_2014_02_21_Instance_18005">
    <mentionClass id="CL:0000062">osteoblast</mentionClass>
  </classMention>
  <classMention id="CL_basic_2014_02_21_Instance_18015">
    <mentionClass id="CL:0000062">osteoblast</mentionClass>
  </classMention>
  <classMention id="CL_basic_2014_02_21_Instance_18017">
    <mentionClass id="CL:0000092">osteoclast</mentionClass>
  </classMention>
  <classMention id="CL_basic_2014_02_21_Instance_18011">
    <mentionClass id="CL:0000092">osteoclast</mentionClass>
  </classMention>
  <classMention id="CL_basic_2014_02_21_Instance_18013">
    <mentionClass id="CL_GO_EXT:cell">cell</mentionClass>
  </classMention>
  <classMention id="CL_basic_2014_02_21_Instance_18023">
    <mentionClass id="CL:0000062">osteoblast</mentionClass>
  </classMention>
  <classMention id="CL_basic_2014_02_21_Instance_18025">
    <mentionClass id="CL:0000092">osteoclast</mentionClass>
  </classMention>
  <classMention id="CL_basic_2014_02_21_Instance_18019">
    <mentionClass id="CL:0000092">osteoclast</mentionClass>
  </classMention>
  <classMention id="CL_basic_2014_02_21_Instance_18021">
    <mentionClass id="CL:0000062">osteoblast</mentionClass>
  </classMention>
  <classMention id="CL_basic_2014_02_21_Instance_18031">
    <mentionClass id="CL:0000092">osteoclast</mentionClass>
  </classMention>
  <classMention id="CL_basic_2014_02_21_Instance_18033">
    <mentionClass id="CL:0000062">osteoblast</mentionClass>
  </classMention>
  <classMention id="CL_basic_2014_02_21_Instance_18027">
    <mentionClass id="CL_GO_EXT:cell">cell</mentionClass>
  </classMention>
  <classMention id="CL_basic_2014_02_21_Instance_18029">
    <mentionClass id="CL:0000062">osteoblast</mentionClass>
  </classMention>
  <classMention id="CL_basic_2014_02_21_Instance_18039">
    <mentionClass id="CL:0000092">osteoclast</mentionClass>
  </classMention>
  <classMention id="CL_basic_2014_02_21_Instance_18041">
    <mentionClass id="CL:0000062">osteoblast</mentionClass>
  </classMention>
  <classMention id="CL_basic_2014_02_21_Instance_18035">
    <mentionClass id="CL:0000092">osteoclast</mentionClass>
  </classMention>
  <classMention id="CL_basic_2014_02_21_Instance_18037">
    <mentionClass id="CL:0000062">osteoblast</mentionClass>
  </classMention>
  <classMention id="CL_basic_2014_02_21_Instance_18049">
    <mentionClass id="CL:0000057">fibroblast</mentionClass>
  </classMention>
  <classMention id="CL_basic_2014_02_21_Instance_18051">
    <mentionClass id="CL:0000062">osteoblast</mentionClass>
  </classMention>
  <classMention id="CL_basic_2014_02_21_Instance_18043">
    <mentionClass id="CL:0000092">osteoclast</mentionClass>
  </classMention>
  <classMention id="CL_basic_2014_02_21_Instance_18047">
    <mentionClass id="CL:0000062">osteoblast</mentionClass>
  </classMention>
  <classMention id="CL_basic_2014_02_21_Instance_18057">
    <mentionClass id="CL:0000136">fat cell</mentionClass>
  </classMention>
  <classMention id="CL_basic_2014_02_21_Instance_18059">
    <mentionClass id="CL:0000062">osteoblast</mentionClass>
  </classMention>
  <classMention id="CL_basic_2014_02_21_Instance_18053">
    <mentionClass id="CL:0000092">osteoclast</mentionClass>
  </classMention>
  <classMention id="CL_basic_2014_02_21_Instance_18055">
    <mentionClass id="CL:0000092">osteoclast</mentionClass>
  </classMention>
  <classMention id="CL_basic_2014_02_21_Instance_18067">
    <mentionClass id="CL:0000136">fat cell</mentionClass>
  </classMention>
  <classMention id="CL_basic_2014_02_21_Instance_18071">
    <mentionClass id="CL:0000136">fat cell</mentionClass>
  </classMention>
  <classMention id="CL_basic_2014_02_21_Instance_18063">
    <mentionClass id="CL:0000062">osteoblast</mentionClass>
  </classMention>
  <classMention id="CL_basic_2014_02_21_Instance_18065">
    <mentionClass id="CL:0000136">fat cell</mentionClass>
  </classMention>
  <classMention id="CL_basic_2014_02_21_Instance_18077">
    <mentionClass id="CL:0000136">fat cell</mentionClass>
  </classMention>
  <classMention id="CL_basic_2014_02_21_Instance_18079">
    <mentionClass id="CL:0000134">mesenchymal cell</mentionClass>
  </classMention>
  <classMention id="CL_basic_2014_02_21_Instance_18073">
    <mentionClass id="CL:0000136">fat cell</mentionClass>
  </classMention>
  <classMention id="CL_basic_2014_02_21_Instance_18075">
    <mentionClass id="CL_GO_EXT:cell">cell</mentionClass>
  </classMention>
  <classMention id="CL_basic_2014_02_21_Instance_25127">
    <mentionClass id="CL:0000062">osteoblast</mentionClass>
  </classMention>
  <classMention id="CL_basic_2014_02_21_Instance_18085">
    <mentionClass id="CL_GO_EXT:cell">cell</mentionClass>
  </classMention>
  <classMention id="CL_basic_2014_02_21_Instance_25129">
    <mentionClass id="CL_GO_EXT:cell">cell</mentionClass>
  </classMention>
  <classMention id="CL_basic_2014_02_21_Instance_18087">
    <mentionClass id="CL:0000062">osteoblast</mentionClass>
  </classMention>
  <classMention id="CL_basic_2014_02_21_Instance_18081">
    <mentionClass id="CL_GO_EXT:cell">cell</mentionClass>
  </classMention>
  <classMention id="CL_basic_2014_02_21_Instance_25119">
    <mentionClass id="CL_GO_EXT:cell">cell</mentionClass>
  </classMention>
  <classMention id="CL_basic_2014_02_21_Instance_18083">
    <mentionClass id="CL:0000062">osteoblast</mentionClass>
  </classMention>
  <classMention id="CL_basic_2014_02_21_Instance_25135">
    <mentionClass id="CL:0000138">chondrocyte</mentionClass>
  </classMention>
  <classMention id="CL_basic_2014_02_21_Instance_18093">
    <mentionClass id="CL_GO_EXT:cell">cell</mentionClass>
  </classMention>
  <classMention id="CL_basic_2014_02_21_Instance_25137">
    <mentionClass id="CL:0000062">osteoblast</mentionClass>
  </classMention>
  <classMention id="CL_basic_2014_02_21_Instance_18097">
    <mentionClass id="CL:0000136">fat cell</mentionClass>
  </classMention>
  <classMention id="CL_basic_2014_02_21_Instance_25131">
    <mentionClass id="CL_GO_EXT:cell">cell</mentionClass>
  </classMention>
  <classMention id="CL_basic_2014_02_21_Instance_18089">
    <mentionClass id="CL_GO_EXT:cell">cell</mentionClass>
  </classMention>
  <classMention id="CL_basic_2014_02_21_Instance_25133">
    <mentionClass id="CL_GO_EXT:cell">cell</mentionClass>
  </classMention>
  <classMention id="CL_basic_2014_02_21_Instance_18091">
    <mentionClass id="CL:0000062">osteoblast</mentionClass>
  </classMention>
  <classMention id="CL_basic_2014_02_21_Instance_25143">
    <mentionClass id="CL:0000062">osteoblast</mentionClass>
  </classMention>
  <classMention id="CL_basic_2014_02_21_Instance_18107">
    <mentionClass id="CL:0000034">stem cell</mentionClass>
  </classMention>
  <classMention id="CL_basic_2014_02_21_Instance_25145">
    <mentionClass id="CL:0000092">osteoclast</mentionClass>
  </classMention>
  <classMention id="CL_basic_2014_02_21_Instance_18109">
    <mentionClass id="CL:0000062">osteoblast</mentionClass>
  </classMention>
  <classMention id="CL_basic_2014_02_21_Instance_25139">
    <mentionClass id="CL_GO_EXT:cell">cell</mentionClass>
  </classMention>
  <classMention id="CL_basic_2014_02_21_Instance_18101">
    <mentionClass id="CL:0000136">fat cell</mentionClass>
  </classMention>
  <classMention id="CL_basic_2014_02_21_Instance_25141">
    <mentionClass id="CL_GO_EXT:cell">cell</mentionClass>
  </classMention>
  <classMention id="CL_basic_2014_02_21_Instance_18103">
    <mentionClass id="CL:0000062">osteoblast</mentionClass>
  </classMention>
  <classMention id="CL_basic_2014_02_21_Instance_25153">
    <mentionClass id="CL:0000092">osteoclast</mentionClass>
  </classMention>
  <classMention id="CL_basic_2014_02_21_Instance_18115">
    <mentionClass id="CL:0000540">neuron</mentionClass>
  </classMention>
  <classMention id="CL_basic_2014_02_21_Instance_25155">
    <mentionClass id="CL:0000092">osteoclast</mentionClass>
  </classMention>
  <classMention id="CL_basic_2014_02_21_Instance_18119">
    <mentionClass id="CL_GO_EXT:cell">cell</mentionClass>
  </classMention>
  <classMention id="CL_basic_2014_02_21_Instance_25147">
    <mentionClass id="CL:0000062">osteoblast</mentionClass>
  </classMention>
  <classMention id="CL_basic_2014_02_21_Instance_18111">
    <mentionClass id="CL:0000062">osteoblast</mentionClass>
  </classMention>
  <classMention id="CL_basic_2014_02_21_Instance_25151">
    <mentionClass id="CL:0000062">osteoblast</mentionClass>
  </classMention>
  <classMention id="CL_basic_2014_02_21_Instance_18113">
    <mentionClass id="CL:0000136">fat cell</mentionClass>
  </classMention>
  <classMention id="CL_basic_2014_02_21_Instance_25163">
    <mentionClass id="CL:0000136">fat cell</mentionClass>
  </classMention>
  <classMention id="CL_basic_2014_02_21_Instance_18125">
    <mentionClass id="CL:0000092">osteoclast</mentionClass>
  </classMention>
  <classMention id="CL_basic_2014_02_21_Instance_25165">
    <mentionClass id="CL_GO_EXT:cell">cell</mentionClass>
  </classMention>
  <classMention id="CL_basic_2014_02_21_Instance_18127">
    <mentionClass id="CL:0000062">osteoblast</mentionClass>
  </classMention>
  <classMention id="CL_basic_2014_02_21_Instance_25159">
    <mentionClass id="CL_GO_EXT:cell">cell</mentionClass>
  </classMention>
  <classMention id="CL_basic_2014_02_21_Instance_18121">
    <mentionClass id="CL:0000138">chondrocyte</mentionClass>
  </classMention>
  <classMention id="CL_basic_2014_02_21_Instance_25161">
    <mentionClass id="CL:0000136">fat cell</mentionClass>
  </classMention>
  <classMention id="CL_basic_2014_02_21_Instance_18123">
    <mentionClass id="CL:0000062">osteoblast</mentionClass>
  </classMention>
  <classMention id="CL_basic_2014_02_21_Instance_25173">
    <mentionClass id="CL_GO_EXT:cell">cell</mentionClass>
  </classMention>
  <classMention id="CL_basic_2014_02_21_Instance_18133">
    <mentionClass id="CL:0000092">osteoclast</mentionClass>
  </classMention>
  <classMention id="CL_basic_2014_02_21_Instance_25175">
    <mentionClass id="CL:0000062">osteoblast</mentionClass>
  </classMention>
  <classMention id="CL_basic_2014_02_21_Instance_18135">
    <mentionClass id="CL:0000092">osteoclast</mentionClass>
  </classMention>
  <classMention id="CL_basic_2014_02_21_Instance_25167">
    <mentionClass id="CL_GO_EXT:cell">cell</mentionClass>
  </classMention>
  <classMention id="CL_basic_2014_02_21_Instance_18129">
    <mentionClass id="CL:0000092">osteoclast</mentionClass>
  </classMention>
  <classMention id="CL_basic_2014_02_21_Instance_25171">
    <mentionClass id="CL_GO_EXT:cell">cell</mentionClass>
  </classMention>
  <classMention id="CL_basic_2014_02_21_Instance_18131">
    <mentionClass id="CL:0000092">osteoclast</mentionClass>
  </classMention>
  <classMention id="CL_basic_2014_02_21_Instance_18141">
    <mentionClass id="CL:0000092">osteoclast</mentionClass>
  </classMention>
  <classMention id="CL_basic_2014_02_21_Instance_18143">
    <mentionClass id="CL:0000092">osteoclast</mentionClass>
  </classMention>
  <classMention id="CL_basic_2014_02_21_Instance_25177">
    <mentionClass id="CL:0000136">fat cell</mentionClass>
  </classMention>
  <classMention id="CL_basic_2014_02_21_Instance_18137">
    <mentionClass id="CL:0000092">osteoclast</mentionClass>
  </classMention>
  <classMention id="CL_basic_2014_02_21_Instance_25179">
    <mentionClass id="CL:0000136">fat cell</mentionClass>
  </classMention>
  <classMention id="CL_basic_2014_02_21_Instance_18139">
    <mentionClass id="CL:0000092">osteoclast</mentionClass>
  </classMention>
  <classMention id="CL_basic_2014_02_21_Instance_18153">
    <mentionClass id="CL:0000062">osteoblast</mentionClass>
  </classMention>
  <classMention id="CL_basic_2014_02_21_Instance_18155">
    <mentionClass id="CL:0000136">fat cell</mentionClass>
  </classMention>
  <classMention id="CL_basic_2014_02_21_Instance_18147">
    <mentionClass id="CL:0000062">osteoblast</mentionClass>
  </classMention>
  <classMention id="CL_basic_2014_02_21_Instance_18149">
    <mentionClass id="CL_GO_EXT:cell">cell</mentionClass>
  </classMention>
  <classMention id="CL_basic_2014_02_21_Instance_18161">
    <mentionClass id="CL:0000134">mesenchymal cell</mentionClass>
  </classMention>
  <classMention id="CL_basic_2014_02_21_plus_nested_Instance_31141">
    <mentionClass id="CL:0002092">bone marrow cell</mentionClass>
  </classMention>
  <classMention id="CL_basic_2014_02_21_Instance_18163">
    <mentionClass id="CL:0000062">osteoblast</mentionClass>
  </classMention>
  <classMention id="CL_basic_2014_02_21_Instance_18157">
    <mentionClass id="CL:0000136">fat cell</mentionClass>
  </classMention>
  <classMention id="CL_basic_2014_02_21_Instance_18159">
    <mentionClass id="CL:0000062">osteoblast</mentionClass>
  </classMention>
  <classMention id="CL_basic_2014_02_21_Instance_18169">
    <mentionClass id="CL:0000062">osteoblast</mentionClass>
  </classMention>
  <classMention id="CL_basic_2014_02_21_Instance_18171">
    <mentionClass id="CL:0000136">fat cell</mentionClass>
  </classMention>
  <classMention id="CL_basic_2014_02_21_plus_nested_Instance_31313">
    <mentionClass id="CL_GO_EXT:cell">cell</mentionClass>
  </classMention>
  <classMention id="CL_basic_2014_02_21_Instance_18165">
    <mentionClass id="CL:0000062">osteoblast</mentionClass>
  </classMention>
  <classMention id="CL_basic_2014_02_21_Instance_18167">
    <mentionClass id="CL:0000092">osteoclast</mentionClass>
  </classMention>
  <classMention id="CL_basic_2014_02_21_Instance_18181">
    <mentionClass id="CL:0000092">osteoclast</mentionClass>
  </classMention>
  <classMention id="CL_basic_2014_02_21_Instance_18183">
    <mentionClass id="CL:0000499">stromal cell</mentionClass>
  </classMention>
  <classMention id="CL_basic_2014_02_21_Instance_18175">
    <mentionClass id="CL:0000136">fat cell</mentionClass>
  </classMention>
  <classMention id="CL_basic_2014_02_21_Instance_18179">
    <mentionClass id="CL:0000062">osteoblast</mentionClass>
  </classMention>
  <classMention id="CL_basic_2014_02_21_Instance_18189">
    <mentionClass id="CL_GO_EXT:cell">cell</mentionClass>
  </classMention>
  <classMention id="CL_basic_2014_02_21_Instance_18191">
    <mentionClass id="CL_GO_EXT:cell">cell</mentionClass>
  </classMention>
  <classMention id="CL_basic_2014_02_21_Instance_18185">
    <mentionClass id="CL:0000092">osteoclast</mentionClass>
  </classMention>
  <classMention id="CL_basic_2014_02_21_Instance_18187">
    <mentionClass id="CL_GO_EXT:cell">cell</mentionClass>
  </classMention>
  <classMention id="CL_basic_2014_02_21_Instance_18197">
    <mentionClass id="CL:0000136">fat cell</mentionClass>
  </classMention>
  <classMention id="CL_basic_2014_02_21_Instance_18201">
    <mentionClass id="CL_GO_EXT:cell">cell</mentionClass>
  </classMention>
  <classMention id="CL_basic_2014_02_21_Instance_18193">
    <mentionClass id="CL:0000057">fibroblast</mentionClass>
  </classMention>
  <classMention id="CL_basic_2014_02_21_Instance_18195">
    <mentionClass id="CL:0000136">fat cell</mentionClass>
  </classMention>
  <classMention id="CL_basic_2014_02_21_Instance_18207">
    <mentionClass id="CL:0000092">osteoclast</mentionClass>
  </classMention>
  <classMention id="CL_basic_2014_02_21_plus_nested_test_Instance_10045">
    <mentionClass id="CL:0002322">embryonic stem cell</mentionClass>
  </classMention>
  <classMention id="CL_basic_2014_02_21_Instance_18209">
    <mentionClass id="CL:0000499">stromal cell</mentionClass>
  </classMention>
  <classMention id="CL_basic_2014_02_21_Instance_18203">
    <mentionClass id="CL_GO_EXT:cell">cell</mentionClass>
  </classMention>
  <classMention id="CL_basic_2014_02_21_Instance_18205">
    <mentionClass id="CL:0000062">osteoblast</mentionClass>
  </classMention>
  <classMention id="CL_basic_2014_02_21_Instance_18211">
    <mentionClass id="CL:0000057">fibroblast</mentionClass>
  </classMention>
  <classMention id="CL_basic_2014_02_21_Instance_41484">
    <mentionClass id="CL:0010001">stromal cell of bone marrow</mentionClass>
  </classMention>
  <classMention id="CL_basic_2014_02_21_Instance_41505">
    <mentionClass id="CL:0001035">bone cell</mentionClass>
  </classMention>
  <classMention id="CL_basic_2014_02_21_Instance_41507">
    <mentionClass id="CL:0001035">bone cell</mentionClass>
  </classMention>
  <classMention id="CL_basic_2014_02_21_Instance_41487">
    <mentionClass id="CL:0002321">embryonic cell</mentionClass>
  </classMention>
  <classMention id="CL_basic_2014_02_21_Instance_70157">
    <mentionClass id="CL:0000057">fibroblast</mentionClass>
  </classMention>
  <classMention id="CL_basic_2014_02_21_Instance_41489">
    <mentionClass id="CL:0000134">mesenchymal cell</mentionClass>
  </classMention>
</annotations>

