<?xml version="1.0" encoding="UTF-8"?>
<annotations textSource="17022820.txt">
  <annotation>
    <mention id="CL_basic_2014_02_21_Instance_11695" />
    <annotator id="CL_basic_2014_02_21_Instance_10000">Mike Bada, University of Colorado Anschutz Medical Campus</annotator>
    <span start="3248" end="3256" />
    <spannedText>platelet</spannedText>
  </annotation>
  <annotation>
    <mention id="CL_basic_2014_02_21_Instance_11697" />
    <annotator id="CL_basic_2014_02_21_Instance_10000">Mike Bada, University of Colorado Anschutz Medical Campus</annotator>
    <span start="4632" end="4640" />
    <spannedText>platelet</spannedText>
  </annotation>
  <annotation>
    <mention id="CL_basic_2014_02_21_Instance_11699" />
    <annotator id="CL_basic_2014_02_21_Instance_10000">Mike Bada, University of Colorado Anschutz Medical Campus</annotator>
    <span start="6588" end="6596" />
    <spannedText>platelet</spannedText>
  </annotation>
  <annotation>
    <mention id="CL_basic_2014_02_21_Instance_11701" />
    <annotator id="CL_basic_2014_02_21_Instance_10000">Mike Bada, University of Colorado Anschutz Medical Campus</annotator>
    <span start="14815" end="14823" />
    <spannedText>platelet</spannedText>
  </annotation>
  <annotation>
    <mention id="CL_basic_2014_02_21_Instance_11703" />
    <annotator id="CL_basic_2014_02_21_Instance_10000">Mike Bada, University of Colorado Anschutz Medical Campus</annotator>
    <span start="14879" end="14887" />
    <spannedText>platelet</spannedText>
  </annotation>
  <annotation>
    <mention id="CL_basic_2014_02_21_Instance_11705" />
    <annotator id="CL_basic_2014_02_21_Instance_10000">Mike Bada, University of Colorado Anschutz Medical Campus</annotator>
    <span start="15228" end="15236" />
    <spannedText>platelet</spannedText>
  </annotation>
  <annotation>
    <mention id="CL_basic_2014_02_21_Instance_11707" />
    <annotator id="CL_basic_2014_02_21_Instance_10000">Mike Bada, University of Colorado Anschutz Medical Campus</annotator>
    <span start="15366" end="15374" />
    <spannedText>platelet</spannedText>
  </annotation>
  <annotation>
    <mention id="CL_basic_2014_02_21_Instance_11709" />
    <annotator id="CL_basic_2014_02_21_Instance_10000">Mike Bada, University of Colorado Anschutz Medical Campus</annotator>
    <span start="19724" end="19732" />
    <spannedText>platelet</spannedText>
  </annotation>
  <annotation>
    <mention id="CL_basic_2014_02_21_Instance_11711" />
    <annotator id="CL_basic_2014_02_21_Instance_10000">Mike Bada, University of Colorado Anschutz Medical Campus</annotator>
    <span start="27829" end="27837" />
    <spannedText>platelet</spannedText>
  </annotation>
  <annotation>
    <mention id="CL_basic_2014_02_21_Instance_11713" />
    <annotator id="CL_basic_2014_02_21_Instance_10000">Mike Bada, University of Colorado Anschutz Medical Campus</annotator>
    <span start="28026" end="28034" />
    <spannedText>platelet</spannedText>
  </annotation>
  <annotation>
    <mention id="CL_basic_2014_02_21_Instance_11715" />
    <annotator id="CL_basic_2014_02_21_Instance_10000">Mike Bada, University of Colorado Anschutz Medical Campus</annotator>
    <span start="29759" end="29767" />
    <spannedText>platelet</spannedText>
  </annotation>
  <annotation>
    <mention id="CL_basic_2014_02_21_Instance_11717" />
    <annotator id="CL_basic_2014_02_21_Instance_10000">Mike Bada, University of Colorado Anschutz Medical Campus</annotator>
    <span start="30244" end="30252" />
    <spannedText>platelet</spannedText>
  </annotation>
  <annotation>
    <mention id="CL_basic_2014_02_21_Instance_11719" />
    <annotator id="CL_basic_2014_02_21_Instance_10000">Mike Bada, University of Colorado Anschutz Medical Campus</annotator>
    <span start="30860" end="30868" />
    <spannedText>platelet</spannedText>
  </annotation>
  <annotation>
    <mention id="CL_basic_2014_02_21_Instance_11721" />
    <annotator id="CL_basic_2014_02_21_Instance_10000">Mike Bada, University of Colorado Anschutz Medical Campus</annotator>
    <span start="30879" end="30887" />
    <spannedText>platelet</spannedText>
  </annotation>
  <annotation>
    <mention id="CL_basic_2014_02_21_Instance_11723" />
    <annotator id="CL_basic_2014_02_21_Instance_10000">Mike Bada, University of Colorado Anschutz Medical Campus</annotator>
    <span start="31020" end="31028" />
    <spannedText>platelet</spannedText>
  </annotation>
  <annotation>
    <mention id="CL_basic_2014_02_21_Instance_11725" />
    <annotator id="CL_basic_2014_02_21_Instance_10000">Mike Bada, University of Colorado Anschutz Medical Campus</annotator>
    <span start="31200" end="31208" />
    <spannedText>platelet</spannedText>
  </annotation>
  <annotation>
    <mention id="CL_basic_2014_02_21_plus_nested_Instance_50445" />
    <annotator id="CL_basic_2014_02_21_Instance_10000">Mike Bada, University of Colorado Anschutz Medical Campus</annotator>
    <span start="33322" end="33330" />
    <spannedText>cellular</spannedText>
  </annotation>
  <annotation>
    <mention id="CL_basic_2014_02_21_plus_nested_Instance_50450" />
    <annotator id="CL_basic_2014_02_21_Instance_10000">Mike Bada, University of Colorado Anschutz Medical Campus</annotator>
    <span start="35812" end="35820" />
    <spannedText>cellular</spannedText>
  </annotation>
  <classMention id="CL_basic_2014_02_21_Instance_11709">
    <mentionClass id="CL:0000233">platelet</mentionClass>
  </classMention>
  <classMention id="CL_basic_2014_02_21_Instance_11711">
    <mentionClass id="CL:0000233">platelet</mentionClass>
  </classMention>
  <classMention id="CL_basic_2014_02_21_plus_nested_Instance_50445">
    <mentionClass id="CL_GO_EXT:cell">cell</mentionClass>
  </classMention>
  <classMention id="CL_basic_2014_02_21_Instance_11705">
    <mentionClass id="CL:0000233">platelet</mentionClass>
  </classMention>
  <classMention id="CL_basic_2014_02_21_Instance_11707">
    <mentionClass id="CL:0000233">platelet</mentionClass>
  </classMention>
  <classMention id="CL_basic_2014_02_21_Instance_11717">
    <mentionClass id="CL:0000233">platelet</mentionClass>
  </classMention>
  <classMention id="CL_basic_2014_02_21_Instance_11719">
    <mentionClass id="CL:0000233">platelet</mentionClass>
  </classMention>
  <classMention id="CL_basic_2014_02_21_Instance_11713">
    <mentionClass id="CL:0000233">platelet</mentionClass>
  </classMention>
  <classMention id="CL_basic_2014_02_21_plus_nested_Instance_50450">
    <mentionClass id="CL_GO_EXT:cell">cell</mentionClass>
  </classMention>
  <classMention id="CL_basic_2014_02_21_Instance_11715">
    <mentionClass id="CL:0000233">platelet</mentionClass>
  </classMention>
  <classMention id="CL_basic_2014_02_21_Instance_11725">
    <mentionClass id="CL:0000233">platelet</mentionClass>
  </classMention>
  <classMention id="CL_basic_2014_02_21_Instance_11695">
    <mentionClass id="CL:0000233">platelet</mentionClass>
  </classMention>
  <classMention id="CL_basic_2014_02_21_Instance_11721">
    <mentionClass id="CL:0000233">platelet</mentionClass>
  </classMention>
  <classMention id="CL_basic_2014_02_21_Instance_11723">
    <mentionClass id="CL:0000233">platelet</mentionClass>
  </classMention>
  <classMention id="CL_basic_2014_02_21_Instance_11701">
    <mentionClass id="CL:0000233">platelet</mentionClass>
  </classMention>
  <classMention id="CL_basic_2014_02_21_Instance_11703">
    <mentionClass id="CL:0000233">platelet</mentionClass>
  </classMention>
  <classMention id="CL_basic_2014_02_21_Instance_11697">
    <mentionClass id="CL:0000233">platelet</mentionClass>
  </classMention>
  <classMention id="CL_basic_2014_02_21_Instance_11699">
    <mentionClass id="CL:0000233">platelet</mentionClass>
  </classMention>
</annotations>

