<?xml version="1.0" encoding="UTF-8"?>
<annotations textSource="17244351.txt">
  <annotation>
    <mention id="CL_basic_2014_02_21_Instance_10009" />
    <annotator id="CL_basic_2014_02_21_Instance_10000">Mike Bada, University of Colorado Anschutz Medical Campus</annotator>
    <span start="4089" end="4094" />
    <spannedText>cells</spannedText>
  </annotation>
  <annotation>
    <mention id="CL_basic_2014_02_21_Instance_10079" />
    <annotator id="CL_basic_2014_02_21_Instance_10000">Mike Bada, University of Colorado Anschutz Medical Campus</annotator>
    <span start="29232" end="29236" />
    <spannedText>cell</spannedText>
  </annotation>
  <annotation>
    <mention id="CL_basic_2014_02_21_Instance_11533" />
    <annotator id="CL_basic_2014_02_21_Instance_10000">Mike Bada, University of Colorado Anschutz Medical Campus</annotator>
    <span start="23848" end="23865" />
    <spannedText>regulatory T cell</spannedText>
  </annotation>
  <annotation>
    <mention id="CL_basic_2014_02_21_Instance_12413" />
    <annotator id="CL_basic_2014_02_21_Instance_10000">Mike Bada, University of Colorado Anschutz Medical Campus</annotator>
    <span start="4446" end="4457" />
    <spannedText>blood cells</spannedText>
  </annotation>
  <annotation>
    <mention id="CL_basic_2014_02_21_Instance_12421" />
    <annotator id="CL_basic_2014_02_21_Instance_10000">Mike Bada, University of Colorado Anschutz Medical Campus</annotator>
    <span start="16807" end="16817" />
    <spannedText>lymphocyte</spannedText>
  </annotation>
  <annotation>
    <mention id="CL_basic_2014_02_21_Instance_12425" />
    <annotator id="CL_basic_2014_02_21_Instance_10000">Mike Bada, University of Colorado Anschutz Medical Campus</annotator>
    <span start="16833" end="16839" />
    <spannedText>T cell</spannedText>
  </annotation>
  <annotation>
    <mention id="CL_basic_2014_02_21_Instance_12429" />
    <annotator id="CL_basic_2014_02_21_Instance_10000">Mike Bada, University of Colorado Anschutz Medical Campus</annotator>
    <span start="20745" end="20755" />
    <spannedText>lymphocyte</spannedText>
  </annotation>
  <annotation>
    <mention id="CL_basic_2014_02_21_Instance_12431" />
    <annotator id="CL_basic_2014_02_21_Instance_10000">Mike Bada, University of Colorado Anschutz Medical Campus</annotator>
    <span start="20852" end="20862" />
    <spannedText>lymphocyte</spannedText>
  </annotation>
  <annotation>
    <mention id="CL_basic_2014_02_21_Instance_12437" />
    <annotator id="CL_basic_2014_02_21_Instance_10000">Mike Bada, University of Colorado Anschutz Medical Campus</annotator>
    <span start="22094" end="22104" />
    <spannedText>lymphocyte</spannedText>
  </annotation>
  <annotation>
    <mention id="CL_basic_2014_02_21_Instance_12445" />
    <annotator id="CL_basic_2014_02_21_Instance_10000">Mike Bada, University of Colorado Anschutz Medical Campus</annotator>
    <span start="22151" end="22162" />
    <spannedText>lymphocytes</spannedText>
  </annotation>
  <annotation>
    <mention id="CL_basic_2014_02_21_Instance_70274" />
    <annotator id="CL_basic_2014_02_21_Instance_10000">Mike Bada, University of Colorado Anschutz Medical Campus</annotator>
    <span start="23609" end="23617" />
    <spannedText>lymphoid</spannedText>
  </annotation>
  <annotation>
    <mention id="CL_basic_2014_02_21_plus_nested_Instance_50463" />
    <annotator id="CL_basic_2014_02_21_Instance_10000">Mike Bada, University of Colorado Anschutz Medical Campus</annotator>
    <span start="16480" end="16488" />
    <spannedText>cellular</spannedText>
  </annotation>
  <annotation>
    <mention id="CL_basic_2014_02_21_plus_nested_Instance_50541" />
    <annotator id="CL_basic_2014_02_21_Instance_10000">Mike Bada, University of Colorado Anschutz Medical Campus</annotator>
    <span start="16617" end="16625" />
    <spannedText>cellular</spannedText>
  </annotation>
  <classMention id="CL_basic_2014_02_21_Instance_12437">
    <mentionClass id="CL:0000542">lymphocyte</mentionClass>
  </classMention>
  <classMention id="CL_basic_2014_02_21_Instance_12413">
    <mentionClass id="CL:0000081">blood cell</mentionClass>
  </classMention>
  <classMention id="CL_basic_2014_02_21_Instance_12445">
    <mentionClass id="CL:0000542">lymphocyte</mentionClass>
  </classMention>
  <classMention id="CL_basic_2014_02_21_plus_nested_Instance_50463">
    <mentionClass id="CL_GO_EXT:cell">cell</mentionClass>
  </classMention>
  <classMention id="CL_basic_2014_02_21_Instance_70274">
    <mentionClass id="CL_UBERON_EXT:lymphocyte_or_lymphoid_progenitor_or_system_or_tissue">lymphocyte, lymphoid progenitor, or lymphoid system or tissue</mentionClass>
  </classMention>
  <classMention id="CL_basic_2014_02_21_Instance_10079">
    <mentionClass id="CL_GO_EXT:cell">cell</mentionClass>
  </classMention>
  <classMention id="CL_basic_2014_02_21_Instance_11533">
    <mentionClass id="CL:0000815">regulatory T cell</mentionClass>
  </classMention>
  <classMention id="CL_basic_2014_02_21_Instance_12421">
    <mentionClass id="CL:0000542">lymphocyte</mentionClass>
  </classMention>
  <classMention id="CL_basic_2014_02_21_plus_nested_Instance_50541">
    <mentionClass id="CL_GO_EXT:cell">cell</mentionClass>
  </classMention>
  <classMention id="CL_basic_2014_02_21_Instance_10009">
    <mentionClass id="CL_GO_EXT:cell">cell</mentionClass>
  </classMention>
  <classMention id="CL_basic_2014_02_21_Instance_12429">
    <mentionClass id="CL:0000542">lymphocyte</mentionClass>
  </classMention>
  <classMention id="CL_basic_2014_02_21_Instance_12431">
    <mentionClass id="CL:0000542">lymphocyte</mentionClass>
  </classMention>
  <classMention id="CL_basic_2014_02_21_Instance_12425">
    <mentionClass id="CL:0000084">T cell</mentionClass>
  </classMention>
</annotations>

