<?xml version="1.0" encoding="UTF-8"?>
<annotations textSource="11532192.txt">
  <annotation>
    <mention id="CHEBI_2015_08_26_Instance_14623" />
    <annotator id="CHEBI_2015_08_26_Instance_10000">Mike Bada, University of Colorado Anschutz Medical Campus</annotator>
    <span start="25950" end="25958" />
    <spannedText>terpenes</spannedText>
  </annotation>
  <annotation>
    <mention id="CHEBI_2015_08_26_Instance_16201" />
    <annotator id="CHEBI_2015_08_26_Instance_10000">Mike Bada, University of Colorado Anschutz Medical Campus</annotator>
    <span start="25960" end="25967" />
    <spannedText>Terpene</spannedText>
  </annotation>
  <annotation>
    <mention id="CHEBI_2015_08_26_Instance_16203" />
    <annotator id="CHEBI_2015_08_26_Instance_10000">Mike Bada, University of Colorado Anschutz Medical Campus</annotator>
    <span start="26012" end="26020" />
    <spannedText>terpenes</spannedText>
  </annotation>
  <annotation>
    <mention id="CHEBI_2015_08_26_Instance_16205" />
    <annotator id="CHEBI_2015_08_26_Instance_10000">Mike Bada, University of Colorado Anschutz Medical Campus</annotator>
    <span start="31652" end="31663" />
    <spannedText>Bicarbonate</spannedText>
  </annotation>
  <annotation>
    <mention id="CHEBI_2015_08_26_Instance_16213" />
    <annotator id="CHEBI_2015_08_26_Instance_10000">Mike Bada, University of Colorado Anschutz Medical Campus</annotator>
    <span start="35049" end="35054" />
    <spannedText>water</spannedText>
  </annotation>
  <annotation>
    <mention id="CHEBI_2015_08_26_Instance_16215" />
    <annotator id="CHEBI_2015_08_26_Instance_10000">Mike Bada, University of Colorado Anschutz Medical Campus</annotator>
    <span start="38325" end="38329" />
    <spannedText>acid</spannedText>
  </annotation>
  <annotation>
    <mention id="CHEBI_2015_08_26_Instance_16217" />
    <annotator id="CHEBI_2015_08_26_Instance_10000">Mike Bada, University of Colorado Anschutz Medical Campus</annotator>
    <span start="38330" end="38337" />
    <spannedText>alcohol</spannedText>
  </annotation>
  <annotation>
    <mention id="CHEBI_2015_08_26_Instance_170758" />
    <annotator id="CHEBI_2015_08_26_Instance_10000">Mike Bada, University of Colorado Anschutz Medical Campus</annotator>
    <span start="32451" end="32458" />
    <spannedText>enzymes</spannedText>
  </annotation>
  <annotation>
    <mention id="CHEBI_2015_08_26_Instance_170760" />
    <annotator id="CHEBI_2015_08_26_Instance_10000">Mike Bada, University of Colorado Anschutz Medical Campus</annotator>
    <span start="32637" end="32643" />
    <spannedText>enzyme</spannedText>
  </annotation>
  <annotation>
    <mention id="CHEBI_2015_08_26_Instance_170002" />
    <annotator id="CHEBI_2015_08_26_Instance_10000">Mike Bada, University of Colorado Anschutz Medical Campus</annotator>
    <span start="35017" end="35020" />
    <spannedText>fat</spannedText>
  </annotation>
  <annotation>
    <mention id="CHEBI_2015_08_26_Instance_19985" />
    <annotator id="CHEBI_2015_08_26_Instance_10000">Mike Bada, University of Colorado Anschutz Medical Campus</annotator>
    <span start="35022" end="35026" />
    <spannedText>chow</spannedText>
  </annotation>
  <annotation>
    <mention id="CHEBI_2015_08_26_Instance_22759" />
    <annotator id="CHEBI_2015_08_26_Instance_10000">Mike Bada, University of Colorado Anschutz Medical Campus</annotator>
    <span start="35295" end="35299" />
    <spannedText>chow</spannedText>
  </annotation>
  <annotation>
    <mention id="CHEBI_2015_08_26_Instance_240004" />
    <annotator id="CHEBI_2015_08_26_Instance_10000">Mike Bada, University of Colorado Anschutz Medical Campus</annotator>
    <span start="35151" end="35154" />
    <spannedText>fat</spannedText>
  </annotation>
  <annotation>
    <mention id="CHEBI_2015_08_26_Instance_240006" />
    <annotator id="CHEBI_2015_08_26_Instance_10000">Mike Bada, University of Colorado Anschutz Medical Campus</annotator>
    <span start="35290" end="35293" />
    <spannedText>fat</spannedText>
  </annotation>
  <annotation>
    <mention id="CHEBI_2015_08_26_Instance_25253" />
    <annotator id="CHEBI_2015_08_26_Instance_10000">Mike Bada, University of Colorado Anschutz Medical Campus</annotator>
    <span start="14790" end="14800" />
    <spannedText>anesthetic</spannedText>
  </annotation>
  <annotation>
    <mention id="CHEBI_2015_08_26_Instance_25257" />
    <annotator id="CHEBI_2015_08_26_Instance_10000">Mike Bada, University of Colorado Anschutz Medical Campus</annotator>
    <span start="22842" end="22859" />
    <spannedText>anesthetic agents</spannedText>
  </annotation>
  <annotation>
    <mention id="CHEBI_2015_08_26_Instance_25261" />
    <annotator id="CHEBI_2015_08_26_Instance_10000">Mike Bada, University of Colorado Anschutz Medical Campus</annotator>
    <span start="26089" end="26106" />
    <spannedText>anesthetic agents</spannedText>
  </annotation>
  <annotation>
    <mention id="CHEBI_2015_08_26_Instance_25263" />
    <annotator id="CHEBI_2015_08_26_Instance_10000">Mike Bada, University of Colorado Anschutz Medical Campus</annotator>
    <span start="37024" end="37041" />
    <spannedText>anesthetic agents</spannedText>
  </annotation>
  <annotation>
    <mention id="CHEBI_2015_08_26_Instance_25271" />
    <annotator id="CHEBI_2015_08_26_Instance_10000">Mike Bada, University of Colorado Anschutz Medical Campus</annotator>
    <span start="25770" end="25774" />
    <spannedText>drug</spannedText>
  </annotation>
  <annotation>
    <mention id="CHEBI_2015_08_26_Instance_25273" />
    <annotator id="CHEBI_2015_08_26_Instance_10000">Mike Bada, University of Colorado Anschutz Medical Campus</annotator>
    <span start="26045" end="26049" />
    <spannedText>drug</spannedText>
  </annotation>
  <annotation>
    <mention id="CHEBI_2015_08_26_Instance_25277" />
    <annotator id="CHEBI_2015_08_26_Instance_10000">Mike Bada, University of Colorado Anschutz Medical Campus</annotator>
    <span start="5742" end="5749" />
    <spannedText>Pigment</spannedText>
  </annotation>
  <annotation>
    <mention id="CHEBI_2015_08_26_Instance_25287" />
    <annotator id="CHEBI_2015_08_26_Instance_10000">Mike Bada, University of Colorado Anschutz Medical Campus</annotator>
    <span start="32651" end="32658" />
    <spannedText>pigment</spannedText>
  </annotation>
  <annotation>
    <mention id="CHEBI_2015_08_26_Instance_320000" />
    <annotator id="CHEBI_2015_08_26_Instance_10000">Mike Bada, University of Colorado Anschutz Medical Campus</annotator>
    <span start="1087" end="1096" />
    <spannedText>pigmented</spannedText>
  </annotation>
  <annotation>
    <mention id="CHEBI_2015_08_26_Instance_331336" />
    <annotator id="CHEBI_2015_08_26_Instance_10000">Mike Bada, University of Colorado Anschutz Medical Campus</annotator>
    <span start="17440" end="17444" />
    <spannedText>base</spannedText>
  </annotation>
  <annotation>
    <mention id="CHEBI_2015_08_26_Instance_340210" />
    <annotator id="CHEBI_2015_08_26_Instance_10000">Mike Bada, University of Colorado Anschutz Medical Campus</annotator>
    <span start="34947" end="34956" />
    <spannedText>polyester</spannedText>
  </annotation>
  <annotation>
    <mention id="CHEBI_2015_08_26_Instance_340252" />
    <annotator id="CHEBI_2015_08_26_Instance_10000">Mike Bada, University of Colorado Anschutz Medical Campus</annotator>
    <span start="902" end="908" />
    <spannedText>leptin</spannedText>
  </annotation>
  <annotation>
    <mention id="CHEBI_2015_08_26_Instance_340254" />
    <annotator id="CHEBI_2015_08_26_Instance_10000">Mike Bada, University of Colorado Anschutz Medical Campus</annotator>
    <span start="19990" end="19996" />
    <spannedText>leptin</spannedText>
  </annotation>
  <annotation>
    <mention id="CHEBI_2015_08_26_Instance_340256" />
    <annotator id="CHEBI_2015_08_26_Instance_10000">Mike Bada, University of Colorado Anschutz Medical Campus</annotator>
    <span start="29265" end="29271" />
    <spannedText>leptin</spannedText>
  </annotation>
  <annotation>
    <mention id="CHEBI_2015_08_26_Instance_320002" />
    <annotator id="CHEBI_2015_08_26_Instance_10000">Mike Bada, University of Colorado Anschutz Medical Campus</annotator>
    <span start="20395" end="20404" />
    <spannedText>pigmented</spannedText>
  </annotation>
  <annotation>
    <mention id="CHEBI_2015_08_26_Instance_360004" />
    <annotator id="CHEBI_2015_08_26_Instance_10000">Mike Bada, University of Colorado Anschutz Medical Campus</annotator>
    <span start="20535" end="20544" />
    <spannedText>pigmented</spannedText>
  </annotation>
  <annotation>
    <mention id="CHEBI_2015_08_26_Instance_360006" />
    <annotator id="CHEBI_2015_08_26_Instance_10000">Mike Bada, University of Colorado Anschutz Medical Campus</annotator>
    <span start="20673" end="20682" />
    <spannedText>pigmented</spannedText>
  </annotation>
  <annotation>
    <mention id="CHEBI_2015_08_26_Instance_360008" />
    <annotator id="CHEBI_2015_08_26_Instance_10000">Mike Bada, University of Colorado Anschutz Medical Campus</annotator>
    <span start="20854" end="20863" />
    <spannedText>pigmented</spannedText>
  </annotation>
  <annotation>
    <mention id="CHEBI_2015_08_26_Instance_360010" />
    <annotator id="CHEBI_2015_08_26_Instance_10000">Mike Bada, University of Colorado Anschutz Medical Campus</annotator>
    <span start="33070" end="33079" />
    <spannedText>pigmented</spannedText>
  </annotation>
  <annotation>
    <mention id="CHEBI_2015_08_26_Instance_360012" />
    <annotator id="CHEBI_2015_08_26_Instance_10000">Mike Bada, University of Colorado Anschutz Medical Campus</annotator>
    <span start="33185" end="33194" />
    <spannedText>pigmented</spannedText>
  </annotation>
  <annotation>
    <mention id="CHEBI_2015_08_26_Instance_360014" />
    <annotator id="CHEBI_2015_08_26_Instance_10000">Mike Bada, University of Colorado Anschutz Medical Campus</annotator>
    <span start="33445" end="33454" />
    <spannedText>pigmented</spannedText>
  </annotation>
  <annotation>
    <mention id="CHEBI_2015_08_26_Instance_380004" />
    <annotator id="CHEBI_2015_08_26_Instance_10000">Mike Bada, University of Colorado Anschutz Medical Campus</annotator>
    <span start="38469" end="38477" />
    <spannedText>buffered</spannedText>
  </annotation>
  <annotation>
    <mention id="CHEBI_2015_08_26_Instance_380076" />
    <annotator id="CHEBI_2015_08_26_Instance_10000">Mike Bada, University of Colorado Anschutz Medical Campus</annotator>
    <span start="12742" end="12752" />
    <spannedText>Anesthesia</spannedText>
  </annotation>
  <annotation>
    <mention id="CHEBI_2015_08_26_Instance_380078" />
    <annotator id="CHEBI_2015_08_26_Instance_10000">Mike Bada, University of Colorado Anschutz Medical Campus</annotator>
    <span start="13043" end="13053" />
    <spannedText>anesthesia</spannedText>
  </annotation>
  <annotation>
    <mention id="CHEBI_2015_08_26_Instance_380080" />
    <annotator id="CHEBI_2015_08_26_Instance_10000">Mike Bada, University of Colorado Anschutz Medical Campus</annotator>
    <span start="13241" end="13251" />
    <spannedText>anesthesia</spannedText>
  </annotation>
  <annotation>
    <mention id="CHEBI_2015_08_26_Instance_380088" />
    <annotator id="CHEBI_2015_08_26_Instance_10000">Mike Bada, University of Colorado Anschutz Medical Campus</annotator>
    <span start="12861" end="12871" />
    <spannedText>anesthetic</spannedText>
  </annotation>
  <annotation>
    <mention id="CHEBI_2015_08_26_Instance_380090" />
    <annotator id="CHEBI_2015_08_26_Instance_10000">Mike Bada, University of Colorado Anschutz Medical Campus</annotator>
    <span start="13622" end="13632" />
    <spannedText>anesthetic</spannedText>
  </annotation>
  <annotation>
    <mention id="CHEBI_2015_08_26_Instance_380092" />
    <annotator id="CHEBI_2015_08_26_Instance_10000">Mike Bada, University of Colorado Anschutz Medical Campus</annotator>
    <span start="13755" end="13765" />
    <spannedText>anesthetic</spannedText>
  </annotation>
  <annotation>
    <mention id="CHEBI_2015_08_26_Instance_380096" />
    <annotator id="CHEBI_2015_08_26_Instance_10000">Mike Bada, University of Colorado Anschutz Medical Campus</annotator>
    <span start="14055" end="14065" />
    <spannedText>anesthesia</spannedText>
  </annotation>
  <annotation>
    <mention id="CHEBI_2015_08_26_Instance_380098" />
    <annotator id="CHEBI_2015_08_26_Instance_10000">Mike Bada, University of Colorado Anschutz Medical Campus</annotator>
    <span start="14285" end="14295" />
    <spannedText>anesthesia</spannedText>
  </annotation>
  <annotation>
    <mention id="CHEBI_2015_08_26_Instance_380100" />
    <annotator id="CHEBI_2015_08_26_Instance_10000">Mike Bada, University of Colorado Anschutz Medical Campus</annotator>
    <span start="14311" end="14321" />
    <spannedText>anesthesia</spannedText>
  </annotation>
  <annotation>
    <mention id="CHEBI_2015_08_26_Instance_380102" />
    <annotator id="CHEBI_2015_08_26_Instance_10000">Mike Bada, University of Colorado Anschutz Medical Campus</annotator>
    <span start="14594" end="14604" />
    <spannedText>anesthesia</spannedText>
  </annotation>
  <annotation>
    <mention id="CHEBI_2015_08_26_Instance_380104" />
    <annotator id="CHEBI_2015_08_26_Instance_10000">Mike Bada, University of Colorado Anschutz Medical Campus</annotator>
    <span start="14633" end="14643" />
    <spannedText>anesthetic</spannedText>
  </annotation>
  <annotation>
    <mention id="CHEBI_2015_08_26_Instance_380106" />
    <annotator id="CHEBI_2015_08_26_Instance_10000">Mike Bada, University of Colorado Anschutz Medical Campus</annotator>
    <span start="14983" end="14993" />
    <spannedText>anesthesia</spannedText>
  </annotation>
  <annotation>
    <mention id="CHEBI_2015_08_26_Instance_380108" />
    <annotator id="CHEBI_2015_08_26_Instance_10000">Mike Bada, University of Colorado Anschutz Medical Campus</annotator>
    <span start="15175" end="15185" />
    <spannedText>anesthetic</spannedText>
  </annotation>
  <annotation>
    <mention id="CHEBI_2015_08_26_Instance_380110" />
    <annotator id="CHEBI_2015_08_26_Instance_10000">Mike Bada, University of Colorado Anschutz Medical Campus</annotator>
    <span start="22771" end="22781" />
    <spannedText>anesthetic</spannedText>
  </annotation>
  <annotation>
    <mention id="CHEBI_2015_08_26_Instance_380112" />
    <annotator id="CHEBI_2015_08_26_Instance_10000">Mike Bada, University of Colorado Anschutz Medical Campus</annotator>
    <span start="23241" end="23251" />
    <spannedText>anesthetic</spannedText>
  </annotation>
  <annotation>
    <mention id="CHEBI_2015_08_26_Instance_380114" />
    <annotator id="CHEBI_2015_08_26_Instance_10000">Mike Bada, University of Colorado Anschutz Medical Campus</annotator>
    <span start="23335" end="23345" />
    <spannedText>anesthetic</spannedText>
  </annotation>
  <annotation>
    <mention id="CHEBI_2015_08_26_Instance_380116" />
    <annotator id="CHEBI_2015_08_26_Instance_10000">Mike Bada, University of Colorado Anschutz Medical Campus</annotator>
    <span start="23566" end="23576" />
    <spannedText>anesthetic</spannedText>
  </annotation>
  <annotation>
    <mention id="CHEBI_2015_08_26_Instance_380118" />
    <annotator id="CHEBI_2015_08_26_Instance_10000">Mike Bada, University of Colorado Anschutz Medical Campus</annotator>
    <span start="23694" end="23704" />
    <spannedText>anesthesia</spannedText>
  </annotation>
  <annotation>
    <mention id="CHEBI_2015_08_26_Instance_380120" />
    <annotator id="CHEBI_2015_08_26_Instance_10000">Mike Bada, University of Colorado Anschutz Medical Campus</annotator>
    <span start="23787" end="23797" />
    <spannedText>anesthetic</spannedText>
  </annotation>
  <annotation>
    <mention id="CHEBI_2015_08_26_Instance_380122" />
    <annotator id="CHEBI_2015_08_26_Instance_10000">Mike Bada, University of Colorado Anschutz Medical Campus</annotator>
    <span start="24018" end="24028" />
    <spannedText>anesthesia</spannedText>
  </annotation>
  <annotation>
    <mention id="CHEBI_2015_08_26_Instance_380124" />
    <annotator id="CHEBI_2015_08_26_Instance_10000">Mike Bada, University of Colorado Anschutz Medical Campus</annotator>
    <span start="24446" end="24456" />
    <spannedText>anesthesia</spannedText>
  </annotation>
  <annotation>
    <mention id="CHEBI_2015_08_26_Instance_380126" />
    <annotator id="CHEBI_2015_08_26_Instance_10000">Mike Bada, University of Colorado Anschutz Medical Campus</annotator>
    <span start="24687" end="24697" />
    <spannedText>anesthesia</spannedText>
  </annotation>
  <annotation>
    <mention id="CHEBI_2015_08_26_Instance_380128" />
    <annotator id="CHEBI_2015_08_26_Instance_10000">Mike Bada, University of Colorado Anschutz Medical Campus</annotator>
    <span start="24802" end="24812" />
    <spannedText>anesthesia</spannedText>
  </annotation>
  <annotation>
    <mention id="CHEBI_2015_08_26_Instance_380130" />
    <annotator id="CHEBI_2015_08_26_Instance_10000">Mike Bada, University of Colorado Anschutz Medical Campus</annotator>
    <span start="24953" end="24963" />
    <spannedText>anesthesia</spannedText>
  </annotation>
  <annotation>
    <mention id="CHEBI_2015_08_26_Instance_380132" />
    <annotator id="CHEBI_2015_08_26_Instance_10000">Mike Bada, University of Colorado Anschutz Medical Campus</annotator>
    <span start="25077" end="25087" />
    <spannedText>anesthesia</spannedText>
  </annotation>
  <annotation>
    <mention id="CHEBI_2015_08_26_Instance_380134" />
    <annotator id="CHEBI_2015_08_26_Instance_10000">Mike Bada, University of Colorado Anschutz Medical Campus</annotator>
    <span start="25170" end="25180" />
    <spannedText>anesthesia</spannedText>
  </annotation>
  <annotation>
    <mention id="CHEBI_2015_08_26_Instance_380136" />
    <annotator id="CHEBI_2015_08_26_Instance_10000">Mike Bada, University of Colorado Anschutz Medical Campus</annotator>
    <span start="25223" end="25233" />
    <spannedText>anesthesia</spannedText>
  </annotation>
  <annotation>
    <mention id="CHEBI_2015_08_26_Instance_380138" />
    <annotator id="CHEBI_2015_08_26_Instance_10000">Mike Bada, University of Colorado Anschutz Medical Campus</annotator>
    <span start="25472" end="25482" />
    <spannedText>anesthesia</spannedText>
  </annotation>
  <annotation>
    <mention id="CHEBI_2015_08_26_Instance_380140" />
    <annotator id="CHEBI_2015_08_26_Instance_10000">Mike Bada, University of Colorado Anschutz Medical Campus</annotator>
    <span start="25804" end="25814" />
    <spannedText>anesthesia</spannedText>
  </annotation>
  <annotation>
    <mention id="CHEBI_2015_08_26_Instance_380142" />
    <annotator id="CHEBI_2015_08_26_Instance_10000">Mike Bada, University of Colorado Anschutz Medical Campus</annotator>
    <span start="27024" end="27034" />
    <spannedText>anesthesia</spannedText>
  </annotation>
  <annotation>
    <mention id="CHEBI_2015_08_26_Instance_380144" />
    <annotator id="CHEBI_2015_08_26_Instance_10000">Mike Bada, University of Colorado Anschutz Medical Campus</annotator>
    <span start="37075" end="37085" />
    <spannedText>anesthesia</spannedText>
  </annotation>
  <annotation>
    <mention id="CHEBI_2015_08_26_Instance_380160" />
    <annotator id="CHEBI_2015_08_26_Instance_10000">Mike Bada, University of Colorado Anschutz Medical Campus</annotator>
    <span start="13801" end="13813" />
    <spannedText>anesthetized</spannedText>
  </annotation>
  <annotation>
    <mention id="CHEBI_2015_08_26_Instance_400008" />
    <annotator id="CHEBI_2015_08_26_Instance_10000">Mike Bada, University of Colorado Anschutz Medical Campus</annotator>
    <span start="35370" end="35373" />
    <spannedText>fat</spannedText>
  </annotation>
  <annotation>
    <mention id="CHEBI_2015_08_26_Instance_400010" />
    <annotator id="CHEBI_2015_08_26_Instance_10000">Mike Bada, University of Colorado Anschutz Medical Campus</annotator>
    <span start="35381" end="35384" />
    <spannedText>fat</spannedText>
  </annotation>
  <annotation>
    <mention id="CHEBI_2015_08_26_Instance_42331" />
    <annotator id="CHEBI_2015_08_26_Instance_10000">Mike Bada, University of Colorado Anschutz Medical Campus</annotator>
    <span start="1802" end="1811" />
    <spannedText>molecular</spannedText>
  </annotation>
  <annotation>
    <mention id="CHEBI_2015_08_26_Instance_42333" />
    <annotator id="CHEBI_2015_08_26_Instance_10000">Mike Bada, University of Colorado Anschutz Medical Campus</annotator>
    <span start="29849" end="29858" />
    <spannedText>molecular</spannedText>
  </annotation>
  <annotation>
    <mention id="CHEBI_2015_08_26_Instance_42335" />
    <annotator id="CHEBI_2015_08_26_Instance_10000">Mike Bada, University of Colorado Anschutz Medical Campus</annotator>
    <span start="31521" end="31530" />
    <spannedText>molecular</spannedText>
  </annotation>
  <annotation>
    <mention id="CHEBI_2015_08_26_Instance_42337" />
    <annotator id="CHEBI_2015_08_26_Instance_10000">Mike Bada, University of Colorado Anschutz Medical Campus</annotator>
    <span start="34612" end="34621" />
    <spannedText>molecular</spannedText>
  </annotation>
  <annotation>
    <mention id="CHEBI_2015_08_26_Instance_50000" />
    <annotator id="CHEBI_2015_08_26_Instance_10000">Mike Bada, University of Colorado Anschutz Medical Campus</annotator>
    <span start="6080" end="6087" />
    <spannedText>Aqueous</spannedText>
  </annotation>
  <annotation>
    <mention id="CHEBI_2015_08_26_Instance_50002" />
    <annotator id="CHEBI_2015_08_26_Instance_10000">Mike Bada, University of Colorado Anschutz Medical Campus</annotator>
    <span start="12891" end="12899" />
    <spannedText>ketamine</spannedText>
  </annotation>
  <annotation>
    <mention id="CHEBI_2015_08_26_Instance_50004" />
    <annotator id="CHEBI_2015_08_26_Instance_10000">Mike Bada, University of Colorado Anschutz Medical Campus</annotator>
    <span start="13009" end="13017" />
    <spannedText>ketamine</spannedText>
  </annotation>
  <annotation>
    <mention id="CHEBI_2015_08_26_Instance_50006" />
    <annotator id="CHEBI_2015_08_26_Instance_10000">Mike Bada, University of Colorado Anschutz Medical Campus</annotator>
    <span start="14836" end="14844" />
    <spannedText>ketamine</spannedText>
  </annotation>
  <annotation>
    <mention id="CHEBI_2015_08_26_Instance_50009" />
    <annotator id="CHEBI_2015_08_26_Instance_10000">Mike Bada, University of Colorado Anschutz Medical Campus</annotator>
    <span start="17083" end="17093" />
    <spannedText>nucleotide</spannedText>
  </annotation>
  <annotation>
    <mention id="CHEBI_2015_08_26_Instance_50012" />
    <annotator id="CHEBI_2015_08_26_Instance_10000">Mike Bada, University of Colorado Anschutz Medical Campus</annotator>
    <span start="17386" end="17387" />
    <spannedText>A</spannedText>
  </annotation>
  <annotation>
    <mention id="CHEBI_2015_08_26_Instance_50015" />
    <annotator id="CHEBI_2015_08_26_Instance_10000">Mike Bada, University of Colorado Anschutz Medical Campus</annotator>
    <span start="17391" end="17392" />
    <spannedText>G</spannedText>
  </annotation>
  <annotation>
    <mention id="CHEBI_2015_08_26_Instance_50019" />
    <annotator id="CHEBI_2015_08_26_Instance_10000">Mike Bada, University of Colorado Anschutz Medical Campus</annotator>
    <span start="22890" end="22898" />
    <spannedText>Ketamine</spannedText>
  </annotation>
  <annotation>
    <mention id="CHEBI_2015_08_26_Instance_50021" />
    <annotator id="CHEBI_2015_08_26_Instance_10000">Mike Bada, University of Colorado Anschutz Medical Campus</annotator>
    <span start="22965" end="22973" />
    <spannedText>ketamine</spannedText>
  </annotation>
  <annotation>
    <mention id="CHEBI_2015_08_26_Instance_50023" />
    <annotator id="CHEBI_2015_08_26_Instance_10000">Mike Bada, University of Colorado Anschutz Medical Campus</annotator>
    <span start="23300" end="23308" />
    <spannedText>ketamine</spannedText>
  </annotation>
  <annotation>
    <mention id="CHEBI_2015_08_26_Instance_50031" />
    <annotator id="CHEBI_2015_08_26_Instance_10000">Mike Bada, University of Colorado Anschutz Medical Campus</annotator>
    <span start="23972" end="23980" />
    <spannedText>ketamine</spannedText>
  </annotation>
  <annotation>
    <mention id="CHEBI_2015_08_26_Instance_50033" />
    <annotator id="CHEBI_2015_08_26_Instance_10000">Mike Bada, University of Colorado Anschutz Medical Campus</annotator>
    <span start="24259" end="24267" />
    <spannedText>ketamine</spannedText>
  </annotation>
  <annotation>
    <mention id="CHEBI_2015_08_26_Instance_50035" />
    <annotator id="CHEBI_2015_08_26_Instance_10000">Mike Bada, University of Colorado Anschutz Medical Campus</annotator>
    <span start="25313" end="25321" />
    <spannedText>ketamine</spannedText>
  </annotation>
  <annotation>
    <mention id="CHEBI_2015_08_26_Instance_50037" />
    <annotator id="CHEBI_2015_08_26_Instance_10000">Mike Bada, University of Colorado Anschutz Medical Campus</annotator>
    <span start="29930" end="29937" />
    <spannedText>aqueous</spannedText>
  </annotation>
  <annotation>
    <mention id="CHEBI_2015_08_26_Instance_50039" />
    <annotator id="CHEBI_2015_08_26_Instance_10000">Mike Bada, University of Colorado Anschutz Medical Campus</annotator>
    <span start="30076" end="30083" />
    <spannedText>aqueous</spannedText>
  </annotation>
  <annotation>
    <mention id="CHEBI_2015_08_26_Instance_50041" />
    <annotator id="CHEBI_2015_08_26_Instance_10000">Mike Bada, University of Colorado Anschutz Medical Campus</annotator>
    <span start="31691" end="31698" />
    <spannedText>aqueous</spannedText>
  </annotation>
  <annotation>
    <mention id="CHEBI_2015_08_26_Instance_50043" />
    <annotator id="CHEBI_2015_08_26_Instance_10000">Mike Bada, University of Colorado Anschutz Medical Campus</annotator>
    <span start="32537" end="32544" />
    <spannedText>aqueous</spannedText>
  </annotation>
  <annotation>
    <mention id="CHEBI_2015_08_26_Instance_50052" />
    <annotator id="CHEBI_2015_08_26_Instance_10000">Mike Bada, University of Colorado Anschutz Medical Campus</annotator>
    <span start="38448" end="38464" />
    <spannedText>paraformaldehyde</spannedText>
  </annotation>
  <annotation>
    <mention id="CHEBI_2015_08_26_Instance_50054" />
    <annotator id="CHEBI_2015_08_26_Instance_10000">Mike Bada, University of Colorado Anschutz Medical Campus</annotator>
    <span start="38296" end="38312" />
    <spannedText>paraformaldehyde</spannedText>
  </annotation>
  <annotation>
    <mention id="CHEBI_2015_08_26_Instance_50056" />
    <annotator id="CHEBI_2015_08_26_Instance_10000">Mike Bada, University of Colorado Anschutz Medical Campus</annotator>
    <span start="38338" end="38346" />
    <spannedText>formalin</spannedText>
  </annotation>
  <annotation>
    <mention id="CHEBI_2015_08_26_Instance_50058" />
    <annotator id="CHEBI_2015_08_26_Instance_10000">Mike Bada, University of Colorado Anschutz Medical Campus</annotator>
    <span start="38347" end="38355" />
    <spannedText>fixative</spannedText>
  </annotation>
  <annotation>
    <mention id="CHEBI_2015_08_26_Instance_50061" />
    <annotator id="CHEBI_2015_08_26_Instance_10000">Mike Bada, University of Colorado Anschutz Medical Campus</annotator>
    <span start="38489" end="38498" />
    <spannedText>phosphate</spannedText>
  </annotation>
  <annotation>
    <mention id="CHEBI_2015_08_26_Instance_60004" />
    <annotator id="CHEBI_2015_08_26_Instance_10000">Mike Bada, University of Colorado Anschutz Medical Campus</annotator>
    <span start="5053" end="5060" />
    <spannedText>aqueous</spannedText>
  </annotation>
  <annotation>
    <mention id="CHEBI_2015_08_26_Instance_60006" />
    <annotator id="CHEBI_2015_08_26_Instance_10000">Mike Bada, University of Colorado Anschutz Medical Campus</annotator>
    <span start="5555" end="5562" />
    <spannedText>aqueous</spannedText>
  </annotation>
  <annotation>
    <mention id="CHEBI_2015_08_26_Instance_60008" />
    <annotator id="CHEBI_2015_08_26_Instance_10000">Mike Bada, University of Colorado Anschutz Medical Campus</annotator>
    <span start="22667" end="22674" />
    <spannedText>aqueous</spannedText>
  </annotation>
  <annotation>
    <mention id="CHEBI_2015_08_26_Instance_60010" />
    <annotator id="CHEBI_2015_08_26_Instance_10000">Mike Bada, University of Colorado Anschutz Medical Campus</annotator>
    <span start="32200" end="32207" />
    <spannedText>aqueous</spannedText>
  </annotation>
  <annotation>
    <mention id="CHEBI_2015_08_26_Instance_60012" />
    <annotator id="CHEBI_2015_08_26_Instance_10000">Mike Bada, University of Colorado Anschutz Medical Campus</annotator>
    <span start="32284" end="32291" />
    <spannedText>aqueous</spannedText>
  </annotation>
  <annotation>
    <mention id="CHEBI_2015_08_26_Instance_70004" />
    <annotator id="CHEBI_2015_08_26_Instance_10000">Mike Bada, University of Colorado Anschutz Medical Campus</annotator>
    <span start="38984" end="38987" />
    <spannedText>DNA</spannedText>
  </annotation>
  <annotation>
    <mention id="CHEBI_2015_08_26_Instance_70197" />
    <annotator id="CHEBI_2015_08_26_Instance_10000">Mike Bada, University of Colorado Anschutz Medical Campus</annotator>
    <span start="38499" end="38505" />
    <spannedText>buffer</spannedText>
  </annotation>
  <classMention id="CHEBI_2015_08_26_Instance_50023">
    <mentionClass id="CHEBI:6121">ketamine</mentionClass>
  </classMention>
  <classMention id="CHEBI_2015_08_26_Instance_50021">
    <mentionClass id="CHEBI:6121">ketamine</mentionClass>
  </classMention>
  <classMention id="CHEBI_2015_08_26_Instance_50033">
    <mentionClass id="CHEBI:6121">ketamine</mentionClass>
  </classMention>
  <classMention id="CHEBI_2015_08_26_Instance_340210">
    <mentionClass id="CHEBI_EXT:polyester">polyester</mentionClass>
  </classMention>
  <classMention id="CHEBI_2015_08_26_Instance_50031">
    <mentionClass id="CHEBI:6121">ketamine</mentionClass>
  </classMention>
  <classMention id="CHEBI_2015_08_26_Instance_50037">
    <mentionClass id="CHEBI:15377">water</mentionClass>
  </classMention>
  <classMention id="CHEBI_2015_08_26_Instance_380004">
    <mentionClass id="CHEBI_CHMO_EXT:buffer_process">buffer process</mentionClass>
  </classMention>
  <classMention id="CHEBI_2015_08_26_Instance_50035">
    <mentionClass id="CHEBI:6121">ketamine</mentionClass>
  </classMention>
  <classMention id="CHEBI_2015_08_26_Instance_50041">
    <mentionClass id="CHEBI:15377">water</mentionClass>
  </classMention>
  <classMention id="CHEBI_2015_08_26_Instance_50039">
    <mentionClass id="CHEBI:15377">water</mentionClass>
  </classMention>
  <classMention id="CHEBI_2015_08_26_Instance_50052">
    <mentionClass id="CHEBI_EXT:paraformaldehye">paraformaldehyde</mentionClass>
  </classMention>
  <classMention id="CHEBI_2015_08_26_Instance_50043">
    <mentionClass id="CHEBI:15377">water</mentionClass>
  </classMention>
  <classMention id="CHEBI_2015_08_26_Instance_50056">
    <mentionClass id="CHEBI:16842">formaldehyde</mentionClass>
  </classMention>
  <classMention id="CHEBI_2015_08_26_Instance_70197">
    <mentionClass id="CHEBI_CHMO_EXT:buffer_solution">buffer solution</mentionClass>
  </classMention>
  <classMention id="CHEBI_2015_08_26_Instance_50054">
    <mentionClass id="CHEBI_EXT:paraformaldehye">paraformaldehyde</mentionClass>
  </classMention>
  <classMention id="CHEBI_2015_08_26_Instance_50061">
    <mentionClass id="CHEBI_EXT:phosphate">phosphate</mentionClass>
  </classMention>
  <classMention id="CHEBI_2015_08_26_Instance_50058">
    <mentionClass id="CHEBI_EXT:50913">fixative</mentionClass>
  </classMention>
  <classMention id="CHEBI_2015_08_26_Instance_331336">
    <mentionClass id="CHEBI_SO_EXT:base">base</mentionClass>
  </classMention>
  <classMention id="CHEBI_2015_08_26_Instance_60006">
    <mentionClass id="CHEBI:15377">water</mentionClass>
  </classMention>
  <classMention id="CHEBI_2015_08_26_Instance_60004">
    <mentionClass id="CHEBI:15377">water</mentionClass>
  </classMention>
  <classMention id="CHEBI_2015_08_26_Instance_60010">
    <mentionClass id="CHEBI:15377">water</mentionClass>
  </classMention>
  <classMention id="CHEBI_2015_08_26_Instance_60008">
    <mentionClass id="CHEBI:15377">water</mentionClass>
  </classMention>
  <classMention id="CHEBI_2015_08_26_Instance_60012">
    <mentionClass id="CHEBI:15377">water</mentionClass>
  </classMention>
  <classMention id="CHEBI_2015_08_26_Instance_340252">
    <mentionClass id="CHEBI_PR_EXT:leptin">leptin</mentionClass>
  </classMention>
  <classMention id="CHEBI_2015_08_26_Instance_340256">
    <mentionClass id="CHEBI_PR_EXT:leptin">leptin</mentionClass>
  </classMention>
  <classMention id="CHEBI_2015_08_26_Instance_42331">
    <mentionClass id="CHEBI_EXT:polyatomic_entity_or_group">polyatomic entity or group</mentionClass>
  </classMention>
  <classMention id="CHEBI_2015_08_26_Instance_340254">
    <mentionClass id="CHEBI_PR_EXT:leptin">leptin</mentionClass>
  </classMention>
  <classMention id="CHEBI_2015_08_26_Instance_42335">
    <mentionClass id="CHEBI_EXT:polyatomic_entity_or_group">polyatomic entity or group</mentionClass>
  </classMention>
  <classMention id="CHEBI_2015_08_26_Instance_42333">
    <mentionClass id="CHEBI_EXT:polyatomic_entity_or_group">polyatomic entity or group</mentionClass>
  </classMention>
  <classMention id="CHEBI_2015_08_26_Instance_42337">
    <mentionClass id="CHEBI_EXT:polyatomic_entity_or_group">polyatomic entity or group</mentionClass>
  </classMention>
  <classMention id="CHEBI_2015_08_26_Instance_22759">
    <mentionClass id="CHEBI_EXT:33290">food</mentionClass>
  </classMention>
  <classMention id="CHEBI_2015_08_26_Instance_360004">
    <mentionClass id="CHEBI_EXT:26130">biological pigment</mentionClass>
  </classMention>
  <classMention id="CHEBI_2015_08_26_Instance_360008">
    <mentionClass id="CHEBI_EXT:26130">biological pigment</mentionClass>
  </classMention>
  <classMention id="CHEBI_2015_08_26_Instance_360006">
    <mentionClass id="CHEBI_EXT:26130">biological pigment</mentionClass>
  </classMention>
  <classMention id="CHEBI_2015_08_26_Instance_360012">
    <mentionClass id="CHEBI_EXT:26130">biological pigment</mentionClass>
  </classMention>
  <classMention id="CHEBI_2015_08_26_Instance_380076">
    <mentionClass id="CHEBI_EXT:anaesthetic_process_or_quality">anaesthetic process or quality</mentionClass>
  </classMention>
  <classMention id="CHEBI_2015_08_26_Instance_360010">
    <mentionClass id="CHEBI_EXT:26130">biological pigment</mentionClass>
  </classMention>
  <classMention id="CHEBI_2015_08_26_Instance_380080">
    <mentionClass id="CHEBI_EXT:anaesthetic_process_or_quality">anaesthetic process or quality</mentionClass>
  </classMention>
  <classMention id="CHEBI_2015_08_26_Instance_360014">
    <mentionClass id="CHEBI_EXT:26130">biological pigment</mentionClass>
  </classMention>
  <classMention id="CHEBI_2015_08_26_Instance_380078">
    <mentionClass id="CHEBI_EXT:anaesthetic_process_or_quality">anaesthetic process or quality</mentionClass>
  </classMention>
  <classMention id="CHEBI_2015_08_26_Instance_380088">
    <mentionClass id="CHEBI_EXT:anaesthetic_agent_or_process_or_quality">anaesthetic agent, process or quality</mentionClass>
  </classMention>
  <classMention id="CHEBI_2015_08_26_Instance_380092">
    <mentionClass id="CHEBI_EXT:anaesthetic_agent_or_process_or_quality">anaesthetic agent, process or quality</mentionClass>
  </classMention>
  <classMention id="CHEBI_2015_08_26_Instance_380090">
    <mentionClass id="CHEBI_EXT:anaesthetic_agent_or_process_or_quality">anaesthetic agent, process or quality</mentionClass>
  </classMention>
  <classMention id="CHEBI_2015_08_26_Instance_380098">
    <mentionClass id="CHEBI_EXT:anaesthetic_process_or_quality">anaesthetic process or quality</mentionClass>
  </classMention>
  <classMention id="CHEBI_2015_08_26_Instance_380096">
    <mentionClass id="CHEBI_EXT:anaesthetic_process_or_quality">anaesthetic process or quality</mentionClass>
  </classMention>
  <classMention id="CHEBI_2015_08_26_Instance_380102">
    <mentionClass id="CHEBI_EXT:anaesthetic_process_or_quality">anaesthetic process or quality</mentionClass>
  </classMention>
  <classMention id="CHEBI_2015_08_26_Instance_380100">
    <mentionClass id="CHEBI_EXT:anaesthetic_process_or_quality">anaesthetic process or quality</mentionClass>
  </classMention>
  <classMention id="CHEBI_2015_08_26_Instance_380106">
    <mentionClass id="CHEBI_EXT:anaesthetic_process_or_quality">anaesthetic process or quality</mentionClass>
  </classMention>
  <classMention id="CHEBI_2015_08_26_Instance_19985">
    <mentionClass id="CHEBI_EXT:33290">food</mentionClass>
  </classMention>
  <classMention id="CHEBI_2015_08_26_Instance_380104">
    <mentionClass id="CHEBI_EXT:anaesthetic_agent_or_process_or_quality">anaesthetic agent, process or quality</mentionClass>
  </classMention>
  <classMention id="CHEBI_2015_08_26_Instance_14623">
    <mentionClass id="CHEBI:35186">terpene</mentionClass>
  </classMention>
  <classMention id="CHEBI_2015_08_26_Instance_380110">
    <mentionClass id="CHEBI_EXT:anaesthetic_agent_or_process_or_quality">anaesthetic agent, process or quality</mentionClass>
  </classMention>
  <classMention id="CHEBI_2015_08_26_Instance_380108">
    <mentionClass id="CHEBI_EXT:anaesthetic_agent_or_process_or_quality">anaesthetic agent, process or quality</mentionClass>
  </classMention>
  <classMention id="CHEBI_2015_08_26_Instance_380114">
    <mentionClass id="CHEBI_EXT:anaesthetic_agent_or_process_or_quality">anaesthetic agent, process or quality</mentionClass>
  </classMention>
  <classMention id="CHEBI_2015_08_26_Instance_380112">
    <mentionClass id="CHEBI_EXT:anaesthetic_agent_or_process_or_quality">anaesthetic agent, process or quality</mentionClass>
  </classMention>
  <classMention id="CHEBI_2015_08_26_Instance_380118">
    <mentionClass id="CHEBI_EXT:anaesthetic_process_or_quality">anaesthetic process or quality</mentionClass>
  </classMention>
  <classMention id="CHEBI_2015_08_26_Instance_380116">
    <mentionClass id="CHEBI_EXT:anaesthetic_agent_or_process_or_quality">anaesthetic agent, process or quality</mentionClass>
  </classMention>
  <classMention id="CHEBI_2015_08_26_Instance_380122">
    <mentionClass id="CHEBI_EXT:anaesthetic_process_or_quality">anaesthetic process or quality</mentionClass>
  </classMention>
  <classMention id="CHEBI_2015_08_26_Instance_380120">
    <mentionClass id="CHEBI_EXT:anaesthetic_agent_or_process_or_quality">anaesthetic agent, process or quality</mentionClass>
  </classMention>
  <classMention id="CHEBI_2015_08_26_Instance_380126">
    <mentionClass id="CHEBI_EXT:anaesthetic_process_or_quality">anaesthetic process or quality</mentionClass>
  </classMention>
  <classMention id="CHEBI_2015_08_26_Instance_380124">
    <mentionClass id="CHEBI_EXT:anaesthetic_process_or_quality">anaesthetic process or quality</mentionClass>
  </classMention>
  <classMention id="CHEBI_2015_08_26_Instance_380130">
    <mentionClass id="CHEBI_EXT:anaesthetic_process_or_quality">anaesthetic process or quality</mentionClass>
  </classMention>
  <classMention id="CHEBI_2015_08_26_Instance_380128">
    <mentionClass id="CHEBI_EXT:anaesthetic_process_or_quality">anaesthetic process or quality</mentionClass>
  </classMention>
  <classMention id="CHEBI_2015_08_26_Instance_380134">
    <mentionClass id="CHEBI_EXT:anaesthetic_process_or_quality">anaesthetic process or quality</mentionClass>
  </classMention>
  <classMention id="CHEBI_2015_08_26_Instance_380132">
    <mentionClass id="CHEBI_EXT:anaesthetic_process_or_quality">anaesthetic process or quality</mentionClass>
  </classMention>
  <classMention id="CHEBI_2015_08_26_Instance_380138">
    <mentionClass id="CHEBI_EXT:anaesthetic_process_or_quality">anaesthetic process or quality</mentionClass>
  </classMention>
  <classMention id="CHEBI_2015_08_26_Instance_380136">
    <mentionClass id="CHEBI_EXT:anaesthetic_process_or_quality">anaesthetic process or quality</mentionClass>
  </classMention>
  <classMention id="CHEBI_2015_08_26_Instance_70004">
    <mentionClass id="CHEBI_SO_EXT:DNA">DNA</mentionClass>
  </classMention>
  <classMention id="CHEBI_2015_08_26_Instance_380142">
    <mentionClass id="CHEBI_EXT:anaesthetic_process_or_quality">anaesthetic process or quality</mentionClass>
  </classMention>
  <classMention id="CHEBI_2015_08_26_Instance_380140">
    <mentionClass id="CHEBI_EXT:anaesthetic_process_or_quality">anaesthetic process or quality</mentionClass>
  </classMention>
  <classMention id="CHEBI_2015_08_26_Instance_400008">
    <mentionClass id="CHEBI_UBERON_EXT:triglyceride_or_adipose_tissue">fat (CHEBI/UBERON extension class)</mentionClass>
  </classMention>
  <classMention id="CHEBI_2015_08_26_Instance_380144">
    <mentionClass id="CHEBI_EXT:anaesthetic_process_or_quality">anaesthetic process or quality</mentionClass>
  </classMention>
  <classMention id="CHEBI_2015_08_26_Instance_400010">
    <mentionClass id="CHEBI_UBERON_EXT:triglyceride_or_adipose_tissue">fat (CHEBI/UBERON extension class)</mentionClass>
  </classMention>
  <classMention id="CHEBI_2015_08_26_Instance_380160">
    <mentionClass id="CHEBI_EXT:anaesthetic_process">anaesthetic process</mentionClass>
  </classMention>
  <classMention id="CHEBI_2015_08_26_Instance_320002">
    <mentionClass id="CHEBI_EXT:26130">biological pigment</mentionClass>
  </classMention>
  <classMention id="CHEBI_2015_08_26_Instance_320000">
    <mentionClass id="CHEBI_EXT:26130">biological pigment</mentionClass>
  </classMention>
  <classMention id="CHEBI_2015_08_26_Instance_25253">
    <mentionClass id="CHEBI_EXT:38867">anaesthetic</mentionClass>
  </classMention>
  <classMention id="CHEBI_2015_08_26_Instance_25261">
    <mentionClass id="CHEBI_EXT:38867">anaesthetic</mentionClass>
  </classMention>
  <classMention id="CHEBI_2015_08_26_Instance_25257">
    <mentionClass id="CHEBI_EXT:38867">anaesthetic</mentionClass>
  </classMention>
  <classMention id="CHEBI_2015_08_26_Instance_25271">
    <mentionClass id="CHEBI_EXT:23888">drug</mentionClass>
  </classMention>
  <classMention id="CHEBI_2015_08_26_Instance_25263">
    <mentionClass id="CHEBI_EXT:38867">anaesthetic</mentionClass>
  </classMention>
  <classMention id="CHEBI_2015_08_26_Instance_25277">
    <mentionClass id="CHEBI_EXT:26130">biological pigment</mentionClass>
  </classMention>
  <classMention id="CHEBI_2015_08_26_Instance_25273">
    <mentionClass id="CHEBI_EXT:23888">drug</mentionClass>
  </classMention>
  <classMention id="CHEBI_2015_08_26_Instance_25287">
    <mentionClass id="CHEBI_EXT:26130">biological pigment</mentionClass>
  </classMention>
  <classMention id="CHEBI_2015_08_26_Instance_16201">
    <mentionClass id="CHEBI:35186">terpene</mentionClass>
  </classMention>
  <classMention id="CHEBI_2015_08_26_Instance_16205">
    <mentionClass id="CHEBI:17544">hydrogencarbonate</mentionClass>
  </classMention>
  <classMention id="CHEBI_2015_08_26_Instance_16203">
    <mentionClass id="CHEBI:35186">terpene</mentionClass>
  </classMention>
  <classMention id="CHEBI_2015_08_26_Instance_16215">
    <mentionClass id="CHEBI_EXT:37527">acid</mentionClass>
  </classMention>
  <classMention id="CHEBI_2015_08_26_Instance_16213">
    <mentionClass id="CHEBI:15377">water</mentionClass>
  </classMention>
  <classMention id="CHEBI_2015_08_26_Instance_240006">
    <mentionClass id="CHEBI_UBERON_EXT:triglyceride_or_adipose_tissue">fat (CHEBI/UBERON extension class)</mentionClass>
  </classMention>
  <classMention id="CHEBI_2015_08_26_Instance_240004">
    <mentionClass id="CHEBI_UBERON_EXT:triglyceride_or_adipose_tissue">fat (CHEBI/UBERON extension class)</mentionClass>
  </classMention>
  <classMention id="CHEBI_2015_08_26_Instance_16217">
    <mentionClass id="CHEBI:30879">alcohol</mentionClass>
  </classMention>
  <classMention id="CHEBI_2015_08_26_Instance_170758">
    <mentionClass id="CHEBI_GO_SO_EXT:enzyme">enzyme</mentionClass>
  </classMention>
  <classMention id="CHEBI_2015_08_26_Instance_170760">
    <mentionClass id="CHEBI_GO_SO_EXT:enzyme">enzyme</mentionClass>
  </classMention>
  <classMention id="CHEBI_2015_08_26_Instance_50002">
    <mentionClass id="CHEBI:6121">ketamine</mentionClass>
  </classMention>
  <classMention id="CHEBI_2015_08_26_Instance_50000">
    <mentionClass id="CHEBI:15377">water</mentionClass>
  </classMention>
  <classMention id="CHEBI_2015_08_26_Instance_170002">
    <mentionClass id="CHEBI_UBERON_EXT:triglyceride_or_adipose_tissue">fat (CHEBI/UBERON extension class)</mentionClass>
  </classMention>
  <classMention id="CHEBI_2015_08_26_Instance_50006">
    <mentionClass id="CHEBI:6121">ketamine</mentionClass>
  </classMention>
  <classMention id="CHEBI_2015_08_26_Instance_50004">
    <mentionClass id="CHEBI:6121">ketamine</mentionClass>
  </classMention>
  <classMention id="CHEBI_2015_08_26_Instance_50012">
    <mentionClass id="CHEBI_EXT:adenine_nucleobase_or_nucleoside_or_nucleotide_molecular_entity_or_group">adenine nucleobase/nucleoside/nucleotide molecular entity or group</mentionClass>
  </classMention>
  <classMention id="CHEBI_2015_08_26_Instance_50009">
    <mentionClass id="CHEBI_SO_EXT:nucleotide">nucleotide</mentionClass>
  </classMention>
  <classMention id="CHEBI_2015_08_26_Instance_50019">
    <mentionClass id="CHEBI:6121">ketamine</mentionClass>
  </classMention>
  <classMention id="CHEBI_2015_08_26_Instance_50015">
    <mentionClass id="CHEBI_EXT:guanine_nucleobase_or_nucleoside_or_nucleotide_molecular_entity_or_group">guanine nucleobase/nucleoside/nucleotide molecular entity or group</mentionClass>
  </classMention>
</annotations>

