<?xml version="1.0" encoding="UTF-8"?>
<annotations textSource="11604102.txt">
  <annotation>
    <mention id="CHEBI_2015_08_26_backup_Instance_0" />
    <span start="514" end="524" />
    <spannedText>C-terminal</spannedText>
  </annotation>
  <annotation>
    <mention id="CHEBI_2015_08_26_backup_Instance_10" />
    <span start="9526" end="9536" />
    <spannedText>C-terminal</spannedText>
  </annotation>
  <annotation>
    <mention id="CHEBI_2015_08_26_backup_Instance_12" />
    <span start="17847" end="17857" />
    <spannedText>C-terminal</spannedText>
  </annotation>
  <annotation>
    <mention id="CHEBI_2015_08_26_backup_Instance_2" />
    <span start="3960" end="3970" />
    <spannedText>C-terminal</spannedText>
  </annotation>
  <annotation>
    <mention id="CHEBI_2015_08_26_backup_Instance_4" />
    <span start="5012" end="5022" />
    <spannedText>C-terminal</spannedText>
  </annotation>
  <annotation>
    <mention id="CHEBI_2015_08_26_backup_Instance_62" />
    <span start="9674" end="9684" />
    <spannedText>C-terminus</spannedText>
  </annotation>
  <annotation>
    <mention id="CHEBI_2015_08_26_backup_Instance_6" />
    <span start="5563" end="5573" />
    <spannedText>C-terminal</spannedText>
  </annotation>
  <annotation>
    <mention id="CHEBI_2015_08_26_backup_Instance_8" />
    <span start="5808" end="5818" />
    <spannedText>C-terminal</spannedText>
  </annotation>
  <annotation>
    <mention id="CHEBI_2015_08_26_Instance_10429" />
    <annotator id="CHEBI_2015_08_26_Instance_10000">Mike Bada, University of Colorado Anschutz Medical Campus</annotator>
    <span start="10501" end="10504" />
    <spannedText>SDS</spannedText>
  </annotation>
  <annotation>
    <mention id="CHEBI_2015_08_26_Instance_160002" />
    <annotator id="CHEBI_2015_08_26_Instance_10000">Mike Bada, University of Colorado Anschutz Medical Campus</annotator>
    <span start="600" end="610" />
    <spannedText>biological</spannedText>
  </annotation>
  <annotation>
    <mention id="CHEBI_2015_08_26_Instance_170326" />
    <annotator id="CHEBI_2015_08_26_Instance_10000">Mike Bada, University of Colorado Anschutz Medical Campus</annotator>
    <span start="6766" end="6767" />
    <spannedText>b</spannedText>
  </annotation>
  <annotation>
    <mention id="CHEBI_2015_08_26_Instance_170328" />
    <annotator id="CHEBI_2015_08_26_Instance_10000">Mike Bada, University of Colorado Anschutz Medical Campus</annotator>
    <span start="7704" end="7705" />
    <spannedText>b</spannedText>
  </annotation>
  <annotation>
    <mention id="CHEBI_2015_08_26_Instance_170330" />
    <annotator id="CHEBI_2015_08_26_Instance_10000">Mike Bada, University of Colorado Anschutz Medical Campus</annotator>
    <span start="7715" end="7716" />
    <spannedText>b</spannedText>
  </annotation>
  <annotation>
    <mention id="CHEBI_2015_08_26_Instance_180080" />
    <annotator id="CHEBI_2015_08_26_Instance_10000">Mike Bada, University of Colorado Anschutz Medical Campus</annotator>
    <span start="18775" end="18778" />
    <spannedText>DOC</spannedText>
  </annotation>
  <annotation>
    <mention id="CHEBI_2015_08_26_Instance_22433" />
    <annotator id="CHEBI_2015_08_26_Instance_10000">Mike Bada, University of Colorado Anschutz Medical Campus</annotator>
    <span start="11055" end="11062" />
    <spannedText>sucrose</spannedText>
  </annotation>
  <annotation>
    <mention id="CHEBI_2015_08_26_Instance_22449" />
    <annotator id="CHEBI_2015_08_26_Instance_10000">Mike Bada, University of Colorado Anschutz Medical Campus</annotator>
    <span start="11211" end="11218" />
    <spannedText>Sucrose</spannedText>
  </annotation>
  <annotation>
    <mention id="CHEBI_2015_08_26_Instance_22451" />
    <annotator id="CHEBI_2015_08_26_Instance_10000">Mike Bada, University of Colorado Anschutz Medical Campus</annotator>
    <span start="11378" end="11385" />
    <spannedText>sucrose</spannedText>
  </annotation>
  <annotation>
    <mention id="CHEBI_2015_08_26_Instance_22455" />
    <annotator id="CHEBI_2015_08_26_Instance_10000">Mike Bada, University of Colorado Anschutz Medical Campus</annotator>
    <span start="18752" end="18756" />
    <spannedText>NaCl</spannedText>
  </annotation>
  <annotation>
    <mention id="CHEBI_2015_08_26_Instance_22457" />
    <annotator id="CHEBI_2015_08_26_Instance_10000">Mike Bada, University of Colorado Anschutz Medical Campus</annotator>
    <span start="18785" end="18788" />
    <spannedText>SDS</spannedText>
  </annotation>
  <annotation>
    <mention id="CHEBI_2015_08_26_Instance_22459" />
    <annotator id="CHEBI_2015_08_26_Instance_10000">Mike Bada, University of Colorado Anschutz Medical Campus</annotator>
    <span start="18796" end="18800" />
    <spannedText>Tris</spannedText>
  </annotation>
  <annotation>
    <mention id="CHEBI_2015_08_26_Instance_22461" />
    <annotator id="CHEBI_2015_08_26_Instance_10000">Mike Bada, University of Colorado Anschutz Medical Campus</annotator>
    <span start="19158" end="19161" />
    <spannedText>SDS</spannedText>
  </annotation>
  <annotation>
    <mention id="CHEBI_2015_08_26_Instance_22463" />
    <annotator id="CHEBI_2015_08_26_Instance_10000">Mike Bada, University of Colorado Anschutz Medical Campus</annotator>
    <span start="19623" end="19627" />
    <spannedText>Tris</spannedText>
  </annotation>
  <annotation>
    <mention id="CHEBI_2015_08_26_Instance_22465" />
    <annotator id="CHEBI_2015_08_26_Instance_10000">Mike Bada, University of Colorado Anschutz Medical Campus</annotator>
    <span start="19644" end="19647" />
    <spannedText>KCl</spannedText>
  </annotation>
  <annotation>
    <mention id="CHEBI_2015_08_26_Instance_22467" />
    <annotator id="CHEBI_2015_08_26_Instance_10000">Mike Bada, University of Colorado Anschutz Medical Campus</annotator>
    <span start="19654" end="19659" />
    <spannedText>MgCl2</spannedText>
  </annotation>
  <annotation>
    <mention id="CHEBI_2015_08_26_Instance_22473" />
    <annotator id="CHEBI_2015_08_26_Instance_10000">Mike Bada, University of Colorado Anschutz Medical Campus</annotator>
    <span start="20101" end="20108" />
    <spannedText>sucrose</spannedText>
  </annotation>
  <annotation>
    <mention id="CHEBI_2015_08_26_Instance_22475" />
    <annotator id="CHEBI_2015_08_26_Instance_10000">Mike Bada, University of Colorado Anschutz Medical Campus</annotator>
    <span start="20128" end="20132" />
    <spannedText>Tris</spannedText>
  </annotation>
  <annotation>
    <mention id="CHEBI_2015_08_26_Instance_22477" />
    <annotator id="CHEBI_2015_08_26_Instance_10000">Mike Bada, University of Colorado Anschutz Medical Campus</annotator>
    <span start="20141" end="20144" />
    <spannedText>KCl</spannedText>
  </annotation>
  <annotation>
    <mention id="CHEBI_2015_08_26_Instance_22479" />
    <annotator id="CHEBI_2015_08_26_Instance_10000">Mike Bada, University of Colorado Anschutz Medical Campus</annotator>
    <span start="20154" end="20159" />
    <spannedText>MgCl2</spannedText>
  </annotation>
  <annotation>
    <mention id="CHEBI_2015_08_26_Instance_250152" />
    <annotator id="CHEBI_2015_08_26_Instance_10000">Mike Bada, University of Colorado Anschutz Medical Campus</annotator>
    <span start="3523" end="3524" />
    <spannedText>G</spannedText>
  </annotation>
  <annotation>
    <mention id="CHEBI_2015_08_26_Instance_250154" />
    <annotator id="CHEBI_2015_08_26_Instance_10000">Mike Bada, University of Colorado Anschutz Medical Campus</annotator>
    <span start="3528" end="3529" />
    <spannedText>C</spannedText>
  </annotation>
  <annotation>
    <mention id="CHEBI_2015_08_26_Instance_250156" />
    <annotator id="CHEBI_2015_08_26_Instance_10000">Mike Bada, University of Colorado Anschutz Medical Campus</annotator>
    <span start="3530" end="3538" />
    <spannedText>residues</spannedText>
  </annotation>
  <annotation>
    <mention id="CHEBI_2015_08_26_Instance_250202" />
    <annotator id="CHEBI_2015_08_26_Instance_10000">Mike Bada, University of Colorado Anschutz Medical Campus</annotator>
    <span start="4555" end="4565" />
    <spannedText>amino acid</spannedText>
  </annotation>
  <annotation>
    <mention id="CHEBI_2015_08_26_Instance_250204" />
    <annotator id="CHEBI_2015_08_26_Instance_10000">Mike Bada, University of Colorado Anschutz Medical Campus</annotator>
    <span start="4566" end="4574" />
    <spannedText>residues</spannedText>
  </annotation>
  <annotation>
    <mention id="CHEBI_2015_08_26_Instance_250206" />
    <annotator id="CHEBI_2015_08_26_Instance_10000">Mike Bada, University of Colorado Anschutz Medical Campus</annotator>
    <span start="9648" end="9658" />
    <spannedText>amino acid</spannedText>
  </annotation>
  <annotation>
    <mention id="CHEBI_2015_08_26_Instance_250208" />
    <annotator id="CHEBI_2015_08_26_Instance_10000">Mike Bada, University of Colorado Anschutz Medical Campus</annotator>
    <span start="9659" end="9666" />
    <spannedText>residue</spannedText>
  </annotation>
  <annotation>
    <mention id="CHEBI_2015_08_26_Instance_250210" />
    <annotator id="CHEBI_2015_08_26_Instance_10000">Mike Bada, University of Colorado Anschutz Medical Campus</annotator>
    <span start="18361" end="18370" />
    <spannedText>ammo acid</spannedText>
  </annotation>
  <annotation>
    <mention id="CHEBI_2015_08_26_Instance_250212" />
    <annotator id="CHEBI_2015_08_26_Instance_10000">Mike Bada, University of Colorado Anschutz Medical Campus</annotator>
    <span start="18371" end="18379" />
    <spannedText>residues</spannedText>
  </annotation>
  <annotation>
    <mention id="CHEBI_2015_08_26_Instance_25349" />
    <annotator id="CHEBI_2015_08_26_Instance_10000">Mike Bada, University of Colorado Anschutz Medical Campus</annotator>
    <span start="19703" end="19712" />
    <spannedText>inhibitor</spannedText>
  </annotation>
  <annotation>
    <mention id="CHEBI_2015_08_26_Instance_290280" />
    <annotator id="CHEBI_2015_08_26_Instance_10000">Mike Bada, University of Colorado Anschutz Medical Campus</annotator>
    <span start="19757" end="19776" />
    <spannedText>protease inhibitors</spannedText>
  </annotation>
  <annotation>
    <mention id="CHEBI_2015_08_26_Instance_290282" />
    <annotator id="CHEBI_2015_08_26_Instance_10000">Mike Bada, University of Colorado Anschutz Medical Campus</annotator>
    <span start="19793" end="19812" />
    <spannedText>Protease Inhibitors</spannedText>
  </annotation>
  <annotation>
    <mention id="CHEBI_2015_08_26_Instance_290284" />
    <annotator id="CHEBI_2015_08_26_Instance_10000">Mike Bada, University of Colorado Anschutz Medical Campus</annotator>
    <span start="19743" end="19750" />
    <spannedText>mixture</spannedText>
  </annotation>
  <annotation>
    <mention id="CHEBI_2015_08_26_Instance_300042" />
    <annotator id="CHEBI_2015_08_26_Instance_10000">Mike Bada, University of Colorado Anschutz Medical Campus</annotator>
    <span start="66" end="73" />
    <spannedText>protein</spannedText>
  </annotation>
  <annotation>
    <mention id="CHEBI_2015_08_26_Instance_300044" />
    <annotator id="CHEBI_2015_08_26_Instance_10000">Mike Bada, University of Colorado Anschutz Medical Campus</annotator>
    <span start="173" end="180" />
    <spannedText>Protein</spannedText>
  </annotation>
  <annotation>
    <mention id="CHEBI_2015_08_26_Instance_300046" />
    <annotator id="CHEBI_2015_08_26_Instance_10000">Mike Bada, University of Colorado Anschutz Medical Campus</annotator>
    <span start="433" end="440" />
    <spannedText>protein</spannedText>
  </annotation>
  <annotation>
    <mention id="CHEBI_2015_08_26_Instance_300048" />
    <annotator id="CHEBI_2015_08_26_Instance_10000">Mike Bada, University of Colorado Anschutz Medical Campus</annotator>
    <span start="809" end="816" />
    <spannedText>protein</spannedText>
  </annotation>
  <annotation>
    <mention id="CHEBI_2015_08_26_Instance_300050" />
    <annotator id="CHEBI_2015_08_26_Instance_10000">Mike Bada, University of Colorado Anschutz Medical Campus</annotator>
    <span start="962" end="970" />
    <spannedText>proteins</spannedText>
  </annotation>
  <annotation>
    <mention id="CHEBI_2015_08_26_Instance_300052" />
    <annotator id="CHEBI_2015_08_26_Instance_10000">Mike Bada, University of Colorado Anschutz Medical Campus</annotator>
    <span start="1179" end="1186" />
    <spannedText>protein</spannedText>
  </annotation>
  <annotation>
    <mention id="CHEBI_2015_08_26_Instance_300054" />
    <annotator id="CHEBI_2015_08_26_Instance_10000">Mike Bada, University of Colorado Anschutz Medical Campus</annotator>
    <span start="2807" end="2815" />
    <spannedText>proteins</spannedText>
  </annotation>
  <annotation>
    <mention id="CHEBI_2015_08_26_Instance_300056" />
    <annotator id="CHEBI_2015_08_26_Instance_10000">Mike Bada, University of Colorado Anschutz Medical Campus</annotator>
    <span start="3808" end="3816" />
    <spannedText>proteins</spannedText>
  </annotation>
  <annotation>
    <mention id="CHEBI_2015_08_26_Instance_300058" />
    <annotator id="CHEBI_2015_08_26_Instance_10000">Mike Bada, University of Colorado Anschutz Medical Campus</annotator>
    <span start="3904" end="3911" />
    <spannedText>protein</spannedText>
  </annotation>
  <annotation>
    <mention id="CHEBI_2015_08_26_Instance_300060" />
    <annotator id="CHEBI_2015_08_26_Instance_10000">Mike Bada, University of Colorado Anschutz Medical Campus</annotator>
    <span start="3991" end="3998" />
    <spannedText>protein</spannedText>
  </annotation>
  <annotation>
    <mention id="CHEBI_2015_08_26_Instance_300062" />
    <annotator id="CHEBI_2015_08_26_Instance_10000">Mike Bada, University of Colorado Anschutz Medical Campus</annotator>
    <span start="4146" end="4153" />
    <spannedText>protein</spannedText>
  </annotation>
  <annotation>
    <mention id="CHEBI_2015_08_26_Instance_300064" />
    <annotator id="CHEBI_2015_08_26_Instance_10000">Mike Bada, University of Colorado Anschutz Medical Campus</annotator>
    <span start="4540" end="4547" />
    <spannedText>protein</spannedText>
  </annotation>
  <annotation>
    <mention id="CHEBI_2015_08_26_Instance_300066" />
    <annotator id="CHEBI_2015_08_26_Instance_10000">Mike Bada, University of Colorado Anschutz Medical Campus</annotator>
    <span start="4958" end="4965" />
    <spannedText>protein</spannedText>
  </annotation>
  <annotation>
    <mention id="CHEBI_2015_08_26_Instance_300068" />
    <annotator id="CHEBI_2015_08_26_Instance_10000">Mike Bada, University of Colorado Anschutz Medical Campus</annotator>
    <span start="5130" end="5138" />
    <spannedText>proteins</spannedText>
  </annotation>
  <annotation>
    <mention id="CHEBI_2015_08_26_Instance_300070" />
    <annotator id="CHEBI_2015_08_26_Instance_10000">Mike Bada, University of Colorado Anschutz Medical Campus</annotator>
    <span start="5234" end="5242" />
    <spannedText>proteins</spannedText>
  </annotation>
  <annotation>
    <mention id="CHEBI_2015_08_26_Instance_300072" />
    <annotator id="CHEBI_2015_08_26_Instance_10000">Mike Bada, University of Colorado Anschutz Medical Campus</annotator>
    <span start="5330" end="5337" />
    <spannedText>protein</spannedText>
  </annotation>
  <annotation>
    <mention id="CHEBI_2015_08_26_Instance_300074" />
    <annotator id="CHEBI_2015_08_26_Instance_10000">Mike Bada, University of Colorado Anschutz Medical Campus</annotator>
    <span start="5496" end="5504" />
    <spannedText>proteins</spannedText>
  </annotation>
  <annotation>
    <mention id="CHEBI_2015_08_26_Instance_300076" />
    <annotator id="CHEBI_2015_08_26_Instance_10000">Mike Bada, University of Colorado Anschutz Medical Campus</annotator>
    <span start="5884" end="5892" />
    <spannedText>proteins</spannedText>
  </annotation>
  <annotation>
    <mention id="CHEBI_2015_08_26_Instance_300078" />
    <annotator id="CHEBI_2015_08_26_Instance_10000">Mike Bada, University of Colorado Anschutz Medical Campus</annotator>
    <span start="9382" end="9389" />
    <spannedText>protein</spannedText>
  </annotation>
  <annotation>
    <mention id="CHEBI_2015_08_26_Instance_300080" />
    <annotator id="CHEBI_2015_08_26_Instance_10000">Mike Bada, University of Colorado Anschutz Medical Campus</annotator>
    <span start="9503" end="9510" />
    <spannedText>protein</spannedText>
  </annotation>
  <annotation>
    <mention id="CHEBI_2015_08_26_Instance_300082" />
    <annotator id="CHEBI_2015_08_26_Instance_10000">Mike Bada, University of Colorado Anschutz Medical Campus</annotator>
    <span start="9850" end="9857" />
    <spannedText>protein</spannedText>
  </annotation>
  <annotation>
    <mention id="CHEBI_2015_08_26_Instance_300084" />
    <annotator id="CHEBI_2015_08_26_Instance_10000">Mike Bada, University of Colorado Anschutz Medical Campus</annotator>
    <span start="9978" end="9985" />
    <spannedText>protein</spannedText>
  </annotation>
  <annotation>
    <mention id="CHEBI_2015_08_26_Instance_300086" />
    <annotator id="CHEBI_2015_08_26_Instance_10000">Mike Bada, University of Colorado Anschutz Medical Campus</annotator>
    <span start="10387" end="10394" />
    <spannedText>protein</spannedText>
  </annotation>
  <annotation>
    <mention id="CHEBI_2015_08_26_Instance_300088" />
    <annotator id="CHEBI_2015_08_26_Instance_10000">Mike Bada, University of Colorado Anschutz Medical Campus</annotator>
    <span start="10442" end="10449" />
    <spannedText>protein</spannedText>
  </annotation>
  <annotation>
    <mention id="CHEBI_2015_08_26_Instance_300090" />
    <annotator id="CHEBI_2015_08_26_Instance_10000">Mike Bada, University of Colorado Anschutz Medical Campus</annotator>
    <span start="11543" end="11551" />
    <spannedText>proteins</spannedText>
  </annotation>
  <annotation>
    <mention id="CHEBI_2015_08_26_Instance_300092" />
    <annotator id="CHEBI_2015_08_26_Instance_10000">Mike Bada, University of Colorado Anschutz Medical Campus</annotator>
    <span start="11983" end="11990" />
    <spannedText>protein</spannedText>
  </annotation>
  <annotation>
    <mention id="CHEBI_2015_08_26_Instance_300094" />
    <annotator id="CHEBI_2015_08_26_Instance_10000">Mike Bada, University of Colorado Anschutz Medical Campus</annotator>
    <span start="12049" end="12057" />
    <spannedText>proteins</spannedText>
  </annotation>
  <annotation>
    <mention id="CHEBI_2015_08_26_Instance_300096" />
    <annotator id="CHEBI_2015_08_26_Instance_10000">Mike Bada, University of Colorado Anschutz Medical Campus</annotator>
    <span start="12169" end="12176" />
    <spannedText>protein</spannedText>
  </annotation>
  <annotation>
    <mention id="CHEBI_2015_08_26_Instance_300098" />
    <annotator id="CHEBI_2015_08_26_Instance_10000">Mike Bada, University of Colorado Anschutz Medical Campus</annotator>
    <span start="12211" end="12218" />
    <spannedText>protein</spannedText>
  </annotation>
  <annotation>
    <mention id="CHEBI_2015_08_26_Instance_300100" />
    <annotator id="CHEBI_2015_08_26_Instance_10000">Mike Bada, University of Colorado Anschutz Medical Campus</annotator>
    <span start="12384" end="12392" />
    <spannedText>proteins</spannedText>
  </annotation>
  <annotation>
    <mention id="CHEBI_2015_08_26_Instance_300102" />
    <annotator id="CHEBI_2015_08_26_Instance_10000">Mike Bada, University of Colorado Anschutz Medical Campus</annotator>
    <span start="12746" end="12754" />
    <spannedText>proteins</spannedText>
  </annotation>
  <annotation>
    <mention id="CHEBI_2015_08_26_Instance_300104" />
    <annotator id="CHEBI_2015_08_26_Instance_10000">Mike Bada, University of Colorado Anschutz Medical Campus</annotator>
    <span start="12813" end="12820" />
    <spannedText>protein</spannedText>
  </annotation>
  <annotation>
    <mention id="CHEBI_2015_08_26_Instance_300106" />
    <annotator id="CHEBI_2015_08_26_Instance_10000">Mike Bada, University of Colorado Anschutz Medical Campus</annotator>
    <span start="13053" end="13060" />
    <spannedText>protein</spannedText>
  </annotation>
  <annotation>
    <mention id="CHEBI_2015_08_26_Instance_300108" />
    <annotator id="CHEBI_2015_08_26_Instance_10000">Mike Bada, University of Colorado Anschutz Medical Campus</annotator>
    <span start="13113" end="13120" />
    <spannedText>protein</spannedText>
  </annotation>
  <annotation>
    <mention id="CHEBI_2015_08_26_Instance_300110" />
    <annotator id="CHEBI_2015_08_26_Instance_10000">Mike Bada, University of Colorado Anschutz Medical Campus</annotator>
    <span start="14275" end="14283" />
    <spannedText>proteins</spannedText>
  </annotation>
  <annotation>
    <mention id="CHEBI_2015_08_26_Instance_300112" />
    <annotator id="CHEBI_2015_08_26_Instance_10000">Mike Bada, University of Colorado Anschutz Medical Campus</annotator>
    <span start="14624" end="14632" />
    <spannedText>proteins</spannedText>
  </annotation>
  <annotation>
    <mention id="CHEBI_2015_08_26_Instance_300114" />
    <annotator id="CHEBI_2015_08_26_Instance_10000">Mike Bada, University of Colorado Anschutz Medical Campus</annotator>
    <span start="15009" end="15016" />
    <spannedText>protein</spannedText>
  </annotation>
  <annotation>
    <mention id="CHEBI_2015_08_26_Instance_300116" />
    <annotator id="CHEBI_2015_08_26_Instance_10000">Mike Bada, University of Colorado Anschutz Medical Campus</annotator>
    <span start="17720" end="17727" />
    <spannedText>protein</spannedText>
  </annotation>
  <annotation>
    <mention id="CHEBI_2015_08_26_Instance_300118" />
    <annotator id="CHEBI_2015_08_26_Instance_10000">Mike Bada, University of Colorado Anschutz Medical Campus</annotator>
    <span start="18083" end="18091" />
    <spannedText>proteins</spannedText>
  </annotation>
  <annotation>
    <mention id="CHEBI_2015_08_26_Instance_300120" />
    <annotator id="CHEBI_2015_08_26_Instance_10000">Mike Bada, University of Colorado Anschutz Medical Campus</annotator>
    <span start="18213" end="18221" />
    <spannedText>proteins</spannedText>
  </annotation>
  <annotation>
    <mention id="CHEBI_2015_08_26_Instance_300122" />
    <annotator id="CHEBI_2015_08_26_Instance_10000">Mike Bada, University of Colorado Anschutz Medical Campus</annotator>
    <span start="18958" end="18965" />
    <spannedText>Protein</spannedText>
  </annotation>
  <annotation>
    <mention id="CHEBI_2015_08_26_Instance_300124" />
    <annotator id="CHEBI_2015_08_26_Instance_10000">Mike Bada, University of Colorado Anschutz Medical Campus</annotator>
    <span start="19059" end="19066" />
    <spannedText>Protein</spannedText>
  </annotation>
  <annotation>
    <mention id="CHEBI_2015_08_26_Instance_330632" />
    <annotator id="CHEBI_2015_08_26_Instance_10000">Mike Bada, University of Colorado Anschutz Medical Campus</annotator>
    <span start="18100" end="18111" />
    <spannedText>thioredoxin</spannedText>
  </annotation>
  <annotation>
    <mention id="CHEBI_2015_08_26_Instance_331558" />
    <annotator id="CHEBI_2015_08_26_Instance_10000">Mike Bada, University of Colorado Anschutz Medical Campus</annotator>
    <span start="17891" end="17893" />
    <spannedText>aa</spannedText>
  </annotation>
  <annotation>
    <mention id="CHEBI_2015_08_26_Instance_350106" />
    <annotator id="CHEBI_2015_08_26_Instance_10000">Mike Bada, University of Colorado Anschutz Medical Campus</annotator>
    <span start="3488" end="3493" />
    <spannedText>oligo</spannedText>
  </annotation>
  <annotation>
    <mention id="CHEBI_2015_08_26_Instance_42339" />
    <annotator id="CHEBI_2015_08_26_Instance_10000">Mike Bada, University of Colorado Anschutz Medical Campus</annotator>
    <span start="19824" end="19833" />
    <spannedText>Molecular</spannedText>
  </annotation>
  <annotation>
    <mention id="CHEBI_2015_08_26_Instance_70007" />
    <annotator id="CHEBI_2015_08_26_Instance_10000">Mike Bada, University of Colorado Anschutz Medical Campus</annotator>
    <span start="54" end="57" />
    <spannedText>RNA</spannedText>
  </annotation>
  <annotation>
    <mention id="CHEBI_2015_08_26_Instance_70009" />
    <annotator id="CHEBI_2015_08_26_Instance_10000">Mike Bada, University of Colorado Anschutz Medical Campus</annotator>
    <span start="468" end="471" />
    <spannedText>RNA</spannedText>
  </annotation>
  <annotation>
    <mention id="CHEBI_2015_08_26_Instance_70012" />
    <annotator id="CHEBI_2015_08_26_Instance_10000">Mike Bada, University of Colorado Anschutz Medical Campus</annotator>
    <span start="501" end="508" />
    <spannedText>proline</spannedText>
  </annotation>
  <annotation>
    <mention id="CHEBI_2015_08_26_Instance_70018" />
    <annotator id="CHEBI_2015_08_26_Instance_10000">Mike Bada, University of Colorado Anschutz Medical Campus</annotator>
    <span start="1543" end="1547" />
    <spannedText>mRNA</spannedText>
  </annotation>
  <annotation>
    <mention id="CHEBI_2015_08_26_Instance_70020" />
    <annotator id="CHEBI_2015_08_26_Instance_10000">Mike Bada, University of Colorado Anschutz Medical Campus</annotator>
    <span start="2795" end="2798" />
    <spannedText>RNA</spannedText>
  </annotation>
  <annotation>
    <mention id="CHEBI_2015_08_26_Instance_70022" />
    <annotator id="CHEBI_2015_08_26_Instance_10000">Mike Bada, University of Colorado Anschutz Medical Campus</annotator>
    <span start="3179" end="3183" />
    <spannedText>mRNA</spannedText>
  </annotation>
  <annotation>
    <mention id="CHEBI_2015_08_26_Instance_70027" />
    <annotator id="CHEBI_2015_08_26_Instance_10000">Mike Bada, University of Colorado Anschutz Medical Campus</annotator>
    <span start="3494" end="3495" />
    <spannedText>U</spannedText>
  </annotation>
  <annotation>
    <mention id="CHEBI_2015_08_26_Instance_70035" />
    <annotator id="CHEBI_2015_08_26_Instance_10000">Mike Bada, University of Colorado Anschutz Medical Campus</annotator>
    <span start="3552" end="3553" />
    <spannedText>U</spannedText>
  </annotation>
  <annotation>
    <mention id="CHEBI_2015_08_26_Instance_70037" />
    <annotator id="CHEBI_2015_08_26_Instance_10000">Mike Bada, University of Colorado Anschutz Medical Campus</annotator>
    <span start="3597" end="3601" />
    <spannedText>mRNA</spannedText>
  </annotation>
  <annotation>
    <mention id="CHEBI_2015_08_26_Instance_70039" />
    <annotator id="CHEBI_2015_08_26_Instance_10000">Mike Bada, University of Colorado Anschutz Medical Campus</annotator>
    <span start="3921" end="3924" />
    <spannedText>RNA</spannedText>
  </annotation>
  <annotation>
    <mention id="CHEBI_2015_08_26_Instance_70041" />
    <annotator id="CHEBI_2015_08_26_Instance_10000">Mike Bada, University of Colorado Anschutz Medical Campus</annotator>
    <span start="3947" end="3954" />
    <spannedText>proline</spannedText>
  </annotation>
  <annotation>
    <mention id="CHEBI_2015_08_26_Instance_70045" />
    <annotator id="CHEBI_2015_08_26_Instance_10000">Mike Bada, University of Colorado Anschutz Medical Campus</annotator>
    <span start="4060" end="4063" />
    <spannedText>RNA</spannedText>
  </annotation>
  <annotation>
    <mention id="CHEBI_2015_08_26_Instance_70049" />
    <annotator id="CHEBI_2015_08_26_Instance_10000">Mike Bada, University of Colorado Anschutz Medical Campus</annotator>
    <span start="4247" end="4251" />
    <spannedText>mRNA</spannedText>
  </annotation>
  <annotation>
    <mention id="CHEBI_2015_08_26_Instance_70053" />
    <annotator id="CHEBI_2015_08_26_Instance_10000">Mike Bada, University of Colorado Anschutz Medical Campus</annotator>
    <span start="4979" end="4982" />
    <spannedText>RNA</spannedText>
  </annotation>
  <annotation>
    <mention id="CHEBI_2015_08_26_Instance_70057" />
    <annotator id="CHEBI_2015_08_26_Instance_10000">Mike Bada, University of Colorado Anschutz Medical Campus</annotator>
    <span start="5047" end="5054" />
    <spannedText>proline</spannedText>
  </annotation>
  <annotation>
    <mention id="CHEBI_2015_08_26_Instance_70059" />
    <annotator id="CHEBI_2015_08_26_Instance_10000">Mike Bada, University of Colorado Anschutz Medical Campus</annotator>
    <span start="5151" end="5162" />
    <spannedText>amino acids</spannedText>
  </annotation>
  <annotation>
    <mention id="CHEBI_2015_08_26_Instance_70061" />
    <annotator id="CHEBI_2015_08_26_Instance_10000">Mike Bada, University of Colorado Anschutz Medical Campus</annotator>
    <span start="5305" end="5312" />
    <spannedText>proline</spannedText>
  </annotation>
  <annotation>
    <mention id="CHEBI_2015_08_26_Instance_70063" />
    <annotator id="CHEBI_2015_08_26_Instance_10000">Mike Bada, University of Colorado Anschutz Medical Campus</annotator>
    <span start="5318" end="5321" />
    <spannedText>RNA</spannedText>
  </annotation>
  <annotation>
    <mention id="CHEBI_2015_08_26_Instance_70065" />
    <annotator id="CHEBI_2015_08_26_Instance_10000">Mike Bada, University of Colorado Anschutz Medical Campus</annotator>
    <span start="5534" end="5537" />
    <spannedText>RNA</spannedText>
  </annotation>
  <annotation>
    <mention id="CHEBI_2015_08_26_Instance_70069" />
    <annotator id="CHEBI_2015_08_26_Instance_10000">Mike Bada, University of Colorado Anschutz Medical Campus</annotator>
    <span start="5574" end="5581" />
    <spannedText>proline</spannedText>
  </annotation>
  <annotation>
    <mention id="CHEBI_2015_08_26_Instance_70073" />
    <annotator id="CHEBI_2015_08_26_Instance_10000">Mike Bada, University of Colorado Anschutz Medical Campus</annotator>
    <span start="5898" end="5908" />
    <spannedText>amino acid</spannedText>
  </annotation>
  <annotation>
    <mention id="CHEBI_2015_08_26_Instance_70075" />
    <annotator id="CHEBI_2015_08_26_Instance_10000">Mike Bada, University of Colorado Anschutz Medical Campus</annotator>
    <span start="5993" end="5996" />
    <spannedText>RNA</spannedText>
  </annotation>
  <annotation>
    <mention id="CHEBI_2015_08_26_Instance_70077" />
    <annotator id="CHEBI_2015_08_26_Instance_10000">Mike Bada, University of Colorado Anschutz Medical Campus</annotator>
    <span start="6998" end="7008" />
    <spannedText>nucleotide</spannedText>
  </annotation>
  <annotation>
    <mention id="CHEBI_2015_08_26_Instance_70079" />
    <annotator id="CHEBI_2015_08_26_Instance_10000">Mike Bada, University of Colorado Anschutz Medical Campus</annotator>
    <span start="8033" end="8037" />
    <spannedText>mRNA</spannedText>
  </annotation>
  <annotation>
    <mention id="CHEBI_2015_08_26_Instance_70081" />
    <annotator id="CHEBI_2015_08_26_Instance_10000">Mike Bada, University of Colorado Anschutz Medical Campus</annotator>
    <span start="8112" end="8116" />
    <spannedText>mRNA</spannedText>
  </annotation>
  <annotation>
    <mention id="CHEBI_2015_08_26_Instance_70083" />
    <annotator id="CHEBI_2015_08_26_Instance_10000">Mike Bada, University of Colorado Anschutz Medical Campus</annotator>
    <span start="8932" end="8936" />
    <spannedText>RNAs</spannedText>
  </annotation>
  <annotation>
    <mention id="CHEBI_2015_08_26_Instance_70085" />
    <annotator id="CHEBI_2015_08_26_Instance_10000">Mike Bada, University of Colorado Anschutz Medical Campus</annotator>
    <span start="9243" end="9246" />
    <spannedText>DNA</spannedText>
  </annotation>
  <annotation>
    <mention id="CHEBI_2015_08_26_Instance_70087" />
    <annotator id="CHEBI_2015_08_26_Instance_10000">Mike Bada, University of Colorado Anschutz Medical Campus</annotator>
    <span start="9338" end="9341" />
    <spannedText>DNA</spannedText>
  </annotation>
  <annotation>
    <mention id="CHEBI_2015_08_26_Instance_70091" />
    <annotator id="CHEBI_2015_08_26_Instance_10000">Mike Bada, University of Colorado Anschutz Medical Campus</annotator>
    <span start="9537" end="9544" />
    <spannedText>proline</spannedText>
  </annotation>
  <annotation>
    <mention id="CHEBI_2015_08_26_Instance_70093" />
    <annotator id="CHEBI_2015_08_26_Instance_10000">Mike Bada, University of Colorado Anschutz Medical Campus</annotator>
    <span start="9612" end="9624" />
    <spannedText>oligopeptide</spannedText>
  </annotation>
  <annotation>
    <mention id="CHEBI_2015_08_26_Instance_70098" />
    <annotator id="CHEBI_2015_08_26_Instance_10000">Mike Bada, University of Colorado Anschutz Medical Campus</annotator>
    <span start="10505" end="10519" />
    <spannedText>polyacrylamide</spannedText>
  </annotation>
  <annotation>
    <mention id="CHEBI_2015_08_26_Instance_70100" />
    <annotator id="CHEBI_2015_08_26_Instance_10000">Mike Bada, University of Colorado Anschutz Medical Campus</annotator>
    <span start="11531" end="11534" />
    <spannedText>RNA</spannedText>
  </annotation>
  <annotation>
    <mention id="CHEBI_2015_08_26_Instance_70102" />
    <annotator id="CHEBI_2015_08_26_Instance_10000">Mike Bada, University of Colorado Anschutz Medical Campus</annotator>
    <span start="11621" end="11624" />
    <spannedText>RNA</spannedText>
  </annotation>
  <annotation>
    <mention id="CHEBI_2015_08_26_Instance_70104" />
    <annotator id="CHEBI_2015_08_26_Instance_10000">Mike Bada, University of Colorado Anschutz Medical Campus</annotator>
    <span start="11644" end="11648" />
    <spannedText>mRNA</spannedText>
  </annotation>
  <annotation>
    <mention id="CHEBI_2015_08_26_Instance_70106" />
    <annotator id="CHEBI_2015_08_26_Instance_10000">Mike Bada, University of Colorado Anschutz Medical Campus</annotator>
    <span start="11661" end="11665" />
    <spannedText>mRNA</spannedText>
  </annotation>
  <annotation>
    <mention id="CHEBI_2015_08_26_Instance_70108" />
    <annotator id="CHEBI_2015_08_26_Instance_10000">Mike Bada, University of Colorado Anschutz Medical Campus</annotator>
    <span start="11770" end="11774" />
    <spannedText>mRNA</spannedText>
  </annotation>
  <annotation>
    <mention id="CHEBI_2015_08_26_Instance_70110" />
    <annotator id="CHEBI_2015_08_26_Instance_10000">Mike Bada, University of Colorado Anschutz Medical Campus</annotator>
    <span start="12037" end="12040" />
    <spannedText>RNA</spannedText>
  </annotation>
  <annotation>
    <mention id="CHEBI_2015_08_26_Instance_70112" />
    <annotator id="CHEBI_2015_08_26_Instance_10000">Mike Bada, University of Colorado Anschutz Medical Campus</annotator>
    <span start="12157" end="12160" />
    <spannedText>RNA</spannedText>
  </annotation>
  <annotation>
    <mention id="CHEBI_2015_08_26_Instance_70114" />
    <annotator id="CHEBI_2015_08_26_Instance_10000">Mike Bada, University of Colorado Anschutz Medical Campus</annotator>
    <span start="12534" end="12539" />
    <spannedText>mRNAs</spannedText>
  </annotation>
  <annotation>
    <mention id="CHEBI_2015_08_26_Instance_70116" />
    <annotator id="CHEBI_2015_08_26_Instance_10000">Mike Bada, University of Colorado Anschutz Medical Campus</annotator>
    <span start="12734" end="12737" />
    <spannedText>RNA</spannedText>
  </annotation>
  <annotation>
    <mention id="CHEBI_2015_08_26_Instance_70118" />
    <annotator id="CHEBI_2015_08_26_Instance_10000">Mike Bada, University of Colorado Anschutz Medical Campus</annotator>
    <span start="12801" end="12804" />
    <spannedText>RNA</spannedText>
  </annotation>
  <annotation>
    <mention id="CHEBI_2015_08_26_Instance_70120" />
    <annotator id="CHEBI_2015_08_26_Instance_10000">Mike Bada, University of Colorado Anschutz Medical Campus</annotator>
    <span start="12883" end="12888" />
    <spannedText>mRNAs</spannedText>
  </annotation>
  <annotation>
    <mention id="CHEBI_2015_08_26_Instance_70123" />
    <annotator id="CHEBI_2015_08_26_Instance_10000">Mike Bada, University of Colorado Anschutz Medical Campus</annotator>
    <span start="12918" end="12925" />
    <spannedText>glycine</spannedText>
  </annotation>
  <annotation>
    <mention id="CHEBI_2015_08_26_Instance_70125" />
    <annotator id="CHEBI_2015_08_26_Instance_10000">Mike Bada, University of Colorado Anschutz Medical Campus</annotator>
    <span start="13041" end="13044" />
    <spannedText>RNA</spannedText>
  </annotation>
  <annotation>
    <mention id="CHEBI_2015_08_26_Instance_70127" />
    <annotator id="CHEBI_2015_08_26_Instance_10000">Mike Bada, University of Colorado Anschutz Medical Campus</annotator>
    <span start="13781" end="13784" />
    <spannedText>RNA</spannedText>
  </annotation>
  <annotation>
    <mention id="CHEBI_2015_08_26_Instance_70132" />
    <annotator id="CHEBI_2015_08_26_Instance_10000">Mike Bada, University of Colorado Anschutz Medical Campus</annotator>
    <span start="13088" end="13098" />
    <spannedText>pyrimidine</spannedText>
  </annotation>
  <annotation>
    <mention id="CHEBI_2015_08_26_Instance_70135" />
    <annotator id="CHEBI_2015_08_26_Instance_10000">Mike Bada, University of Colorado Anschutz Medical Campus</annotator>
    <span start="4064" end="4076" />
    <spannedText>homopolymers</spannedText>
  </annotation>
  <annotation>
    <mention id="CHEBI_2015_08_26_Instance_70137" />
    <annotator id="CHEBI_2015_08_26_Instance_10000">Mike Bada, University of Colorado Anschutz Medical Campus</annotator>
    <span start="13785" end="13797" />
    <spannedText>homopolymers</spannedText>
  </annotation>
  <annotation>
    <mention id="CHEBI_2015_08_26_Instance_70139" />
    <annotator id="CHEBI_2015_08_26_Instance_10000">Mike Bada, University of Colorado Anschutz Medical Campus</annotator>
    <span start="13835" end="13836" />
    <spannedText>U</spannedText>
  </annotation>
  <annotation>
    <mention id="CHEBI_2015_08_26_Instance_70141" />
    <annotator id="CHEBI_2015_08_26_Instance_10000">Mike Bada, University of Colorado Anschutz Medical Campus</annotator>
    <span start="13846" end="13847" />
    <spannedText>G</spannedText>
  </annotation>
  <annotation>
    <mention id="CHEBI_2015_08_26_Instance_70143" />
    <annotator id="CHEBI_2015_08_26_Instance_10000">Mike Bada, University of Colorado Anschutz Medical Campus</annotator>
    <span start="14007" end="14009" />
    <spannedText>nt</spannedText>
  </annotation>
  <annotation>
    <mention id="CHEBI_2015_08_26_Instance_70145" />
    <annotator id="CHEBI_2015_08_26_Instance_10000">Mike Bada, University of Colorado Anschutz Medical Campus</annotator>
    <span start="14048" end="14052" />
    <spannedText>mRNA</spannedText>
  </annotation>
  <annotation>
    <mention id="CHEBI_2015_08_26_Instance_70147" />
    <annotator id="CHEBI_2015_08_26_Instance_10000">Mike Bada, University of Colorado Anschutz Medical Campus</annotator>
    <span start="14144" end="14148" />
    <spannedText>mRNA</spannedText>
  </annotation>
  <annotation>
    <mention id="CHEBI_2015_08_26_Instance_70149" />
    <annotator id="CHEBI_2015_08_26_Instance_10000">Mike Bada, University of Colorado Anschutz Medical Campus</annotator>
    <span start="14221" end="14228" />
    <spannedText>proline</spannedText>
  </annotation>
  <annotation>
    <mention id="CHEBI_2015_08_26_Instance_70151" />
    <annotator id="CHEBI_2015_08_26_Instance_10000">Mike Bada, University of Colorado Anschutz Medical Campus</annotator>
    <span start="14345" end="14349" />
    <spannedText>mRNA</spannedText>
  </annotation>
  <annotation>
    <mention id="CHEBI_2015_08_26_Instance_70153" />
    <annotator id="CHEBI_2015_08_26_Instance_10000">Mike Bada, University of Colorado Anschutz Medical Campus</annotator>
    <span start="14381" end="14384" />
    <spannedText>RNA</spannedText>
  </annotation>
  <annotation>
    <mention id="CHEBI_2015_08_26_Instance_70155" />
    <annotator id="CHEBI_2015_08_26_Instance_10000">Mike Bada, University of Colorado Anschutz Medical Campus</annotator>
    <span start="14653" end="14656" />
    <spannedText>RNA</spannedText>
  </annotation>
  <annotation>
    <mention id="CHEBI_2015_08_26_Instance_70157" />
    <annotator id="CHEBI_2015_08_26_Instance_10000">Mike Bada, University of Colorado Anschutz Medical Campus</annotator>
    <span start="14719" end="14721" />
    <spannedText>nt</spannedText>
  </annotation>
  <annotation>
    <mention id="CHEBI_2015_08_26_Instance_70159" />
    <annotator id="CHEBI_2015_08_26_Instance_10000">Mike Bada, University of Colorado Anschutz Medical Campus</annotator>
    <span start="14828" end="14831" />
    <spannedText>RNA</spannedText>
  </annotation>
  <annotation>
    <mention id="CHEBI_2015_08_26_Instance_70161" />
    <annotator id="CHEBI_2015_08_26_Instance_10000">Mike Bada, University of Colorado Anschutz Medical Campus</annotator>
    <span start="14997" end="15000" />
    <spannedText>RNA</spannedText>
  </annotation>
  <annotation>
    <mention id="CHEBI_2015_08_26_Instance_70163" />
    <annotator id="CHEBI_2015_08_26_Instance_10000">Mike Bada, University of Colorado Anschutz Medical Campus</annotator>
    <span start="15293" end="15297" />
    <spannedText>mRNA</spannedText>
  </annotation>
  <annotation>
    <mention id="CHEBI_2015_08_26_Instance_70165" />
    <annotator id="CHEBI_2015_08_26_Instance_10000">Mike Bada, University of Colorado Anschutz Medical Campus</annotator>
    <span start="15663" end="15666" />
    <spannedText>RNA</spannedText>
  </annotation>
  <annotation>
    <mention id="CHEBI_2015_08_26_Instance_70167" />
    <annotator id="CHEBI_2015_08_26_Instance_10000">Mike Bada, University of Colorado Anschutz Medical Campus</annotator>
    <span start="16524" end="16527" />
    <spannedText>DNA</spannedText>
  </annotation>
  <annotation>
    <mention id="CHEBI_2015_08_26_Instance_70169" />
    <annotator id="CHEBI_2015_08_26_Instance_10000">Mike Bada, University of Colorado Anschutz Medical Campus</annotator>
    <span start="16529" end="16532" />
    <spannedText>DNA</spannedText>
  </annotation>
  <annotation>
    <mention id="CHEBI_2015_08_26_Instance_70173" />
    <annotator id="CHEBI_2015_08_26_Instance_10000">Mike Bada, University of Colorado Anschutz Medical Campus</annotator>
    <span start="17755" end="17767" />
    <spannedText>oligopeptide</spannedText>
  </annotation>
  <annotation>
    <mention id="CHEBI_2015_08_26_Instance_70177" />
    <annotator id="CHEBI_2015_08_26_Instance_10000">Mike Bada, University of Colorado Anschutz Medical Campus</annotator>
    <span start="18046" end="18049" />
    <spannedText>DNA</spannedText>
  </annotation>
  <annotation>
    <mention id="CHEBI_2015_08_26_Instance_70180" />
    <annotator id="CHEBI_2015_08_26_Instance_10000">Mike Bada, University of Colorado Anschutz Medical Campus</annotator>
    <span start="18153" end="18156" />
    <spannedText>His</spannedText>
  </annotation>
  <annotation>
    <mention id="CHEBI_2015_08_26_Instance_70183" />
    <annotator id="CHEBI_2015_08_26_Instance_10000">Mike Bada, University of Colorado Anschutz Medical Campus</annotator>
    <span start="18162" end="18167" />
    <spannedText>metal</spannedText>
  </annotation>
  <annotation>
    <mention id="CHEBI_2015_08_26_Instance_70185" />
    <annotator id="CHEBI_2015_08_26_Instance_10000">Mike Bada, University of Colorado Anschutz Medical Campus</annotator>
    <span start="18247" end="18255" />
    <spannedText>adjuvant</spannedText>
  </annotation>
  <annotation>
    <mention id="CHEBI_2015_08_26_Instance_70187" />
    <annotator id="CHEBI_2015_08_26_Instance_10000">Mike Bada, University of Colorado Anschutz Medical Campus</annotator>
    <span start="18325" end="18337" />
    <spannedText>oligopeptide</spannedText>
  </annotation>
  <annotation>
    <mention id="CHEBI_2015_08_26_Instance_70189" />
    <annotator id="CHEBI_2015_08_26_Instance_10000">Mike Bada, University of Colorado Anschutz Medical Campus</annotator>
    <span start="18489" end="18496" />
    <spannedText>peptide</spannedText>
  </annotation>
  <annotation>
    <mention id="CHEBI_2015_08_26_Instance_70191" />
    <annotator id="CHEBI_2015_08_26_Instance_10000">Mike Bada, University of Colorado Anschutz Medical Campus</annotator>
    <span start="18647" end="18659" />
    <spannedText>oligopeptide</spannedText>
  </annotation>
  <annotation>
    <mention id="CHEBI_2015_08_26_Instance_70193" />
    <annotator id="CHEBI_2015_08_26_Instance_10000">Mike Bada, University of Colorado Anschutz Medical Campus</annotator>
    <span start="18660" end="18667" />
    <spannedText>antigen</spannedText>
  </annotation>
  <annotation>
    <mention id="CHEBI_2015_08_26_Instance_70199" />
    <annotator id="CHEBI_2015_08_26_Instance_10000">Mike Bada, University of Colorado Anschutz Medical Campus</annotator>
    <span start="18737" end="18743" />
    <spannedText>buffer</spannedText>
  </annotation>
  <annotation>
    <mention id="CHEBI_2015_08_26_Instance_70201" />
    <annotator id="CHEBI_2015_08_26_Instance_10000">Mike Bada, University of Colorado Anschutz Medical Campus</annotator>
    <span start="18763" end="18768" />
    <spannedText>NP-40</spannedText>
  </annotation>
  <annotation>
    <mention id="CHEBI_2015_08_26_Instance_70205" />
    <annotator id="CHEBI_2015_08_26_Instance_10000">Mike Bada, University of Colorado Anschutz Medical Campus</annotator>
    <span start="18855" end="18861" />
    <spannedText>buffer</spannedText>
  </annotation>
  <annotation>
    <mention id="CHEBI_2015_08_26_Instance_70207" />
    <annotator id="CHEBI_2015_08_26_Instance_10000">Mike Bada, University of Colorado Anschutz Medical Campus</annotator>
    <span start="19162" end="19176" />
    <spannedText>polyacrylamide</spannedText>
  </annotation>
  <annotation>
    <mention id="CHEBI_2015_08_26_Instance_70209" />
    <annotator id="CHEBI_2015_08_26_Instance_10000">Mike Bada, University of Colorado Anschutz Medical Campus</annotator>
    <span start="19599" end="19605" />
    <spannedText>buffer</spannedText>
  </annotation>
  <annotation>
    <mention id="CHEBI_2015_08_26_Instance_70211" />
    <annotator id="CHEBI_2015_08_26_Instance_10000">Mike Bada, University of Colorado Anschutz Medical Campus</annotator>
    <span start="19666" end="19671" />
    <spannedText>NP-40</spannedText>
  </annotation>
  <annotation>
    <mention id="CHEBI_2015_08_26_Instance_90024" />
    <annotator id="CHEBI_2015_08_26_Instance_10000">Mike Bada, University of Colorado Anschutz Medical Campus</annotator>
    <span start="8712" end="8717" />
    <spannedText>probe</spannedText>
  </annotation>
  <annotation>
    <mention id="CHEBI_2015_08_26_Instance_90026" />
    <annotator id="CHEBI_2015_08_26_Instance_10000">Mike Bada, University of Colorado Anschutz Medical Campus</annotator>
    <span start="8761" end="8766" />
    <spannedText>probe</spannedText>
  </annotation>
  <annotation>
    <mention id="CHEBI_2015_08_26_Instance_90028" />
    <annotator id="CHEBI_2015_08_26_Instance_10000">Mike Bada, University of Colorado Anschutz Medical Campus</annotator>
    <span start="15507" end="15512" />
    <spannedText>probe</spannedText>
  </annotation>
  <annotation>
    <mention id="CHEBI_2015_08_26_Instance_90030" />
    <annotator id="CHEBI_2015_08_26_Instance_10000">Mike Bada, University of Colorado Anschutz Medical Campus</annotator>
    <span start="17124" end="17130" />
    <spannedText>probes</spannedText>
  </annotation>
  <annotation>
    <mention id="CHEBI_2015_08_26_Instance_90032" />
    <annotator id="CHEBI_2015_08_26_Instance_10000">Mike Bada, University of Colorado Anschutz Medical Campus</annotator>
    <span start="17160" end="17166" />
    <spannedText>probes</spannedText>
  </annotation>
  <classMention id="CHEBI_2015_08_26_Instance_70169">
    <mentionClass id="CHEBI_SO_EXT:DNA">DNA</mentionClass>
  </classMention>
  <classMention id="CHEBI_2015_08_26_Instance_70167">
    <mentionClass id="CHEBI_SO_EXT:DNA">DNA</mentionClass>
  </classMention>
  <classMention id="CHEBI_2015_08_26_Instance_70177">
    <mentionClass id="CHEBI_SO_EXT:DNA">DNA</mentionClass>
  </classMention>
  <classMention id="CHEBI_2015_08_26_Instance_70173">
    <mentionClass id="CHEBI:25676">oligopeptide</mentionClass>
  </classMention>
  <classMention id="CHEBI_2015_08_26_Instance_70183">
    <mentionClass id="CHEBI_EXT:metal">metal</mentionClass>
  </classMention>
  <classMention id="CHEBI_2015_08_26_Instance_70180">
    <mentionClass id="CHEBI_SO_EXT:histidine">histidine</mentionClass>
  </classMention>
  <classMention id="CHEBI_2015_08_26_Instance_70187">
    <mentionClass id="CHEBI:25676">oligopeptide</mentionClass>
  </classMention>
  <classMention id="CHEBI_2015_08_26_Instance_70185">
    <mentionClass id="CHEBI_EXT:60809">adjuvant</mentionClass>
  </classMention>
  <classMention id="CHEBI_2015_08_26_Instance_70191">
    <mentionClass id="CHEBI:25676">oligopeptide</mentionClass>
  </classMention>
  <classMention id="CHEBI_2015_08_26_Instance_70189">
    <mentionClass id="CHEBI_SO_EXT:peptide_or_peptide_region">peptide or peptide region</mentionClass>
  </classMention>
  <classMention id="CHEBI_2015_08_26_Instance_350106">
    <mentionClass id="CHEBI_SO_EXT:oligonucleotide">oligonucleotide</mentionClass>
  </classMention>
  <classMention id="CHEBI_2015_08_26_Instance_70193">
    <mentionClass id="CHEBI_EXT:59132">antigen</mentionClass>
  </classMention>
  <classMention id="CHEBI_2015_08_26_Instance_70201">
    <mentionClass id="CHEBI:63016">nonyl phenoxypolyethoxylethanol</mentionClass>
  </classMention>
  <classMention id="CHEBI_2015_08_26_Instance_70199">
    <mentionClass id="CHEBI_CHMO_EXT:buffer_solution">buffer solution</mentionClass>
  </classMention>
  <classMention id="CHEBI_2015_08_26_Instance_290280">
    <mentionClass id="CHEBI_GO_EXT:peptidase_or_protease_or_proteinase_inhibitor">peptidase/protease/proteinase inhibitor</mentionClass>
  </classMention>
  <classMention id="CHEBI_2015_08_26_Instance_70207">
    <mentionClass id="CHEBI_EXT:polyacrylamide">polyacrylamide</mentionClass>
  </classMention>
  <classMention id="CHEBI_2015_08_26_Instance_70205">
    <mentionClass id="CHEBI_CHMO_EXT:buffer_solution">buffer solution</mentionClass>
  </classMention>
  <classMention id="CHEBI_2015_08_26_Instance_290284">
    <mentionClass id="CHEBI:60004">mixture</mentionClass>
  </classMention>
  <classMention id="CHEBI_2015_08_26_Instance_70211">
    <mentionClass id="CHEBI:63016">nonyl phenoxypolyethoxylethanol</mentionClass>
  </classMention>
  <classMention id="CHEBI_2015_08_26_Instance_290282">
    <mentionClass id="CHEBI_GO_EXT:peptidase_or_protease_or_proteinase_inhibitor">peptidase/protease/proteinase inhibitor</mentionClass>
  </classMention>
  <classMention id="CHEBI_2015_08_26_Instance_70209">
    <mentionClass id="CHEBI_CHMO_EXT:buffer_solution">buffer solution</mentionClass>
  </classMention>
  <classMention id="CHEBI_2015_08_26_backup_Instance_6">
    <mentionClass id="CHEBI_SO_EXT:C_terminus_or_C_terminal_region">C-terminus or C-terminal region</mentionClass>
  </classMention>
  <classMention id="CHEBI_2015_08_26_Instance_10429">
    <mentionClass id="CHEBI:8984">sodium dodecyl sulfate</mentionClass>
  </classMention>
  <classMention id="CHEBI_2015_08_26_Instance_170326">
    <mentionClass id="CHEBI_SO_EXT:base">base</mentionClass>
  </classMention>
  <classMention id="CHEBI_2015_08_26_backup_Instance_62">
    <mentionClass id="CHEBI_SO_EXT:C_terminus_or_C_terminal_region">C-terminus or C-terminal region</mentionClass>
  </classMention>
  <classMention id="CHEBI_2015_08_26_Instance_170330">
    <mentionClass id="CHEBI_SO_EXT:base">base</mentionClass>
  </classMention>
  <classMention id="CHEBI_2015_08_26_Instance_170328">
    <mentionClass id="CHEBI_SO_EXT:base">base</mentionClass>
  </classMention>
  <classMention id="CHEBI_2015_08_26_Instance_42339">
    <mentionClass id="CHEBI_EXT:polyatomic_entity_or_group">polyatomic entity or group</mentionClass>
  </classMention>
  <classMention id="CHEBI_2015_08_26_backup_Instance_8">
    <mentionClass id="CHEBI_SO_EXT:C_terminus_or_C_terminal_region">C-terminus or C-terminal region</mentionClass>
  </classMention>
  <classMention id="CHEBI_2015_08_26_Instance_330632">
    <mentionClass id="CHEBI_PR_EXT:thioredoxin">thioredoxin</mentionClass>
  </classMention>
  <classMention id="CHEBI_2015_08_26_backup_Instance_4">
    <mentionClass id="CHEBI_SO_EXT:C_terminus_or_C_terminal_region">C-terminus or C-terminal region</mentionClass>
  </classMention>
  <classMention id="CHEBI_2015_08_26_Instance_300042">
    <mentionClass id="CHEBI_PR_EXT:protein">protein</mentionClass>
  </classMention>
  <classMention id="CHEBI_2015_08_26_Instance_300046">
    <mentionClass id="CHEBI_PR_EXT:protein">protein</mentionClass>
  </classMention>
  <classMention id="CHEBI_2015_08_26_Instance_300044">
    <mentionClass id="CHEBI_PR_EXT:protein">protein</mentionClass>
  </classMention>
  <classMention id="CHEBI_2015_08_26_Instance_300048">
    <mentionClass id="CHEBI_PR_EXT:protein">protein</mentionClass>
  </classMention>
  <classMention id="CHEBI_2015_08_26_Instance_300052">
    <mentionClass id="CHEBI_PR_EXT:protein">protein</mentionClass>
  </classMention>
  <classMention id="CHEBI_2015_08_26_Instance_300050">
    <mentionClass id="CHEBI_PR_EXT:protein">protein</mentionClass>
  </classMention>
  <classMention id="CHEBI_2015_08_26_Instance_300056">
    <mentionClass id="CHEBI_PR_EXT:protein">protein</mentionClass>
  </classMention>
  <classMention id="CHEBI_2015_08_26_Instance_300054">
    <mentionClass id="CHEBI_PR_EXT:protein">protein</mentionClass>
  </classMention>
  <classMention id="CHEBI_2015_08_26_Instance_300058">
    <mentionClass id="CHEBI_PR_EXT:protein">protein</mentionClass>
  </classMention>
  <classMention id="CHEBI_2015_08_26_backup_Instance_10">
    <mentionClass id="CHEBI_SO_EXT:C_terminus_or_C_terminal_region">C-terminus or C-terminal region</mentionClass>
  </classMention>
  <classMention id="CHEBI_2015_08_26_Instance_300062">
    <mentionClass id="CHEBI_PR_EXT:protein">protein</mentionClass>
  </classMention>
  <classMention id="CHEBI_2015_08_26_backup_Instance_0">
    <mentionClass id="CHEBI_SO_EXT:C_terminus_or_C_terminal_region">C-terminus or C-terminal region</mentionClass>
  </classMention>
  <classMention id="CHEBI_2015_08_26_Instance_300060">
    <mentionClass id="CHEBI_PR_EXT:protein">protein</mentionClass>
  </classMention>
  <classMention id="CHEBI_2015_08_26_Instance_300066">
    <mentionClass id="CHEBI_PR_EXT:protein">protein</mentionClass>
  </classMention>
  <classMention id="CHEBI_2015_08_26_Instance_300064">
    <mentionClass id="CHEBI_PR_EXT:protein">protein</mentionClass>
  </classMention>
  <classMention id="CHEBI_2015_08_26_Instance_300070">
    <mentionClass id="CHEBI_PR_EXT:protein">protein</mentionClass>
  </classMention>
  <classMention id="CHEBI_2015_08_26_Instance_300068">
    <mentionClass id="CHEBI_PR_EXT:protein">protein</mentionClass>
  </classMention>
  <classMention id="CHEBI_2015_08_26_Instance_300074">
    <mentionClass id="CHEBI_PR_EXT:protein">protein</mentionClass>
  </classMention>
  <classMention id="CHEBI_2015_08_26_Instance_70007">
    <mentionClass id="CHEBI_SO_EXT:RNA">RNA</mentionClass>
  </classMention>
  <classMention id="CHEBI_2015_08_26_Instance_300072">
    <mentionClass id="CHEBI_PR_EXT:protein">protein</mentionClass>
  </classMention>
  <classMention id="CHEBI_2015_08_26_Instance_300078">
    <mentionClass id="CHEBI_PR_EXT:protein">protein</mentionClass>
  </classMention>
  <classMention id="CHEBI_2015_08_26_Instance_70012">
    <mentionClass id="CHEBI_SO_EXT:proline">proline</mentionClass>
  </classMention>
  <classMention id="CHEBI_2015_08_26_Instance_300076">
    <mentionClass id="CHEBI_PR_EXT:protein">protein</mentionClass>
  </classMention>
  <classMention id="CHEBI_2015_08_26_Instance_70009">
    <mentionClass id="CHEBI_SO_EXT:RNA">RNA</mentionClass>
  </classMention>
  <classMention id="CHEBI_2015_08_26_Instance_300080">
    <mentionClass id="CHEBI_PR_EXT:protein">protein</mentionClass>
  </classMention>
  <classMention id="CHEBI_2015_08_26_Instance_70020">
    <mentionClass id="CHEBI_SO_EXT:RNA">RNA</mentionClass>
  </classMention>
  <classMention id="CHEBI_2015_08_26_Instance_180080">
    <mentionClass id="CHEBI_EXT:deoxycholate_or_deoxycholic_acid">deoxycholate/deoxycholic acid</mentionClass>
  </classMention>
  <classMention id="CHEBI_2015_08_26_Instance_70018">
    <mentionClass id="CHEBI_SO_EXT:mRNA">mRNA</mentionClass>
  </classMention>
  <classMention id="CHEBI_2015_08_26_Instance_300084">
    <mentionClass id="CHEBI_PR_EXT:protein">protein</mentionClass>
  </classMention>
  <classMention id="CHEBI_2015_08_26_Instance_70027">
    <mentionClass id="CHEBI_EXT:uracil_nucleobase_or_nucleoside_or_nucleotide_molecular_entity_or_group">uracil nucleobase/nucleoside/nucleotide molecular entity or group</mentionClass>
  </classMention>
  <classMention id="CHEBI_2015_08_26_Instance_300082">
    <mentionClass id="CHEBI_PR_EXT:protein">protein</mentionClass>
  </classMention>
  <classMention id="CHEBI_2015_08_26_Instance_70022">
    <mentionClass id="CHEBI_SO_EXT:mRNA">mRNA</mentionClass>
  </classMention>
  <classMention id="CHEBI_2015_08_26_Instance_300088">
    <mentionClass id="CHEBI_PR_EXT:protein">protein</mentionClass>
  </classMention>
  <classMention id="CHEBI_2015_08_26_Instance_70037">
    <mentionClass id="CHEBI_SO_EXT:mRNA">mRNA</mentionClass>
  </classMention>
  <classMention id="CHEBI_2015_08_26_Instance_300086">
    <mentionClass id="CHEBI_PR_EXT:protein">protein</mentionClass>
  </classMention>
  <classMention id="CHEBI_2015_08_26_Instance_70035">
    <mentionClass id="CHEBI_EXT:uracil_nucleobase_or_nucleoside_or_nucleotide_molecular_entity_or_group">uracil nucleobase/nucleoside/nucleotide molecular entity or group</mentionClass>
  </classMention>
  <classMention id="CHEBI_2015_08_26_Instance_300092">
    <mentionClass id="CHEBI_PR_EXT:protein">protein</mentionClass>
  </classMention>
  <classMention id="CHEBI_2015_08_26_Instance_70041">
    <mentionClass id="CHEBI_SO_EXT:proline">proline</mentionClass>
  </classMention>
  <classMention id="CHEBI_2015_08_26_Instance_300090">
    <mentionClass id="CHEBI_PR_EXT:protein">protein</mentionClass>
  </classMention>
  <classMention id="CHEBI_2015_08_26_Instance_70039">
    <mentionClass id="CHEBI_SO_EXT:RNA">RNA</mentionClass>
  </classMention>
  <classMention id="CHEBI_2015_08_26_Instance_300096">
    <mentionClass id="CHEBI_PR_EXT:protein">protein</mentionClass>
  </classMention>
  <classMention id="CHEBI_2015_08_26_Instance_70049">
    <mentionClass id="CHEBI_SO_EXT:mRNA">mRNA</mentionClass>
  </classMention>
  <classMention id="CHEBI_2015_08_26_Instance_300094">
    <mentionClass id="CHEBI_PR_EXT:protein">protein</mentionClass>
  </classMention>
  <classMention id="CHEBI_2015_08_26_Instance_70045">
    <mentionClass id="CHEBI_SO_EXT:RNA">RNA</mentionClass>
  </classMention>
  <classMention id="CHEBI_2015_08_26_Instance_300100">
    <mentionClass id="CHEBI_PR_EXT:protein">protein</mentionClass>
  </classMention>
  <classMention id="CHEBI_2015_08_26_Instance_70053">
    <mentionClass id="CHEBI_SO_EXT:RNA">RNA</mentionClass>
  </classMention>
  <classMention id="CHEBI_2015_08_26_Instance_300098">
    <mentionClass id="CHEBI_PR_EXT:protein">protein</mentionClass>
  </classMention>
  <classMention id="CHEBI_2015_08_26_Instance_300104">
    <mentionClass id="CHEBI_PR_EXT:protein">protein</mentionClass>
  </classMention>
  <classMention id="CHEBI_2015_08_26_Instance_70059">
    <mentionClass id="CHEBI_SO_EXT:amino_acid">amino acid</mentionClass>
  </classMention>
  <classMention id="CHEBI_2015_08_26_Instance_300102">
    <mentionClass id="CHEBI_PR_EXT:protein">protein</mentionClass>
  </classMention>
  <classMention id="CHEBI_2015_08_26_Instance_70057">
    <mentionClass id="CHEBI_SO_EXT:proline">proline</mentionClass>
  </classMention>
  <classMention id="CHEBI_2015_08_26_Instance_300108">
    <mentionClass id="CHEBI_PR_EXT:protein">protein</mentionClass>
  </classMention>
  <classMention id="CHEBI_2015_08_26_backup_Instance_12">
    <mentionClass id="CHEBI_SO_EXT:C_terminus_or_C_terminal_region">C-terminus or C-terminal region</mentionClass>
  </classMention>
  <classMention id="CHEBI_2015_08_26_Instance_70063">
    <mentionClass id="CHEBI_SO_EXT:RNA">RNA</mentionClass>
  </classMention>
  <classMention id="CHEBI_2015_08_26_Instance_300106">
    <mentionClass id="CHEBI_PR_EXT:protein">protein</mentionClass>
  </classMention>
  <classMention id="CHEBI_2015_08_26_Instance_70061">
    <mentionClass id="CHEBI_SO_EXT:proline">proline</mentionClass>
  </classMention>
  <classMention id="CHEBI_2015_08_26_Instance_300112">
    <mentionClass id="CHEBI_PR_EXT:protein">protein</mentionClass>
  </classMention>
  <classMention id="CHEBI_2015_08_26_Instance_70069">
    <mentionClass id="CHEBI_SO_EXT:proline">proline</mentionClass>
  </classMention>
  <classMention id="CHEBI_2015_08_26_Instance_300110">
    <mentionClass id="CHEBI_PR_EXT:protein">protein</mentionClass>
  </classMention>
  <classMention id="CHEBI_2015_08_26_Instance_70065">
    <mentionClass id="CHEBI_SO_EXT:RNA">RNA</mentionClass>
  </classMention>
  <classMention id="CHEBI_2015_08_26_Instance_300116">
    <mentionClass id="CHEBI_PR_EXT:protein">protein</mentionClass>
  </classMention>
  <classMention id="CHEBI_2015_08_26_Instance_70075">
    <mentionClass id="CHEBI_SO_EXT:RNA">RNA</mentionClass>
  </classMention>
  <classMention id="CHEBI_2015_08_26_Instance_300114">
    <mentionClass id="CHEBI_PR_EXT:protein">protein</mentionClass>
  </classMention>
  <classMention id="CHEBI_2015_08_26_Instance_70073">
    <mentionClass id="CHEBI_SO_EXT:amino_acid">amino acid</mentionClass>
  </classMention>
  <classMention id="CHEBI_2015_08_26_Instance_70079">
    <mentionClass id="CHEBI_SO_EXT:mRNA">mRNA</mentionClass>
  </classMention>
  <classMention id="CHEBI_2015_08_26_Instance_90024">
    <mentionClass id="CHEBI_SO_EXT:molecular_probe">molecular probe</mentionClass>
  </classMention>
  <classMention id="CHEBI_2015_08_26_Instance_300118">
    <mentionClass id="CHEBI_PR_EXT:protein">protein</mentionClass>
  </classMention>
  <classMention id="CHEBI_2015_08_26_Instance_70077">
    <mentionClass id="CHEBI_SO_EXT:nucleotide">nucleotide</mentionClass>
  </classMention>
  <classMention id="CHEBI_2015_08_26_Instance_300122">
    <mentionClass id="CHEBI_PR_EXT:protein">protein</mentionClass>
  </classMention>
  <classMention id="CHEBI_2015_08_26_Instance_70083">
    <mentionClass id="CHEBI_SO_EXT:RNA">RNA</mentionClass>
  </classMention>
  <classMention id="CHEBI_2015_08_26_Instance_90028">
    <mentionClass id="CHEBI_SO_EXT:molecular_probe">molecular probe</mentionClass>
  </classMention>
  <classMention id="CHEBI_2015_08_26_Instance_300120">
    <mentionClass id="CHEBI_PR_EXT:protein">protein</mentionClass>
  </classMention>
  <classMention id="CHEBI_2015_08_26_Instance_25349">
    <mentionClass id="CHEBI_EXT:35222">inhibitor</mentionClass>
  </classMention>
  <classMention id="CHEBI_2015_08_26_Instance_70081">
    <mentionClass id="CHEBI_SO_EXT:mRNA">mRNA</mentionClass>
  </classMention>
  <classMention id="CHEBI_2015_08_26_Instance_90026">
    <mentionClass id="CHEBI_SO_EXT:molecular_probe">molecular probe</mentionClass>
  </classMention>
  <classMention id="CHEBI_2015_08_26_Instance_250154">
    <mentionClass id="CHEBI_EXT:cytosine_nucleobase_or_nucleoside_or_nucleotide_molecular_entity_or_group">cytosine nucleobase/nucleoside/nucleotide molecular entity or group</mentionClass>
  </classMention>
  <classMention id="CHEBI_2015_08_26_Instance_70087">
    <mentionClass id="CHEBI_SO_EXT:DNA">DNA</mentionClass>
  </classMention>
  <classMention id="CHEBI_2015_08_26_Instance_90032">
    <mentionClass id="CHEBI_SO_EXT:molecular_probe">molecular probe</mentionClass>
  </classMention>
  <classMention id="CHEBI_2015_08_26_Instance_300124">
    <mentionClass id="CHEBI_PR_EXT:protein">protein</mentionClass>
  </classMention>
  <classMention id="CHEBI_2015_08_26_Instance_250152">
    <mentionClass id="CHEBI_EXT:guanine_nucleobase_or_nucleoside_or_nucleotide_molecular_entity_or_group">guanine nucleobase/nucleoside/nucleotide molecular entity or group</mentionClass>
  </classMention>
  <classMention id="CHEBI_2015_08_26_Instance_70085">
    <mentionClass id="CHEBI_SO_EXT:DNA">DNA</mentionClass>
  </classMention>
  <classMention id="CHEBI_2015_08_26_Instance_90030">
    <mentionClass id="CHEBI_SO_EXT:molecular_probe">molecular probe</mentionClass>
  </classMention>
  <classMention id="CHEBI_2015_08_26_Instance_70093">
    <mentionClass id="CHEBI:25676">oligopeptide</mentionClass>
  </classMention>
  <classMention id="CHEBI_2015_08_26_Instance_250156">
    <mentionClass id="CHEBI_EXT:residue">residue</mentionClass>
  </classMention>
  <classMention id="CHEBI_2015_08_26_Instance_70091">
    <mentionClass id="CHEBI_SO_EXT:proline">proline</mentionClass>
  </classMention>
  <classMention id="CHEBI_2015_08_26_Instance_70100">
    <mentionClass id="CHEBI_SO_EXT:RNA">RNA</mentionClass>
  </classMention>
  <classMention id="CHEBI_2015_08_26_Instance_70098">
    <mentionClass id="CHEBI_EXT:polyacrylamide">polyacrylamide</mentionClass>
  </classMention>
  <classMention id="CHEBI_2015_08_26_Instance_70104">
    <mentionClass id="CHEBI_SO_EXT:mRNA">mRNA</mentionClass>
  </classMention>
  <classMention id="CHEBI_2015_08_26_Instance_70102">
    <mentionClass id="CHEBI_SO_EXT:RNA">RNA</mentionClass>
  </classMention>
  <classMention id="CHEBI_2015_08_26_Instance_70108">
    <mentionClass id="CHEBI_SO_EXT:mRNA">mRNA</mentionClass>
  </classMention>
  <classMention id="CHEBI_2015_08_26_Instance_70106">
    <mentionClass id="CHEBI_SO_EXT:mRNA">mRNA</mentionClass>
  </classMention>
  <classMention id="CHEBI_2015_08_26_Instance_70112">
    <mentionClass id="CHEBI_SO_EXT:RNA">RNA</mentionClass>
  </classMention>
  <classMention id="CHEBI_2015_08_26_Instance_70110">
    <mentionClass id="CHEBI_SO_EXT:RNA">RNA</mentionClass>
  </classMention>
  <classMention id="CHEBI_2015_08_26_Instance_70116">
    <mentionClass id="CHEBI_SO_EXT:RNA">RNA</mentionClass>
  </classMention>
  <classMention id="CHEBI_2015_08_26_Instance_331558">
    <mentionClass id="CHEBI_SO_EXT:amino_acid">amino acid</mentionClass>
  </classMention>
  <classMention id="CHEBI_2015_08_26_Instance_70114">
    <mentionClass id="CHEBI_SO_EXT:mRNA">mRNA</mentionClass>
  </classMention>
  <classMention id="CHEBI_2015_08_26_Instance_70120">
    <mentionClass id="CHEBI_SO_EXT:mRNA">mRNA</mentionClass>
  </classMention>
  <classMention id="CHEBI_2015_08_26_Instance_22433">
    <mentionClass id="CHEBI:17992">sucrose</mentionClass>
  </classMention>
  <classMention id="CHEBI_2015_08_26_Instance_70118">
    <mentionClass id="CHEBI_SO_EXT:RNA">RNA</mentionClass>
  </classMention>
  <classMention id="CHEBI_2015_08_26_Instance_70125">
    <mentionClass id="CHEBI_SO_EXT:RNA">RNA</mentionClass>
  </classMention>
  <classMention id="CHEBI_2015_08_26_Instance_70123">
    <mentionClass id="CHEBI_SO_EXT:glycine">glycine</mentionClass>
  </classMention>
  <classMention id="CHEBI_2015_08_26_Instance_22449">
    <mentionClass id="CHEBI:17992">sucrose</mentionClass>
  </classMention>
  <classMention id="CHEBI_2015_08_26_Instance_70132">
    <mentionClass id="CHEBI_EXT:pyrimidine">pyrimidine</mentionClass>
  </classMention>
  <classMention id="CHEBI_2015_08_26_Instance_70127">
    <mentionClass id="CHEBI_SO_EXT:RNA">RNA</mentionClass>
  </classMention>
  <classMention id="CHEBI_2015_08_26_Instance_22455">
    <mentionClass id="CHEBI:26710">sodium chloride</mentionClass>
  </classMention>
  <classMention id="CHEBI_2015_08_26_Instance_70137">
    <mentionClass id="CHEBI_EXT:homopolymer">homopolymer</mentionClass>
  </classMention>
  <classMention id="CHEBI_2015_08_26_Instance_22451">
    <mentionClass id="CHEBI:17992">sucrose</mentionClass>
  </classMention>
  <classMention id="CHEBI_2015_08_26_Instance_160002">
    <mentionClass id="CHEBI_GO_EXT:biological_process_or_quality_or_role">biological process, quality or role</mentionClass>
  </classMention>
  <classMention id="CHEBI_2015_08_26_Instance_70135">
    <mentionClass id="CHEBI_EXT:homopolymer">homopolymer</mentionClass>
  </classMention>
  <classMention id="CHEBI_2015_08_26_Instance_22459">
    <mentionClass id="CHEBI:9754">tris</mentionClass>
  </classMention>
  <classMention id="CHEBI_2015_08_26_Instance_70141">
    <mentionClass id="CHEBI_EXT:guanine_nucleobase_or_nucleoside_or_nucleotide_molecular_entity_or_group">guanine nucleobase/nucleoside/nucleotide molecular entity or group</mentionClass>
  </classMention>
  <classMention id="CHEBI_2015_08_26_Instance_22457">
    <mentionClass id="CHEBI:8984">sodium dodecyl sulfate</mentionClass>
  </classMention>
  <classMention id="CHEBI_2015_08_26_Instance_70139">
    <mentionClass id="CHEBI_EXT:uracil_nucleobase_or_nucleoside_or_nucleotide_molecular_entity_or_group">uracil nucleobase/nucleoside/nucleotide molecular entity or group</mentionClass>
  </classMention>
  <classMention id="CHEBI_2015_08_26_Instance_22463">
    <mentionClass id="CHEBI:9754">tris</mentionClass>
  </classMention>
  <classMention id="CHEBI_2015_08_26_Instance_250202">
    <mentionClass id="CHEBI_SO_EXT:amino_acid">amino acid</mentionClass>
  </classMention>
  <classMention id="CHEBI_2015_08_26_Instance_70145">
    <mentionClass id="CHEBI_SO_EXT:mRNA">mRNA</mentionClass>
  </classMention>
  <classMention id="CHEBI_2015_08_26_Instance_22461">
    <mentionClass id="CHEBI:8984">sodium dodecyl sulfate</mentionClass>
  </classMention>
  <classMention id="CHEBI_2015_08_26_Instance_70143">
    <mentionClass id="CHEBI_SO_EXT:nucleotide">nucleotide</mentionClass>
  </classMention>
  <classMention id="CHEBI_2015_08_26_Instance_22467">
    <mentionClass id="CHEBI:6636">magnesium dichloride</mentionClass>
  </classMention>
  <classMention id="CHEBI_2015_08_26_Instance_250206">
    <mentionClass id="CHEBI_SO_EXT:amino_acid">amino acid</mentionClass>
  </classMention>
  <classMention id="CHEBI_2015_08_26_Instance_70149">
    <mentionClass id="CHEBI_SO_EXT:proline">proline</mentionClass>
  </classMention>
  <classMention id="CHEBI_2015_08_26_Instance_22465">
    <mentionClass id="CHEBI:32588">potassium chloride</mentionClass>
  </classMention>
  <classMention id="CHEBI_2015_08_26_Instance_250204">
    <mentionClass id="CHEBI_EXT:residue">residue</mentionClass>
  </classMention>
  <classMention id="CHEBI_2015_08_26_Instance_70147">
    <mentionClass id="CHEBI_SO_EXT:mRNA">mRNA</mentionClass>
  </classMention>
  <classMention id="CHEBI_2015_08_26_Instance_22475">
    <mentionClass id="CHEBI:9754">tris</mentionClass>
  </classMention>
  <classMention id="CHEBI_2015_08_26_Instance_250210">
    <mentionClass id="CHEBI_SO_EXT:amino_acid">amino acid</mentionClass>
  </classMention>
  <classMention id="CHEBI_2015_08_26_Instance_70153">
    <mentionClass id="CHEBI_SO_EXT:RNA">RNA</mentionClass>
  </classMention>
  <classMention id="CHEBI_2015_08_26_Instance_22473">
    <mentionClass id="CHEBI:17992">sucrose</mentionClass>
  </classMention>
  <classMention id="CHEBI_2015_08_26_Instance_250208">
    <mentionClass id="CHEBI_EXT:residue">residue</mentionClass>
  </classMention>
  <classMention id="CHEBI_2015_08_26_Instance_70151">
    <mentionClass id="CHEBI_SO_EXT:mRNA">mRNA</mentionClass>
  </classMention>
  <classMention id="CHEBI_2015_08_26_Instance_22479">
    <mentionClass id="CHEBI:6636">magnesium dichloride</mentionClass>
  </classMention>
  <classMention id="CHEBI_2015_08_26_Instance_70157">
    <mentionClass id="CHEBI_SO_EXT:nucleotide">nucleotide</mentionClass>
  </classMention>
  <classMention id="CHEBI_2015_08_26_Instance_22477">
    <mentionClass id="CHEBI:32588">potassium chloride</mentionClass>
  </classMention>
  <classMention id="CHEBI_2015_08_26_Instance_250212">
    <mentionClass id="CHEBI_EXT:residue">residue</mentionClass>
  </classMention>
  <classMention id="CHEBI_2015_08_26_Instance_70155">
    <mentionClass id="CHEBI_SO_EXT:RNA">RNA</mentionClass>
  </classMention>
  <classMention id="CHEBI_2015_08_26_Instance_70161">
    <mentionClass id="CHEBI_SO_EXT:RNA">RNA</mentionClass>
  </classMention>
  <classMention id="CHEBI_2015_08_26_Instance_70159">
    <mentionClass id="CHEBI_SO_EXT:RNA">RNA</mentionClass>
  </classMention>
  <classMention id="CHEBI_2015_08_26_backup_Instance_2">
    <mentionClass id="CHEBI_SO_EXT:C_terminus_or_C_terminal_region">C-terminus or C-terminal region</mentionClass>
  </classMention>
  <classMention id="CHEBI_2015_08_26_Instance_70165">
    <mentionClass id="CHEBI_SO_EXT:RNA">RNA</mentionClass>
  </classMention>
  <classMention id="CHEBI_2015_08_26_Instance_70163">
    <mentionClass id="CHEBI_SO_EXT:mRNA">mRNA</mentionClass>
  </classMention>
</annotations>

