<?xml version="1.0" encoding="UTF-8"?>
<annotations textSource="15320950.txt">
  <annotation>
    <mention id="CHEBI_2015_08_26_Instance_13927" />
    <annotator id="CHEBI_2015_08_26_Instance_10000">Mike Bada, University of Colorado Anschutz Medical Campus</annotator>
    <span start="9012" end="9021" />
    <spannedText>molecules</spannedText>
  </annotation>
  <annotation>
    <mention id="CHEBI_2015_08_26_Instance_13929" />
    <annotator id="CHEBI_2015_08_26_Instance_10000">Mike Bada, University of Colorado Anschutz Medical Campus</annotator>
    <span start="9104" end="9113" />
    <spannedText>molecules</spannedText>
  </annotation>
  <annotation>
    <mention id="CHEBI_2015_08_26_Instance_13931" />
    <annotator id="CHEBI_2015_08_26_Instance_10000">Mike Bada, University of Colorado Anschutz Medical Campus</annotator>
    <span start="9200" end="9209" />
    <spannedText>molecules</spannedText>
  </annotation>
  <annotation>
    <mention id="CHEBI_2015_08_26_Instance_13933" />
    <annotator id="CHEBI_2015_08_26_Instance_10000">Mike Bada, University of Colorado Anschutz Medical Campus</annotator>
    <span start="9477" end="9486" />
    <spannedText>molecules</spannedText>
  </annotation>
  <annotation>
    <mention id="CHEBI_2015_08_26_Instance_17499" />
    <annotator id="CHEBI_2015_08_26_Instance_10000">Mike Bada, University of Colorado Anschutz Medical Campus</annotator>
    <span start="1337" end="1339" />
    <spannedText>K+</spannedText>
  </annotation>
  <annotation>
    <mention id="CHEBI_2015_08_26_Instance_17501" />
    <annotator id="CHEBI_2015_08_26_Instance_10000">Mike Bada, University of Colorado Anschutz Medical Campus</annotator>
    <span start="1603" end="1605" />
    <spannedText>K+</spannedText>
  </annotation>
  <annotation>
    <mention id="CHEBI_2015_08_26_Instance_17503" />
    <annotator id="CHEBI_2015_08_26_Instance_10000">Mike Bada, University of Colorado Anschutz Medical Campus</annotator>
    <span start="1669" end="1671" />
    <spannedText>K+</spannedText>
  </annotation>
  <annotation>
    <mention id="CHEBI_2015_08_26_Instance_17505" />
    <annotator id="CHEBI_2015_08_26_Instance_10000">Mike Bada, University of Colorado Anschutz Medical Campus</annotator>
    <span start="1710" end="1712" />
    <spannedText>K+</spannedText>
  </annotation>
  <annotation>
    <mention id="CHEBI_2015_08_26_Instance_17507" />
    <annotator id="CHEBI_2015_08_26_Instance_10000">Mike Bada, University of Colorado Anschutz Medical Campus</annotator>
    <span start="1747" end="1749" />
    <spannedText>K+</spannedText>
  </annotation>
  <annotation>
    <mention id="CHEBI_2015_08_26_Instance_17509" />
    <annotator id="CHEBI_2015_08_26_Instance_10000">Mike Bada, University of Colorado Anschutz Medical Campus</annotator>
    <span start="4319" end="4321" />
    <spannedText>K+</spannedText>
  </annotation>
  <annotation>
    <mention id="CHEBI_2015_08_26_Instance_17511" />
    <annotator id="CHEBI_2015_08_26_Instance_10000">Mike Bada, University of Colorado Anschutz Medical Campus</annotator>
    <span start="5000" end="5002" />
    <spannedText>K+</spannedText>
  </annotation>
  <annotation>
    <mention id="CHEBI_2015_08_26_Instance_17513" />
    <annotator id="CHEBI_2015_08_26_Instance_10000">Mike Bada, University of Colorado Anschutz Medical Campus</annotator>
    <span start="5075" end="5077" />
    <spannedText>K+</spannedText>
  </annotation>
  <annotation>
    <mention id="CHEBI_2015_08_26_Instance_17515" />
    <annotator id="CHEBI_2015_08_26_Instance_10000">Mike Bada, University of Colorado Anschutz Medical Campus</annotator>
    <span start="8273" end="8275" />
    <spannedText>K+</spannedText>
  </annotation>
  <annotation>
    <mention id="CHEBI_2015_08_26_Instance_17517" />
    <annotator id="CHEBI_2015_08_26_Instance_10000">Mike Bada, University of Colorado Anschutz Medical Campus</annotator>
    <span start="10673" end="10675" />
    <spannedText>K+</spannedText>
  </annotation>
  <annotation>
    <mention id="CHEBI_2015_08_26_Instance_17519" />
    <annotator id="CHEBI_2015_08_26_Instance_10000">Mike Bada, University of Colorado Anschutz Medical Campus</annotator>
    <span start="10939" end="10941" />
    <spannedText>K+</spannedText>
  </annotation>
  <annotation>
    <mention id="CHEBI_2015_08_26_Instance_17521" />
    <annotator id="CHEBI_2015_08_26_Instance_10000">Mike Bada, University of Colorado Anschutz Medical Campus</annotator>
    <span start="11012" end="11014" />
    <spannedText>K+</spannedText>
  </annotation>
  <annotation>
    <mention id="CHEBI_2015_08_26_Instance_17523" />
    <annotator id="CHEBI_2015_08_26_Instance_10000">Mike Bada, University of Colorado Anschutz Medical Campus</annotator>
    <span start="11078" end="11080" />
    <spannedText>K+</spannedText>
  </annotation>
  <annotation>
    <mention id="CHEBI_2015_08_26_Instance_17525" />
    <annotator id="CHEBI_2015_08_26_Instance_10000">Mike Bada, University of Colorado Anschutz Medical Campus</annotator>
    <span start="11288" end="11290" />
    <spannedText>K+</spannedText>
  </annotation>
  <annotation>
    <mention id="CHEBI_2015_08_26_Instance_17527" />
    <annotator id="CHEBI_2015_08_26_Instance_10000">Mike Bada, University of Colorado Anschutz Medical Campus</annotator>
    <span start="11491" end="11493" />
    <spannedText>K+</spannedText>
  </annotation>
  <annotation>
    <mention id="CHEBI_2015_08_26_Instance_17529" />
    <annotator id="CHEBI_2015_08_26_Instance_10000">Mike Bada, University of Colorado Anschutz Medical Campus</annotator>
    <span start="14068" end="14070" />
    <spannedText>K+</spannedText>
  </annotation>
  <annotation>
    <mention id="CHEBI_2015_08_26_Instance_17531" />
    <annotator id="CHEBI_2015_08_26_Instance_10000">Mike Bada, University of Colorado Anschutz Medical Campus</annotator>
    <span start="15795" end="15797" />
    <spannedText>K+</spannedText>
  </annotation>
  <annotation>
    <mention id="CHEBI_2015_08_26_Instance_17533" />
    <annotator id="CHEBI_2015_08_26_Instance_10000">Mike Bada, University of Colorado Anschutz Medical Campus</annotator>
    <span start="16159" end="16161" />
    <spannedText>K+</spannedText>
  </annotation>
  <annotation>
    <mention id="CHEBI_2015_08_26_Instance_17535" />
    <annotator id="CHEBI_2015_08_26_Instance_10000">Mike Bada, University of Colorado Anschutz Medical Campus</annotator>
    <span start="16315" end="16317" />
    <spannedText>K+</spannedText>
  </annotation>
  <annotation>
    <mention id="CHEBI_2015_08_26_Instance_17537" />
    <annotator id="CHEBI_2015_08_26_Instance_10000">Mike Bada, University of Colorado Anschutz Medical Campus</annotator>
    <span start="16488" end="16490" />
    <spannedText>K+</spannedText>
  </annotation>
  <annotation>
    <mention id="CHEBI_2015_08_26_Instance_17539" />
    <annotator id="CHEBI_2015_08_26_Instance_10000">Mike Bada, University of Colorado Anschutz Medical Campus</annotator>
    <span start="16881" end="16883" />
    <spannedText>K+</spannedText>
  </annotation>
  <annotation>
    <mention id="CHEBI_2015_08_26_Instance_17541" />
    <annotator id="CHEBI_2015_08_26_Instance_10000">Mike Bada, University of Colorado Anschutz Medical Campus</annotator>
    <span start="17001" end="17003" />
    <spannedText>K+</spannedText>
  </annotation>
  <annotation>
    <mention id="CHEBI_2015_08_26_Instance_17543" />
    <annotator id="CHEBI_2015_08_26_Instance_10000">Mike Bada, University of Colorado Anschutz Medical Campus</annotator>
    <span start="17711" end="17713" />
    <spannedText>K+</spannedText>
  </annotation>
  <annotation>
    <mention id="CHEBI_2015_08_26_Instance_17545" />
    <annotator id="CHEBI_2015_08_26_Instance_10000">Mike Bada, University of Colorado Anschutz Medical Campus</annotator>
    <span start="17928" end="17930" />
    <spannedText>K+</spannedText>
  </annotation>
  <annotation>
    <mention id="CHEBI_2015_08_26_Instance_17547" />
    <annotator id="CHEBI_2015_08_26_Instance_10000">Mike Bada, University of Colorado Anschutz Medical Campus</annotator>
    <span start="17986" end="17988" />
    <spannedText>K+</spannedText>
  </annotation>
  <annotation>
    <mention id="CHEBI_2015_08_26_Instance_17549" />
    <annotator id="CHEBI_2015_08_26_Instance_10000">Mike Bada, University of Colorado Anschutz Medical Campus</annotator>
    <span start="18030" end="18032" />
    <spannedText>K+</spannedText>
  </annotation>
  <annotation>
    <mention id="CHEBI_2015_08_26_Instance_17551" />
    <annotator id="CHEBI_2015_08_26_Instance_10000">Mike Bada, University of Colorado Anschutz Medical Campus</annotator>
    <span start="21740" end="21742" />
    <spannedText>K+</spannedText>
  </annotation>
  <annotation>
    <mention id="CHEBI_2015_08_26_Instance_17553" />
    <annotator id="CHEBI_2015_08_26_Instance_10000">Mike Bada, University of Colorado Anschutz Medical Campus</annotator>
    <span start="27551" end="27553" />
    <spannedText>K+</spannedText>
  </annotation>
  <annotation>
    <mention id="CHEBI_2015_08_26_Instance_17555" />
    <annotator id="CHEBI_2015_08_26_Instance_10000">Mike Bada, University of Colorado Anschutz Medical Campus</annotator>
    <span start="27651" end="27653" />
    <spannedText>K+</spannedText>
  </annotation>
  <annotation>
    <mention id="CHEBI_2015_08_26_Instance_17557" />
    <annotator id="CHEBI_2015_08_26_Instance_10000">Mike Bada, University of Colorado Anschutz Medical Campus</annotator>
    <span start="27714" end="27716" />
    <spannedText>K+</spannedText>
  </annotation>
  <annotation>
    <mention id="CHEBI_2015_08_26_Instance_17559" />
    <annotator id="CHEBI_2015_08_26_Instance_10000">Mike Bada, University of Colorado Anschutz Medical Campus</annotator>
    <span start="27763" end="27765" />
    <spannedText>K+</spannedText>
  </annotation>
  <annotation>
    <mention id="CHEBI_2015_08_26_Instance_17561" />
    <annotator id="CHEBI_2015_08_26_Instance_10000">Mike Bada, University of Colorado Anschutz Medical Campus</annotator>
    <span start="27919" end="27921" />
    <spannedText>K+</spannedText>
  </annotation>
  <annotation>
    <mention id="CHEBI_2015_08_26_Instance_17563" />
    <annotator id="CHEBI_2015_08_26_Instance_10000">Mike Bada, University of Colorado Anschutz Medical Campus</annotator>
    <span start="28030" end="28032" />
    <spannedText>K+</spannedText>
  </annotation>
  <annotation>
    <mention id="CHEBI_2015_08_26_Instance_17565" />
    <annotator id="CHEBI_2015_08_26_Instance_10000">Mike Bada, University of Colorado Anschutz Medical Campus</annotator>
    <span start="28269" end="28271" />
    <spannedText>K+</spannedText>
  </annotation>
  <annotation>
    <mention id="CHEBI_2015_08_26_Instance_17567" />
    <annotator id="CHEBI_2015_08_26_Instance_10000">Mike Bada, University of Colorado Anschutz Medical Campus</annotator>
    <span start="28348" end="28350" />
    <spannedText>K+</spannedText>
  </annotation>
  <annotation>
    <mention id="CHEBI_2015_08_26_Instance_17569" />
    <annotator id="CHEBI_2015_08_26_Instance_10000">Mike Bada, University of Colorado Anschutz Medical Campus</annotator>
    <span start="28365" end="28367" />
    <spannedText>K+</spannedText>
  </annotation>
  <annotation>
    <mention id="CHEBI_2015_08_26_Instance_17571" />
    <annotator id="CHEBI_2015_08_26_Instance_10000">Mike Bada, University of Colorado Anschutz Medical Campus</annotator>
    <span start="28468" end="28470" />
    <spannedText>K+</spannedText>
  </annotation>
  <annotation>
    <mention id="CHEBI_2015_08_26_Instance_17573" />
    <annotator id="CHEBI_2015_08_26_Instance_10000">Mike Bada, University of Colorado Anschutz Medical Campus</annotator>
    <span start="28757" end="28759" />
    <spannedText>K+</spannedText>
  </annotation>
  <annotation>
    <mention id="CHEBI_2015_08_26_Instance_17575" />
    <annotator id="CHEBI_2015_08_26_Instance_10000">Mike Bada, University of Colorado Anschutz Medical Campus</annotator>
    <span start="28849" end="28851" />
    <spannedText>K+</spannedText>
  </annotation>
  <annotation>
    <mention id="CHEBI_2015_08_26_Instance_17577" />
    <annotator id="CHEBI_2015_08_26_Instance_10000">Mike Bada, University of Colorado Anschutz Medical Campus</annotator>
    <span start="29435" end="29437" />
    <spannedText>K+</spannedText>
  </annotation>
  <annotation>
    <mention id="CHEBI_2015_08_26_Instance_17579" />
    <annotator id="CHEBI_2015_08_26_Instance_10000">Mike Bada, University of Colorado Anschutz Medical Campus</annotator>
    <span start="29514" end="29516" />
    <spannedText>K+</spannedText>
  </annotation>
  <annotation>
    <mention id="CHEBI_2015_08_26_Instance_17581" />
    <annotator id="CHEBI_2015_08_26_Instance_10000">Mike Bada, University of Colorado Anschutz Medical Campus</annotator>
    <span start="29895" end="29897" />
    <spannedText>K+</spannedText>
  </annotation>
  <annotation>
    <mention id="CHEBI_2015_08_26_Instance_17583" />
    <annotator id="CHEBI_2015_08_26_Instance_10000">Mike Bada, University of Colorado Anschutz Medical Campus</annotator>
    <span start="31352" end="31354" />
    <spannedText>K+</spannedText>
  </annotation>
  <annotation>
    <mention id="CHEBI_2015_08_26_Instance_17585" />
    <annotator id="CHEBI_2015_08_26_Instance_10000">Mike Bada, University of Colorado Anschutz Medical Campus</annotator>
    <span start="31512" end="31514" />
    <spannedText>K+</spannedText>
  </annotation>
  <annotation>
    <mention id="CHEBI_2015_08_26_Instance_17587" />
    <annotator id="CHEBI_2015_08_26_Instance_10000">Mike Bada, University of Colorado Anschutz Medical Campus</annotator>
    <span start="32449" end="32451" />
    <spannedText>K+</spannedText>
  </annotation>
  <annotation>
    <mention id="CHEBI_2015_08_26_Instance_17589" />
    <annotator id="CHEBI_2015_08_26_Instance_10000">Mike Bada, University of Colorado Anschutz Medical Campus</annotator>
    <span start="655" end="657" />
    <spannedText>K+</spannedText>
  </annotation>
  <annotation>
    <mention id="CHEBI_2015_08_26_Instance_17591" />
    <annotator id="CHEBI_2015_08_26_Instance_10000">Mike Bada, University of Colorado Anschutz Medical Campus</annotator>
    <span start="1738" end="1741" />
    <spannedText>Na+</spannedText>
  </annotation>
  <annotation>
    <mention id="CHEBI_2015_08_26_Instance_17593" />
    <annotator id="CHEBI_2015_08_26_Instance_10000">Mike Bada, University of Colorado Anschutz Medical Campus</annotator>
    <span start="11019" end="11022" />
    <spannedText>Na+</spannedText>
  </annotation>
  <annotation>
    <mention id="CHEBI_2015_08_26_Instance_17595" />
    <annotator id="CHEBI_2015_08_26_Instance_10000">Mike Bada, University of Colorado Anschutz Medical Campus</annotator>
    <span start="11096" end="11099" />
    <spannedText>Na+</spannedText>
  </annotation>
  <annotation>
    <mention id="CHEBI_2015_08_26_Instance_17597" />
    <annotator id="CHEBI_2015_08_26_Instance_10000">Mike Bada, University of Colorado Anschutz Medical Campus</annotator>
    <span start="11299" end="11302" />
    <spannedText>Na+</spannedText>
  </annotation>
  <annotation>
    <mention id="CHEBI_2015_08_26_Instance_17599" />
    <annotator id="CHEBI_2015_08_26_Instance_10000">Mike Bada, University of Colorado Anschutz Medical Campus</annotator>
    <span start="11369" end="11372" />
    <spannedText>Na+</spannedText>
  </annotation>
  <annotation>
    <mention id="CHEBI_2015_08_26_Instance_17601" />
    <annotator id="CHEBI_2015_08_26_Instance_10000">Mike Bada, University of Colorado Anschutz Medical Campus</annotator>
    <span start="11377" end="11380" />
    <spannedText>Na+</spannedText>
  </annotation>
  <annotation>
    <mention id="CHEBI_2015_08_26_Instance_17603" />
    <annotator id="CHEBI_2015_08_26_Instance_10000">Mike Bada, University of Colorado Anschutz Medical Campus</annotator>
    <span start="28459" end="28462" />
    <spannedText>Na+</spannedText>
  </annotation>
  <annotation>
    <mention id="CHEBI_2015_08_26_Instance_17605" />
    <annotator id="CHEBI_2015_08_26_Instance_10000">Mike Bada, University of Colorado Anschutz Medical Campus</annotator>
    <span start="28840" end="28843" />
    <spannedText>Na+</spannedText>
  </annotation>
  <annotation>
    <mention id="CHEBI_2015_08_26_Instance_17607" />
    <annotator id="CHEBI_2015_08_26_Instance_10000">Mike Bada, University of Colorado Anschutz Medical Campus</annotator>
    <span start="2508" end="2514" />
    <spannedText>iodide</spannedText>
  </annotation>
  <annotation>
    <mention id="CHEBI_2015_08_26_Instance_17609" />
    <annotator id="CHEBI_2015_08_26_Instance_10000">Mike Bada, University of Colorado Anschutz Medical Campus</annotator>
    <span start="2573" end="2579" />
    <spannedText>iodide</spannedText>
  </annotation>
  <annotation>
    <mention id="CHEBI_2015_08_26_Instance_17611" />
    <annotator id="CHEBI_2015_08_26_Instance_10000">Mike Bada, University of Colorado Anschutz Medical Campus</annotator>
    <span start="2667" end="2678" />
    <spannedText>perchlorate</spannedText>
  </annotation>
  <annotation>
    <mention id="CHEBI_2015_08_26_Instance_17613" />
    <annotator id="CHEBI_2015_08_26_Instance_10000">Mike Bada, University of Colorado Anschutz Medical Campus</annotator>
    <span start="2816" end="2821" />
    <spannedText>anion</spannedText>
  </annotation>
  <annotation>
    <mention id="CHEBI_2015_08_26_Instance_17615" />
    <annotator id="CHEBI_2015_08_26_Instance_10000">Mike Bada, University of Colorado Anschutz Medical Campus</annotator>
    <span start="2851" end="2854" />
    <spannedText>Cl-</spannedText>
  </annotation>
  <annotation>
    <mention id="CHEBI_2015_08_26_Instance_17617" />
    <annotator id="CHEBI_2015_08_26_Instance_10000">Mike Bada, University of Colorado Anschutz Medical Campus</annotator>
    <span start="2856" end="2858" />
    <spannedText>I-</spannedText>
  </annotation>
  <annotation>
    <mention id="CHEBI_2015_08_26_Instance_17619" />
    <annotator id="CHEBI_2015_08_26_Instance_10000">Mike Bada, University of Colorado Anschutz Medical Campus</annotator>
    <span start="2871" end="2878" />
    <spannedText>formate</spannedText>
  </annotation>
  <annotation>
    <mention id="CHEBI_2015_08_26_Instance_17625" />
    <annotator id="CHEBI_2015_08_26_Instance_10000">Mike Bada, University of Colorado Anschutz Medical Campus</annotator>
    <span start="5441" end="5444" />
    <spannedText>Cl-</spannedText>
  </annotation>
  <annotation>
    <mention id="CHEBI_2015_08_26_Instance_17635" />
    <annotator id="CHEBI_2015_08_26_Instance_10000">Mike Bada, University of Colorado Anschutz Medical Campus</annotator>
    <span start="5639" end="5646" />
    <spannedText>sucrose</spannedText>
  </annotation>
  <annotation>
    <mention id="CHEBI_2015_08_26_Instance_17637" />
    <annotator id="CHEBI_2015_08_26_Instance_10000">Mike Bada, University of Colorado Anschutz Medical Campus</annotator>
    <span start="5677" end="5696" />
    <spannedText>polyethylene glycol</spannedText>
  </annotation>
  <annotation>
    <mention id="CHEBI_2015_08_26_Instance_17639" />
    <annotator id="CHEBI_2015_08_26_Instance_10000">Mike Bada, University of Colorado Anschutz Medical Campus</annotator>
    <span start="6622" end="6632" />
    <spannedText>phalloidin</spannedText>
  </annotation>
  <annotation>
    <mention id="CHEBI_2015_08_26_Instance_17645" />
    <annotator id="CHEBI_2015_08_26_Instance_10000">Mike Bada, University of Colorado Anschutz Medical Campus</annotator>
    <span start="7161" end="7163" />
    <spannedText>N2</spannedText>
  </annotation>
  <annotation>
    <mention id="CHEBI_2015_08_26_Instance_17647" />
    <annotator id="CHEBI_2015_08_26_Instance_10000">Mike Bada, University of Colorado Anschutz Medical Campus</annotator>
    <span start="8909" end="8916" />
    <spannedText>agarose</spannedText>
  </annotation>
  <annotation>
    <mention id="CHEBI_2015_08_26_Instance_17653" />
    <annotator id="CHEBI_2015_08_26_Instance_10000">Mike Bada, University of Colorado Anschutz Medical Campus</annotator>
    <span start="10595" end="10606" />
    <spannedText>sodium salt</spannedText>
  </annotation>
  <annotation>
    <mention id="CHEBI_2015_08_26_Instance_17655" />
    <annotator id="CHEBI_2015_08_26_Instance_10000">Mike Bada, University of Colorado Anschutz Medical Campus</annotator>
    <span start="11004" end="11010" />
    <spannedText>cation</spannedText>
  </annotation>
  <annotation>
    <mention id="CHEBI_2015_08_26_Instance_17657" />
    <annotator id="CHEBI_2015_08_26_Instance_10000">Mike Bada, University of Colorado Anschutz Medical Campus</annotator>
    <span start="12656" end="12662" />
    <spannedText>HCO3 -</spannedText>
  </annotation>
  <annotation>
    <mention id="CHEBI_2015_08_26_Instance_17659" />
    <annotator id="CHEBI_2015_08_26_Instance_10000">Mike Bada, University of Colorado Anschutz Medical Campus</annotator>
    <span start="12696" end="12702" />
    <spannedText>HCO3 -</spannedText>
  </annotation>
  <annotation>
    <mention id="CHEBI_2015_08_26_Instance_17661" />
    <annotator id="CHEBI_2015_08_26_Instance_10000">Mike Bada, University of Colorado Anschutz Medical Campus</annotator>
    <span start="12758" end="12764" />
    <spannedText>HCO3 -</spannedText>
  </annotation>
  <annotation>
    <mention id="CHEBI_2015_08_26_Instance_17663" />
    <annotator id="CHEBI_2015_08_26_Instance_10000">Mike Bada, University of Colorado Anschutz Medical Campus</annotator>
    <span start="13005" end="13011" />
    <spannedText>HCO3 -</spannedText>
  </annotation>
  <annotation>
    <mention id="CHEBI_2015_08_26_Instance_17665" />
    <annotator id="CHEBI_2015_08_26_Instance_10000">Mike Bada, University of Colorado Anschutz Medical Campus</annotator>
    <span start="13054" end="13060" />
    <spannedText>HCO3 -</spannedText>
  </annotation>
  <annotation>
    <mention id="CHEBI_2015_08_26_Instance_17667" />
    <annotator id="CHEBI_2015_08_26_Instance_10000">Mike Bada, University of Colorado Anschutz Medical Campus</annotator>
    <span start="13161" end="13167" />
    <spannedText>HCO3 -</spannedText>
  </annotation>
  <annotation>
    <mention id="CHEBI_2015_08_26_Instance_17669" />
    <annotator id="CHEBI_2015_08_26_Instance_10000">Mike Bada, University of Colorado Anschutz Medical Campus</annotator>
    <span start="30138" end="30144" />
    <spannedText>HCO3 -</spannedText>
  </annotation>
  <annotation>
    <mention id="CHEBI_2015_08_26_Instance_17671" />
    <annotator id="CHEBI_2015_08_26_Instance_10000">Mike Bada, University of Colorado Anschutz Medical Campus</annotator>
    <span start="30382" end="30388" />
    <spannedText>HCO3 -</spannedText>
  </annotation>
  <annotation>
    <mention id="CHEBI_2015_08_26_Instance_17673" />
    <annotator id="CHEBI_2015_08_26_Instance_10000">Mike Bada, University of Colorado Anschutz Medical Campus</annotator>
    <span start="30612" end="30618" />
    <spannedText>HCO3 -</spannedText>
  </annotation>
  <annotation>
    <mention id="CHEBI_2015_08_26_Instance_17675" />
    <annotator id="CHEBI_2015_08_26_Instance_10000">Mike Bada, University of Colorado Anschutz Medical Campus</annotator>
    <span start="30665" end="30671" />
    <spannedText>HCO3 -</spannedText>
  </annotation>
  <annotation>
    <mention id="CHEBI_2015_08_26_Instance_17677" />
    <annotator id="CHEBI_2015_08_26_Instance_10000">Mike Bada, University of Colorado Anschutz Medical Campus</annotator>
    <span start="2860" end="2866" />
    <spannedText>HCO3 -</spannedText>
  </annotation>
  <annotation>
    <mention id="CHEBI_2015_08_26_Instance_17679" />
    <annotator id="CHEBI_2015_08_26_Instance_10000">Mike Bada, University of Colorado Anschutz Medical Campus</annotator>
    <span start="12802" end="12805" />
    <spannedText>CO2</spannedText>
  </annotation>
  <annotation>
    <mention id="CHEBI_2015_08_26_Instance_17683" />
    <annotator id="CHEBI_2015_08_26_Instance_10000">Mike Bada, University of Colorado Anschutz Medical Campus</annotator>
    <span start="12874" end="12877" />
    <spannedText>CO2</spannedText>
  </annotation>
  <annotation>
    <mention id="CHEBI_2015_08_26_Instance_17685" />
    <annotator id="CHEBI_2015_08_26_Instance_10000">Mike Bada, University of Colorado Anschutz Medical Campus</annotator>
    <span start="30131" end="30134" />
    <spannedText>CO2</spannedText>
  </annotation>
  <annotation>
    <mention id="CHEBI_2015_08_26_Instance_17687" />
    <annotator id="CHEBI_2015_08_26_Instance_10000">Mike Bada, University of Colorado Anschutz Medical Campus</annotator>
    <span start="30164" end="30177" />
    <spannedText>free radicals</spannedText>
  </annotation>
  <annotation>
    <mention id="CHEBI_2015_08_26_Instance_17689" />
    <annotator id="CHEBI_2015_08_26_Instance_10000">Mike Bada, University of Colorado Anschutz Medical Campus</annotator>
    <span start="30188" end="30191" />
    <spannedText>CO2</spannedText>
  </annotation>
  <annotation>
    <mention id="CHEBI_2015_08_26_Instance_17691" />
    <annotator id="CHEBI_2015_08_26_Instance_10000">Mike Bada, University of Colorado Anschutz Medical Campus</annotator>
    <span start="30196" end="30209" />
    <spannedText>free radicals</spannedText>
  </annotation>
  <annotation>
    <mention id="CHEBI_2015_08_26_Instance_17695" />
    <annotator id="CHEBI_2015_08_26_Instance_10000">Mike Bada, University of Colorado Anschutz Medical Campus</annotator>
    <span start="30375" end="30378" />
    <spannedText>CO2</spannedText>
  </annotation>
  <annotation>
    <mention id="CHEBI_2015_08_26_Instance_17697" />
    <annotator id="CHEBI_2015_08_26_Instance_10000">Mike Bada, University of Colorado Anschutz Medical Campus</annotator>
    <span start="30422" end="30435" />
    <spannedText>free radicals</spannedText>
  </annotation>
  <annotation>
    <mention id="CHEBI_2015_08_26_Instance_17699" />
    <annotator id="CHEBI_2015_08_26_Instance_10000">Mike Bada, University of Colorado Anschutz Medical Campus</annotator>
    <span start="30464" end="30476" />
    <spannedText>free radical</spannedText>
  </annotation>
  <annotation>
    <mention id="CHEBI_2015_08_26_Instance_17701" />
    <annotator id="CHEBI_2015_08_26_Instance_10000">Mike Bada, University of Colorado Anschutz Medical Campus</annotator>
    <span start="30767" end="30779" />
    <spannedText>free radical</spannedText>
  </annotation>
  <annotation>
    <mention id="CHEBI_2015_08_26_Instance_17703" />
    <annotator id="CHEBI_2015_08_26_Instance_10000">Mike Bada, University of Colorado Anschutz Medical Campus</annotator>
    <span start="30936" end="30948" />
    <spannedText>free radical</spannedText>
  </annotation>
  <annotation>
    <mention id="CHEBI_2015_08_26_Instance_17705" />
    <annotator id="CHEBI_2015_08_26_Instance_10000">Mike Bada, University of Colorado Anschutz Medical Campus</annotator>
    <span start="31116" end="31128" />
    <spannedText>free radical</spannedText>
  </annotation>
  <annotation>
    <mention id="CHEBI_2015_08_26_Instance_17707" />
    <annotator id="CHEBI_2015_08_26_Instance_10000">Mike Bada, University of Colorado Anschutz Medical Campus</annotator>
    <span start="31219" end="31231" />
    <spannedText>free radical</spannedText>
  </annotation>
  <annotation>
    <mention id="CHEBI_2015_08_26_Instance_17709" />
    <annotator id="CHEBI_2015_08_26_Instance_10000">Mike Bada, University of Colorado Anschutz Medical Campus</annotator>
    <span start="31420" end="31433" />
    <spannedText>free radicals</spannedText>
  </annotation>
  <annotation>
    <mention id="CHEBI_2015_08_26_Instance_17711" />
    <annotator id="CHEBI_2015_08_26_Instance_10000">Mike Bada, University of Colorado Anschutz Medical Campus</annotator>
    <span start="1449" end="1461" />
    <spannedText>free radical</spannedText>
  </annotation>
  <annotation>
    <mention id="CHEBI_2015_08_26_Instance_17715" />
    <annotator id="CHEBI_2015_08_26_Instance_10000">Mike Bada, University of Colorado Anschutz Medical Campus</annotator>
    <span start="30879" end="30890" />
    <spannedText>glutathione</spannedText>
  </annotation>
  <annotation>
    <mention id="CHEBI_2015_08_26_Instance_17721" />
    <annotator id="CHEBI_2015_08_26_Instance_10000">Mike Bada, University of Colorado Anschutz Medical Campus</annotator>
    <span start="31900" end="31911" />
    <spannedText>glutathione</spannedText>
  </annotation>
  <annotation>
    <mention id="CHEBI_2015_08_26_Instance_17723" />
    <annotator id="CHEBI_2015_08_26_Instance_10000">Mike Bada, University of Colorado Anschutz Medical Campus</annotator>
    <span start="31932" end="31943" />
    <spannedText>glutathione</spannedText>
  </annotation>
  <annotation>
    <mention id="CHEBI_2015_08_26_Instance_17725" />
    <annotator id="CHEBI_2015_08_26_Instance_10000">Mike Bada, University of Colorado Anschutz Medical Campus</annotator>
    <span start="31927" end="31930" />
    <spannedText>GSH</spannedText>
  </annotation>
  <annotation>
    <mention id="CHEBI_2015_08_26_Instance_180626" />
    <annotator id="CHEBI_2015_08_26_Instance_10000">Mike Bada, University of Colorado Anschutz Medical Campus</annotator>
    <span start="562" end="566" />
    <spannedText>mRNA</spannedText>
  </annotation>
  <annotation>
    <mention id="CHEBI_2015_08_26_Instance_180628" />
    <annotator id="CHEBI_2015_08_26_Instance_10000">Mike Bada, University of Colorado Anschutz Medical Campus</annotator>
    <span start="1540" end="1544" />
    <spannedText>mRNA</spannedText>
  </annotation>
  <annotation>
    <mention id="CHEBI_2015_08_26_Instance_180630" />
    <annotator id="CHEBI_2015_08_26_Instance_10000">Mike Bada, University of Colorado Anschutz Medical Campus</annotator>
    <span start="3271" end="3275" />
    <spannedText>mRNA</spannedText>
  </annotation>
  <annotation>
    <mention id="CHEBI_2015_08_26_Instance_180632" />
    <annotator id="CHEBI_2015_08_26_Instance_10000">Mike Bada, University of Colorado Anschutz Medical Campus</annotator>
    <span start="5368" end="5388" />
    <spannedText>sodium pentobarbital</spannedText>
  </annotation>
  <annotation>
    <mention id="CHEBI_2015_08_26_Instance_180636" />
    <annotator id="CHEBI_2015_08_26_Instance_10000">Mike Bada, University of Colorado Anschutz Medical Campus</annotator>
    <span start="5450" end="5459" />
    <spannedText>phosphate</spannedText>
  </annotation>
  <annotation>
    <mention id="CHEBI_2015_08_26_Instance_180640" />
    <annotator id="CHEBI_2015_08_26_Instance_10000">Mike Bada, University of Colorado Anschutz Medical Campus</annotator>
    <span start="5469" end="5481" />
    <spannedText>Na-gluconate</spannedText>
  </annotation>
  <annotation>
    <mention id="CHEBI_2015_08_26_Instance_180642" />
    <annotator id="CHEBI_2015_08_26_Instance_10000">Mike Bada, University of Colorado Anschutz Medical Campus</annotator>
    <span start="5482" end="5490" />
    <spannedText>solution</spannedText>
  </annotation>
  <annotation>
    <mention id="CHEBI_2015_08_26_Instance_180644" />
    <annotator id="CHEBI_2015_08_26_Instance_10000">Mike Bada, University of Colorado Anschutz Medical Campus</annotator>
    <span start="5505" end="5521" />
    <spannedText>paraformaldehyde</spannedText>
  </annotation>
  <annotation>
    <mention id="CHEBI_2015_08_26_Instance_180646" />
    <annotator id="CHEBI_2015_08_26_Instance_10000">Mike Bada, University of Colorado Anschutz Medical Campus</annotator>
    <span start="5613" end="5617" />
    <spannedText>EDTA</spannedText>
  </annotation>
  <annotation>
    <mention id="CHEBI_2015_08_26_Instance_180648" />
    <annotator id="CHEBI_2015_08_26_Instance_10000">Mike Bada, University of Colorado Anschutz Medical Campus</annotator>
    <span start="5797" end="5805" />
    <spannedText>Triton-X</spannedText>
  </annotation>
  <annotation>
    <mention id="CHEBI_2015_08_26_Instance_180650" />
    <annotator id="CHEBI_2015_08_26_Instance_10000">Mike Bada, University of Colorado Anschutz Medical Campus</annotator>
    <span start="5811" end="5813" />
    <spannedText>TX</spannedText>
  </annotation>
  <annotation>
    <mention id="CHEBI_2015_08_26_Instance_180652" />
    <annotator id="CHEBI_2015_08_26_Instance_10000">Mike Bada, University of Colorado Anschutz Medical Campus</annotator>
    <span start="5915" end="5917" />
    <spannedText>TX</spannedText>
  </annotation>
  <annotation>
    <mention id="CHEBI_2015_08_26_Instance_180654" />
    <annotator id="CHEBI_2015_08_26_Instance_10000">Mike Bada, University of Colorado Anschutz Medical Campus</annotator>
    <span start="6312" end="6314" />
    <spannedText>TX</spannedText>
  </annotation>
  <annotation>
    <mention id="CHEBI_2015_08_26_Instance_180656" />
    <annotator id="CHEBI_2015_08_26_Instance_10000">Mike Bada, University of Colorado Anschutz Medical Campus</annotator>
    <span start="6411" end="6413" />
    <spannedText>TX</spannedText>
  </annotation>
  <annotation>
    <mention id="CHEBI_2015_08_26_Instance_180658" />
    <annotator id="CHEBI_2015_08_26_Instance_10000">Mike Bada, University of Colorado Anschutz Medical Campus</annotator>
    <span start="6448" end="6457" />
    <spannedText>Alexa 488</spannedText>
  </annotation>
  <annotation>
    <mention id="CHEBI_2015_08_26_Instance_180660" />
    <annotator id="CHEBI_2015_08_26_Instance_10000">Mike Bada, University of Colorado Anschutz Medical Campus</annotator>
    <span start="6476" end="6485" />
    <spannedText>Alexa 594</spannedText>
  </annotation>
  <annotation>
    <mention id="CHEBI_2015_08_26_Instance_180662" />
    <annotator id="CHEBI_2015_08_26_Instance_10000">Mike Bada, University of Colorado Anschutz Medical Campus</annotator>
    <span start="6509" end="6518" />
    <spannedText>Alexa 594</spannedText>
  </annotation>
  <annotation>
    <mention id="CHEBI_2015_08_26_Instance_180664" />
    <annotator id="CHEBI_2015_08_26_Instance_10000">Mike Bada, University of Colorado Anschutz Medical Campus</annotator>
    <span start="6530" end="6536" />
    <spannedText>Probes</spannedText>
  </annotation>
  <annotation>
    <mention id="CHEBI_2015_08_26_Instance_180666" />
    <annotator id="CHEBI_2015_08_26_Instance_10000">Mike Bada, University of Colorado Anschutz Medical Campus</annotator>
    <span start="6601" end="6610" />
    <spannedText>Alexa 488</spannedText>
  </annotation>
  <annotation>
    <mention id="CHEBI_2015_08_26_Instance_180668" />
    <annotator id="CHEBI_2015_08_26_Instance_10000">Mike Bada, University of Colorado Anschutz Medical Campus</annotator>
    <span start="6644" end="6650" />
    <spannedText>Probes</spannedText>
  </annotation>
  <annotation>
    <mention id="CHEBI_2015_08_26_Instance_180670" />
    <annotator id="CHEBI_2015_08_26_Instance_10000">Mike Bada, University of Colorado Anschutz Medical Campus</annotator>
    <span start="6699" end="6701" />
    <spannedText>TX</spannedText>
  </annotation>
  <annotation>
    <mention id="CHEBI_2015_08_26_Instance_180672" />
    <annotator id="CHEBI_2015_08_26_Instance_10000">Mike Bada, University of Colorado Anschutz Medical Campus</annotator>
    <span start="7066" end="7086" />
    <spannedText>sodium pentobarbital</spannedText>
  </annotation>
  <annotation>
    <mention id="CHEBI_2015_08_26_Instance_180674" />
    <annotator id="CHEBI_2015_08_26_Instance_10000">Mike Bada, University of Colorado Anschutz Medical Campus</annotator>
    <span start="7647" end="7650" />
    <spannedText>RNA</spannedText>
  </annotation>
  <annotation>
    <mention id="CHEBI_2015_08_26_Instance_180676" />
    <annotator id="CHEBI_2015_08_26_Instance_10000">Mike Bada, University of Colorado Anschutz Medical Campus</annotator>
    <span start="7677" end="7680" />
    <spannedText>DNA</spannedText>
  </annotation>
  <annotation>
    <mention id="CHEBI_2015_08_26_Instance_180678" />
    <annotator id="CHEBI_2015_08_26_Instance_10000">Mike Bada, University of Colorado Anschutz Medical Campus</annotator>
    <span start="7710" end="7719" />
    <spannedText>enzymatic</spannedText>
  </annotation>
  <annotation>
    <mention id="CHEBI_2015_08_26_Instance_180682" />
    <annotator id="CHEBI_2015_08_26_Instance_10000">Mike Bada, University of Colorado Anschutz Medical Campus</annotator>
    <span start="7796" end="7800" />
    <spannedText>rRNA</spannedText>
  </annotation>
  <annotation>
    <mention id="CHEBI_2015_08_26_Instance_180684" />
    <annotator id="CHEBI_2015_08_26_Instance_10000">Mike Bada, University of Colorado Anschutz Medical Campus</annotator>
    <span start="7929" end="7932" />
    <spannedText>RNA</spannedText>
  </annotation>
  <annotation>
    <mention id="CHEBI_2015_08_26_Instance_180686" />
    <annotator id="CHEBI_2015_08_26_Instance_10000">Mike Bada, University of Colorado Anschutz Medical Campus</annotator>
    <span start="8075" end="8078" />
    <spannedText>RNA</spannedText>
  </annotation>
  <annotation>
    <mention id="CHEBI_2015_08_26_Instance_180688" />
    <annotator id="CHEBI_2015_08_26_Instance_10000">Mike Bada, University of Colorado Anschutz Medical Campus</annotator>
    <span start="8199" end="8211" />
    <spannedText>SYBR green I</spannedText>
  </annotation>
  <annotation>
    <mention id="CHEBI_2015_08_26_Instance_180690" />
    <annotator id="CHEBI_2015_08_26_Instance_10000">Mike Bada, University of Colorado Anschutz Medical Campus</annotator>
    <span start="8223" end="8229" />
    <spannedText>Probes</spannedText>
  </annotation>
  <annotation>
    <mention id="CHEBI_2015_08_26_Instance_180692" />
    <annotator id="CHEBI_2015_08_26_Instance_10000">Mike Bada, University of Colorado Anschutz Medical Campus</annotator>
    <span start="8251" end="8255" />
    <spannedText>rRNA</spannedText>
  </annotation>
  <annotation>
    <mention id="CHEBI_2015_08_26_Instance_180694" />
    <annotator id="CHEBI_2015_08_26_Instance_10000">Mike Bada, University of Colorado Anschutz Medical Campus</annotator>
    <span start="8260" end="8264" />
    <spannedText>mRNA</spannedText>
  </annotation>
  <annotation>
    <mention id="CHEBI_2015_08_26_Instance_180696" />
    <annotator id="CHEBI_2015_08_26_Instance_10000">Mike Bada, University of Colorado Anschutz Medical Campus</annotator>
    <span start="9562" end="9566" />
    <spannedText>rRNA</spannedText>
  </annotation>
  <annotation>
    <mention id="CHEBI_2015_08_26_Instance_180698" />
    <annotator id="CHEBI_2015_08_26_Instance_10000">Mike Bada, University of Colorado Anschutz Medical Campus</annotator>
    <span start="9620" end="9624" />
    <spannedText>rRNA</spannedText>
  </annotation>
  <annotation>
    <mention id="CHEBI_2015_08_26_Instance_180700" />
    <annotator id="CHEBI_2015_08_26_Instance_10000">Mike Bada, University of Colorado Anschutz Medical Campus</annotator>
    <span start="9826" end="9846" />
    <spannedText>sodium pentobarbital</spannedText>
  </annotation>
  <annotation>
    <mention id="CHEBI_2015_08_26_Instance_180704" />
    <annotator id="CHEBI_2015_08_26_Instance_10000">Mike Bada, University of Colorado Anschutz Medical Campus</annotator>
    <span start="10013" end="10015" />
    <spannedText>Pt</spannedText>
  </annotation>
  <annotation>
    <mention id="CHEBI_2015_08_26_Instance_180708" />
    <annotator id="CHEBI_2015_08_26_Instance_10000">Mike Bada, University of Colorado Anschutz Medical Campus</annotator>
    <span start="10016" end="10018" />
    <spannedText>Ir</spannedText>
  </annotation>
  <annotation>
    <mention id="CHEBI_2015_08_26_Instance_180710" />
    <annotator id="CHEBI_2015_08_26_Instance_10000">Mike Bada, University of Colorado Anschutz Medical Campus</annotator>
    <span start="10046" end="10048" />
    <spannedText>Pt</spannedText>
  </annotation>
  <annotation>
    <mention id="CHEBI_2015_08_26_Instance_180712" />
    <annotator id="CHEBI_2015_08_26_Instance_10000">Mike Bada, University of Colorado Anschutz Medical Campus</annotator>
    <span start="10285" end="10287" />
    <spannedText>Pt</spannedText>
  </annotation>
  <annotation>
    <mention id="CHEBI_2015_08_26_Instance_180714" />
    <annotator id="CHEBI_2015_08_26_Instance_10000">Mike Bada, University of Colorado Anschutz Medical Campus</annotator>
    <span start="11810" end="11814" />
    <spannedText>mRNA</spannedText>
  </annotation>
  <annotation>
    <mention id="CHEBI_2015_08_26_Instance_180716" />
    <annotator id="CHEBI_2015_08_26_Instance_10000">Mike Bada, University of Colorado Anschutz Medical Campus</annotator>
    <span start="12218" end="12227" />
    <spannedText>antigenic</spannedText>
  </annotation>
  <annotation>
    <mention id="CHEBI_2015_08_26_Instance_180718" />
    <annotator id="CHEBI_2015_08_26_Instance_10000">Mike Bada, University of Colorado Anschutz Medical Campus</annotator>
    <span start="12228" end="12235" />
    <spannedText>peptide</spannedText>
  </annotation>
  <annotation>
    <mention id="CHEBI_2015_08_26_Instance_180720" />
    <annotator id="CHEBI_2015_08_26_Instance_10000">Mike Bada, University of Colorado Anschutz Medical Campus</annotator>
    <span start="14576" end="14580" />
    <spannedText>mRNA</spannedText>
  </annotation>
  <annotation>
    <mention id="CHEBI_2015_08_26_Instance_180722" />
    <annotator id="CHEBI_2015_08_26_Instance_10000">Mike Bada, University of Colorado Anschutz Medical Campus</annotator>
    <span start="18745" end="18748" />
    <spannedText>RNA</spannedText>
  </annotation>
  <annotation>
    <mention id="CHEBI_2015_08_26_Instance_180724" />
    <annotator id="CHEBI_2015_08_26_Instance_10000">Mike Bada, University of Colorado Anschutz Medical Campus</annotator>
    <span start="18936" end="18940" />
    <spannedText>rRNA</spannedText>
  </annotation>
  <annotation>
    <mention id="CHEBI_2015_08_26_Instance_180726" />
    <annotator id="CHEBI_2015_08_26_Instance_10000">Mike Bada, University of Colorado Anschutz Medical Campus</annotator>
    <span start="18982" end="18986" />
    <spannedText>mRNA</spannedText>
  </annotation>
  <annotation>
    <mention id="CHEBI_2015_08_26_Instance_180728" />
    <annotator id="CHEBI_2015_08_26_Instance_10000">Mike Bada, University of Colorado Anschutz Medical Campus</annotator>
    <span start="19134" end="19138" />
    <spannedText>rRNA</spannedText>
  </annotation>
  <annotation>
    <mention id="CHEBI_2015_08_26_Instance_180730" />
    <annotator id="CHEBI_2015_08_26_Instance_10000">Mike Bada, University of Colorado Anschutz Medical Campus</annotator>
    <span start="19154" end="19158" />
    <spannedText>rRNA</spannedText>
  </annotation>
  <annotation>
    <mention id="CHEBI_2015_08_26_Instance_180732" />
    <annotator id="CHEBI_2015_08_26_Instance_10000">Mike Bada, University of Colorado Anschutz Medical Campus</annotator>
    <span start="19288" end="19292" />
    <spannedText>rRNA</spannedText>
  </annotation>
  <annotation>
    <mention id="CHEBI_2015_08_26_Instance_180734" />
    <annotator id="CHEBI_2015_08_26_Instance_10000">Mike Bada, University of Colorado Anschutz Medical Campus</annotator>
    <span start="19395" end="19399" />
    <spannedText>rRNA</spannedText>
  </annotation>
  <annotation>
    <mention id="CHEBI_2015_08_26_Instance_180736" />
    <annotator id="CHEBI_2015_08_26_Instance_10000">Mike Bada, University of Colorado Anschutz Medical Campus</annotator>
    <span start="19492" end="19496" />
    <spannedText>mRNA</spannedText>
  </annotation>
  <annotation>
    <mention id="CHEBI_2015_08_26_Instance_180738" />
    <annotator id="CHEBI_2015_08_26_Instance_10000">Mike Bada, University of Colorado Anschutz Medical Campus</annotator>
    <span start="19666" end="19670" />
    <spannedText>mRNA</spannedText>
  </annotation>
  <annotation>
    <mention id="CHEBI_2015_08_26_Instance_18073" />
    <annotator id="CHEBI_2015_08_26_Instance_10000">Mike Bada, University of Colorado Anschutz Medical Campus</annotator>
    <span start="30513" end="30524" />
    <spannedText>glutathione</spannedText>
  </annotation>
  <annotation>
    <mention id="CHEBI_2015_08_26_Instance_180740" />
    <annotator id="CHEBI_2015_08_26_Instance_10000">Mike Bada, University of Colorado Anschutz Medical Campus</annotator>
    <span start="20026" end="20030" />
    <spannedText>mRNA</spannedText>
  </annotation>
  <annotation>
    <mention id="CHEBI_2015_08_26_Instance_180742" />
    <annotator id="CHEBI_2015_08_26_Instance_10000">Mike Bada, University of Colorado Anschutz Medical Campus</annotator>
    <span start="20129" end="20133" />
    <spannedText>mRNA</spannedText>
  </annotation>
  <annotation>
    <mention id="CHEBI_2015_08_26_Instance_180744" />
    <annotator id="CHEBI_2015_08_26_Instance_10000">Mike Bada, University of Colorado Anschutz Medical Campus</annotator>
    <span start="20448" end="20452" />
    <spannedText>mRNA</spannedText>
  </annotation>
  <annotation>
    <mention id="CHEBI_2015_08_26_Instance_180746" />
    <annotator id="CHEBI_2015_08_26_Instance_10000">Mike Bada, University of Colorado Anschutz Medical Campus</annotator>
    <span start="20567" end="20570" />
    <spannedText>RNA</spannedText>
  </annotation>
  <annotation>
    <mention id="CHEBI_2015_08_26_Instance_180748" />
    <annotator id="CHEBI_2015_08_26_Instance_10000">Mike Bada, University of Colorado Anschutz Medical Campus</annotator>
    <span start="20653" end="20656" />
    <spannedText>RNA</spannedText>
  </annotation>
  <annotation>
    <mention id="CHEBI_2015_08_26_Instance_180750" />
    <annotator id="CHEBI_2015_08_26_Instance_10000">Mike Bada, University of Colorado Anschutz Medical Campus</annotator>
    <span start="20725" end="20729" />
    <spannedText>rRNA</spannedText>
  </annotation>
  <annotation>
    <mention id="CHEBI_2015_08_26_Instance_180752" />
    <annotator id="CHEBI_2015_08_26_Instance_10000">Mike Bada, University of Colorado Anschutz Medical Campus</annotator>
    <span start="20815" end="20819" />
    <spannedText>rRNA</spannedText>
  </annotation>
  <annotation>
    <mention id="CHEBI_2015_08_26_Instance_180754" />
    <annotator id="CHEBI_2015_08_26_Instance_10000">Mike Bada, University of Colorado Anschutz Medical Campus</annotator>
    <span start="20852" end="20855" />
    <spannedText>RNA</spannedText>
  </annotation>
  <annotation>
    <mention id="CHEBI_2015_08_26_Instance_180756" />
    <annotator id="CHEBI_2015_08_26_Instance_10000">Mike Bada, University of Colorado Anschutz Medical Campus</annotator>
    <span start="21183" end="21187" />
    <spannedText>rRNA</spannedText>
  </annotation>
  <annotation>
    <mention id="CHEBI_2015_08_26_Instance_180758" />
    <annotator id="CHEBI_2015_08_26_Instance_10000">Mike Bada, University of Colorado Anschutz Medical Campus</annotator>
    <span start="21306" end="21310" />
    <spannedText>mRNA</spannedText>
  </annotation>
  <annotation>
    <mention id="CHEBI_2015_08_26_Instance_18075" />
    <annotator id="CHEBI_2015_08_26_Instance_10000">Mike Bada, University of Colorado Anschutz Medical Campus</annotator>
    <span start="30529" end="30536" />
    <spannedText>melanin</spannedText>
  </annotation>
  <annotation>
    <mention id="CHEBI_2015_08_26_Instance_180760" />
    <annotator id="CHEBI_2015_08_26_Instance_10000">Mike Bada, University of Colorado Anschutz Medical Campus</annotator>
    <span start="21390" end="21394" />
    <spannedText>mRNA</spannedText>
  </annotation>
  <annotation>
    <mention id="CHEBI_2015_08_26_Instance_180762" />
    <annotator id="CHEBI_2015_08_26_Instance_10000">Mike Bada, University of Colorado Anschutz Medical Campus</annotator>
    <span start="22694" end="22698" />
    <spannedText>rRNA</spannedText>
  </annotation>
  <annotation>
    <mention id="CHEBI_2015_08_26_Instance_180764" />
    <annotator id="CHEBI_2015_08_26_Instance_10000">Mike Bada, University of Colorado Anschutz Medical Campus</annotator>
    <span start="23226" end="23230" />
    <spannedText>rRNA</spannedText>
  </annotation>
  <annotation>
    <mention id="CHEBI_2015_08_26_Instance_180766" />
    <annotator id="CHEBI_2015_08_26_Instance_10000">Mike Bada, University of Colorado Anschutz Medical Campus</annotator>
    <span start="28067" end="28077" />
    <spannedText>bumetanide</spannedText>
  </annotation>
  <annotation>
    <mention id="CHEBI_2015_08_26_Instance_180768" />
    <annotator id="CHEBI_2015_08_26_Instance_10000">Mike Bada, University of Colorado Anschutz Medical Campus</annotator>
    <span start="28413" end="28423" />
    <spannedText>bumetanide</spannedText>
  </annotation>
  <annotation>
    <mention id="CHEBI_2015_08_26_Instance_180770" />
    <annotator id="CHEBI_2015_08_26_Instance_10000">Mike Bada, University of Colorado Anschutz Medical Campus</annotator>
    <span start="28427" end="28440" />
    <spannedText>loop-diuretic</spannedText>
  </annotation>
  <annotation>
    <mention id="CHEBI_2015_08_26_Instance_180772" />
    <annotator id="CHEBI_2015_08_26_Instance_10000">Mike Bada, University of Colorado Anschutz Medical Campus</annotator>
    <span start="28499" end="28509" />
    <spannedText>Bumetanide</spannedText>
  </annotation>
  <annotation>
    <mention id="CHEBI_2015_08_26_Instance_180774" />
    <annotator id="CHEBI_2015_08_26_Instance_10000">Mike Bada, University of Colorado Anschutz Medical Campus</annotator>
    <span start="29289" end="29293" />
    <spannedText>mRNA</spannedText>
  </annotation>
  <annotation>
    <mention id="CHEBI_2015_08_26_Instance_180776" />
    <annotator id="CHEBI_2015_08_26_Instance_10000">Mike Bada, University of Colorado Anschutz Medical Campus</annotator>
    <span start="30823" end="30831" />
    <spannedText>cysteine</spannedText>
  </annotation>
  <annotation>
    <mention id="CHEBI_2015_08_26_Instance_180778" />
    <annotator id="CHEBI_2015_08_26_Instance_10000">Mike Bada, University of Colorado Anschutz Medical Campus</annotator>
    <span start="31826" end="31829" />
    <spannedText>Cys</spannedText>
  </annotation>
  <annotation>
    <mention id="CHEBI_2015_08_26_Instance_18077" />
    <annotator id="CHEBI_2015_08_26_Instance_10000">Mike Bada, University of Colorado Anschutz Medical Campus</annotator>
    <span start="30537" end="30544" />
    <spannedText>pigment</spannedText>
  </annotation>
  <annotation>
    <mention id="CHEBI_2015_08_26_Instance_180780" />
    <annotator id="CHEBI_2015_08_26_Instance_10000">Mike Bada, University of Colorado Anschutz Medical Campus</annotator>
    <span start="31831" end="31839" />
    <spannedText>cysteine</spannedText>
  </annotation>
  <annotation>
    <mention id="CHEBI_2015_08_26_Instance_180784" />
    <annotator id="CHEBI_2015_08_26_Instance_10000">Mike Bada, University of Colorado Anschutz Medical Campus</annotator>
    <span start="31846" end="31855" />
    <spannedText>glutamate</spannedText>
  </annotation>
  <annotation>
    <mention id="CHEBI_2015_08_26_Instance_180786" />
    <annotator id="CHEBI_2015_08_26_Instance_10000">Mike Bada, University of Colorado Anschutz Medical Campus</annotator>
    <span start="31857" end="31860" />
    <spannedText>Gly</spannedText>
  </annotation>
  <annotation>
    <mention id="CHEBI_2015_08_26_Instance_180788" />
    <annotator id="CHEBI_2015_08_26_Instance_10000">Mike Bada, University of Colorado Anschutz Medical Campus</annotator>
    <span start="31862" end="31869" />
    <spannedText>glycine</spannedText>
  </annotation>
  <annotation>
    <mention id="CHEBI_2015_08_26_Instance_180792" />
    <annotator id="CHEBI_2015_08_26_Instance_10000">Mike Bada, University of Colorado Anschutz Medical Campus</annotator>
    <span start="31912" end="31913" />
    <spannedText>S</spannedText>
  </annotation>
  <annotation>
    <mention id="CHEBI_2015_08_26_Instance_301126" />
    <annotator id="CHEBI_2015_08_26_Instance_10000">Mike Bada, University of Colorado Anschutz Medical Campus</annotator>
    <span start="15" end="22" />
    <spannedText>protein</spannedText>
  </annotation>
  <annotation>
    <mention id="CHEBI_2015_08_26_Instance_301128" />
    <annotator id="CHEBI_2015_08_26_Instance_10000">Mike Bada, University of Colorado Anschutz Medical Campus</annotator>
    <span start="491" end="499" />
    <spannedText>proteins</spannedText>
  </annotation>
  <annotation>
    <mention id="CHEBI_2015_08_26_Instance_301130" />
    <annotator id="CHEBI_2015_08_26_Instance_10000">Mike Bada, University of Colorado Anschutz Medical Campus</annotator>
    <span start="1569" end="1576" />
    <spannedText>protein</spannedText>
  </annotation>
  <annotation>
    <mention id="CHEBI_2015_08_26_Instance_301132" />
    <annotator id="CHEBI_2015_08_26_Instance_10000">Mike Bada, University of Colorado Anschutz Medical Campus</annotator>
    <span start="1646" end="1654" />
    <spannedText>proteins</spannedText>
  </annotation>
  <annotation>
    <mention id="CHEBI_2015_08_26_Instance_301134" />
    <annotator id="CHEBI_2015_08_26_Instance_10000">Mike Bada, University of Colorado Anschutz Medical Campus</annotator>
    <span start="1895" end="1902" />
    <spannedText>protein</spannedText>
  </annotation>
  <annotation>
    <mention id="CHEBI_2015_08_26_Instance_301136" />
    <annotator id="CHEBI_2015_08_26_Instance_10000">Mike Bada, University of Colorado Anschutz Medical Campus</annotator>
    <span start="2224" end="2231" />
    <spannedText>protein</spannedText>
  </annotation>
  <annotation>
    <mention id="CHEBI_2015_08_26_Instance_301138" />
    <annotator id="CHEBI_2015_08_26_Instance_10000">Mike Bada, University of Colorado Anschutz Medical Campus</annotator>
    <span start="3437" end="3444" />
    <spannedText>protein</spannedText>
  </annotation>
  <annotation>
    <mention id="CHEBI_2015_08_26_Instance_301140" />
    <annotator id="CHEBI_2015_08_26_Instance_10000">Mike Bada, University of Colorado Anschutz Medical Campus</annotator>
    <span start="3764" end="3772" />
    <spannedText>proteins</spannedText>
  </annotation>
  <annotation>
    <mention id="CHEBI_2015_08_26_Instance_301142" />
    <annotator id="CHEBI_2015_08_26_Instance_10000">Mike Bada, University of Colorado Anschutz Medical Campus</annotator>
    <span start="4913" end="4921" />
    <spannedText>proteins</spannedText>
  </annotation>
  <annotation>
    <mention id="CHEBI_2015_08_26_Instance_301144" />
    <annotator id="CHEBI_2015_08_26_Instance_10000">Mike Bada, University of Colorado Anschutz Medical Campus</annotator>
    <span start="11976" end="11983" />
    <spannedText>protein</spannedText>
  </annotation>
  <annotation>
    <mention id="CHEBI_2015_08_26_Instance_301146" />
    <annotator id="CHEBI_2015_08_26_Instance_10000">Mike Bada, University of Colorado Anschutz Medical Campus</annotator>
    <span start="13205" end="13212" />
    <spannedText>Protein</spannedText>
  </annotation>
  <annotation>
    <mention id="CHEBI_2015_08_26_Instance_301148" />
    <annotator id="CHEBI_2015_08_26_Instance_10000">Mike Bada, University of Colorado Anschutz Medical Campus</annotator>
    <span start="14150" end="14157" />
    <spannedText>protein</spannedText>
  </annotation>
  <annotation>
    <mention id="CHEBI_2015_08_26_Instance_301150" />
    <annotator id="CHEBI_2015_08_26_Instance_10000">Mike Bada, University of Colorado Anschutz Medical Campus</annotator>
    <span start="14717" end="14724" />
    <spannedText>protein</spannedText>
  </annotation>
  <annotation>
    <mention id="CHEBI_2015_08_26_Instance_301152" />
    <annotator id="CHEBI_2015_08_26_Instance_10000">Mike Bada, University of Colorado Anschutz Medical Campus</annotator>
    <span start="21517" end="21524" />
    <spannedText>protein</spannedText>
  </annotation>
  <annotation>
    <mention id="CHEBI_2015_08_26_Instance_301154" />
    <annotator id="CHEBI_2015_08_26_Instance_10000">Mike Bada, University of Colorado Anschutz Medical Campus</annotator>
    <span start="21636" end="21643" />
    <spannedText>protein</spannedText>
  </annotation>
  <annotation>
    <mention id="CHEBI_2015_08_26_Instance_301156" />
    <annotator id="CHEBI_2015_08_26_Instance_10000">Mike Bada, University of Colorado Anschutz Medical Campus</annotator>
    <span start="21852" end="21859" />
    <spannedText>Protein</spannedText>
  </annotation>
  <annotation>
    <mention id="CHEBI_2015_08_26_Instance_301158" />
    <annotator id="CHEBI_2015_08_26_Instance_10000">Mike Bada, University of Colorado Anschutz Medical Campus</annotator>
    <span start="28210" end="28218" />
    <spannedText>proteins</spannedText>
  </annotation>
  <annotation>
    <mention id="CHEBI_2015_08_26_Instance_301160" />
    <annotator id="CHEBI_2015_08_26_Instance_10000">Mike Bada, University of Colorado Anschutz Medical Campus</annotator>
    <span start="28998" end="29005" />
    <spannedText>protein</spannedText>
  </annotation>
  <annotation>
    <mention id="CHEBI_2015_08_26_Instance_301162" />
    <annotator id="CHEBI_2015_08_26_Instance_10000">Mike Bada, University of Colorado Anschutz Medical Campus</annotator>
    <span start="29119" end="29127" />
    <spannedText>proteins</spannedText>
  </annotation>
  <annotation>
    <mention id="CHEBI_2015_08_26_Instance_301164" />
    <annotator id="CHEBI_2015_08_26_Instance_10000">Mike Bada, University of Colorado Anschutz Medical Campus</annotator>
    <span start="29202" end="29209" />
    <spannedText>protein</spannedText>
  </annotation>
  <annotation>
    <mention id="CHEBI_2015_08_26_Instance_301166" />
    <annotator id="CHEBI_2015_08_26_Instance_10000">Mike Bada, University of Colorado Anschutz Medical Campus</annotator>
    <span start="29537" end="29544" />
    <spannedText>Protein</spannedText>
  </annotation>
  <annotation>
    <mention id="CHEBI_2015_08_26_Instance_301168" />
    <annotator id="CHEBI_2015_08_26_Instance_10000">Mike Bada, University of Colorado Anschutz Medical Campus</annotator>
    <span start="30064" end="30071" />
    <spannedText>protein</spannedText>
  </annotation>
  <annotation>
    <mention id="CHEBI_2015_08_26_Instance_301170" />
    <annotator id="CHEBI_2015_08_26_Instance_10000">Mike Bada, University of Colorado Anschutz Medical Campus</annotator>
    <span start="31270" end="31277" />
    <spannedText>protein</spannedText>
  </annotation>
  <annotation>
    <mention id="CHEBI_2015_08_26_Instance_330050" />
    <annotator id="CHEBI_2015_08_26_Instance_10000">Mike Bada, University of Colorado Anschutz Medical Campus</annotator>
    <span start="6520" end="6529" />
    <spannedText>Molecular</spannedText>
  </annotation>
  <annotation>
    <mention id="CHEBI_2015_08_26_Instance_330052" />
    <annotator id="CHEBI_2015_08_26_Instance_10000">Mike Bada, University of Colorado Anschutz Medical Campus</annotator>
    <span start="6634" end="6643" />
    <spannedText>Molecular</spannedText>
  </annotation>
  <annotation>
    <mention id="CHEBI_2015_08_26_Instance_330054" />
    <annotator id="CHEBI_2015_08_26_Instance_10000">Mike Bada, University of Colorado Anschutz Medical Campus</annotator>
    <span start="8213" end="8222" />
    <spannedText>Molecular</spannedText>
  </annotation>
  <annotation>
    <mention id="CHEBI_2015_08_26_Instance_330056" />
    <annotator id="CHEBI_2015_08_26_Instance_10000">Mike Bada, University of Colorado Anschutz Medical Campus</annotator>
    <span start="32078" end="32087" />
    <spannedText>molecular</spannedText>
  </annotation>
  <annotation>
    <mention id="CHEBI_2015_08_26_Instance_330058" />
    <annotator id="CHEBI_2015_08_26_Instance_10000">Mike Bada, University of Colorado Anschutz Medical Campus</annotator>
    <span start="33015" end="33024" />
    <spannedText>Molecular</spannedText>
  </annotation>
  <annotation>
    <mention id="CHEBI_2015_08_26_Instance_330328" />
    <annotator id="CHEBI_2015_08_26_Instance_10000">Mike Bada, University of Colorado Anschutz Medical Campus</annotator>
    <span start="19139" end="19148" />
    <spannedText>molecules</spannedText>
  </annotation>
  <annotation>
    <mention id="CHEBI_2015_08_26_Instance_330330" />
    <annotator id="CHEBI_2015_08_26_Instance_10000">Mike Bada, University of Colorado Anschutz Medical Campus</annotator>
    <span start="20031" end="20040" />
    <spannedText>molecules</spannedText>
  </annotation>
  <annotation>
    <mention id="CHEBI_2015_08_26_Instance_330332" />
    <annotator id="CHEBI_2015_08_26_Instance_10000">Mike Bada, University of Colorado Anschutz Medical Campus</annotator>
    <span start="20134" end="20143" />
    <spannedText>molecules</spannedText>
  </annotation>
  <annotation>
    <mention id="CHEBI_2015_08_26_Instance_330334" />
    <annotator id="CHEBI_2015_08_26_Instance_10000">Mike Bada, University of Colorado Anschutz Medical Campus</annotator>
    <span start="22699" end="22708" />
    <spannedText>molecules</spannedText>
  </annotation>
  <annotation>
    <mention id="CHEBI_2015_08_26_Instance_330336" />
    <annotator id="CHEBI_2015_08_26_Instance_10000">Mike Bada, University of Colorado Anschutz Medical Campus</annotator>
    <span start="23231" end="23240" />
    <spannedText>molecules</spannedText>
  </annotation>
  <annotation>
    <mention id="CHEBI_2015_08_26_Instance_330358" />
    <annotator id="CHEBI_2015_08_26_Instance_10000">Mike Bada, University of Colorado Anschutz Medical Campus</annotator>
    <span start="24977" end="24984" />
    <spannedText>pigment</spannedText>
  </annotation>
  <annotation>
    <mention id="CHEBI_2015_08_26_Instance_330786" />
    <annotator id="CHEBI_2015_08_26_Instance_10000">Mike Bada, University of Colorado Anschutz Medical Campus</annotator>
    <span start="10982" end="10991" />
    <spannedText>solutions</spannedText>
  </annotation>
  <annotation>
    <mention id="CHEBI_2015_08_26_Instance_360024" />
    <annotator id="CHEBI_2015_08_26_Instance_10000">Mike Bada, University of Colorado Anschutz Medical Campus</annotator>
    <span start="1414" end="1423" />
    <spannedText>pigmented</spannedText>
  </annotation>
  <annotation>
    <mention id="CHEBI_2015_08_26_Instance_370056" />
    <annotator id="CHEBI_2015_08_26_Instance_10000">Mike Bada, University of Colorado Anschutz Medical Campus</annotator>
    <span start="32088" end="32098" />
    <spannedText>biological</spannedText>
  </annotation>
  <annotation>
    <mention id="CHEBI_2015_08_26_Instance_370058" />
    <annotator id="CHEBI_2015_08_26_Instance_10000">Mike Bada, University of Colorado Anschutz Medical Campus</annotator>
    <span start="33025" end="33032" />
    <spannedText>Biology</spannedText>
  </annotation>
  <annotation>
    <mention id="CHEBI_2015_08_26_Instance_380024" />
    <annotator id="CHEBI_2015_08_26_Instance_10000">Mike Bada, University of Colorado Anschutz Medical Campus</annotator>
    <span start="5460" end="5468" />
    <spannedText>buffered</spannedText>
  </annotation>
  <annotation>
    <mention id="CHEBI_2015_08_26_Instance_380178" />
    <annotator id="CHEBI_2015_08_26_Instance_10000">Mike Bada, University of Colorado Anschutz Medical Campus</annotator>
    <span start="5350" end="5362" />
    <spannedText>anesthetized</spannedText>
  </annotation>
  <annotation>
    <mention id="CHEBI_2015_08_26_Instance_380180" />
    <annotator id="CHEBI_2015_08_26_Instance_10000">Mike Bada, University of Colorado Anschutz Medical Campus</annotator>
    <span start="7048" end="7060" />
    <spannedText>anesthetized</spannedText>
  </annotation>
  <annotation>
    <mention id="CHEBI_2015_08_26_Instance_380182" />
    <annotator id="CHEBI_2015_08_26_Instance_10000">Mike Bada, University of Colorado Anschutz Medical Campus</annotator>
    <span start="9808" end="9820" />
    <spannedText>anesthetized</spannedText>
  </annotation>
  <annotation>
    <mention id="CHEBI_2015_08_26_Instance_380184" />
    <annotator id="CHEBI_2015_08_26_Instance_10000">Mike Bada, University of Colorado Anschutz Medical Campus</annotator>
    <span start="10551" end="10563" />
    <spannedText>anesthetized</spannedText>
  </annotation>
  <annotation>
    <mention id="CHEBI_2015_08_26_Instance_380330" />
    <annotator id="CHEBI_2015_08_26_Instance_10000">Mike Bada, University of Colorado Anschutz Medical Campus</annotator>
    <span start="14050" end="14058" />
    <spannedText>labeling</spannedText>
  </annotation>
  <annotation>
    <mention id="CHEBI_2015_08_26_Instance_380332" />
    <annotator id="CHEBI_2015_08_26_Instance_10000">Mike Bada, University of Colorado Anschutz Medical Campus</annotator>
    <span start="14163" end="14169" />
    <spannedText>labels</spannedText>
  </annotation>
  <annotation>
    <mention id="CHEBI_2015_08_26_Instance_380334" />
    <annotator id="CHEBI_2015_08_26_Instance_10000">Mike Bada, University of Colorado Anschutz Medical Campus</annotator>
    <span start="14246" end="14254" />
    <spannedText>labeling</spannedText>
  </annotation>
  <annotation>
    <mention id="CHEBI_2015_08_26_Instance_380336" />
    <annotator id="CHEBI_2015_08_26_Instance_10000">Mike Bada, University of Colorado Anschutz Medical Campus</annotator>
    <span start="14831" end="14839" />
    <spannedText>labeling</spannedText>
  </annotation>
  <annotation>
    <mention id="CHEBI_2015_08_26_Instance_410003" />
    <annotator id="CHEBI_2015_08_26_Instance_10000">Mike Bada, University of Colorado Anschutz Medical Campus</annotator>
    <span start="31841" end="31844" />
    <spannedText>Glu</spannedText>
  </annotation>
  <classMention id="CHEBI_2015_08_26_Instance_17539">
    <mentionClass id="CHEBI:29103">potassium(1+)</mentionClass>
  </classMention>
  <classMention id="CHEBI_2015_08_26_Instance_18073">
    <mentionClass id="CHEBI:16856">glutathione</mentionClass>
  </classMention>
  <classMention id="CHEBI_2015_08_26_Instance_17537">
    <mentionClass id="CHEBI:29103">potassium(1+)</mentionClass>
  </classMention>
  <classMention id="CHEBI_2015_08_26_Instance_180728">
    <mentionClass id="CHEBI_SO_EXT:rRNA">rRNA</mentionClass>
  </classMention>
  <classMention id="CHEBI_2015_08_26_Instance_17543">
    <mentionClass id="CHEBI:29103">potassium(1+)</mentionClass>
  </classMention>
  <classMention id="CHEBI_2015_08_26_Instance_180732">
    <mentionClass id="CHEBI_SO_EXT:rRNA">rRNA</mentionClass>
  </classMention>
  <classMention id="CHEBI_2015_08_26_Instance_17541">
    <mentionClass id="CHEBI:29103">potassium(1+)</mentionClass>
  </classMention>
  <classMention id="CHEBI_2015_08_26_Instance_180730">
    <mentionClass id="CHEBI_SO_EXT:rRNA">rRNA</mentionClass>
  </classMention>
  <classMention id="CHEBI_2015_08_26_Instance_17547">
    <mentionClass id="CHEBI:29103">potassium(1+)</mentionClass>
  </classMention>
  <classMention id="CHEBI_2015_08_26_Instance_180736">
    <mentionClass id="CHEBI_SO_EXT:mRNA">mRNA</mentionClass>
  </classMention>
  <classMention id="CHEBI_2015_08_26_Instance_17545">
    <mentionClass id="CHEBI:29103">potassium(1+)</mentionClass>
  </classMention>
  <classMention id="CHEBI_2015_08_26_Instance_180734">
    <mentionClass id="CHEBI_SO_EXT:rRNA">rRNA</mentionClass>
  </classMention>
  <classMention id="CHEBI_2015_08_26_Instance_17551">
    <mentionClass id="CHEBI:29103">potassium(1+)</mentionClass>
  </classMention>
  <classMention id="CHEBI_2015_08_26_Instance_180740">
    <mentionClass id="CHEBI_SO_EXT:mRNA">mRNA</mentionClass>
  </classMention>
  <classMention id="CHEBI_2015_08_26_Instance_17549">
    <mentionClass id="CHEBI:29103">potassium(1+)</mentionClass>
  </classMention>
  <classMention id="CHEBI_2015_08_26_Instance_180738">
    <mentionClass id="CHEBI_SO_EXT:mRNA">mRNA</mentionClass>
  </classMention>
  <classMention id="CHEBI_2015_08_26_Instance_17555">
    <mentionClass id="CHEBI:29103">potassium(1+)</mentionClass>
  </classMention>
  <classMention id="CHEBI_2015_08_26_Instance_180744">
    <mentionClass id="CHEBI_SO_EXT:mRNA">mRNA</mentionClass>
  </classMention>
  <classMention id="CHEBI_2015_08_26_Instance_17553">
    <mentionClass id="CHEBI:29103">potassium(1+)</mentionClass>
  </classMention>
  <classMention id="CHEBI_2015_08_26_Instance_180742">
    <mentionClass id="CHEBI_SO_EXT:mRNA">mRNA</mentionClass>
  </classMention>
  <classMention id="CHEBI_2015_08_26_Instance_17559">
    <mentionClass id="CHEBI:29103">potassium(1+)</mentionClass>
  </classMention>
  <classMention id="CHEBI_2015_08_26_Instance_180748">
    <mentionClass id="CHEBI_SO_EXT:RNA">RNA</mentionClass>
  </classMention>
  <classMention id="CHEBI_2015_08_26_Instance_17557">
    <mentionClass id="CHEBI:29103">potassium(1+)</mentionClass>
  </classMention>
  <classMention id="CHEBI_2015_08_26_Instance_180746">
    <mentionClass id="CHEBI_SO_EXT:RNA">RNA</mentionClass>
  </classMention>
  <classMention id="CHEBI_2015_08_26_Instance_17563">
    <mentionClass id="CHEBI:29103">potassium(1+)</mentionClass>
  </classMention>
  <classMention id="CHEBI_2015_08_26_Instance_180750">
    <mentionClass id="CHEBI_SO_EXT:rRNA">rRNA</mentionClass>
  </classMention>
  <classMention id="CHEBI_2015_08_26_Instance_17561">
    <mentionClass id="CHEBI:29103">potassium(1+)</mentionClass>
  </classMention>
  <classMention id="CHEBI_2015_08_26_Instance_18075">
    <mentionClass id="CHEBI:25179">melanin</mentionClass>
  </classMention>
  <classMention id="CHEBI_2015_08_26_Instance_17567">
    <mentionClass id="CHEBI:29103">potassium(1+)</mentionClass>
  </classMention>
  <classMention id="CHEBI_2015_08_26_Instance_180754">
    <mentionClass id="CHEBI_SO_EXT:RNA">RNA</mentionClass>
  </classMention>
  <classMention id="CHEBI_2015_08_26_Instance_17565">
    <mentionClass id="CHEBI:29103">potassium(1+)</mentionClass>
  </classMention>
  <classMention id="CHEBI_2015_08_26_Instance_180752">
    <mentionClass id="CHEBI_SO_EXT:rRNA">rRNA</mentionClass>
  </classMention>
  <classMention id="CHEBI_2015_08_26_Instance_17571">
    <mentionClass id="CHEBI:29103">potassium(1+)</mentionClass>
  </classMention>
  <classMention id="CHEBI_2015_08_26_Instance_180758">
    <mentionClass id="CHEBI_SO_EXT:mRNA">mRNA</mentionClass>
  </classMention>
  <classMention id="CHEBI_2015_08_26_Instance_17569">
    <mentionClass id="CHEBI:29103">potassium(1+)</mentionClass>
  </classMention>
  <classMention id="CHEBI_2015_08_26_Instance_180756">
    <mentionClass id="CHEBI_SO_EXT:rRNA">rRNA</mentionClass>
  </classMention>
  <classMention id="CHEBI_2015_08_26_Instance_17575">
    <mentionClass id="CHEBI:29103">potassium(1+)</mentionClass>
  </classMention>
  <classMention id="CHEBI_2015_08_26_Instance_180762">
    <mentionClass id="CHEBI_SO_EXT:rRNA">rRNA</mentionClass>
  </classMention>
  <classMention id="CHEBI_2015_08_26_Instance_380332">
    <mentionClass id="CHEBI_SO_EXT:molecular_label_or_mark_or_tag_process">molecular label/mark/tag process</mentionClass>
  </classMention>
  <classMention id="CHEBI_2015_08_26_Instance_17573">
    <mentionClass id="CHEBI:29103">potassium(1+)</mentionClass>
  </classMention>
  <classMention id="CHEBI_2015_08_26_Instance_180760">
    <mentionClass id="CHEBI_SO_EXT:mRNA">mRNA</mentionClass>
  </classMention>
  <classMention id="CHEBI_2015_08_26_Instance_380330">
    <mentionClass id="CHEBI_SO_EXT:molecular_label_or_mark_or_tag_process">molecular label/mark/tag process</mentionClass>
  </classMention>
  <classMention id="CHEBI_2015_08_26_Instance_17579">
    <mentionClass id="CHEBI:29103">potassium(1+)</mentionClass>
  </classMention>
  <classMention id="CHEBI_2015_08_26_Instance_180766">
    <mentionClass id="CHEBI:3213">bumetanide</mentionClass>
  </classMention>
  <classMention id="CHEBI_2015_08_26_Instance_380336">
    <mentionClass id="CHEBI_SO_EXT:molecular_label_or_mark_or_tag_process">molecular label/mark/tag process</mentionClass>
  </classMention>
  <classMention id="CHEBI_2015_08_26_Instance_17577">
    <mentionClass id="CHEBI:29103">potassium(1+)</mentionClass>
  </classMention>
  <classMention id="CHEBI_2015_08_26_Instance_180764">
    <mentionClass id="CHEBI_SO_EXT:rRNA">rRNA</mentionClass>
  </classMention>
  <classMention id="CHEBI_2015_08_26_Instance_380334">
    <mentionClass id="CHEBI_SO_EXT:molecular_label_or_mark_or_tag_process">molecular label/mark/tag process</mentionClass>
  </classMention>
  <classMention id="CHEBI_2015_08_26_Instance_17583">
    <mentionClass id="CHEBI:29103">potassium(1+)</mentionClass>
  </classMention>
  <classMention id="CHEBI_2015_08_26_Instance_18077">
    <mentionClass id="CHEBI_EXT:26130">biological pigment</mentionClass>
  </classMention>
  <classMention id="CHEBI_2015_08_26_Instance_17581">
    <mentionClass id="CHEBI:29103">potassium(1+)</mentionClass>
  </classMention>
  <classMention id="CHEBI_2015_08_26_Instance_180768">
    <mentionClass id="CHEBI:3213">bumetanide</mentionClass>
  </classMention>
  <classMention id="CHEBI_2015_08_26_Instance_17587">
    <mentionClass id="CHEBI:29103">potassium(1+)</mentionClass>
  </classMention>
  <classMention id="CHEBI_2015_08_26_Instance_180772">
    <mentionClass id="CHEBI:3213">bumetanide</mentionClass>
  </classMention>
  <classMention id="CHEBI_2015_08_26_Instance_17585">
    <mentionClass id="CHEBI:29103">potassium(1+)</mentionClass>
  </classMention>
  <classMention id="CHEBI_2015_08_26_Instance_180770">
    <mentionClass id="CHEBI_EXT:77608">loop diuretic</mentionClass>
  </classMention>
  <classMention id="CHEBI_2015_08_26_Instance_17591">
    <mentionClass id="CHEBI:29101">sodium(1+)</mentionClass>
  </classMention>
  <classMention id="CHEBI_2015_08_26_Instance_180776">
    <mentionClass id="CHEBI_SO_EXT:cysteine">cysteine</mentionClass>
  </classMention>
  <classMention id="CHEBI_2015_08_26_Instance_17589">
    <mentionClass id="CHEBI:29103">potassium(1+)</mentionClass>
  </classMention>
  <classMention id="CHEBI_2015_08_26_Instance_180774">
    <mentionClass id="CHEBI_SO_EXT:mRNA">mRNA</mentionClass>
  </classMention>
  <classMention id="CHEBI_2015_08_26_Instance_17595">
    <mentionClass id="CHEBI:29101">sodium(1+)</mentionClass>
  </classMention>
  <classMention id="CHEBI_2015_08_26_Instance_180780">
    <mentionClass id="CHEBI_SO_EXT:cysteine">cysteine</mentionClass>
  </classMention>
  <classMention id="CHEBI_2015_08_26_Instance_17593">
    <mentionClass id="CHEBI:29101">sodium(1+)</mentionClass>
  </classMention>
  <classMention id="CHEBI_2015_08_26_Instance_180778">
    <mentionClass id="CHEBI_SO_EXT:cysteine">cysteine</mentionClass>
  </classMention>
  <classMention id="CHEBI_2015_08_26_Instance_17599">
    <mentionClass id="CHEBI:29101">sodium(1+)</mentionClass>
  </classMention>
  <classMention id="CHEBI_2015_08_26_Instance_180786">
    <mentionClass id="CHEBI_SO_EXT:glycine">glycine</mentionClass>
  </classMention>
  <classMention id="CHEBI_2015_08_26_Instance_17597">
    <mentionClass id="CHEBI:29101">sodium(1+)</mentionClass>
  </classMention>
  <classMention id="CHEBI_2015_08_26_Instance_180784">
    <mentionClass id="CHEBI_EXT:glutamate">glutamate</mentionClass>
  </classMention>
  <classMention id="CHEBI_2015_08_26_Instance_17603">
    <mentionClass id="CHEBI:29101">sodium(1+)</mentionClass>
  </classMention>
  <classMention id="CHEBI_2015_08_26_Instance_17601">
    <mentionClass id="CHEBI:29101">sodium(1+)</mentionClass>
  </classMention>
  <classMention id="CHEBI_2015_08_26_Instance_180788">
    <mentionClass id="CHEBI_SO_EXT:glycine">glycine</mentionClass>
  </classMention>
  <classMention id="CHEBI_2015_08_26_Instance_17607">
    <mentionClass id="CHEBI:16382">iodide</mentionClass>
  </classMention>
  <classMention id="CHEBI_2015_08_26_Instance_17605">
    <mentionClass id="CHEBI:29101">sodium(1+)</mentionClass>
  </classMention>
  <classMention id="CHEBI_2015_08_26_Instance_180792">
    <mentionClass id="CHEBI_EXT:sulfur">sulfur</mentionClass>
  </classMention>
  <classMention id="CHEBI_2015_08_26_Instance_17611">
    <mentionClass id="CHEBI:49706">perchlorate</mentionClass>
  </classMention>
  <classMention id="CHEBI_2015_08_26_Instance_17609">
    <mentionClass id="CHEBI:16382">iodide</mentionClass>
  </classMention>
  <classMention id="CHEBI_2015_08_26_Instance_17615">
    <mentionClass id="CHEBI:17996">chloride</mentionClass>
  </classMention>
  <classMention id="CHEBI_2015_08_26_Instance_17613">
    <mentionClass id="CHEBI:22563">anion</mentionClass>
  </classMention>
  <classMention id="CHEBI_2015_08_26_Instance_17619">
    <mentionClass id="CHEBI:15740">formate</mentionClass>
  </classMention>
  <classMention id="CHEBI_2015_08_26_Instance_17617">
    <mentionClass id="CHEBI:16382">iodide</mentionClass>
  </classMention>
  <classMention id="CHEBI_2015_08_26_Instance_17635">
    <mentionClass id="CHEBI:17992">sucrose</mentionClass>
  </classMention>
  <classMention id="CHEBI_2015_08_26_Instance_360024">
    <mentionClass id="CHEBI_EXT:26130">biological pigment</mentionClass>
  </classMention>
  <classMention id="CHEBI_2015_08_26_Instance_17625">
    <mentionClass id="CHEBI:17996">chloride</mentionClass>
  </classMention>
  <classMention id="CHEBI_2015_08_26_Instance_17639">
    <mentionClass id="CHEBI:8040">phalloidin</mentionClass>
  </classMention>
  <classMention id="CHEBI_2015_08_26_Instance_17637">
    <mentionClass id="CHEBI:46793">poly(ethylene glycol)</mentionClass>
  </classMention>
  <classMention id="CHEBI_2015_08_26_Instance_17647">
    <mentionClass id="CHEBI:2511">agarose</mentionClass>
  </classMention>
  <classMention id="CHEBI_2015_08_26_Instance_17645">
    <mentionClass id="CHEBI:17997">dinitrogen</mentionClass>
  </classMention>
  <classMention id="CHEBI_2015_08_26_Instance_17655">
    <mentionClass id="CHEBI:36916">cation</mentionClass>
  </classMention>
  <classMention id="CHEBI_2015_08_26_Instance_17653">
    <mentionClass id="CHEBI:26714">sodium salt</mentionClass>
  </classMention>
  <classMention id="CHEBI_2015_08_26_Instance_17659">
    <mentionClass id="CHEBI:17544">hydrogencarbonate</mentionClass>
  </classMention>
  <classMention id="CHEBI_2015_08_26_Instance_17657">
    <mentionClass id="CHEBI:17544">hydrogencarbonate</mentionClass>
  </classMention>
  <classMention id="CHEBI_2015_08_26_Instance_17663">
    <mentionClass id="CHEBI:17544">hydrogencarbonate</mentionClass>
  </classMention>
  <classMention id="CHEBI_2015_08_26_Instance_17661">
    <mentionClass id="CHEBI:17544">hydrogencarbonate</mentionClass>
  </classMention>
  <classMention id="CHEBI_2015_08_26_Instance_17667">
    <mentionClass id="CHEBI:17544">hydrogencarbonate</mentionClass>
  </classMention>
  <classMention id="CHEBI_2015_08_26_Instance_17665">
    <mentionClass id="CHEBI:17544">hydrogencarbonate</mentionClass>
  </classMention>
  <classMention id="CHEBI_2015_08_26_Instance_17671">
    <mentionClass id="CHEBI:17544">hydrogencarbonate</mentionClass>
  </classMention>
  <classMention id="CHEBI_2015_08_26_Instance_17669">
    <mentionClass id="CHEBI:17544">hydrogencarbonate</mentionClass>
  </classMention>
  <classMention id="CHEBI_2015_08_26_Instance_17675">
    <mentionClass id="CHEBI:17544">hydrogencarbonate</mentionClass>
  </classMention>
  <classMention id="CHEBI_2015_08_26_Instance_17673">
    <mentionClass id="CHEBI:17544">hydrogencarbonate</mentionClass>
  </classMention>
  <classMention id="CHEBI_2015_08_26_Instance_17679">
    <mentionClass id="CHEBI:16526">carbon dioxide</mentionClass>
  </classMention>
  <classMention id="CHEBI_2015_08_26_Instance_17677">
    <mentionClass id="CHEBI:17544">hydrogencarbonate</mentionClass>
  </classMention>
  <classMention id="CHEBI_2015_08_26_Instance_17685">
    <mentionClass id="CHEBI:16526">carbon dioxide</mentionClass>
  </classMention>
  <classMention id="CHEBI_2015_08_26_Instance_17683">
    <mentionClass id="CHEBI:16526">carbon dioxide</mentionClass>
  </classMention>
  <classMention id="CHEBI_2015_08_26_Instance_17689">
    <mentionClass id="CHEBI:16526">carbon dioxide</mentionClass>
  </classMention>
  <classMention id="CHEBI_2015_08_26_Instance_17687">
    <mentionClass id="CHEBI:26519">radical</mentionClass>
  </classMention>
  <classMention id="CHEBI_2015_08_26_Instance_17695">
    <mentionClass id="CHEBI:16526">carbon dioxide</mentionClass>
  </classMention>
  <classMention id="CHEBI_2015_08_26_Instance_17691">
    <mentionClass id="CHEBI:26519">radical</mentionClass>
  </classMention>
  <classMention id="CHEBI_2015_08_26_Instance_17699">
    <mentionClass id="CHEBI:26519">radical</mentionClass>
  </classMention>
  <classMention id="CHEBI_2015_08_26_Instance_17697">
    <mentionClass id="CHEBI:26519">radical</mentionClass>
  </classMention>
  <classMention id="CHEBI_2015_08_26_Instance_17703">
    <mentionClass id="CHEBI:26519">radical</mentionClass>
  </classMention>
  <classMention id="CHEBI_2015_08_26_Instance_370056">
    <mentionClass id="CHEBI_GO_EXT:biological_process_or_quality_or_role">biological process, quality or role</mentionClass>
  </classMention>
  <classMention id="CHEBI_2015_08_26_Instance_17701">
    <mentionClass id="CHEBI:26519">radical</mentionClass>
  </classMention>
  <classMention id="CHEBI_2015_08_26_Instance_17707">
    <mentionClass id="CHEBI:26519">radical</mentionClass>
  </classMention>
  <classMention id="CHEBI_2015_08_26_Instance_17705">
    <mentionClass id="CHEBI:26519">radical</mentionClass>
  </classMention>
  <classMention id="CHEBI_2015_08_26_Instance_370058">
    <mentionClass id="CHEBI_GO_EXT:biological_process_or_quality_or_role">biological process, quality or role</mentionClass>
  </classMention>
  <classMention id="CHEBI_2015_08_26_Instance_17711">
    <mentionClass id="CHEBI:26519">radical</mentionClass>
  </classMention>
  <classMention id="CHEBI_2015_08_26_Instance_17709">
    <mentionClass id="CHEBI:26519">radical</mentionClass>
  </classMention>
  <classMention id="CHEBI_2015_08_26_Instance_17721">
    <mentionClass id="CHEBI:16856">glutathione</mentionClass>
  </classMention>
  <classMention id="CHEBI_2015_08_26_Instance_17715">
    <mentionClass id="CHEBI:16856">glutathione</mentionClass>
  </classMention>
  <classMention id="CHEBI_2015_08_26_Instance_17725">
    <mentionClass id="CHEBI:16856">glutathione</mentionClass>
  </classMention>
  <classMention id="CHEBI_2015_08_26_Instance_17723">
    <mentionClass id="CHEBI:16856">glutathione</mentionClass>
  </classMention>
  <classMention id="CHEBI_2015_08_26_Instance_13929">
    <mentionClass id="CHEBI:36357">polyatomic entity</mentionClass>
  </classMention>
  <classMention id="CHEBI_2015_08_26_Instance_13927">
    <mentionClass id="CHEBI:36357">polyatomic entity</mentionClass>
  </classMention>
  <classMention id="CHEBI_2015_08_26_Instance_13933">
    <mentionClass id="CHEBI:36357">polyatomic entity</mentionClass>
  </classMention>
  <classMention id="CHEBI_2015_08_26_Instance_13931">
    <mentionClass id="CHEBI:36357">polyatomic entity</mentionClass>
  </classMention>
  <classMention id="CHEBI_2015_08_26_Instance_330786">
    <mentionClass id="CHEBI:75958">solution</mentionClass>
  </classMention>
  <classMention id="CHEBI_2015_08_26_Instance_330328">
    <mentionClass id="CHEBI:36357">polyatomic entity</mentionClass>
  </classMention>
  <classMention id="CHEBI_2015_08_26_Instance_330330">
    <mentionClass id="CHEBI:36357">polyatomic entity</mentionClass>
  </classMention>
  <classMention id="CHEBI_2015_08_26_Instance_330334">
    <mentionClass id="CHEBI:36357">polyatomic entity</mentionClass>
  </classMention>
  <classMention id="CHEBI_2015_08_26_Instance_330332">
    <mentionClass id="CHEBI:36357">polyatomic entity</mentionClass>
  </classMention>
  <classMention id="CHEBI_2015_08_26_Instance_380024">
    <mentionClass id="CHEBI_CHMO_EXT:buffer_process">buffer process</mentionClass>
  </classMention>
  <classMention id="CHEBI_2015_08_26_Instance_330336">
    <mentionClass id="CHEBI:36357">polyatomic entity</mentionClass>
  </classMention>
  <classMention id="CHEBI_2015_08_26_Instance_410003">
    <mentionClass id="CHEBI_SO_EXT:glutamate_or_glutamic_acid">glutamate or glutamic acid</mentionClass>
  </classMention>
  <classMention id="CHEBI_2015_08_26_Instance_330358">
    <mentionClass id="CHEBI_EXT:26130">biological pigment</mentionClass>
  </classMention>
  <classMention id="CHEBI_2015_08_26_Instance_180626">
    <mentionClass id="CHEBI_SO_EXT:mRNA">mRNA</mentionClass>
  </classMention>
  <classMention id="CHEBI_2015_08_26_Instance_180630">
    <mentionClass id="CHEBI_SO_EXT:mRNA">mRNA</mentionClass>
  </classMention>
  <classMention id="CHEBI_2015_08_26_Instance_380178">
    <mentionClass id="CHEBI_EXT:anaesthetic_process">anaesthetic process</mentionClass>
  </classMention>
  <classMention id="CHEBI_2015_08_26_Instance_180628">
    <mentionClass id="CHEBI_SO_EXT:mRNA">mRNA</mentionClass>
  </classMention>
  <classMention id="CHEBI_2015_08_26_Instance_180636">
    <mentionClass id="CHEBI_EXT:phosphate">phosphate</mentionClass>
  </classMention>
  <classMention id="CHEBI_2015_08_26_Instance_380182">
    <mentionClass id="CHEBI_EXT:anaesthetic_process">anaesthetic process</mentionClass>
  </classMention>
  <classMention id="CHEBI_2015_08_26_Instance_180632">
    <mentionClass id="CHEBI:7984">Pentobarbital sodium</mentionClass>
  </classMention>
  <classMention id="CHEBI_2015_08_26_Instance_380180">
    <mentionClass id="CHEBI_EXT:anaesthetic_process">anaesthetic process</mentionClass>
  </classMention>
  <classMention id="CHEBI_2015_08_26_Instance_180640">
    <mentionClass id="CHEBI:84997">sodium gluconate</mentionClass>
  </classMention>
  <classMention id="CHEBI_2015_08_26_Instance_380184">
    <mentionClass id="CHEBI_EXT:anaesthetic_process">anaesthetic process</mentionClass>
  </classMention>
  <classMention id="CHEBI_2015_08_26_Instance_180644">
    <mentionClass id="CHEBI_EXT:paraformaldehye">paraformaldehyde</mentionClass>
  </classMention>
  <classMention id="CHEBI_2015_08_26_Instance_180642">
    <mentionClass id="CHEBI:75958">solution</mentionClass>
  </classMention>
  <classMention id="CHEBI_2015_08_26_Instance_180648">
    <mentionClass id="CHEBI:9750">Triton X-100</mentionClass>
  </classMention>
  <classMention id="CHEBI_2015_08_26_Instance_180646">
    <mentionClass id="CHEBI_EXT:EDTA">EDTA</mentionClass>
  </classMention>
  <classMention id="CHEBI_2015_08_26_Instance_180650">
    <mentionClass id="CHEBI:9750">Triton X-100</mentionClass>
  </classMention>
  <classMention id="CHEBI_2015_08_26_Instance_180654">
    <mentionClass id="CHEBI:9750">Triton X-100</mentionClass>
  </classMention>
  <classMention id="CHEBI_2015_08_26_Instance_180652">
    <mentionClass id="CHEBI:9750">Triton X-100</mentionClass>
  </classMention>
  <classMention id="CHEBI_2015_08_26_Instance_180658">
    <mentionClass id="CHEBI:52661">Alexa Fluor 488</mentionClass>
  </classMention>
  <classMention id="CHEBI_2015_08_26_Instance_180656">
    <mentionClass id="CHEBI:9750">Triton X-100</mentionClass>
  </classMention>
  <classMention id="CHEBI_2015_08_26_Instance_180662">
    <mentionClass id="CHEBI:51248">Alexa Fluor 594</mentionClass>
  </classMention>
  <classMention id="CHEBI_2015_08_26_Instance_180660">
    <mentionClass id="CHEBI:51248">Alexa Fluor 594</mentionClass>
  </classMention>
  <classMention id="CHEBI_2015_08_26_Instance_180666">
    <mentionClass id="CHEBI:52661">Alexa Fluor 488</mentionClass>
  </classMention>
  <classMention id="CHEBI_2015_08_26_Instance_180664">
    <mentionClass id="CHEBI_SO_EXT:molecular_probe">molecular probe</mentionClass>
  </classMention>
  <classMention id="CHEBI_2015_08_26_Instance_180668">
    <mentionClass id="CHEBI_SO_EXT:molecular_probe">molecular probe</mentionClass>
  </classMention>
  <classMention id="CHEBI_2015_08_26_Instance_180672">
    <mentionClass id="CHEBI:7984">Pentobarbital sodium</mentionClass>
  </classMention>
  <classMention id="CHEBI_2015_08_26_Instance_180670">
    <mentionClass id="CHEBI:9750">Triton X-100</mentionClass>
  </classMention>
  <classMention id="CHEBI_2015_08_26_Instance_180676">
    <mentionClass id="CHEBI_SO_EXT:DNA">DNA</mentionClass>
  </classMention>
  <classMention id="CHEBI_2015_08_26_Instance_301128">
    <mentionClass id="CHEBI_PR_EXT:protein">protein</mentionClass>
  </classMention>
  <classMention id="CHEBI_2015_08_26_Instance_180674">
    <mentionClass id="CHEBI_SO_EXT:RNA">RNA</mentionClass>
  </classMention>
  <classMention id="CHEBI_2015_08_26_Instance_301126">
    <mentionClass id="CHEBI_PR_EXT:protein">protein</mentionClass>
  </classMention>
  <classMention id="CHEBI_2015_08_26_Instance_301132">
    <mentionClass id="CHEBI_PR_EXT:protein">protein</mentionClass>
  </classMention>
  <classMention id="CHEBI_2015_08_26_Instance_180682">
    <mentionClass id="CHEBI_SO_EXT:rRNA">rRNA</mentionClass>
  </classMention>
  <classMention id="CHEBI_2015_08_26_Instance_180678">
    <mentionClass id="CHEBI_GO_SO_EXT:enzyme">enzyme</mentionClass>
  </classMention>
  <classMention id="CHEBI_2015_08_26_Instance_301130">
    <mentionClass id="CHEBI_PR_EXT:protein">protein</mentionClass>
  </classMention>
  <classMention id="CHEBI_2015_08_26_Instance_301136">
    <mentionClass id="CHEBI_PR_EXT:protein">protein</mentionClass>
  </classMention>
  <classMention id="CHEBI_2015_08_26_Instance_180686">
    <mentionClass id="CHEBI_SO_EXT:RNA">RNA</mentionClass>
  </classMention>
  <classMention id="CHEBI_2015_08_26_Instance_301134">
    <mentionClass id="CHEBI_PR_EXT:protein">protein</mentionClass>
  </classMention>
  <classMention id="CHEBI_2015_08_26_Instance_180684">
    <mentionClass id="CHEBI_SO_EXT:RNA">RNA</mentionClass>
  </classMention>
  <classMention id="CHEBI_2015_08_26_Instance_17499">
    <mentionClass id="CHEBI:29103">potassium(1+)</mentionClass>
  </classMention>
  <classMention id="CHEBI_2015_08_26_Instance_301140">
    <mentionClass id="CHEBI_PR_EXT:protein">protein</mentionClass>
  </classMention>
  <classMention id="CHEBI_2015_08_26_Instance_301138">
    <mentionClass id="CHEBI_PR_EXT:protein">protein</mentionClass>
  </classMention>
  <classMention id="CHEBI_2015_08_26_Instance_180688">
    <mentionClass id="CHEBI:51461">SYBR Green I</mentionClass>
  </classMention>
  <classMention id="CHEBI_2015_08_26_Instance_17503">
    <mentionClass id="CHEBI:29103">potassium(1+)</mentionClass>
  </classMention>
  <classMention id="CHEBI_2015_08_26_Instance_301144">
    <mentionClass id="CHEBI_PR_EXT:protein">protein</mentionClass>
  </classMention>
  <classMention id="CHEBI_2015_08_26_Instance_180692">
    <mentionClass id="CHEBI_SO_EXT:rRNA">rRNA</mentionClass>
  </classMention>
  <classMention id="CHEBI_2015_08_26_Instance_17501">
    <mentionClass id="CHEBI:29103">potassium(1+)</mentionClass>
  </classMention>
  <classMention id="CHEBI_2015_08_26_Instance_301142">
    <mentionClass id="CHEBI_PR_EXT:protein">protein</mentionClass>
  </classMention>
  <classMention id="CHEBI_2015_08_26_Instance_180690">
    <mentionClass id="CHEBI_SO_EXT:molecular_probe">molecular probe</mentionClass>
  </classMention>
  <classMention id="CHEBI_2015_08_26_Instance_17507">
    <mentionClass id="CHEBI:29103">potassium(1+)</mentionClass>
  </classMention>
  <classMention id="CHEBI_2015_08_26_Instance_301148">
    <mentionClass id="CHEBI_PR_EXT:protein">protein</mentionClass>
  </classMention>
  <classMention id="CHEBI_2015_08_26_Instance_180696">
    <mentionClass id="CHEBI_SO_EXT:rRNA">rRNA</mentionClass>
  </classMention>
  <classMention id="CHEBI_2015_08_26_Instance_17505">
    <mentionClass id="CHEBI:29103">potassium(1+)</mentionClass>
  </classMention>
  <classMention id="CHEBI_2015_08_26_Instance_301146">
    <mentionClass id="CHEBI_PR_EXT:protein">protein</mentionClass>
  </classMention>
  <classMention id="CHEBI_2015_08_26_Instance_180694">
    <mentionClass id="CHEBI_SO_EXT:mRNA">mRNA</mentionClass>
  </classMention>
  <classMention id="CHEBI_2015_08_26_Instance_17511">
    <mentionClass id="CHEBI:29103">potassium(1+)</mentionClass>
  </classMention>
  <classMention id="CHEBI_2015_08_26_Instance_301152">
    <mentionClass id="CHEBI_PR_EXT:protein">protein</mentionClass>
  </classMention>
  <classMention id="CHEBI_2015_08_26_Instance_180700">
    <mentionClass id="CHEBI:7984">Pentobarbital sodium</mentionClass>
  </classMention>
  <classMention id="CHEBI_2015_08_26_Instance_17509">
    <mentionClass id="CHEBI:29103">potassium(1+)</mentionClass>
  </classMention>
  <classMention id="CHEBI_2015_08_26_Instance_301150">
    <mentionClass id="CHEBI_PR_EXT:protein">protein</mentionClass>
  </classMention>
  <classMention id="CHEBI_2015_08_26_Instance_180698">
    <mentionClass id="CHEBI_SO_EXT:rRNA">rRNA</mentionClass>
  </classMention>
  <classMention id="CHEBI_2015_08_26_Instance_17515">
    <mentionClass id="CHEBI:29103">potassium(1+)</mentionClass>
  </classMention>
  <classMention id="CHEBI_2015_08_26_Instance_180704">
    <mentionClass id="CHEBI_EXT:platinum">platinum</mentionClass>
  </classMention>
  <classMention id="CHEBI_2015_08_26_Instance_301156">
    <mentionClass id="CHEBI_PR_EXT:protein">protein</mentionClass>
  </classMention>
  <classMention id="CHEBI_2015_08_26_Instance_17513">
    <mentionClass id="CHEBI:29103">potassium(1+)</mentionClass>
  </classMention>
  <classMention id="CHEBI_2015_08_26_Instance_301154">
    <mentionClass id="CHEBI_PR_EXT:protein">protein</mentionClass>
  </classMention>
  <classMention id="CHEBI_2015_08_26_Instance_17519">
    <mentionClass id="CHEBI:29103">potassium(1+)</mentionClass>
  </classMention>
  <classMention id="CHEBI_2015_08_26_Instance_301160">
    <mentionClass id="CHEBI_PR_EXT:protein">protein</mentionClass>
  </classMention>
  <classMention id="CHEBI_2015_08_26_Instance_180710">
    <mentionClass id="CHEBI_EXT:platinum">platinum</mentionClass>
  </classMention>
  <classMention id="CHEBI_2015_08_26_Instance_17517">
    <mentionClass id="CHEBI:29103">potassium(1+)</mentionClass>
  </classMention>
  <classMention id="CHEBI_2015_08_26_Instance_301158">
    <mentionClass id="CHEBI_PR_EXT:protein">protein</mentionClass>
  </classMention>
  <classMention id="CHEBI_2015_08_26_Instance_180708">
    <mentionClass id="CHEBI_EXT:iridium">iridium</mentionClass>
  </classMention>
  <classMention id="CHEBI_2015_08_26_Instance_17523">
    <mentionClass id="CHEBI:29103">potassium(1+)</mentionClass>
  </classMention>
  <classMention id="CHEBI_2015_08_26_Instance_301164">
    <mentionClass id="CHEBI_PR_EXT:protein">protein</mentionClass>
  </classMention>
  <classMention id="CHEBI_2015_08_26_Instance_330052">
    <mentionClass id="CHEBI_EXT:polyatomic_entity_or_group">polyatomic entity or group</mentionClass>
  </classMention>
  <classMention id="CHEBI_2015_08_26_Instance_180714">
    <mentionClass id="CHEBI_SO_EXT:mRNA">mRNA</mentionClass>
  </classMention>
  <classMention id="CHEBI_2015_08_26_Instance_17521">
    <mentionClass id="CHEBI:29103">potassium(1+)</mentionClass>
  </classMention>
  <classMention id="CHEBI_2015_08_26_Instance_301162">
    <mentionClass id="CHEBI_PR_EXT:protein">protein</mentionClass>
  </classMention>
  <classMention id="CHEBI_2015_08_26_Instance_330050">
    <mentionClass id="CHEBI_EXT:polyatomic_entity_or_group">polyatomic entity or group</mentionClass>
  </classMention>
  <classMention id="CHEBI_2015_08_26_Instance_180712">
    <mentionClass id="CHEBI_EXT:platinum">platinum</mentionClass>
  </classMention>
  <classMention id="CHEBI_2015_08_26_Instance_17527">
    <mentionClass id="CHEBI:29103">potassium(1+)</mentionClass>
  </classMention>
  <classMention id="CHEBI_2015_08_26_Instance_301168">
    <mentionClass id="CHEBI_PR_EXT:protein">protein</mentionClass>
  </classMention>
  <classMention id="CHEBI_2015_08_26_Instance_330056">
    <mentionClass id="CHEBI_EXT:polyatomic_entity_or_group">polyatomic entity or group</mentionClass>
  </classMention>
  <classMention id="CHEBI_2015_08_26_Instance_180718">
    <mentionClass id="CHEBI_SO_EXT:peptide_or_peptide_region">peptide or peptide region</mentionClass>
  </classMention>
  <classMention id="CHEBI_2015_08_26_Instance_17525">
    <mentionClass id="CHEBI:29103">potassium(1+)</mentionClass>
  </classMention>
  <classMention id="CHEBI_2015_08_26_Instance_301166">
    <mentionClass id="CHEBI_PR_EXT:protein">protein</mentionClass>
  </classMention>
  <classMention id="CHEBI_2015_08_26_Instance_330054">
    <mentionClass id="CHEBI_EXT:polyatomic_entity_or_group">polyatomic entity or group</mentionClass>
  </classMention>
  <classMention id="CHEBI_2015_08_26_Instance_180716">
    <mentionClass id="CHEBI_EXT:59132">antigen</mentionClass>
  </classMention>
  <classMention id="CHEBI_2015_08_26_Instance_17531">
    <mentionClass id="CHEBI:29103">potassium(1+)</mentionClass>
  </classMention>
  <classMention id="CHEBI_2015_08_26_Instance_180722">
    <mentionClass id="CHEBI_SO_EXT:RNA">RNA</mentionClass>
  </classMention>
  <classMention id="CHEBI_2015_08_26_Instance_17529">
    <mentionClass id="CHEBI:29103">potassium(1+)</mentionClass>
  </classMention>
  <classMention id="CHEBI_2015_08_26_Instance_301170">
    <mentionClass id="CHEBI_PR_EXT:protein">protein</mentionClass>
  </classMention>
  <classMention id="CHEBI_2015_08_26_Instance_330058">
    <mentionClass id="CHEBI_EXT:polyatomic_entity_or_group">polyatomic entity or group</mentionClass>
  </classMention>
  <classMention id="CHEBI_2015_08_26_Instance_180720">
    <mentionClass id="CHEBI_SO_EXT:mRNA">mRNA</mentionClass>
  </classMention>
  <classMention id="CHEBI_2015_08_26_Instance_17535">
    <mentionClass id="CHEBI:29103">potassium(1+)</mentionClass>
  </classMention>
  <classMention id="CHEBI_2015_08_26_Instance_180726">
    <mentionClass id="CHEBI_SO_EXT:mRNA">mRNA</mentionClass>
  </classMention>
  <classMention id="CHEBI_2015_08_26_Instance_17533">
    <mentionClass id="CHEBI:29103">potassium(1+)</mentionClass>
  </classMention>
  <classMention id="CHEBI_2015_08_26_Instance_180724">
    <mentionClass id="CHEBI_SO_EXT:rRNA">rRNA</mentionClass>
  </classMention>
</annotations>

