<?xml version="1.0" encoding="UTF-8"?>
<annotations textSource="15619330.txt">
  <annotation>
    <mention id="CHEBI_2015_08_26_backup_Instance_128" />
    <span start="6093" end="6103" />
    <spannedText>C-terminus</spannedText>
  </annotation>
  <annotation>
    <mention id="CHEBI_2015_08_26_backup_Instance_254" />
    <span start="6034" end="6046" />
    <spannedText>N-terminally</spannedText>
  </annotation>
  <annotation>
    <mention id="CHEBI_2015_08_26_Instance_16097" />
    <annotator id="CHEBI_2015_08_26_Instance_10000">Mike Bada, University of Colorado Anschutz Medical Campus</annotator>
    <span start="50" end="57" />
    <spannedText>histone</spannedText>
  </annotation>
  <annotation>
    <mention id="CHEBI_2015_08_26_Instance_181888" />
    <annotator id="CHEBI_2015_08_26_Instance_10000">Mike Bada, University of Colorado Anschutz Medical Campus</annotator>
    <span start="1282" end="1288" />
    <spannedText>photon</spannedText>
  </annotation>
  <annotation>
    <mention id="CHEBI_2015_08_26_Instance_181894" />
    <annotator id="CHEBI_2015_08_26_Instance_10000">Mike Bada, University of Colorado Anschutz Medical Campus</annotator>
    <span start="3935" end="3941" />
    <spannedText>marker</spannedText>
  </annotation>
  <annotation>
    <mention id="CHEBI_2015_08_26_Instance_181896" />
    <annotator id="CHEBI_2015_08_26_Instance_10000">Mike Bada, University of Colorado Anschutz Medical Campus</annotator>
    <span start="4275" end="4278" />
    <spannedText>DNA</spannedText>
  </annotation>
  <annotation>
    <mention id="CHEBI_2015_08_26_Instance_181898" />
    <annotator id="CHEBI_2015_08_26_Instance_10000">Mike Bada, University of Colorado Anschutz Medical Campus</annotator>
    <span start="4962" end="4969" />
    <spannedText>markers</spannedText>
  </annotation>
  <annotation>
    <mention id="CHEBI_2015_08_26_Instance_181902" />
    <annotator id="CHEBI_2015_08_26_Instance_10000">Mike Bada, University of Colorado Anschutz Medical Campus</annotator>
    <span start="8628" end="8634" />
    <spannedText>marker</spannedText>
  </annotation>
  <annotation>
    <mention id="CHEBI_2015_08_26_Instance_181904" />
    <annotator id="CHEBI_2015_08_26_Instance_10000">Mike Bada, University of Colorado Anschutz Medical Campus</annotator>
    <span start="21368" end="21374" />
    <spannedText>marker</spannedText>
  </annotation>
  <annotation>
    <mention id="CHEBI_2015_08_26_Instance_181906" />
    <annotator id="CHEBI_2015_08_26_Instance_10000">Mike Bada, University of Colorado Anschutz Medical Campus</annotator>
    <span start="23601" end="23607" />
    <spannedText>marker</spannedText>
  </annotation>
  <annotation>
    <mention id="CHEBI_2015_08_26_Instance_181908" />
    <annotator id="CHEBI_2015_08_26_Instance_10000">Mike Bada, University of Colorado Anschutz Medical Campus</annotator>
    <span start="25381" end="25397" />
    <spannedText>paraformaldehyde</spannedText>
  </annotation>
  <annotation>
    <mention id="CHEBI_2015_08_26_Instance_181910" />
    <annotator id="CHEBI_2015_08_26_Instance_10000">Mike Bada, University of Colorado Anschutz Medical Campus</annotator>
    <span start="28346" end="28349" />
    <spannedText>DNA</spannedText>
  </annotation>
  <annotation>
    <mention id="CHEBI_2015_08_26_Instance_181912" />
    <annotator id="CHEBI_2015_08_26_Instance_10000">Mike Bada, University of Colorado Anschutz Medical Campus</annotator>
    <span start="28654" end="28669" />
    <spannedText>oligonucleotide</spannedText>
  </annotation>
  <annotation>
    <mention id="CHEBI_2015_08_26_Instance_181914" />
    <annotator id="CHEBI_2015_08_26_Instance_10000">Mike Bada, University of Colorado Anschutz Medical Campus</annotator>
    <span start="29702" end="29706" />
    <spannedText>drug</spannedText>
  </annotation>
  <annotation>
    <mention id="CHEBI_2015_08_26_Instance_181916" />
    <annotator id="CHEBI_2015_08_26_Instance_10000">Mike Bada, University of Colorado Anschutz Medical Campus</annotator>
    <span start="30302" end="30309" />
    <spannedText>gelatin</spannedText>
  </annotation>
  <annotation>
    <mention id="CHEBI_2015_08_26_Instance_181918" />
    <annotator id="CHEBI_2015_08_26_Instance_10000">Mike Bada, University of Colorado Anschutz Medical Campus</annotator>
    <span start="32170" end="32176" />
    <spannedText>Probes</spannedText>
  </annotation>
  <annotation>
    <mention id="CHEBI_2015_08_26_Instance_181920" />
    <annotator id="CHEBI_2015_08_26_Instance_10000">Mike Bada, University of Colorado Anschutz Medical Campus</annotator>
    <span start="32752" end="32768" />
    <spannedText>paraformaldehyde</spannedText>
  </annotation>
  <annotation>
    <mention id="CHEBI_2015_08_26_Instance_181922" />
    <annotator id="CHEBI_2015_08_26_Instance_10000">Mike Bada, University of Colorado Anschutz Medical Campus</annotator>
    <span start="33222" end="33227" />
    <spannedText>Argon</spannedText>
  </annotation>
  <annotation>
    <mention id="CHEBI_2015_08_26_Instance_181924" />
    <annotator id="CHEBI_2015_08_26_Instance_10000">Mike Bada, University of Colorado Anschutz Medical Campus</annotator>
    <span start="33283" end="33289" />
    <spannedText>photon</spannedText>
  </annotation>
  <annotation>
    <mention id="CHEBI_2015_08_26_Instance_181926" />
    <annotator id="CHEBI_2015_08_26_Instance_10000">Mike Bada, University of Colorado Anschutz Medical Campus</annotator>
    <span start="33614" end="33619" />
    <spannedText>Argon</spannedText>
  </annotation>
  <annotation>
    <mention id="CHEBI_2015_08_26_Instance_20067" />
    <annotator id="CHEBI_2015_08_26_Instance_10000">Mike Bada, University of Colorado Anschutz Medical Campus</annotator>
    <span start="620" end="627" />
    <spannedText>histone</spannedText>
  </annotation>
  <annotation>
    <mention id="CHEBI_2015_08_26_Instance_20069" />
    <annotator id="CHEBI_2015_08_26_Instance_10000">Mike Bada, University of Colorado Anschutz Medical Campus</annotator>
    <span start="1473" end="1480" />
    <spannedText>histone</spannedText>
  </annotation>
  <annotation>
    <mention id="CHEBI_2015_08_26_Instance_20071" />
    <annotator id="CHEBI_2015_08_26_Instance_10000">Mike Bada, University of Colorado Anschutz Medical Campus</annotator>
    <span start="4427" end="4435" />
    <spannedText>histones</spannedText>
  </annotation>
  <annotation>
    <mention id="CHEBI_2015_08_26_Instance_20073" />
    <annotator id="CHEBI_2015_08_26_Instance_10000">Mike Bada, University of Colorado Anschutz Medical Campus</annotator>
    <span start="4493" end="4500" />
    <spannedText>Histone</spannedText>
  </annotation>
  <annotation>
    <mention id="CHEBI_2015_08_26_Instance_20075" />
    <annotator id="CHEBI_2015_08_26_Instance_10000">Mike Bada, University of Colorado Anschutz Medical Campus</annotator>
    <span start="4740" end="4747" />
    <spannedText>histone</spannedText>
  </annotation>
  <annotation>
    <mention id="CHEBI_2015_08_26_Instance_20077" />
    <annotator id="CHEBI_2015_08_26_Instance_10000">Mike Bada, University of Colorado Anschutz Medical Campus</annotator>
    <span start="5142" end="5150" />
    <spannedText>histones</spannedText>
  </annotation>
  <annotation>
    <mention id="CHEBI_2015_08_26_Instance_20079" />
    <annotator id="CHEBI_2015_08_26_Instance_10000">Mike Bada, University of Colorado Anschutz Medical Campus</annotator>
    <span start="5343" end="5350" />
    <spannedText>histone</spannedText>
  </annotation>
  <annotation>
    <mention id="CHEBI_2015_08_26_Instance_20081" />
    <annotator id="CHEBI_2015_08_26_Instance_10000">Mike Bada, University of Colorado Anschutz Medical Campus</annotator>
    <span start="5781" end="5788" />
    <spannedText>histone</spannedText>
  </annotation>
  <annotation>
    <mention id="CHEBI_2015_08_26_Instance_20083" />
    <annotator id="CHEBI_2015_08_26_Instance_10000">Mike Bada, University of Colorado Anschutz Medical Campus</annotator>
    <span start="5914" end="5921" />
    <spannedText>histone</spannedText>
  </annotation>
  <annotation>
    <mention id="CHEBI_2015_08_26_Instance_20085" />
    <annotator id="CHEBI_2015_08_26_Instance_10000">Mike Bada, University of Colorado Anschutz Medical Campus</annotator>
    <span start="7471" end="7478" />
    <spannedText>histone</spannedText>
  </annotation>
  <annotation>
    <mention id="CHEBI_2015_08_26_Instance_20087" />
    <annotator id="CHEBI_2015_08_26_Instance_10000">Mike Bada, University of Colorado Anschutz Medical Campus</annotator>
    <span start="19017" end="19024" />
    <spannedText>histone</spannedText>
  </annotation>
  <annotation>
    <mention id="CHEBI_2015_08_26_Instance_20089" />
    <annotator id="CHEBI_2015_08_26_Instance_10000">Mike Bada, University of Colorado Anschutz Medical Campus</annotator>
    <span start="23151" end="23158" />
    <spannedText>histone</spannedText>
  </annotation>
  <annotation>
    <mention id="CHEBI_2015_08_26_Instance_20091" />
    <annotator id="CHEBI_2015_08_26_Instance_10000">Mike Bada, University of Colorado Anschutz Medical Campus</annotator>
    <span start="25037" end="25044" />
    <spannedText>histone</spannedText>
  </annotation>
  <annotation>
    <mention id="CHEBI_2015_08_26_Instance_20093" />
    <annotator id="CHEBI_2015_08_26_Instance_10000">Mike Bada, University of Colorado Anschutz Medical Campus</annotator>
    <span start="26119" end="26126" />
    <spannedText>histone</spannedText>
  </annotation>
  <annotation>
    <mention id="CHEBI_2015_08_26_Instance_20095" />
    <annotator id="CHEBI_2015_08_26_Instance_10000">Mike Bada, University of Colorado Anschutz Medical Campus</annotator>
    <span start="28293" end="28300" />
    <spannedText>histone</spannedText>
  </annotation>
  <annotation>
    <mention id="CHEBI_2015_08_26_Instance_20097" />
    <annotator id="CHEBI_2015_08_26_Instance_10000">Mike Bada, University of Colorado Anschutz Medical Campus</annotator>
    <span start="2545" end="2552" />
    <spannedText>photons</spannedText>
  </annotation>
  <annotation>
    <mention id="CHEBI_2015_08_26_Instance_20107" />
    <annotator id="CHEBI_2015_08_26_Instance_10000">Mike Bada, University of Colorado Anschutz Medical Campus</annotator>
    <span start="20874" end="20880" />
    <spannedText>photon</spannedText>
  </annotation>
  <annotation>
    <mention id="CHEBI_2015_08_26_Instance_20109" />
    <annotator id="CHEBI_2015_08_26_Instance_10000">Mike Bada, University of Colorado Anschutz Medical Campus</annotator>
    <span start="22668" end="22674" />
    <spannedText>photon</spannedText>
  </annotation>
  <annotation>
    <mention id="CHEBI_2015_08_26_Instance_20111" />
    <annotator id="CHEBI_2015_08_26_Instance_10000">Mike Bada, University of Colorado Anschutz Medical Campus</annotator>
    <span start="26708" end="26716" />
    <spannedText>reagents</spannedText>
  </annotation>
  <annotation>
    <mention id="CHEBI_2015_08_26_Instance_20113" />
    <annotator id="CHEBI_2015_08_26_Instance_10000">Mike Bada, University of Colorado Anschutz Medical Campus</annotator>
    <span start="28982" end="28989" />
    <spannedText>Reagent</spannedText>
  </annotation>
  <annotation>
    <mention id="CHEBI_2015_08_26_Instance_20115" />
    <annotator id="CHEBI_2015_08_26_Instance_10000">Mike Bada, University of Colorado Anschutz Medical Campus</annotator>
    <span start="29602" end="29611" />
    <spannedText>puromycin</spannedText>
  </annotation>
  <annotation>
    <mention id="CHEBI_2015_08_26_Instance_20117" />
    <annotator id="CHEBI_2015_08_26_Instance_10000">Mike Bada, University of Colorado Anschutz Medical Campus</annotator>
    <span start="29624" end="29633" />
    <spannedText>Puromycin</spannedText>
  </annotation>
  <annotation>
    <mention id="CHEBI_2015_08_26_Instance_20119" />
    <annotator id="CHEBI_2015_08_26_Instance_10000">Mike Bada, University of Colorado Anschutz Medical Campus</annotator>
    <span start="31633" end="31638" />
    <spannedText>HEPES</spannedText>
  </annotation>
  <annotation>
    <mention id="CHEBI_2015_08_26_Instance_20121" />
    <annotator id="CHEBI_2015_08_26_Instance_10000">Mike Bada, University of Colorado Anschutz Medical Campus</annotator>
    <span start="31891" end="31902" />
    <spannedText>bicarbonate</spannedText>
  </annotation>
  <annotation>
    <mention id="CHEBI_2015_08_26_Instance_20123" />
    <annotator id="CHEBI_2015_08_26_Instance_10000">Mike Bada, University of Colorado Anschutz Medical Campus</annotator>
    <span start="32024" end="32027" />
    <spannedText>CO2</spannedText>
  </annotation>
  <annotation>
    <mention id="CHEBI_2015_08_26_Instance_20129" />
    <annotator id="CHEBI_2015_08_26_Instance_10000">Mike Bada, University of Colorado Anschutz Medical Campus</annotator>
    <span start="33662" end="33668" />
    <spannedText>photon</spannedText>
  </annotation>
  <annotation>
    <mention id="CHEBI_2015_08_26_Instance_20133" />
    <annotator id="CHEBI_2015_08_26_Instance_10000">Mike Bada, University of Colorado Anschutz Medical Campus</annotator>
    <span start="33794" end="33800" />
    <spannedText>photon</spannedText>
  </annotation>
  <annotation>
    <mention id="CHEBI_2015_08_26_Instance_20135" />
    <annotator id="CHEBI_2015_08_26_Instance_10000">Mike Bada, University of Colorado Anschutz Medical Campus</annotator>
    <span start="33884" end="33890" />
    <spannedText>photon</spannedText>
  </annotation>
  <annotation>
    <mention id="CHEBI_2015_08_26_Instance_301380" />
    <annotator id="CHEBI_2015_08_26_Instance_10000">Mike Bada, University of Colorado Anschutz Medical Campus</annotator>
    <span start="70" end="77" />
    <spannedText>protein</spannedText>
  </annotation>
  <annotation>
    <mention id="CHEBI_2015_08_26_Instance_301382" />
    <annotator id="CHEBI_2015_08_26_Instance_10000">Mike Bada, University of Colorado Anschutz Medical Campus</annotator>
    <span start="218" end="226" />
    <spannedText>proteins</spannedText>
  </annotation>
  <annotation>
    <mention id="CHEBI_2015_08_26_Instance_301384" />
    <annotator id="CHEBI_2015_08_26_Instance_10000">Mike Bada, University of Colorado Anschutz Medical Campus</annotator>
    <span start="371" end="378" />
    <spannedText>protein</spannedText>
  </annotation>
  <annotation>
    <mention id="CHEBI_2015_08_26_Instance_301386" />
    <annotator id="CHEBI_2015_08_26_Instance_10000">Mike Bada, University of Colorado Anschutz Medical Campus</annotator>
    <span start="657" end="664" />
    <spannedText>protein</spannedText>
  </annotation>
  <annotation>
    <mention id="CHEBI_2015_08_26_Instance_301388" />
    <annotator id="CHEBI_2015_08_26_Instance_10000">Mike Bada, University of Colorado Anschutz Medical Campus</annotator>
    <span start="2241" end="2248" />
    <spannedText>protein</spannedText>
  </annotation>
  <annotation>
    <mention id="CHEBI_2015_08_26_Instance_301390" />
    <annotator id="CHEBI_2015_08_26_Instance_10000">Mike Bada, University of Colorado Anschutz Medical Campus</annotator>
    <span start="2407" end="2414" />
    <spannedText>protein</spannedText>
  </annotation>
  <annotation>
    <mention id="CHEBI_2015_08_26_Instance_301392" />
    <annotator id="CHEBI_2015_08_26_Instance_10000">Mike Bada, University of Colorado Anschutz Medical Campus</annotator>
    <span start="3064" end="3072" />
    <spannedText>proteins</spannedText>
  </annotation>
  <annotation>
    <mention id="CHEBI_2015_08_26_Instance_301394" />
    <annotator id="CHEBI_2015_08_26_Instance_10000">Mike Bada, University of Colorado Anschutz Medical Campus</annotator>
    <span start="3362" end="3369" />
    <spannedText>protein</spannedText>
  </annotation>
  <annotation>
    <mention id="CHEBI_2015_08_26_Instance_301396" />
    <annotator id="CHEBI_2015_08_26_Instance_10000">Mike Bada, University of Colorado Anschutz Medical Campus</annotator>
    <span start="3927" end="3934" />
    <spannedText>protein</spannedText>
  </annotation>
  <annotation>
    <mention id="CHEBI_2015_08_26_Instance_301398" />
    <annotator id="CHEBI_2015_08_26_Instance_10000">Mike Bada, University of Colorado Anschutz Medical Campus</annotator>
    <span start="4242" end="4249" />
    <spannedText>protein</spannedText>
  </annotation>
  <annotation>
    <mention id="CHEBI_2015_08_26_Instance_301400" />
    <annotator id="CHEBI_2015_08_26_Instance_10000">Mike Bada, University of Colorado Anschutz Medical Campus</annotator>
    <span start="4391" end="4399" />
    <spannedText>proteins</spannedText>
  </annotation>
  <annotation>
    <mention id="CHEBI_2015_08_26_Instance_301402" />
    <annotator id="CHEBI_2015_08_26_Instance_10000">Mike Bada, University of Colorado Anschutz Medical Campus</annotator>
    <span start="4520" end="4527" />
    <spannedText>protein</spannedText>
  </annotation>
  <annotation>
    <mention id="CHEBI_2015_08_26_Instance_301404" />
    <annotator id="CHEBI_2015_08_26_Instance_10000">Mike Bada, University of Colorado Anschutz Medical Campus</annotator>
    <span start="5941" end="5948" />
    <spannedText>protein</spannedText>
  </annotation>
  <annotation>
    <mention id="CHEBI_2015_08_26_Instance_301406" />
    <annotator id="CHEBI_2015_08_26_Instance_10000">Mike Bada, University of Colorado Anschutz Medical Campus</annotator>
    <span start="6141" end="6149" />
    <spannedText>proteins</spannedText>
  </annotation>
  <annotation>
    <mention id="CHEBI_2015_08_26_Instance_301408" />
    <annotator id="CHEBI_2015_08_26_Instance_10000">Mike Bada, University of Colorado Anschutz Medical Campus</annotator>
    <span start="6437" end="6444" />
    <spannedText>protein</spannedText>
  </annotation>
  <annotation>
    <mention id="CHEBI_2015_08_26_Instance_301410" />
    <annotator id="CHEBI_2015_08_26_Instance_10000">Mike Bada, University of Colorado Anschutz Medical Campus</annotator>
    <span start="7350" end="7358" />
    <spannedText>proteins</spannedText>
  </annotation>
  <annotation>
    <mention id="CHEBI_2015_08_26_Instance_301412" />
    <annotator id="CHEBI_2015_08_26_Instance_10000">Mike Bada, University of Colorado Anschutz Medical Campus</annotator>
    <span start="7868" end="7875" />
    <spannedText>protein</spannedText>
  </annotation>
  <annotation>
    <mention id="CHEBI_2015_08_26_Instance_301414" />
    <annotator id="CHEBI_2015_08_26_Instance_10000">Mike Bada, University of Colorado Anschutz Medical Campus</annotator>
    <span start="8975" end="8982" />
    <spannedText>protein</spannedText>
  </annotation>
  <annotation>
    <mention id="CHEBI_2015_08_26_Instance_301416" />
    <annotator id="CHEBI_2015_08_26_Instance_10000">Mike Bada, University of Colorado Anschutz Medical Campus</annotator>
    <span start="10633" end="10640" />
    <spannedText>protein</spannedText>
  </annotation>
  <annotation>
    <mention id="CHEBI_2015_08_26_Instance_301418" />
    <annotator id="CHEBI_2015_08_26_Instance_10000">Mike Bada, University of Colorado Anschutz Medical Campus</annotator>
    <span start="11132" end="11139" />
    <spannedText>protein</spannedText>
  </annotation>
  <annotation>
    <mention id="CHEBI_2015_08_26_Instance_301420" />
    <annotator id="CHEBI_2015_08_26_Instance_10000">Mike Bada, University of Colorado Anschutz Medical Campus</annotator>
    <span start="18360" end="18368" />
    <spannedText>proteins</spannedText>
  </annotation>
  <annotation>
    <mention id="CHEBI_2015_08_26_Instance_301422" />
    <annotator id="CHEBI_2015_08_26_Instance_10000">Mike Bada, University of Colorado Anschutz Medical Campus</annotator>
    <span start="23898" end="23905" />
    <spannedText>protein</spannedText>
  </annotation>
  <annotation>
    <mention id="CHEBI_2015_08_26_Instance_301424" />
    <annotator id="CHEBI_2015_08_26_Instance_10000">Mike Bada, University of Colorado Anschutz Medical Campus</annotator>
    <span start="27675" end="27683" />
    <spannedText>proteins</spannedText>
  </annotation>
  <annotation>
    <mention id="CHEBI_2015_08_26_Instance_330112" />
    <annotator id="CHEBI_2015_08_26_Instance_10000">Mike Bada, University of Colorado Anschutz Medical Campus</annotator>
    <span start="32160" end="32169" />
    <spannedText>Molecular</spannedText>
  </annotation>
  <annotation>
    <mention id="CHEBI_2015_08_26_Instance_330830" />
    <annotator id="CHEBI_2015_08_26_Instance_10000">Mike Bada, University of Colorado Anschutz Medical Campus</annotator>
    <span start="4256" end="4262" />
    <spannedText>marker</spannedText>
  </annotation>
  <annotation>
    <mention id="CHEBI_2015_08_26_Instance_331598" />
    <annotator id="CHEBI_2015_08_26_Instance_10000">Mike Bada, University of Colorado Anschutz Medical Campus</annotator>
    <span start="628" end="635" />
    <spannedText>protein</spannedText>
  </annotation>
  <annotation>
    <mention id="CHEBI_2015_08_26_Instance_340028" />
    <annotator id="CHEBI_2015_08_26_Instance_10000">Mike Bada, University of Colorado Anschutz Medical Campus</annotator>
    <span start="3616" end="3619" />
    <spannedText>tag</spannedText>
  </annotation>
  <annotation>
    <mention id="CHEBI_2015_08_26_Instance_340078" />
    <annotator id="CHEBI_2015_08_26_Instance_10000">Mike Bada, University of Colorado Anschutz Medical Campus</annotator>
    <span start="3370" end="3375" />
    <spannedText>label</spannedText>
  </annotation>
  <annotation>
    <mention id="CHEBI_2015_08_26_Instance_340088" />
    <annotator id="CHEBI_2015_08_26_Instance_10000">Mike Bada, University of Colorado Anschutz Medical Campus</annotator>
    <span start="33686" end="33694" />
    <spannedText>Titanium</spannedText>
  </annotation>
  <annotation>
    <mention id="CHEBI_2015_08_26_Instance_360040" />
    <annotator id="CHEBI_2015_08_26_Instance_10000">Mike Bada, University of Colorado Anschutz Medical Campus</annotator>
    <span start="31489" end="31498" />
    <spannedText>pigmented</spannedText>
  </annotation>
  <annotation>
    <mention id="CHEBI_2015_08_26_Instance_370072" />
    <annotator id="CHEBI_2015_08_26_Instance_10000">Mike Bada, University of Colorado Anschutz Medical Campus</annotator>
    <span start="1919" end="1926" />
    <spannedText>biology</spannedText>
  </annotation>
  <annotation>
    <mention id="CHEBI_2015_08_26_Instance_370074" />
    <annotator id="CHEBI_2015_08_26_Instance_10000">Mike Bada, University of Colorado Anschutz Medical Campus</annotator>
    <span start="27519" end="27529" />
    <spannedText>biological</spannedText>
  </annotation>
  <annotation>
    <mention id="CHEBI_2015_08_26_Instance_370076" />
    <annotator id="CHEBI_2015_08_26_Instance_10000">Mike Bada, University of Colorado Anschutz Medical Campus</annotator>
    <span start="27763" end="27773" />
    <spannedText>biological</spannedText>
  </annotation>
  <annotation>
    <mention id="CHEBI_2015_08_26_Instance_370078" />
    <annotator id="CHEBI_2015_08_26_Instance_10000">Mike Bada, University of Colorado Anschutz Medical Campus</annotator>
    <span start="27895" end="27905" />
    <spannedText>biological</spannedText>
  </annotation>
  <annotation>
    <mention id="CHEBI_2015_08_26_Instance_370080" />
    <annotator id="CHEBI_2015_08_26_Instance_10000">Mike Bada, University of Colorado Anschutz Medical Campus</annotator>
    <span start="28085" end="28092" />
    <spannedText>biology</spannedText>
  </annotation>
  <annotation>
    <mention id="CHEBI_2015_08_26_Instance_370082" />
    <annotator id="CHEBI_2015_08_26_Instance_10000">Mike Bada, University of Colorado Anschutz Medical Campus</annotator>
    <span start="28232" end="28242" />
    <spannedText>biological</spannedText>
  </annotation>
  <annotation>
    <mention id="CHEBI_2015_08_26_Instance_380030" />
    <annotator id="CHEBI_2015_08_26_Instance_10000">Mike Bada, University of Colorado Anschutz Medical Campus</annotator>
    <span start="31639" end="31647" />
    <spannedText>buffered</spannedText>
  </annotation>
  <annotation>
    <mention id="CHEBI_2015_08_26_Instance_380032" />
    <annotator id="CHEBI_2015_08_26_Instance_10000">Mike Bada, University of Colorado Anschutz Medical Campus</annotator>
    <span start="31877" end="31885" />
    <spannedText>buffered</spannedText>
  </annotation>
  <annotation>
    <mention id="CHEBI_2015_08_26_Instance_380456" />
    <annotator id="CHEBI_2015_08_26_Instance_10000">Mike Bada, University of Colorado Anschutz Medical Campus</annotator>
    <span start="538" end="543" />
    <spannedText>label</spannedText>
  </annotation>
  <annotation>
    <mention id="CHEBI_2015_08_26_Instance_380458" />
    <annotator id="CHEBI_2015_08_26_Instance_10000">Mike Bada, University of Colorado Anschutz Medical Campus</annotator>
    <span start="692" end="700" />
    <spannedText>labeling</spannedText>
  </annotation>
  <annotation>
    <mention id="CHEBI_2015_08_26_Instance_380460" />
    <annotator id="CHEBI_2015_08_26_Instance_10000">Mike Bada, University of Colorado Anschutz Medical Campus</annotator>
    <span start="3819" end="3827" />
    <spannedText>labeling</spannedText>
  </annotation>
  <annotation>
    <mention id="CHEBI_2015_08_26_Instance_380462" />
    <annotator id="CHEBI_2015_08_26_Instance_10000">Mike Bada, University of Colorado Anschutz Medical Campus</annotator>
    <span start="4268" end="4274" />
    <spannedText>labels</spannedText>
  </annotation>
  <annotation>
    <mention id="CHEBI_2015_08_26_Instance_380464" />
    <annotator id="CHEBI_2015_08_26_Instance_10000">Mike Bada, University of Colorado Anschutz Medical Campus</annotator>
    <span start="4483" end="4491" />
    <spannedText>labeling</spannedText>
  </annotation>
  <annotation>
    <mention id="CHEBI_2015_08_26_Instance_380466" />
    <annotator id="CHEBI_2015_08_26_Instance_10000">Mike Bada, University of Colorado Anschutz Medical Campus</annotator>
    <span start="5184" end="5192" />
    <spannedText>labeling</spannedText>
  </annotation>
  <annotation>
    <mention id="CHEBI_2015_08_26_Instance_380468" />
    <annotator id="CHEBI_2015_08_26_Instance_10000">Mike Bada, University of Colorado Anschutz Medical Campus</annotator>
    <span start="5387" end="5392" />
    <spannedText>label</spannedText>
  </annotation>
  <annotation>
    <mention id="CHEBI_2015_08_26_Instance_380907" />
    <annotator id="CHEBI_2015_08_26_Instance_10000">Mike Bada, University of Colorado Anschutz Medical Campus</annotator>
    <span start="3581" end="3587" />
    <spannedText>marked</spannedText>
  </annotation>
  <annotation>
    <mention id="CHEBI_2015_08_26_Instance_381057" />
    <annotator id="CHEBI_2015_08_26_Instance_10000">Mike Bada, University of Colorado Anschutz Medical Campus</annotator>
    <span start="3156" end="3162" />
    <spannedText>tagged</spannedText>
  </annotation>
  <annotation>
    <mention id="CHEBI_2015_08_26_Instance_381059" />
    <annotator id="CHEBI_2015_08_26_Instance_10000">Mike Bada, University of Colorado Anschutz Medical Campus</annotator>
    <span start="4501" end="4507" />
    <spannedText>tagged</spannedText>
  </annotation>
  <annotation>
    <mention id="CHEBI_2015_08_26_Instance_381061" />
    <annotator id="CHEBI_2015_08_26_Instance_10000">Mike Bada, University of Colorado Anschutz Medical Campus</annotator>
    <span start="4955" end="4961" />
    <spannedText>tagged</spannedText>
  </annotation>
  <annotation>
    <mention id="CHEBI_2015_08_26_Instance_381063" />
    <annotator id="CHEBI_2015_08_26_Instance_10000">Mike Bada, University of Colorado Anschutz Medical Campus</annotator>
    <span start="5922" end="5928" />
    <spannedText>tagged</spannedText>
  </annotation>
  <annotation>
    <mention id="CHEBI_2015_08_26_Instance_381065" />
    <annotator id="CHEBI_2015_08_26_Instance_10000">Mike Bada, University of Colorado Anschutz Medical Campus</annotator>
    <span start="26461" end="26467" />
    <spannedText>tagged</spannedText>
  </annotation>
  <classMention id="CHEBI_2015_08_26_Instance_20107">
    <mentionClass id="CHEBI:30212">photon</mentionClass>
  </classMention>
  <classMention id="CHEBI_2015_08_26_Instance_381065">
    <mentionClass id="CHEBI_SO_EXT:molecular_label_or_mark_or_tag_process">molecular label/mark/tag process</mentionClass>
  </classMention>
  <classMention id="CHEBI_2015_08_26_Instance_20097">
    <mentionClass id="CHEBI:30212">photon</mentionClass>
  </classMention>
  <classMention id="CHEBI_2015_08_26_Instance_381063">
    <mentionClass id="CHEBI_SO_EXT:molecular_label_or_mark_or_tag_process">molecular label/mark/tag process</mentionClass>
  </classMention>
  <classMention id="CHEBI_2015_08_26_Instance_20111">
    <mentionClass id="CHEBI_EXT:33893">reagent</mentionClass>
  </classMention>
  <classMention id="CHEBI_2015_08_26_Instance_20109">
    <mentionClass id="CHEBI:30212">photon</mentionClass>
  </classMention>
  <classMention id="CHEBI_2015_08_26_Instance_20115">
    <mentionClass id="CHEBI:17939">puromycin</mentionClass>
  </classMention>
  <classMention id="CHEBI_2015_08_26_Instance_20113">
    <mentionClass id="CHEBI_EXT:33893">reagent</mentionClass>
  </classMention>
  <classMention id="CHEBI_2015_08_26_Instance_20119">
    <mentionClass id="CHEBI:46756">HEPES</mentionClass>
  </classMention>
  <classMention id="CHEBI_2015_08_26_Instance_20117">
    <mentionClass id="CHEBI:17939">puromycin</mentionClass>
  </classMention>
  <classMention id="CHEBI_2015_08_26_Instance_20123">
    <mentionClass id="CHEBI:16526">carbon dioxide</mentionClass>
  </classMention>
  <classMention id="CHEBI_2015_08_26_Instance_330830">
    <mentionClass id="CHEBI_SO_EXT:molecular_indicator_or_label_or_marker_or_tag">molecular indicator/label/marker/tag</mentionClass>
  </classMention>
  <classMention id="CHEBI_2015_08_26_Instance_20121">
    <mentionClass id="CHEBI:17544">hydrogencarbonate</mentionClass>
  </classMention>
  <classMention id="CHEBI_2015_08_26_Instance_20133">
    <mentionClass id="CHEBI:30212">photon</mentionClass>
  </classMention>
  <classMention id="CHEBI_2015_08_26_Instance_20129">
    <mentionClass id="CHEBI:30212">photon</mentionClass>
  </classMention>
  <classMention id="CHEBI_2015_08_26_Instance_20135">
    <mentionClass id="CHEBI:30212">photon</mentionClass>
  </classMention>
  <classMention id="CHEBI_2015_08_26_Instance_380030">
    <mentionClass id="CHEBI_CHMO_EXT:buffer_process">buffer process</mentionClass>
  </classMention>
  <classMention id="CHEBI_2015_08_26_Instance_380032">
    <mentionClass id="CHEBI_CHMO_EXT:buffer_process">buffer process</mentionClass>
  </classMention>
  <classMention id="CHEBI_2015_08_26_Instance_330112">
    <mentionClass id="CHEBI_EXT:polyatomic_entity_or_group">polyatomic entity or group</mentionClass>
  </classMention>
  <classMention id="CHEBI_2015_08_26_Instance_360040">
    <mentionClass id="CHEBI_EXT:26130">biological pigment</mentionClass>
  </classMention>
  <classMention id="CHEBI_2015_08_26_Instance_380907">
    <mentionClass id="CHEBI_SO_EXT:molecular_label_or_mark_or_tag_process">molecular label/mark/tag process</mentionClass>
  </classMention>
  <classMention id="CHEBI_2015_08_26_Instance_340028">
    <mentionClass id="CHEBI_SO_EXT:molecular_indicator_or_label_or_marker_or_tag">molecular indicator/label/marker/tag</mentionClass>
  </classMention>
  <classMention id="CHEBI_2015_08_26_Instance_16097">
    <mentionClass id="CHEBI:15358">histone</mentionClass>
  </classMention>
  <classMention id="CHEBI_2015_08_26_Instance_340078">
    <mentionClass id="CHEBI_SO_EXT:molecular_indicator_or_label_or_marker_or_tag">molecular indicator/label/marker/tag</mentionClass>
  </classMention>
  <classMention id="CHEBI_2015_08_26_Instance_370072">
    <mentionClass id="CHEBI_GO_EXT:biological_process_or_quality_or_role">biological process, quality or role</mentionClass>
  </classMention>
  <classMention id="CHEBI_2015_08_26_Instance_181888">
    <mentionClass id="CHEBI:30212">photon</mentionClass>
  </classMention>
  <classMention id="CHEBI_2015_08_26_Instance_370076">
    <mentionClass id="CHEBI_GO_EXT:biological_process_or_quality_or_role">biological process, quality or role</mentionClass>
  </classMention>
  <classMention id="CHEBI_2015_08_26_Instance_380456">
    <mentionClass id="CHEBI_SO_EXT:molecular_label_or_mark_or_tag_process">molecular label/mark/tag process</mentionClass>
  </classMention>
  <classMention id="CHEBI_2015_08_26_Instance_340088">
    <mentionClass id="CHEBI:33341">titanium atom</mentionClass>
  </classMention>
  <classMention id="CHEBI_2015_08_26_Instance_370074">
    <mentionClass id="CHEBI_GO_EXT:biological_process_or_quality_or_role">biological process, quality or role</mentionClass>
  </classMention>
  <classMention id="CHEBI_2015_08_26_Instance_181894">
    <mentionClass id="CHEBI_SO_EXT:molecular_indicator_or_label_or_marker_or_tag">molecular indicator/label/marker/tag</mentionClass>
  </classMention>
  <classMention id="CHEBI_2015_08_26_Instance_370080">
    <mentionClass id="CHEBI_GO_EXT:biological_process_or_quality_or_role">biological process, quality or role</mentionClass>
  </classMention>
  <classMention id="CHEBI_2015_08_26_Instance_380460">
    <mentionClass id="CHEBI_SO_EXT:molecular_label_or_mark_or_tag_process">molecular label/mark/tag process</mentionClass>
  </classMention>
  <classMention id="CHEBI_2015_08_26_Instance_370078">
    <mentionClass id="CHEBI_GO_EXT:biological_process_or_quality_or_role">biological process, quality or role</mentionClass>
  </classMention>
  <classMention id="CHEBI_2015_08_26_Instance_380458">
    <mentionClass id="CHEBI_SO_EXT:molecular_label_or_mark_or_tag_process">molecular label/mark/tag process</mentionClass>
  </classMention>
  <classMention id="CHEBI_2015_08_26_Instance_181898">
    <mentionClass id="CHEBI_SO_EXT:molecular_indicator_or_label_or_marker_or_tag">molecular indicator/label/marker/tag</mentionClass>
  </classMention>
  <classMention id="CHEBI_2015_08_26_Instance_380464">
    <mentionClass id="CHEBI_SO_EXT:molecular_label_or_mark_or_tag_process">molecular label/mark/tag process</mentionClass>
  </classMention>
  <classMention id="CHEBI_2015_08_26_Instance_181896">
    <mentionClass id="CHEBI_SO_EXT:DNA">DNA</mentionClass>
  </classMention>
  <classMention id="CHEBI_2015_08_26_Instance_370082">
    <mentionClass id="CHEBI_GO_EXT:biological_process_or_quality_or_role">biological process, quality or role</mentionClass>
  </classMention>
  <classMention id="CHEBI_2015_08_26_Instance_380462">
    <mentionClass id="CHEBI_SO_EXT:molecular_label_or_mark_or_tag_process">molecular label/mark/tag process</mentionClass>
  </classMention>
  <classMention id="CHEBI_2015_08_26_Instance_181904">
    <mentionClass id="CHEBI_SO_EXT:molecular_indicator_or_label_or_marker_or_tag">molecular indicator/label/marker/tag</mentionClass>
  </classMention>
  <classMention id="CHEBI_2015_08_26_Instance_380468">
    <mentionClass id="CHEBI_SO_EXT:molecular_label_or_mark_or_tag_process">molecular label/mark/tag process</mentionClass>
  </classMention>
  <classMention id="CHEBI_2015_08_26_Instance_181902">
    <mentionClass id="CHEBI_SO_EXT:molecular_indicator_or_label_or_marker_or_tag">molecular indicator/label/marker/tag</mentionClass>
  </classMention>
  <classMention id="CHEBI_2015_08_26_Instance_380466">
    <mentionClass id="CHEBI_SO_EXT:molecular_label_or_mark_or_tag_process">molecular label/mark/tag process</mentionClass>
  </classMention>
  <classMention id="CHEBI_2015_08_26_Instance_181908">
    <mentionClass id="CHEBI_EXT:paraformaldehye">paraformaldehyde</mentionClass>
  </classMention>
  <classMention id="CHEBI_2015_08_26_Instance_181906">
    <mentionClass id="CHEBI_SO_EXT:molecular_indicator_or_label_or_marker_or_tag">molecular indicator/label/marker/tag</mentionClass>
  </classMention>
  <classMention id="CHEBI_2015_08_26_backup_Instance_128">
    <mentionClass id="CHEBI_SO_EXT:C_terminus_or_C_terminal_region">C-terminus or C-terminal region</mentionClass>
  </classMention>
  <classMention id="CHEBI_2015_08_26_Instance_181910">
    <mentionClass id="CHEBI_SO_EXT:DNA">DNA</mentionClass>
  </classMention>
  <classMention id="CHEBI_2015_08_26_backup_Instance_254">
    <mentionClass id="CHEBI_SO_EXT:N_terminus_or_N_terminal_region">N-terminus or N-terminal region</mentionClass>
  </classMention>
  <classMention id="CHEBI_2015_08_26_Instance_181914">
    <mentionClass id="CHEBI_EXT:23888">drug</mentionClass>
  </classMention>
  <classMention id="CHEBI_2015_08_26_Instance_181912">
    <mentionClass id="CHEBI_SO_EXT:oligonucleotide">oligonucleotide</mentionClass>
  </classMention>
  <classMention id="CHEBI_2015_08_26_Instance_181918">
    <mentionClass id="CHEBI_SO_EXT:molecular_probe">molecular probe</mentionClass>
  </classMention>
  <classMention id="CHEBI_2015_08_26_Instance_181916">
    <mentionClass id="CHEBI:5291">gelatin</mentionClass>
  </classMention>
  <classMention id="CHEBI_2015_08_26_Instance_181922">
    <mentionClass id="CHEBI_EXT:argon">argon</mentionClass>
  </classMention>
  <classMention id="CHEBI_2015_08_26_Instance_181920">
    <mentionClass id="CHEBI_EXT:paraformaldehye">paraformaldehyde</mentionClass>
  </classMention>
  <classMention id="CHEBI_2015_08_26_Instance_181926">
    <mentionClass id="CHEBI_EXT:argon">argon</mentionClass>
  </classMention>
  <classMention id="CHEBI_2015_08_26_Instance_181924">
    <mentionClass id="CHEBI:30212">photon</mentionClass>
  </classMention>
  <classMention id="CHEBI_2015_08_26_Instance_301382">
    <mentionClass id="CHEBI_PR_EXT:protein">protein</mentionClass>
  </classMention>
  <classMention id="CHEBI_2015_08_26_Instance_301380">
    <mentionClass id="CHEBI_PR_EXT:protein">protein</mentionClass>
  </classMention>
  <classMention id="CHEBI_2015_08_26_Instance_301386">
    <mentionClass id="CHEBI_PR_EXT:protein">protein</mentionClass>
  </classMention>
  <classMention id="CHEBI_2015_08_26_Instance_301384">
    <mentionClass id="CHEBI_PR_EXT:protein">protein</mentionClass>
  </classMention>
  <classMention id="CHEBI_2015_08_26_Instance_301388">
    <mentionClass id="CHEBI_PR_EXT:protein">protein</mentionClass>
  </classMention>
  <classMention id="CHEBI_2015_08_26_Instance_301392">
    <mentionClass id="CHEBI_PR_EXT:protein">protein</mentionClass>
  </classMention>
  <classMention id="CHEBI_2015_08_26_Instance_301390">
    <mentionClass id="CHEBI_PR_EXT:protein">protein</mentionClass>
  </classMention>
  <classMention id="CHEBI_2015_08_26_Instance_301396">
    <mentionClass id="CHEBI_PR_EXT:protein">protein</mentionClass>
  </classMention>
  <classMention id="CHEBI_2015_08_26_Instance_301394">
    <mentionClass id="CHEBI_PR_EXT:protein">protein</mentionClass>
  </classMention>
  <classMention id="CHEBI_2015_08_26_Instance_20067">
    <mentionClass id="CHEBI:15358">histone</mentionClass>
  </classMention>
  <classMention id="CHEBI_2015_08_26_Instance_301400">
    <mentionClass id="CHEBI_PR_EXT:protein">protein</mentionClass>
  </classMention>
  <classMention id="CHEBI_2015_08_26_Instance_301398">
    <mentionClass id="CHEBI_PR_EXT:protein">protein</mentionClass>
  </classMention>
  <classMention id="CHEBI_2015_08_26_Instance_20071">
    <mentionClass id="CHEBI:15358">histone</mentionClass>
  </classMention>
  <classMention id="CHEBI_2015_08_26_Instance_301404">
    <mentionClass id="CHEBI_PR_EXT:protein">protein</mentionClass>
  </classMention>
  <classMention id="CHEBI_2015_08_26_Instance_20069">
    <mentionClass id="CHEBI:15358">histone</mentionClass>
  </classMention>
  <classMention id="CHEBI_2015_08_26_Instance_301402">
    <mentionClass id="CHEBI_PR_EXT:protein">protein</mentionClass>
  </classMention>
  <classMention id="CHEBI_2015_08_26_Instance_20075">
    <mentionClass id="CHEBI:15358">histone</mentionClass>
  </classMention>
  <classMention id="CHEBI_2015_08_26_Instance_301408">
    <mentionClass id="CHEBI_PR_EXT:protein">protein</mentionClass>
  </classMention>
  <classMention id="CHEBI_2015_08_26_Instance_20073">
    <mentionClass id="CHEBI:15358">histone</mentionClass>
  </classMention>
  <classMention id="CHEBI_2015_08_26_Instance_301406">
    <mentionClass id="CHEBI_PR_EXT:protein">protein</mentionClass>
  </classMention>
  <classMention id="CHEBI_2015_08_26_Instance_20079">
    <mentionClass id="CHEBI:15358">histone</mentionClass>
  </classMention>
  <classMention id="CHEBI_2015_08_26_Instance_301410">
    <mentionClass id="CHEBI_PR_EXT:protein">protein</mentionClass>
  </classMention>
  <classMention id="CHEBI_2015_08_26_Instance_20077">
    <mentionClass id="CHEBI:15358">histone</mentionClass>
  </classMention>
  <classMention id="CHEBI_2015_08_26_Instance_20083">
    <mentionClass id="CHEBI:15358">histone</mentionClass>
  </classMention>
  <classMention id="CHEBI_2015_08_26_Instance_301414">
    <mentionClass id="CHEBI_PR_EXT:protein">protein</mentionClass>
  </classMention>
  <classMention id="CHEBI_2015_08_26_Instance_20081">
    <mentionClass id="CHEBI:15358">histone</mentionClass>
  </classMention>
  <classMention id="CHEBI_2015_08_26_Instance_301412">
    <mentionClass id="CHEBI_PR_EXT:protein">protein</mentionClass>
  </classMention>
  <classMention id="CHEBI_2015_08_26_Instance_20087">
    <mentionClass id="CHEBI:15358">histone</mentionClass>
  </classMention>
  <classMention id="CHEBI_2015_08_26_Instance_301418">
    <mentionClass id="CHEBI_PR_EXT:protein">protein</mentionClass>
  </classMention>
  <classMention id="CHEBI_2015_08_26_Instance_20085">
    <mentionClass id="CHEBI:15358">histone</mentionClass>
  </classMention>
  <classMention id="CHEBI_2015_08_26_Instance_301416">
    <mentionClass id="CHEBI_PR_EXT:protein">protein</mentionClass>
  </classMention>
  <classMention id="CHEBI_2015_08_26_Instance_20091">
    <mentionClass id="CHEBI:15358">histone</mentionClass>
  </classMention>
  <classMention id="CHEBI_2015_08_26_Instance_301422">
    <mentionClass id="CHEBI_PR_EXT:protein">protein</mentionClass>
  </classMention>
  <classMention id="CHEBI_2015_08_26_Instance_381057">
    <mentionClass id="CHEBI_SO_EXT:molecular_label_or_mark_or_tag_process">molecular label/mark/tag process</mentionClass>
  </classMention>
  <classMention id="CHEBI_2015_08_26_Instance_20089">
    <mentionClass id="CHEBI:15358">histone</mentionClass>
  </classMention>
  <classMention id="CHEBI_2015_08_26_Instance_301420">
    <mentionClass id="CHEBI_PR_EXT:protein">protein</mentionClass>
  </classMention>
  <classMention id="CHEBI_2015_08_26_Instance_331598">
    <mentionClass id="CHEBI_PR_EXT:protein">protein</mentionClass>
  </classMention>
  <classMention id="CHEBI_2015_08_26_Instance_20095">
    <mentionClass id="CHEBI:15358">histone</mentionClass>
  </classMention>
  <classMention id="CHEBI_2015_08_26_Instance_381061">
    <mentionClass id="CHEBI_SO_EXT:molecular_label_or_mark_or_tag_process">molecular label/mark/tag process</mentionClass>
  </classMention>
  <classMention id="CHEBI_2015_08_26_Instance_20093">
    <mentionClass id="CHEBI:15358">histone</mentionClass>
  </classMention>
  <classMention id="CHEBI_2015_08_26_Instance_301424">
    <mentionClass id="CHEBI_PR_EXT:protein">protein</mentionClass>
  </classMention>
  <classMention id="CHEBI_2015_08_26_Instance_381059">
    <mentionClass id="CHEBI_SO_EXT:molecular_label_or_mark_or_tag_process">molecular label/mark/tag process</mentionClass>
  </classMention>
</annotations>

