<?xml version="1.0" encoding="UTF-8"?>
<annotations textSource="15615595.txt">
  <annotation>
    <mention id="CHEBI_2015_08_26_Instance_181850" />
    <annotator id="CHEBI_2015_08_26_Instance_10000">Mike Bada, University of Colorado Anschutz Medical Campus</annotator>
    <span start="6665" end="6672" />
    <spannedText>nuclear</spannedText>
  </annotation>
  <annotation>
    <mention id="CHEBI_2015_08_26_Instance_181852" />
    <annotator id="CHEBI_2015_08_26_Instance_10000">Mike Bada, University of Colorado Anschutz Medical Campus</annotator>
    <span start="16652" end="16660" />
    <spannedText>neomycin</spannedText>
  </annotation>
  <annotation>
    <mention id="CHEBI_2015_08_26_Instance_181854" />
    <annotator id="CHEBI_2015_08_26_Instance_10000">Mike Bada, University of Colorado Anschutz Medical Campus</annotator>
    <span start="20556" end="20567" />
    <spannedText>hematoxylin</spannedText>
  </annotation>
  <annotation>
    <mention id="CHEBI_2015_08_26_Instance_181856" />
    <annotator id="CHEBI_2015_08_26_Instance_10000">Mike Bada, University of Colorado Anschutz Medical Campus</annotator>
    <span start="20572" end="20577" />
    <spannedText>eosin</spannedText>
  </annotation>
  <annotation>
    <mention id="CHEBI_2015_08_26_Instance_181858" />
    <annotator id="CHEBI_2015_08_26_Instance_10000">Mike Bada, University of Colorado Anschutz Medical Campus</annotator>
    <span start="22628" end="22633" />
    <spannedText>X-Gal</spannedText>
  </annotation>
  <annotation>
    <mention id="CHEBI_2015_08_26_Instance_181860" />
    <annotator id="CHEBI_2015_08_26_Instance_10000">Mike Bada, University of Colorado Anschutz Medical Campus</annotator>
    <span start="23452" end="23457" />
    <spannedText>X-Gal</spannedText>
  </annotation>
  <annotation>
    <mention id="CHEBI_2015_08_26_Instance_181862" />
    <annotator id="CHEBI_2015_08_26_Instance_10000">Mike Bada, University of Colorado Anschutz Medical Campus</annotator>
    <span start="23586" end="23591" />
    <spannedText>X-Gal</spannedText>
  </annotation>
  <annotation>
    <mention id="CHEBI_2015_08_26_Instance_181864" />
    <annotator id="CHEBI_2015_08_26_Instance_10000">Mike Bada, University of Colorado Anschutz Medical Campus</annotator>
    <span start="29873" end="29889" />
    <spannedText>paraformaldehyde</spannedText>
  </annotation>
  <annotation>
    <mention id="CHEBI_2015_08_26_Instance_181868" />
    <annotator id="CHEBI_2015_08_26_Instance_10000">Mike Bada, University of Colorado Anschutz Medical Campus</annotator>
    <span start="29967" end="29977" />
    <spannedText>gadolinium</spannedText>
  </annotation>
  <annotation>
    <mention id="CHEBI_2015_08_26_Instance_181870" />
    <annotator id="CHEBI_2015_08_26_Instance_10000">Mike Bada, University of Colorado Anschutz Medical Campus</annotator>
    <span start="30020" end="30022" />
    <spannedText>Gd</spannedText>
  </annotation>
  <annotation>
    <mention id="CHEBI_2015_08_26_Instance_181872" />
    <annotator id="CHEBI_2015_08_26_Instance_10000">Mike Bada, University of Colorado Anschutz Medical Campus</annotator>
    <span start="30062" end="30069" />
    <spannedText>nuclear</spannedText>
  </annotation>
  <annotation>
    <mention id="CHEBI_2015_08_26_Instance_181874" />
    <annotator id="CHEBI_2015_08_26_Instance_10000">Mike Bada, University of Colorado Anschutz Medical Campus</annotator>
    <span start="32423" end="32426" />
    <spannedText>wax</spannedText>
  </annotation>
  <annotation>
    <mention id="CHEBI_2015_08_26_Instance_181876" />
    <annotator id="CHEBI_2015_08_26_Instance_10000">Mike Bada, University of Colorado Anschutz Medical Campus</annotator>
    <span start="32459" end="32470" />
    <spannedText>hematoxylin</spannedText>
  </annotation>
  <annotation>
    <mention id="CHEBI_2015_08_26_Instance_181878" />
    <annotator id="CHEBI_2015_08_26_Instance_10000">Mike Bada, University of Colorado Anschutz Medical Campus</annotator>
    <span start="32475" end="32480" />
    <spannedText>eosin</spannedText>
  </annotation>
  <annotation>
    <mention id="CHEBI_2015_08_26_Instance_181880" />
    <annotator id="CHEBI_2015_08_26_Instance_10000">Mike Bada, University of Colorado Anschutz Medical Campus</annotator>
    <span start="32483" end="32488" />
    <spannedText>X-Gal</spannedText>
  </annotation>
  <annotation>
    <mention id="CHEBI_2015_08_26_Instance_181882" />
    <annotator id="CHEBI_2015_08_26_Instance_10000">Mike Bada, University of Colorado Anschutz Medical Campus</annotator>
    <span start="32682" end="32687" />
    <spannedText>X-Gal</spannedText>
  </annotation>
  <annotation>
    <mention id="CHEBI_2015_08_26_Instance_181884" />
    <annotator id="CHEBI_2015_08_26_Instance_10000">Mike Bada, University of Colorado Anschutz Medical Campus</annotator>
    <span start="32587" end="32603" />
    <spannedText>paraformaldehyde</spannedText>
  </annotation>
  <annotation>
    <mention id="CHEBI_2015_08_26_Instance_181886" />
    <annotator id="CHEBI_2015_08_26_Instance_10000">Mike Bada, University of Colorado Anschutz Medical Campus</annotator>
    <span start="32754" end="32770" />
    <spannedText>paraformaldehyde</spannedText>
  </annotation>
  <annotation>
    <mention id="CHEBI_2015_08_26_Instance_19489" />
    <annotator id="CHEBI_2015_08_26_Instance_10000">Mike Bada, University of Colorado Anschutz Medical Campus</annotator>
    <span start="756" end="774" />
    <spannedText>phosphatidylserine</spannedText>
  </annotation>
  <annotation>
    <mention id="CHEBI_2015_08_26_Instance_19491" />
    <annotator id="CHEBI_2015_08_26_Instance_10000">Mike Bada, University of Colorado Anschutz Medical Campus</annotator>
    <span start="2566" end="2587" />
    <spannedText>N-ethyl-N-nitrosourea</spannedText>
  </annotation>
  <annotation>
    <mention id="CHEBI_2015_08_26_Instance_19493" />
    <annotator id="CHEBI_2015_08_26_Instance_10000">Mike Bada, University of Colorado Anschutz Medical Campus</annotator>
    <span start="2589" end="2592" />
    <spannedText>ENU</spannedText>
  </annotation>
  <annotation>
    <mention id="CHEBI_2015_08_26_Instance_19495" />
    <annotator id="CHEBI_2015_08_26_Instance_10000">Mike Bada, University of Colorado Anschutz Medical Campus</annotator>
    <span start="5504" end="5507" />
    <spannedText>ENU</spannedText>
  </annotation>
  <annotation>
    <mention id="CHEBI_2015_08_26_Instance_19613" />
    <annotator id="CHEBI_2015_08_26_Instance_10000">Mike Bada, University of Colorado Anschutz Medical Campus</annotator>
    <span start="26259" end="26262" />
    <spannedText>ENU</spannedText>
  </annotation>
  <annotation>
    <mention id="CHEBI_2015_08_26_Instance_19617" />
    <annotator id="CHEBI_2015_08_26_Instance_10000">Mike Bada, University of Colorado Anschutz Medical Campus</annotator>
    <span start="27577" end="27595" />
    <spannedText>phosphatidylserine</spannedText>
  </annotation>
  <annotation>
    <mention id="CHEBI_2015_08_26_Instance_19621" />
    <annotator id="CHEBI_2015_08_26_Instance_10000">Mike Bada, University of Colorado Anschutz Medical Campus</annotator>
    <span start="29934" end="29941" />
    <spannedText>agarose</spannedText>
  </annotation>
  <annotation>
    <mention id="CHEBI_2015_08_26_Instance_19625" />
    <annotator id="CHEBI_2015_08_26_Instance_10000">Mike Bada, University of Colorado Anschutz Medical Campus</annotator>
    <span start="5541" end="5544" />
    <spannedText>ENU</spannedText>
  </annotation>
  <annotation>
    <mention id="CHEBI_2015_08_26_Instance_19629" />
    <annotator id="CHEBI_2015_08_26_Instance_10000">Mike Bada, University of Colorado Anschutz Medical Campus</annotator>
    <span start="6155" end="6173" />
    <spannedText>phosphatidylserine</spannedText>
  </annotation>
  <annotation>
    <mention id="CHEBI_2015_08_26_Instance_19633" />
    <annotator id="CHEBI_2015_08_26_Instance_10000">Mike Bada, University of Colorado Anschutz Medical Campus</annotator>
    <span start="14621" end="14639" />
    <spannedText>phosphatidylserine</spannedText>
  </annotation>
  <annotation>
    <mention id="CHEBI_2015_08_26_Instance_19655" />
    <annotator id="CHEBI_2015_08_26_Instance_10000">Mike Bada, University of Colorado Anschutz Medical Campus</annotator>
    <span start="32393" end="32400" />
    <spannedText>ethanol</spannedText>
  </annotation>
  <annotation>
    <mention id="CHEBI_2015_08_26_Instance_301376" />
    <annotator id="CHEBI_2015_08_26_Instance_10000">Mike Bada, University of Colorado Anschutz Medical Campus</annotator>
    <span start="14753" end="14760" />
    <spannedText>protein</spannedText>
  </annotation>
  <annotation>
    <mention id="CHEBI_2015_08_26_Instance_301378" />
    <annotator id="CHEBI_2015_08_26_Instance_10000">Mike Bada, University of Colorado Anschutz Medical Campus</annotator>
    <span start="27914" end="27921" />
    <spannedText>protein</spannedText>
  </annotation>
  <annotation>
    <mention id="CHEBI_2015_08_26_Instance_330110" />
    <annotator id="CHEBI_2015_08_26_Instance_10000">Mike Bada, University of Colorado Anschutz Medical Campus</annotator>
    <span start="1814" end="1823" />
    <spannedText>molecular</spannedText>
  </annotation>
  <annotation>
    <mention id="CHEBI_2015_08_26_Instance_330388" />
    <annotator id="CHEBI_2015_08_26_Instance_10000">Mike Bada, University of Colorado Anschutz Medical Campus</annotator>
    <span start="27441" end="27446" />
    <spannedText>drugs</spannedText>
  </annotation>
  <annotation>
    <mention id="CHEBI_2015_08_26_Instance_330390" />
    <annotator id="CHEBI_2015_08_26_Instance_10000">Mike Bada, University of Colorado Anschutz Medical Campus</annotator>
    <span start="27429" end="27440" />
    <spannedText>teratogenic</spannedText>
  </annotation>
  <annotation>
    <mention id="CHEBI_2015_08_26_Instance_370070" />
    <annotator id="CHEBI_2015_08_26_Instance_10000">Mike Bada, University of Colorado Anschutz Medical Campus</annotator>
    <span start="3631" end="3638" />
    <spannedText>biology</spannedText>
  </annotation>
  <classMention id="CHEBI_2015_08_26_Instance_181858">
    <mentionClass id="CHEBI:75055">5-bromo-4-chloro-3-indolyl beta-D-galactoside</mentionClass>
  </classMention>
  <classMention id="CHEBI_2015_08_26_Instance_181856">
    <mentionClass id="CHEBI_EXT:eosin">eosin</mentionClass>
  </classMention>
  <classMention id="CHEBI_2015_08_26_Instance_181862">
    <mentionClass id="CHEBI:75055">5-bromo-4-chloro-3-indolyl beta-D-galactoside</mentionClass>
  </classMention>
  <classMention id="CHEBI_2015_08_26_Instance_181860">
    <mentionClass id="CHEBI:75055">5-bromo-4-chloro-3-indolyl beta-D-galactoside</mentionClass>
  </classMention>
  <classMention id="CHEBI_2015_08_26_Instance_301378">
    <mentionClass id="CHEBI_PR_EXT:protein">protein</mentionClass>
  </classMention>
  <classMention id="CHEBI_2015_08_26_Instance_301376">
    <mentionClass id="CHEBI_PR_EXT:protein">protein</mentionClass>
  </classMention>
  <classMention id="CHEBI_2015_08_26_Instance_181864">
    <mentionClass id="CHEBI_EXT:paraformaldehye">paraformaldehyde</mentionClass>
  </classMention>
  <classMention id="CHEBI_2015_08_26_Instance_181868">
    <mentionClass id="CHEBI_EXT:gadolinium">gadolinium</mentionClass>
  </classMention>
  <classMention id="CHEBI_2015_08_26_Instance_181872">
    <mentionClass id="CHEBI:33252">atomic nucleus</mentionClass>
  </classMention>
  <classMention id="CHEBI_2015_08_26_Instance_181870">
    <mentionClass id="CHEBI_EXT:gadolinium">gadolinium</mentionClass>
  </classMention>
  <classMention id="CHEBI_2015_08_26_Instance_330388">
    <mentionClass id="CHEBI_EXT:23888">drug</mentionClass>
  </classMention>
  <classMention id="CHEBI_2015_08_26_Instance_181876">
    <mentionClass id="CHEBI:51686">haematoxylin</mentionClass>
  </classMention>
  <classMention id="CHEBI_2015_08_26_Instance_181874">
    <mentionClass id="CHEBI:73702">wax</mentionClass>
  </classMention>
  <classMention id="CHEBI_2015_08_26_Instance_330390">
    <mentionClass id="CHEBI_EXT:50905">teratogenic agent</mentionClass>
  </classMention>
  <classMention id="CHEBI_2015_08_26_Instance_181880">
    <mentionClass id="CHEBI:75055">5-bromo-4-chloro-3-indolyl beta-D-galactoside</mentionClass>
  </classMention>
  <classMention id="CHEBI_2015_08_26_Instance_19489">
    <mentionClass id="CHEBI:18303">phosphatidyl-L-serine</mentionClass>
  </classMention>
  <classMention id="CHEBI_2015_08_26_Instance_181878">
    <mentionClass id="CHEBI_EXT:eosin">eosin</mentionClass>
  </classMention>
  <classMention id="CHEBI_2015_08_26_Instance_181884">
    <mentionClass id="CHEBI_EXT:paraformaldehye">paraformaldehyde</mentionClass>
  </classMention>
  <classMention id="CHEBI_2015_08_26_Instance_19493">
    <mentionClass id="CHEBI:23995">N-ethyl-N-nitrosourea</mentionClass>
  </classMention>
  <classMention id="CHEBI_2015_08_26_Instance_181882">
    <mentionClass id="CHEBI:75055">5-bromo-4-chloro-3-indolyl beta-D-galactoside</mentionClass>
  </classMention>
  <classMention id="CHEBI_2015_08_26_Instance_370070">
    <mentionClass id="CHEBI_GO_EXT:biological_process_or_quality_or_role">biological process, quality or role</mentionClass>
  </classMention>
  <classMention id="CHEBI_2015_08_26_Instance_19491">
    <mentionClass id="CHEBI:23995">N-ethyl-N-nitrosourea</mentionClass>
  </classMention>
  <classMention id="CHEBI_2015_08_26_Instance_181886">
    <mentionClass id="CHEBI_EXT:paraformaldehye">paraformaldehyde</mentionClass>
  </classMention>
  <classMention id="CHEBI_2015_08_26_Instance_19495">
    <mentionClass id="CHEBI:23995">N-ethyl-N-nitrosourea</mentionClass>
  </classMention>
  <classMention id="CHEBI_2015_08_26_Instance_19613">
    <mentionClass id="CHEBI:23995">N-ethyl-N-nitrosourea</mentionClass>
  </classMention>
  <classMention id="CHEBI_2015_08_26_Instance_19621">
    <mentionClass id="CHEBI:2511">agarose</mentionClass>
  </classMention>
  <classMention id="CHEBI_2015_08_26_Instance_19617">
    <mentionClass id="CHEBI:18303">phosphatidyl-L-serine</mentionClass>
  </classMention>
  <classMention id="CHEBI_2015_08_26_Instance_19629">
    <mentionClass id="CHEBI:18303">phosphatidyl-L-serine</mentionClass>
  </classMention>
  <classMention id="CHEBI_2015_08_26_Instance_19625">
    <mentionClass id="CHEBI:23995">N-ethyl-N-nitrosourea</mentionClass>
  </classMention>
  <classMention id="CHEBI_2015_08_26_Instance_330110">
    <mentionClass id="CHEBI_EXT:polyatomic_entity_or_group">polyatomic entity or group</mentionClass>
  </classMention>
  <classMention id="CHEBI_2015_08_26_Instance_19633">
    <mentionClass id="CHEBI:18303">phosphatidyl-L-serine</mentionClass>
  </classMention>
  <classMention id="CHEBI_2015_08_26_Instance_181850">
    <mentionClass id="CHEBI:33252">atomic nucleus</mentionClass>
  </classMention>
  <classMention id="CHEBI_2015_08_26_Instance_181854">
    <mentionClass id="CHEBI:51686">haematoxylin</mentionClass>
  </classMention>
  <classMention id="CHEBI_2015_08_26_Instance_181852">
    <mentionClass id="CHEBI:7507">neomycin</mentionClass>
  </classMention>
  <classMention id="CHEBI_2015_08_26_Instance_19655">
    <mentionClass id="CHEBI:16236">ethanol</mentionClass>
  </classMention>
</annotations>

