<?xml version="1.0" encoding="UTF-8"?>
<annotations textSource="15630473.txt">
  <annotation>
    <mention id="CHEBI_2015_08_26_backup_Instance_256" />
    <span start="10292" end="10302" />
    <spannedText>N-terminal</spannedText>
  </annotation>
  <annotation>
    <mention id="CHEBI_2015_08_26_backup_Instance_258" />
    <span start="44088" end="44098" />
    <spannedText>N-terminal</spannedText>
  </annotation>
  <annotation>
    <mention id="CHEBI_2015_08_26_Instance_181930" />
    <annotator id="CHEBI_2015_08_26_Instance_10000">Mike Bada, University of Colorado Anschutz Medical Campus</annotator>
    <span start="646" end="653" />
    <spannedText>mitogen</spannedText>
  </annotation>
  <annotation>
    <mention id="CHEBI_2015_08_26_Instance_181932" />
    <annotator id="CHEBI_2015_08_26_Instance_10000">Mike Bada, University of Colorado Anschutz Medical Campus</annotator>
    <span start="2307" end="2326" />
    <spannedText>signaling molecules</spannedText>
  </annotation>
  <annotation>
    <mention id="CHEBI_2015_08_26_Instance_181934" />
    <annotator id="CHEBI_2015_08_26_Instance_10000">Mike Bada, University of Colorado Anschutz Medical Campus</annotator>
    <span start="5559" end="5566" />
    <spannedText>mitogen</spannedText>
  </annotation>
  <annotation>
    <mention id="CHEBI_2015_08_26_Instance_181936" />
    <annotator id="CHEBI_2015_08_26_Instance_10000">Mike Bada, University of Colorado Anschutz Medical Campus</annotator>
    <span start="6120" end="6124" />
    <spannedText>zinc</spannedText>
  </annotation>
  <annotation>
    <mention id="CHEBI_2015_08_26_Instance_181938" />
    <annotator id="CHEBI_2015_08_26_Instance_10000">Mike Bada, University of Colorado Anschutz Medical Campus</annotator>
    <span start="7443" end="7447" />
    <spannedText>mRNA</spannedText>
  </annotation>
  <annotation>
    <mention id="CHEBI_2015_08_26_Instance_181940" />
    <annotator id="CHEBI_2015_08_26_Instance_10000">Mike Bada, University of Colorado Anschutz Medical Campus</annotator>
    <span start="8200" end="8204" />
    <spannedText>mRNA</spannedText>
  </annotation>
  <annotation>
    <mention id="CHEBI_2015_08_26_Instance_181942" />
    <annotator id="CHEBI_2015_08_26_Instance_10000">Mike Bada, University of Colorado Anschutz Medical Campus</annotator>
    <span start="9089" end="9093" />
    <spannedText>mRNA</spannedText>
  </annotation>
  <annotation>
    <mention id="CHEBI_2015_08_26_Instance_181944" />
    <annotator id="CHEBI_2015_08_26_Instance_10000">Mike Bada, University of Colorado Anschutz Medical Campus</annotator>
    <span start="9240" end="9244" />
    <spannedText>mRNA</spannedText>
  </annotation>
  <annotation>
    <mention id="CHEBI_2015_08_26_Instance_181946" />
    <annotator id="CHEBI_2015_08_26_Instance_10000">Mike Bada, University of Colorado Anschutz Medical Campus</annotator>
    <span start="9330" end="9335" />
    <spannedText>probe</spannedText>
  </annotation>
  <annotation>
    <mention id="CHEBI_2015_08_26_Instance_181948" />
    <annotator id="CHEBI_2015_08_26_Instance_10000">Mike Bada, University of Colorado Anschutz Medical Campus</annotator>
    <span start="9862" end="9866" />
    <spannedText>mRNA</spannedText>
  </annotation>
  <annotation>
    <mention id="CHEBI_2015_08_26_Instance_181950" />
    <annotator id="CHEBI_2015_08_26_Instance_10000">Mike Bada, University of Colorado Anschutz Medical Campus</annotator>
    <span start="10204" end="10208" />
    <spannedText>mRNA</spannedText>
  </annotation>
  <annotation>
    <mention id="CHEBI_2015_08_26_Instance_181952" />
    <annotator id="CHEBI_2015_08_26_Instance_10000">Mike Bada, University of Colorado Anschutz Medical Campus</annotator>
    <span start="10356" end="10360" />
    <spannedText>zinc</spannedText>
  </annotation>
  <annotation>
    <mention id="CHEBI_2015_08_26_Instance_181954" />
    <annotator id="CHEBI_2015_08_26_Instance_10000">Mike Bada, University of Colorado Anschutz Medical Campus</annotator>
    <span start="12349" end="12356" />
    <spannedText>antigen</spannedText>
  </annotation>
  <annotation>
    <mention id="CHEBI_2015_08_26_Instance_181958" />
    <annotator id="CHEBI_2015_08_26_Instance_10000">Mike Bada, University of Colorado Anschutz Medical Campus</annotator>
    <span start="14477" end="14484" />
    <spannedText>antigen</spannedText>
  </annotation>
  <annotation>
    <mention id="CHEBI_2015_08_26_Instance_181960" />
    <annotator id="CHEBI_2015_08_26_Instance_10000">Mike Bada, University of Colorado Anschutz Medical Campus</annotator>
    <span start="15713" end="15720" />
    <spannedText>markers</spannedText>
  </annotation>
  <annotation>
    <mention id="CHEBI_2015_08_26_Instance_181962" />
    <annotator id="CHEBI_2015_08_26_Instance_10000">Mike Bada, University of Colorado Anschutz Medical Campus</annotator>
    <span start="18839" end="18843" />
    <spannedText>mRNA</spannedText>
  </annotation>
  <annotation>
    <mention id="CHEBI_2015_08_26_Instance_181964" />
    <annotator id="CHEBI_2015_08_26_Instance_10000">Mike Bada, University of Colorado Anschutz Medical Campus</annotator>
    <span start="18880" end="18887" />
    <spannedText>markers</spannedText>
  </annotation>
  <annotation>
    <mention id="CHEBI_2015_08_26_Instance_181966" />
    <annotator id="CHEBI_2015_08_26_Instance_10000">Mike Bada, University of Colorado Anschutz Medical Campus</annotator>
    <span start="20315" end="20318" />
    <spannedText>DNA</spannedText>
  </annotation>
  <annotation>
    <mention id="CHEBI_2015_08_26_Instance_181968" />
    <annotator id="CHEBI_2015_08_26_Instance_10000">Mike Bada, University of Colorado Anschutz Medical Campus</annotator>
    <span start="21073" end="21083" />
    <spannedText>nucleotide</spannedText>
  </annotation>
  <annotation>
    <mention id="CHEBI_2015_08_26_Instance_181970" />
    <annotator id="CHEBI_2015_08_26_Instance_10000">Mike Bada, University of Colorado Anschutz Medical Campus</annotator>
    <span start="22515" end="22522" />
    <spannedText>peptide</spannedText>
  </annotation>
  <annotation>
    <mention id="CHEBI_2015_08_26_Instance_181972" />
    <annotator id="CHEBI_2015_08_26_Instance_10000">Mike Bada, University of Colorado Anschutz Medical Campus</annotator>
    <span start="22873" end="22880" />
    <spannedText>peptide</spannedText>
  </annotation>
  <annotation>
    <mention id="CHEBI_2015_08_26_Instance_181974" />
    <annotator id="CHEBI_2015_08_26_Instance_10000">Mike Bada, University of Colorado Anschutz Medical Campus</annotator>
    <span start="23101" end="23111" />
    <spannedText>nucleotide</spannedText>
  </annotation>
  <annotation>
    <mention id="CHEBI_2015_08_26_Instance_181976" />
    <annotator id="CHEBI_2015_08_26_Instance_10000">Mike Bada, University of Colorado Anschutz Medical Campus</annotator>
    <span start="23645" end="23649" />
    <spannedText>mRNA</spannedText>
  </annotation>
  <annotation>
    <mention id="CHEBI_2015_08_26_Instance_181978" />
    <annotator id="CHEBI_2015_08_26_Instance_10000">Mike Bada, University of Colorado Anschutz Medical Campus</annotator>
    <span start="26521" end="26525" />
    <spannedText>mRNA</spannedText>
  </annotation>
  <annotation>
    <mention id="CHEBI_2015_08_26_Instance_181980" />
    <annotator id="CHEBI_2015_08_26_Instance_10000">Mike Bada, University of Colorado Anschutz Medical Campus</annotator>
    <span start="26771" end="26772" />
    <spannedText>b</spannedText>
  </annotation>
  <annotation>
    <mention id="CHEBI_2015_08_26_Instance_181982" />
    <annotator id="CHEBI_2015_08_26_Instance_10000">Mike Bada, University of Colorado Anschutz Medical Campus</annotator>
    <span start="27715" end="27716" />
    <spannedText>b</spannedText>
  </annotation>
  <annotation>
    <mention id="CHEBI_2015_08_26_Instance_181984" />
    <annotator id="CHEBI_2015_08_26_Instance_10000">Mike Bada, University of Colorado Anschutz Medical Campus</annotator>
    <span start="28145" end="28149" />
    <spannedText>mRNA</spannedText>
  </annotation>
  <annotation>
    <mention id="CHEBI_2015_08_26_Instance_181986" />
    <annotator id="CHEBI_2015_08_26_Instance_10000">Mike Bada, University of Colorado Anschutz Medical Campus</annotator>
    <span start="29321" end="29326" />
    <spannedText>mRNAs</spannedText>
  </annotation>
  <annotation>
    <mention id="CHEBI_2015_08_26_Instance_181988" />
    <annotator id="CHEBI_2015_08_26_Instance_10000">Mike Bada, University of Colorado Anschutz Medical Campus</annotator>
    <span start="43724" end="43733" />
    <spannedText>Texas Red</spannedText>
  </annotation>
  <annotation>
    <mention id="CHEBI_2015_08_26_Instance_181990" />
    <annotator id="CHEBI_2015_08_26_Instance_10000">Mike Bada, University of Colorado Anschutz Medical Campus</annotator>
    <span start="44978" end="44984" />
    <spannedText>buffer</spannedText>
  </annotation>
  <annotation>
    <mention id="CHEBI_2015_08_26_Instance_181992" />
    <annotator id="CHEBI_2015_08_26_Instance_10000">Mike Bada, University of Colorado Anschutz Medical Campus</annotator>
    <span start="44989" end="44994" />
    <spannedText>NP-40</spannedText>
  </annotation>
  <annotation>
    <mention id="CHEBI_2015_08_26_Instance_181994" />
    <annotator id="CHEBI_2015_08_26_Instance_10000">Mike Bada, University of Colorado Anschutz Medical Campus</annotator>
    <span start="45173" end="45180" />
    <spannedText>bβuffer</spannedText>
  </annotation>
  <annotation>
    <mention id="CHEBI_2015_08_26_Instance_181996" />
    <annotator id="CHEBI_2015_08_26_Instance_10000">Mike Bada, University of Colorado Anschutz Medical Campus</annotator>
    <span start="45251" end="45259" />
    <spannedText>nitrogen</spannedText>
  </annotation>
  <annotation>
    <mention id="CHEBI_2015_08_26_Instance_181998" />
    <annotator id="CHEBI_2015_08_26_Instance_10000">Mike Bada, University of Colorado Anschutz Medical Campus</annotator>
    <span start="45347" end="45353" />
    <spannedText>buffer</spannedText>
  </annotation>
  <annotation>
    <mention id="CHEBI_2015_08_26_Instance_182000" />
    <annotator id="CHEBI_2015_08_26_Instance_10000">Mike Bada, University of Colorado Anschutz Medical Campus</annotator>
    <span start="45358" end="45370" />
    <spannedText>Triton X-100</spannedText>
  </annotation>
  <annotation>
    <mention id="CHEBI_2015_08_26_Instance_182002" />
    <annotator id="CHEBI_2015_08_26_Instance_10000">Mike Bada, University of Colorado Anschutz Medical Campus</annotator>
    <span start="45389" end="45393" />
    <spannedText>EDTA</spannedText>
  </annotation>
  <annotation>
    <mention id="CHEBI_2015_08_26_Instance_182004" />
    <annotator id="CHEBI_2015_08_26_Instance_10000">Mike Bada, University of Colorado Anschutz Medical Campus</annotator>
    <span start="45481" end="45487" />
    <spannedText>buffer</spannedText>
  </annotation>
  <annotation>
    <mention id="CHEBI_2015_08_26_Instance_182006" />
    <annotator id="CHEBI_2015_08_26_Instance_10000">Mike Bada, University of Colorado Anschutz Medical Campus</annotator>
    <span start="46002" end="46008" />
    <spannedText>buffer</spannedText>
  </annotation>
  <annotation>
    <mention id="CHEBI_2015_08_26_Instance_182008" />
    <annotator id="CHEBI_2015_08_26_Instance_10000">Mike Bada, University of Colorado Anschutz Medical Campus</annotator>
    <span start="46047" end="46054" />
    <spannedText>antigen</spannedText>
  </annotation>
  <annotation>
    <mention id="CHEBI_2015_08_26_Instance_182010" />
    <annotator id="CHEBI_2015_08_26_Instance_10000">Mike Bada, University of Colorado Anschutz Medical Campus</annotator>
    <span start="46089" end="46095" />
    <spannedText>buffer</spannedText>
  </annotation>
  <annotation>
    <mention id="CHEBI_2015_08_26_Instance_182012" />
    <annotator id="CHEBI_2015_08_26_Instance_10000">Mike Bada, University of Colorado Anschutz Medical Campus</annotator>
    <span start="46167" end="46181" />
    <spannedText>nitrocellulose</spannedText>
  </annotation>
  <annotation>
    <mention id="CHEBI_2015_08_26_Instance_182014" />
    <annotator id="CHEBI_2015_08_26_Instance_10000">Mike Bada, University of Colorado Anschutz Medical Campus</annotator>
    <span start="47394" end="47395" />
    <spannedText>b</spannedText>
  </annotation>
  <annotation>
    <mention id="CHEBI_2015_08_26_Instance_182016" />
    <annotator id="CHEBI_2015_08_26_Instance_10000">Mike Bada, University of Colorado Anschutz Medical Campus</annotator>
    <span start="47644" end="47647" />
    <spannedText>DNA</spannedText>
  </annotation>
  <annotation>
    <mention id="CHEBI_2015_08_26_Instance_182018" />
    <annotator id="CHEBI_2015_08_26_Instance_10000">Mike Bada, University of Colorado Anschutz Medical Campus</annotator>
    <span start="48331" end="48337" />
    <spannedText>probes</spannedText>
  </annotation>
  <annotation>
    <mention id="CHEBI_2015_08_26_Instance_182020" />
    <annotator id="CHEBI_2015_08_26_Instance_10000">Mike Bada, University of Colorado Anschutz Medical Campus</annotator>
    <span start="48539" end="48542" />
    <spannedText>DNA</spannedText>
  </annotation>
  <annotation>
    <mention id="CHEBI_2015_08_26_Instance_182022" />
    <annotator id="CHEBI_2015_08_26_Instance_10000">Mike Bada, University of Colorado Anschutz Medical Campus</annotator>
    <span start="48958" end="48968" />
    <spannedText>riboprobes</spannedText>
  </annotation>
  <annotation>
    <mention id="CHEBI_2015_08_26_Instance_182024" />
    <annotator id="CHEBI_2015_08_26_Instance_10000">Mike Bada, University of Colorado Anschutz Medical Campus</annotator>
    <span start="48993" end="48999" />
    <spannedText>probes</spannedText>
  </annotation>
  <annotation>
    <mention id="CHEBI_2015_08_26_Instance_182026" />
    <annotator id="CHEBI_2015_08_26_Instance_10000">Mike Bada, University of Colorado Anschutz Medical Campus</annotator>
    <span start="49162" end="49165" />
    <spannedText>PFA</spannedText>
  </annotation>
  <annotation>
    <mention id="CHEBI_2015_08_26_Instance_182028" />
    <annotator id="CHEBI_2015_08_26_Instance_10000">Mike Bada, University of Colorado Anschutz Medical Campus</annotator>
    <span start="49263" end="49268" />
    <spannedText>probe</spannedText>
  </annotation>
  <annotation>
    <mention id="CHEBI_2015_08_26_Instance_182030" />
    <annotator id="CHEBI_2015_08_26_Instance_10000">Mike Bada, University of Colorado Anschutz Medical Campus</annotator>
    <span start="49446" end="49449" />
    <spannedText>NBT</spannedText>
  </annotation>
  <annotation>
    <mention id="CHEBI_2015_08_26_Instance_182032" />
    <annotator id="CHEBI_2015_08_26_Instance_10000">Mike Bada, University of Colorado Anschutz Medical Campus</annotator>
    <span start="49454" end="49458" />
    <spannedText>BCIP</spannedText>
  </annotation>
  <annotation>
    <mention id="CHEBI_2015_08_26_Instance_182034" />
    <annotator id="CHEBI_2015_08_26_Instance_10000">Mike Bada, University of Colorado Anschutz Medical Campus</annotator>
    <span start="49809" end="49825" />
    <spannedText>paraformaldehyde</spannedText>
  </annotation>
  <annotation>
    <mention id="CHEBI_2015_08_26_Instance_182036" />
    <annotator id="CHEBI_2015_08_26_Instance_10000">Mike Bada, University of Colorado Anschutz Medical Campus</annotator>
    <span start="50026" end="50033" />
    <spannedText>antigen</spannedText>
  </annotation>
  <annotation>
    <mention id="CHEBI_2015_08_26_Instance_182038" />
    <annotator id="CHEBI_2015_08_26_Instance_10000">Mike Bada, University of Colorado Anschutz Medical Campus</annotator>
    <span start="50054" end="50068" />
    <spannedText>sodium citrate</spannedText>
  </annotation>
  <annotation>
    <mention id="CHEBI_2015_08_26_Instance_182040" />
    <annotator id="CHEBI_2015_08_26_Instance_10000">Mike Bada, University of Colorado Anschutz Medical Campus</annotator>
    <span start="50082" end="50089" />
    <spannedText>Antigen</spannedText>
  </annotation>
  <annotation>
    <mention id="CHEBI_2015_08_26_Instance_182042" />
    <annotator id="CHEBI_2015_08_26_Instance_10000">Mike Bada, University of Colorado Anschutz Medical Campus</annotator>
    <span start="50269" end="50272" />
    <spannedText>RNA</spannedText>
  </annotation>
  <annotation>
    <mention id="CHEBI_2015_08_26_Instance_182046" />
    <annotator id="CHEBI_2015_08_26_Instance_10000">Mike Bada, University of Colorado Anschutz Medical Campus</annotator>
    <span start="50419" end="50421" />
    <spannedText>dT</spannedText>
  </annotation>
  <annotation>
    <mention id="CHEBI_2015_08_26_Instance_182048" />
    <annotator id="CHEBI_2015_08_26_Instance_10000">Mike Bada, University of Colorado Anschutz Medical Campus</annotator>
    <span start="51848" end="51855" />
    <spannedText>mitogen</spannedText>
  </annotation>
  <annotation>
    <mention id="CHEBI_2015_08_26_Instance_182050" />
    <annotator id="CHEBI_2015_08_26_Instance_10000">Mike Bada, University of Colorado Anschutz Medical Campus</annotator>
    <span start="52595" end="52601" />
    <spannedText>probes</spannedText>
  </annotation>
  <annotation>
    <mention id="CHEBI_2015_08_26_Instance_182052" />
    <annotator id="CHEBI_2015_08_26_Instance_10000">Mike Bada, University of Colorado Anschutz Medical Campus</annotator>
    <span start="52730" end="52733" />
    <spannedText>RNA</spannedText>
  </annotation>
  <annotation>
    <mention id="CHEBI_2015_08_26_Instance_182054" />
    <annotator id="CHEBI_2015_08_26_Instance_10000">Mike Bada, University of Colorado Anschutz Medical Campus</annotator>
    <span start="55430" end="55441" />
    <spannedText>Hematoxylin</spannedText>
  </annotation>
  <annotation>
    <mention id="CHEBI_2015_08_26_Instance_182056" />
    <annotator id="CHEBI_2015_08_26_Instance_10000">Mike Bada, University of Colorado Anschutz Medical Campus</annotator>
    <span start="55447" end="55452" />
    <spannedText>eosin</spannedText>
  </annotation>
  <annotation>
    <mention id="CHEBI_2015_08_26_Instance_182058" />
    <annotator id="CHEBI_2015_08_26_Instance_10000">Mike Bada, University of Colorado Anschutz Medical Campus</annotator>
    <span start="57112" end="57119" />
    <spannedText>markers</spannedText>
  </annotation>
  <annotation>
    <mention id="CHEBI_2015_08_26_Instance_182062" />
    <annotator id="CHEBI_2015_08_26_Instance_10000">Mike Bada, University of Colorado Anschutz Medical Campus</annotator>
    <span start="59295" end="59309" />
    <spannedText>GTP nucleotide</spannedText>
  </annotation>
  <annotation>
    <mention id="CHEBI_2015_08_26_Instance_182064" />
    <annotator id="CHEBI_2015_08_26_Instance_10000">Mike Bada, University of Colorado Anschutz Medical Campus</annotator>
    <span start="60524" end="60531" />
    <spannedText>calcium</spannedText>
  </annotation>
  <annotation>
    <mention id="CHEBI_2015_08_26_Instance_182066" />
    <annotator id="CHEBI_2015_08_26_Instance_10000">Mike Bada, University of Colorado Anschutz Medical Campus</annotator>
    <span start="60554" end="60561" />
    <spannedText>calcium</spannedText>
  </annotation>
  <annotation>
    <mention id="CHEBI_2015_08_26_Instance_182068" />
    <annotator id="CHEBI_2015_08_26_Instance_10000">Mike Bada, University of Colorado Anschutz Medical Campus</annotator>
    <span start="62260" end="62267" />
    <spannedText>peptide</spannedText>
  </annotation>
  <annotation>
    <mention id="CHEBI_2015_08_26_Instance_182070" />
    <annotator id="CHEBI_2015_08_26_Instance_10000">Mike Bada, University of Colorado Anschutz Medical Campus</annotator>
    <span start="63630" end="63634" />
    <spannedText>mRNA</spannedText>
  </annotation>
  <annotation>
    <mention id="CHEBI_2015_08_26_Instance_182072" />
    <annotator id="CHEBI_2015_08_26_Instance_10000">Mike Bada, University of Colorado Anschutz Medical Campus</annotator>
    <span start="63737" end="63741" />
    <spannedText>RNAs</spannedText>
  </annotation>
  <annotation>
    <mention id="CHEBI_2015_08_26_Instance_182074" />
    <annotator id="CHEBI_2015_08_26_Instance_10000">Mike Bada, University of Colorado Anschutz Medical Campus</annotator>
    <span start="63942" end="63947" />
    <spannedText>mRNAs</spannedText>
  </annotation>
  <annotation>
    <mention id="CHEBI_2015_08_26_Instance_182076" />
    <annotator id="CHEBI_2015_08_26_Instance_10000">Mike Bada, University of Colorado Anschutz Medical Campus</annotator>
    <span start="63965" end="63969" />
    <spannedText>mRNA</spannedText>
  </annotation>
  <annotation>
    <mention id="CHEBI_2015_08_26_Instance_182078" />
    <annotator id="CHEBI_2015_08_26_Instance_10000">Mike Bada, University of Colorado Anschutz Medical Campus</annotator>
    <span start="65011" end="65015" />
    <spannedText>mRNA</spannedText>
  </annotation>
  <annotation>
    <mention id="CHEBI_2015_08_26_Instance_182080" />
    <annotator id="CHEBI_2015_08_26_Instance_10000">Mike Bada, University of Colorado Anschutz Medical Campus</annotator>
    <span start="65363" end="65370" />
    <spannedText>markers</spannedText>
  </annotation>
  <annotation>
    <mention id="CHEBI_2015_08_26_Instance_182098" />
    <annotator id="CHEBI_2015_08_26_Instance_10000">Mike Bada, University of Colorado Anschutz Medical Campus</annotator>
    <span start="13419" end="13426" />
    <spannedText>epitope</spannedText>
  </annotation>
  <annotation>
    <mention id="CHEBI_2015_08_26_Instance_20139" />
    <annotator id="CHEBI_2015_08_26_Instance_10000">Mike Bada, University of Colorado Anschutz Medical Campus</annotator>
    <span start="42616" end="42624" />
    <spannedText>Reagents</spannedText>
  </annotation>
  <annotation>
    <mention id="CHEBI_2015_08_26_Instance_20339" />
    <annotator id="CHEBI_2015_08_26_Instance_10000">Mike Bada, University of Colorado Anschutz Medical Campus</annotator>
    <span start="22523" end="22532" />
    <spannedText>inhibitor</spannedText>
  </annotation>
  <annotation>
    <mention id="CHEBI_2015_08_26_Instance_20341" />
    <annotator id="CHEBI_2015_08_26_Instance_10000">Mike Bada, University of Colorado Anschutz Medical Campus</annotator>
    <span start="22881" end="22890" />
    <spannedText>inhibitor</spannedText>
  </annotation>
  <annotation>
    <mention id="CHEBI_2015_08_26_Instance_20345" />
    <annotator id="CHEBI_2015_08_26_Instance_10000">Mike Bada, University of Colorado Anschutz Medical Campus</annotator>
    <span start="24348" end="24357" />
    <spannedText>inhibitor</spannedText>
  </annotation>
  <annotation>
    <mention id="CHEBI_2015_08_26_Instance_20347" />
    <annotator id="CHEBI_2015_08_26_Instance_10000">Mike Bada, University of Colorado Anschutz Medical Campus</annotator>
    <span start="62268" end="62277" />
    <spannedText>inhibitor</spannedText>
  </annotation>
  <annotation>
    <mention id="CHEBI_2015_08_26_Instance_20349" />
    <annotator id="CHEBI_2015_08_26_Instance_10000">Mike Bada, University of Colorado Anschutz Medical Campus</annotator>
    <span start="26241" end="26249" />
    <spannedText>effector</spannedText>
  </annotation>
  <annotation>
    <mention id="CHEBI_2015_08_26_Instance_20351" />
    <annotator id="CHEBI_2015_08_26_Instance_10000">Mike Bada, University of Colorado Anschutz Medical Campus</annotator>
    <span start="2783" end="2792" />
    <spannedText>effectors</spannedText>
  </annotation>
  <annotation>
    <mention id="CHEBI_2015_08_26_Instance_20353" />
    <annotator id="CHEBI_2015_08_26_Instance_10000">Mike Bada, University of Colorado Anschutz Medical Campus</annotator>
    <span start="28693" end="28701" />
    <spannedText>effector</spannedText>
  </annotation>
  <annotation>
    <mention id="CHEBI_2015_08_26_Instance_20355" />
    <annotator id="CHEBI_2015_08_26_Instance_10000">Mike Bada, University of Colorado Anschutz Medical Campus</annotator>
    <span start="43717" end="43721" />
    <spannedText>FITC</spannedText>
  </annotation>
  <annotation>
    <mention id="CHEBI_2015_08_26_Instance_20359" />
    <annotator id="CHEBI_2015_08_26_Instance_10000">Mike Bada, University of Colorado Anschutz Medical Campus</annotator>
    <span start="44999" end="45018" />
    <spannedText>sodium deoxycholate</spannedText>
  </annotation>
  <annotation>
    <mention id="CHEBI_2015_08_26_Instance_20365" />
    <annotator id="CHEBI_2015_08_26_Instance_10000">Mike Bada, University of Colorado Anschutz Medical Campus</annotator>
    <span start="45026" end="45030" />
    <spannedText>Tris</spannedText>
  </annotation>
  <annotation>
    <mention id="CHEBI_2015_08_26_Instance_20367" />
    <annotator id="CHEBI_2015_08_26_Instance_10000">Mike Bada, University of Colorado Anschutz Medical Campus</annotator>
    <span start="45031" end="45033" />
    <spannedText>Cl</spannedText>
  </annotation>
  <annotation>
    <mention id="CHEBI_2015_08_26_Instance_20369" />
    <annotator id="CHEBI_2015_08_26_Instance_10000">Mike Bada, University of Colorado Anschutz Medical Campus</annotator>
    <span start="45051" end="45055" />
    <spannedText>NaCl</spannedText>
  </annotation>
  <annotation>
    <mention id="CHEBI_2015_08_26_Instance_20371" />
    <annotator id="CHEBI_2015_08_26_Instance_10000">Mike Bada, University of Colorado Anschutz Medical Campus</annotator>
    <span start="45072" end="45087" />
    <spannedText>sodium vanadate</spannedText>
  </annotation>
  <annotation>
    <mention id="CHEBI_2015_08_26_Instance_20377" />
    <annotator id="CHEBI_2015_08_26_Instance_10000">Mike Bada, University of Colorado Anschutz Medical Campus</annotator>
    <span start="45094" end="45123" />
    <spannedText>phenylmethylsulfonyl fluoride</spannedText>
  </annotation>
  <annotation>
    <mention id="CHEBI_2015_08_26_Instance_20385" />
    <annotator id="CHEBI_2015_08_26_Instance_10000">Mike Bada, University of Colorado Anschutz Medical Campus</annotator>
    <span start="45402" end="45406" />
    <spannedText>NaCl</spannedText>
  </annotation>
  <annotation>
    <mention id="CHEBI_2015_08_26_Instance_20387" />
    <annotator id="CHEBI_2015_08_26_Instance_10000">Mike Bada, University of Colorado Anschutz Medical Campus</annotator>
    <span start="45411" end="45430" />
    <spannedText>sodium deoxycholate</spannedText>
  </annotation>
  <annotation>
    <mention id="CHEBI_2015_08_26_Instance_20393" />
    <annotator id="CHEBI_2015_08_26_Instance_10000">Mike Bada, University of Colorado Anschutz Medical Campus</annotator>
    <span start="45441" end="45444" />
    <spannedText>SDS</spannedText>
  </annotation>
  <annotation>
    <mention id="CHEBI_2015_08_26_Instance_20397" />
    <annotator id="CHEBI_2015_08_26_Instance_10000">Mike Bada, University of Colorado Anschutz Medical Campus</annotator>
    <span start="46139" end="46142" />
    <spannedText>SDS</spannedText>
  </annotation>
  <annotation>
    <mention id="CHEBI_2015_08_26_Instance_20399" />
    <annotator id="CHEBI_2015_08_26_Instance_10000">Mike Bada, University of Colorado Anschutz Medical Campus</annotator>
    <span start="46511" end="46518" />
    <spannedText>reagent</spannedText>
  </annotation>
  <annotation>
    <mention id="CHEBI_2015_08_26_Instance_20401" />
    <annotator id="CHEBI_2015_08_26_Instance_10000">Mike Bada, University of Colorado Anschutz Medical Campus</annotator>
    <span start="51132" end="51140" />
    <spannedText>reagents</spannedText>
  </annotation>
  <annotation>
    <mention id="CHEBI_2015_08_26_Instance_20403" />
    <annotator id="CHEBI_2015_08_26_Instance_10000">Mike Bada, University of Colorado Anschutz Medical Campus</annotator>
    <span start="65853" end="65861" />
    <spannedText>reagents</spannedText>
  </annotation>
  <annotation>
    <mention id="CHEBI_2015_08_26_Instance_20405" />
    <annotator id="CHEBI_2015_08_26_Instance_10000">Mike Bada, University of Colorado Anschutz Medical Campus</annotator>
    <span start="48918" end="48929" />
    <spannedText>digoxigenin</spannedText>
  </annotation>
  <annotation>
    <mention id="CHEBI_2015_08_26_Instance_20415" />
    <annotator id="CHEBI_2015_08_26_Instance_10000">Mike Bada, University of Colorado Anschutz Medical Campus</annotator>
    <span start="53221" end="53224" />
    <spannedText>SDS</spannedText>
  </annotation>
  <annotation>
    <mention id="CHEBI_2015_08_26_Instance_20427" />
    <annotator id="CHEBI_2015_08_26_Instance_10000">Mike Bada, University of Colorado Anschutz Medical Campus</annotator>
    <span start="61667" end="61670" />
    <spannedText>SDS</spannedText>
  </annotation>
  <annotation>
    <mention id="CHEBI_2015_08_26_Instance_20429" />
    <annotator id="CHEBI_2015_08_26_Instance_10000">Mike Bada, University of Colorado Anschutz Medical Campus</annotator>
    <span start="62408" end="62411" />
    <spannedText>SDS</spannedText>
  </annotation>
  <annotation>
    <mention id="CHEBI_2015_08_26_Instance_20441" />
    <annotator id="CHEBI_2015_08_26_Instance_10000">Mike Bada, University of Colorado Anschutz Medical Campus</annotator>
    <span start="49345" end="49348" />
    <spannedText>dig</spannedText>
  </annotation>
  <annotation>
    <mention id="CHEBI_2015_08_26_Instance_21089" />
    <annotator id="CHEBI_2015_08_26_Instance_10000">Mike Bada, University of Colorado Anschutz Medical Campus</annotator>
    <span start="52440" end="52448" />
    <spannedText>compound</spannedText>
  </annotation>
  <annotation>
    <mention id="CHEBI_2015_08_26_Instance_25037" />
    <annotator id="CHEBI_2015_08_26_Instance_10000">Mike Bada, University of Colorado Anschutz Medical Campus</annotator>
    <span start="55349" end="55353" />
    <spannedText>food</spannedText>
  </annotation>
  <annotation>
    <mention id="CHEBI_2015_08_26_Instance_290318" />
    <annotator id="CHEBI_2015_08_26_Instance_10000">Mike Bada, University of Colorado Anschutz Medical Campus</annotator>
    <span start="45129" end="45148" />
    <spannedText>protease inhibitors</spannedText>
  </annotation>
  <annotation>
    <mention id="CHEBI_2015_08_26_Instance_290320" />
    <annotator id="CHEBI_2015_08_26_Instance_10000">Mike Bada, University of Colorado Anschutz Medical Campus</annotator>
    <span start="45450" end="45469" />
    <spannedText>protease inhibitors</spannedText>
  </annotation>
  <annotation>
    <mention id="CHEBI_2015_08_26_Instance_301426" />
    <annotator id="CHEBI_2015_08_26_Instance_10000">Mike Bada, University of Colorado Anschutz Medical Campus</annotator>
    <span start="664" end="671" />
    <spannedText>protein</spannedText>
  </annotation>
  <annotation>
    <mention id="CHEBI_2015_08_26_Instance_301428" />
    <annotator id="CHEBI_2015_08_26_Instance_10000">Mike Bada, University of Colorado Anschutz Medical Campus</annotator>
    <span start="888" end="896" />
    <spannedText>proteins</spannedText>
  </annotation>
  <annotation>
    <mention id="CHEBI_2015_08_26_Instance_301430" />
    <annotator id="CHEBI_2015_08_26_Instance_10000">Mike Bada, University of Colorado Anschutz Medical Campus</annotator>
    <span start="2137" end="2145" />
    <spannedText>proteins</spannedText>
  </annotation>
  <annotation>
    <mention id="CHEBI_2015_08_26_Instance_301432" />
    <annotator id="CHEBI_2015_08_26_Instance_10000">Mike Bada, University of Colorado Anschutz Medical Campus</annotator>
    <span start="5422" end="5429" />
    <spannedText>protein</spannedText>
  </annotation>
  <annotation>
    <mention id="CHEBI_2015_08_26_Instance_301434" />
    <annotator id="CHEBI_2015_08_26_Instance_10000">Mike Bada, University of Colorado Anschutz Medical Campus</annotator>
    <span start="5469" end="5477" />
    <spannedText>proteins</spannedText>
  </annotation>
  <annotation>
    <mention id="CHEBI_2015_08_26_Instance_301436" />
    <annotator id="CHEBI_2015_08_26_Instance_10000">Mike Bada, University of Colorado Anschutz Medical Campus</annotator>
    <span start="5577" end="5584" />
    <spannedText>protein</spannedText>
  </annotation>
  <annotation>
    <mention id="CHEBI_2015_08_26_Instance_301438" />
    <annotator id="CHEBI_2015_08_26_Instance_10000">Mike Bada, University of Colorado Anschutz Medical Campus</annotator>
    <span start="6158" end="6166" />
    <spannedText>proteins</spannedText>
  </annotation>
  <annotation>
    <mention id="CHEBI_2015_08_26_Instance_301440" />
    <annotator id="CHEBI_2015_08_26_Instance_10000">Mike Bada, University of Colorado Anschutz Medical Campus</annotator>
    <span start="7780" end="7787" />
    <spannedText>protein</spannedText>
  </annotation>
  <annotation>
    <mention id="CHEBI_2015_08_26_Instance_301442" />
    <annotator id="CHEBI_2015_08_26_Instance_10000">Mike Bada, University of Colorado Anschutz Medical Campus</annotator>
    <span start="8209" end="8216" />
    <spannedText>Protein</spannedText>
  </annotation>
  <annotation>
    <mention id="CHEBI_2015_08_26_Instance_301444" />
    <annotator id="CHEBI_2015_08_26_Instance_10000">Mike Bada, University of Colorado Anschutz Medical Campus</annotator>
    <span start="10240" end="10247" />
    <spannedText>protein</spannedText>
  </annotation>
  <annotation>
    <mention id="CHEBI_2015_08_26_Instance_301446" />
    <annotator id="CHEBI_2015_08_26_Instance_10000">Mike Bada, University of Colorado Anschutz Medical Campus</annotator>
    <span start="10452" end="10460" />
    <spannedText>proteins</spannedText>
  </annotation>
  <annotation>
    <mention id="CHEBI_2015_08_26_Instance_301448" />
    <annotator id="CHEBI_2015_08_26_Instance_10000">Mike Bada, University of Colorado Anschutz Medical Campus</annotator>
    <span start="10611" end="10618" />
    <spannedText>protein</spannedText>
  </annotation>
  <annotation>
    <mention id="CHEBI_2015_08_26_Instance_301450" />
    <annotator id="CHEBI_2015_08_26_Instance_10000">Mike Bada, University of Colorado Anschutz Medical Campus</annotator>
    <span start="11484" end="11491" />
    <spannedText>protein</spannedText>
  </annotation>
  <annotation>
    <mention id="CHEBI_2015_08_26_Instance_301452" />
    <annotator id="CHEBI_2015_08_26_Instance_10000">Mike Bada, University of Colorado Anschutz Medical Campus</annotator>
    <span start="11813" end="11820" />
    <spannedText>protein</spannedText>
  </annotation>
  <annotation>
    <mention id="CHEBI_2015_08_26_Instance_301454" />
    <annotator id="CHEBI_2015_08_26_Instance_10000">Mike Bada, University of Colorado Anschutz Medical Campus</annotator>
    <span start="14256" end="14263" />
    <spannedText>protein</spannedText>
  </annotation>
  <annotation>
    <mention id="CHEBI_2015_08_26_Instance_301456" />
    <annotator id="CHEBI_2015_08_26_Instance_10000">Mike Bada, University of Colorado Anschutz Medical Campus</annotator>
    <span start="15371" end="15378" />
    <spannedText>protein</spannedText>
  </annotation>
  <annotation>
    <mention id="CHEBI_2015_08_26_Instance_301458" />
    <annotator id="CHEBI_2015_08_26_Instance_10000">Mike Bada, University of Colorado Anschutz Medical Campus</annotator>
    <span start="16575" end="16583" />
    <spannedText>Proteins</spannedText>
  </annotation>
  <annotation>
    <mention id="CHEBI_2015_08_26_Instance_301460" />
    <annotator id="CHEBI_2015_08_26_Instance_10000">Mike Bada, University of Colorado Anschutz Medical Campus</annotator>
    <span start="16826" end="16834" />
    <spannedText>proteins</spannedText>
  </annotation>
  <annotation>
    <mention id="CHEBI_2015_08_26_Instance_301462" />
    <annotator id="CHEBI_2015_08_26_Instance_10000">Mike Bada, University of Colorado Anschutz Medical Campus</annotator>
    <span start="17087" end="17095" />
    <spannedText>proteins</spannedText>
  </annotation>
  <annotation>
    <mention id="CHEBI_2015_08_26_Instance_301464" />
    <annotator id="CHEBI_2015_08_26_Instance_10000">Mike Bada, University of Colorado Anschutz Medical Campus</annotator>
    <span start="17496" end="17503" />
    <spannedText>protein</spannedText>
  </annotation>
  <annotation>
    <mention id="CHEBI_2015_08_26_Instance_301466" />
    <annotator id="CHEBI_2015_08_26_Instance_10000">Mike Bada, University of Colorado Anschutz Medical Campus</annotator>
    <span start="18477" end="18484" />
    <spannedText>protein</spannedText>
  </annotation>
  <annotation>
    <mention id="CHEBI_2015_08_26_Instance_301468" />
    <annotator id="CHEBI_2015_08_26_Instance_10000">Mike Bada, University of Colorado Anschutz Medical Campus</annotator>
    <span start="19149" end="19157" />
    <spannedText>proteins</spannedText>
  </annotation>
  <annotation>
    <mention id="CHEBI_2015_08_26_Instance_301470" />
    <annotator id="CHEBI_2015_08_26_Instance_10000">Mike Bada, University of Colorado Anschutz Medical Campus</annotator>
    <span start="19396" end="19404" />
    <spannedText>proteins</spannedText>
  </annotation>
  <annotation>
    <mention id="CHEBI_2015_08_26_Instance_301472" />
    <annotator id="CHEBI_2015_08_26_Instance_10000">Mike Bada, University of Colorado Anschutz Medical Campus</annotator>
    <span start="19966" end="19973" />
    <spannedText>protein</spannedText>
  </annotation>
  <annotation>
    <mention id="CHEBI_2015_08_26_Instance_301474" />
    <annotator id="CHEBI_2015_08_26_Instance_10000">Mike Bada, University of Colorado Anschutz Medical Campus</annotator>
    <span start="20327" end="20335" />
    <spannedText>proteins</spannedText>
  </annotation>
  <annotation>
    <mention id="CHEBI_2015_08_26_Instance_301476" />
    <annotator id="CHEBI_2015_08_26_Instance_10000">Mike Bada, University of Colorado Anschutz Medical Campus</annotator>
    <span start="21027" end="21034" />
    <spannedText>protein</spannedText>
  </annotation>
  <annotation>
    <mention id="CHEBI_2015_08_26_Instance_301478" />
    <annotator id="CHEBI_2015_08_26_Instance_10000">Mike Bada, University of Colorado Anschutz Medical Campus</annotator>
    <span start="21392" end="21399" />
    <spannedText>protein</spannedText>
  </annotation>
  <annotation>
    <mention id="CHEBI_2015_08_26_Instance_301480" />
    <annotator id="CHEBI_2015_08_26_Instance_10000">Mike Bada, University of Colorado Anschutz Medical Campus</annotator>
    <span start="21671" end="21678" />
    <spannedText>protein</spannedText>
  </annotation>
  <annotation>
    <mention id="CHEBI_2015_08_26_Instance_301482" />
    <annotator id="CHEBI_2015_08_26_Instance_10000">Mike Bada, University of Colorado Anschutz Medical Campus</annotator>
    <span start="25800" end="25807" />
    <spannedText>protein</spannedText>
  </annotation>
  <annotation>
    <mention id="CHEBI_2015_08_26_Instance_301484" />
    <annotator id="CHEBI_2015_08_26_Instance_10000">Mike Bada, University of Colorado Anschutz Medical Campus</annotator>
    <span start="27050" end="27057" />
    <spannedText>protein</spannedText>
  </annotation>
  <annotation>
    <mention id="CHEBI_2015_08_26_Instance_301486" />
    <annotator id="CHEBI_2015_08_26_Instance_10000">Mike Bada, University of Colorado Anschutz Medical Campus</annotator>
    <span start="27482" end="27489" />
    <spannedText>protein</spannedText>
  </annotation>
  <annotation>
    <mention id="CHEBI_2015_08_26_Instance_301488" />
    <annotator id="CHEBI_2015_08_26_Instance_10000">Mike Bada, University of Colorado Anschutz Medical Campus</annotator>
    <span start="27638" end="27645" />
    <spannedText>protein</spannedText>
  </annotation>
  <annotation>
    <mention id="CHEBI_2015_08_26_Instance_301490" />
    <annotator id="CHEBI_2015_08_26_Instance_10000">Mike Bada, University of Colorado Anschutz Medical Campus</annotator>
    <span start="27953" end="27960" />
    <spannedText>protein</spannedText>
  </annotation>
  <annotation>
    <mention id="CHEBI_2015_08_26_Instance_301492" />
    <annotator id="CHEBI_2015_08_26_Instance_10000">Mike Bada, University of Colorado Anschutz Medical Campus</annotator>
    <span start="28043" end="28050" />
    <spannedText>protein</spannedText>
  </annotation>
  <annotation>
    <mention id="CHEBI_2015_08_26_Instance_301494" />
    <annotator id="CHEBI_2015_08_26_Instance_10000">Mike Bada, University of Colorado Anschutz Medical Campus</annotator>
    <span start="28154" end="28161" />
    <spannedText>protein</spannedText>
  </annotation>
  <annotation>
    <mention id="CHEBI_2015_08_26_Instance_301496" />
    <annotator id="CHEBI_2015_08_26_Instance_10000">Mike Bada, University of Colorado Anschutz Medical Campus</annotator>
    <span start="29132" end="29139" />
    <spannedText>protein</spannedText>
  </annotation>
  <annotation>
    <mention id="CHEBI_2015_08_26_Instance_301498" />
    <annotator id="CHEBI_2015_08_26_Instance_10000">Mike Bada, University of Colorado Anschutz Medical Campus</annotator>
    <span start="29582" end="29589" />
    <spannedText>protein</spannedText>
  </annotation>
  <annotation>
    <mention id="CHEBI_2015_08_26_Instance_301500" />
    <annotator id="CHEBI_2015_08_26_Instance_10000">Mike Bada, University of Colorado Anschutz Medical Campus</annotator>
    <span start="34280" end="34287" />
    <spannedText>protein</spannedText>
  </annotation>
  <annotation>
    <mention id="CHEBI_2015_08_26_Instance_301502" />
    <annotator id="CHEBI_2015_08_26_Instance_10000">Mike Bada, University of Colorado Anschutz Medical Campus</annotator>
    <span start="40326" end="40334" />
    <spannedText>proteins</spannedText>
  </annotation>
  <annotation>
    <mention id="CHEBI_2015_08_26_Instance_301504" />
    <annotator id="CHEBI_2015_08_26_Instance_10000">Mike Bada, University of Colorado Anschutz Medical Campus</annotator>
    <span start="40925" end="40933" />
    <spannedText>proteins</spannedText>
  </annotation>
  <annotation>
    <mention id="CHEBI_2015_08_26_Instance_301506" />
    <annotator id="CHEBI_2015_08_26_Instance_10000">Mike Bada, University of Colorado Anschutz Medical Campus</annotator>
    <span start="41846" end="41854" />
    <spannedText>proteins</spannedText>
  </annotation>
  <annotation>
    <mention id="CHEBI_2015_08_26_Instance_301508" />
    <annotator id="CHEBI_2015_08_26_Instance_10000">Mike Bada, University of Colorado Anschutz Medical Campus</annotator>
    <span start="42021" end="42029" />
    <spannedText>proteins</spannedText>
  </annotation>
  <annotation>
    <mention id="CHEBI_2015_08_26_Instance_301510" />
    <annotator id="CHEBI_2015_08_26_Instance_10000">Mike Bada, University of Colorado Anschutz Medical Campus</annotator>
    <span start="44340" end="44347" />
    <spannedText>protein</spannedText>
  </annotation>
  <annotation>
    <mention id="CHEBI_2015_08_26_Instance_301512" />
    <annotator id="CHEBI_2015_08_26_Instance_10000">Mike Bada, University of Colorado Anschutz Medical Campus</annotator>
    <span start="44887" end="44894" />
    <spannedText>Protein</spannedText>
  </annotation>
  <annotation>
    <mention id="CHEBI_2015_08_26_Instance_301514" />
    <annotator id="CHEBI_2015_08_26_Instance_10000">Mike Bada, University of Colorado Anschutz Medical Campus</annotator>
    <span start="45731" end="45738" />
    <spannedText>Protein</spannedText>
  </annotation>
  <annotation>
    <mention id="CHEBI_2015_08_26_Instance_301516" />
    <annotator id="CHEBI_2015_08_26_Instance_10000">Mike Bada, University of Colorado Anschutz Medical Campus</annotator>
    <span start="46018" end="46025" />
    <spannedText>Protein</spannedText>
  </annotation>
  <annotation>
    <mention id="CHEBI_2015_08_26_Instance_301518" />
    <annotator id="CHEBI_2015_08_26_Instance_10000">Mike Bada, University of Colorado Anschutz Medical Campus</annotator>
    <span start="51557" end="51564" />
    <spannedText>protein</spannedText>
  </annotation>
  <annotation>
    <mention id="CHEBI_2015_08_26_Instance_301520" />
    <annotator id="CHEBI_2015_08_26_Instance_10000">Mike Bada, University of Colorado Anschutz Medical Campus</annotator>
    <span start="51715" end="51722" />
    <spannedText>protein</spannedText>
  </annotation>
  <annotation>
    <mention id="CHEBI_2015_08_26_Instance_301522" />
    <annotator id="CHEBI_2015_08_26_Instance_10000">Mike Bada, University of Colorado Anschutz Medical Campus</annotator>
    <span start="51866" end="51873" />
    <spannedText>protein</spannedText>
  </annotation>
  <annotation>
    <mention id="CHEBI_2015_08_26_Instance_301524" />
    <annotator id="CHEBI_2015_08_26_Instance_10000">Mike Bada, University of Colorado Anschutz Medical Campus</annotator>
    <span start="52092" end="52100" />
    <spannedText>proteins</spannedText>
  </annotation>
  <annotation>
    <mention id="CHEBI_2015_08_26_Instance_301526" />
    <annotator id="CHEBI_2015_08_26_Instance_10000">Mike Bada, University of Colorado Anschutz Medical Campus</annotator>
    <span start="52881" end="52888" />
    <spannedText>protein</spannedText>
  </annotation>
  <annotation>
    <mention id="CHEBI_2015_08_26_Instance_301528" />
    <annotator id="CHEBI_2015_08_26_Instance_10000">Mike Bada, University of Colorado Anschutz Medical Campus</annotator>
    <span start="52922" end="52929" />
    <spannedText>Protein</spannedText>
  </annotation>
  <annotation>
    <mention id="CHEBI_2015_08_26_Instance_301530" />
    <annotator id="CHEBI_2015_08_26_Instance_10000">Mike Bada, University of Colorado Anschutz Medical Campus</annotator>
    <span start="53190" end="53198" />
    <spannedText>proteins</spannedText>
  </annotation>
  <annotation>
    <mention id="CHEBI_2015_08_26_Instance_301532" />
    <annotator id="CHEBI_2015_08_26_Instance_10000">Mike Bada, University of Colorado Anschutz Medical Campus</annotator>
    <span start="53452" end="53459" />
    <spannedText>protein</spannedText>
  </annotation>
  <annotation>
    <mention id="CHEBI_2015_08_26_Instance_301534" />
    <annotator id="CHEBI_2015_08_26_Instance_10000">Mike Bada, University of Colorado Anschutz Medical Campus</annotator>
    <span start="56957" end="56964" />
    <spannedText>protein</spannedText>
  </annotation>
  <annotation>
    <mention id="CHEBI_2015_08_26_Instance_301536" />
    <annotator id="CHEBI_2015_08_26_Instance_10000">Mike Bada, University of Colorado Anschutz Medical Campus</annotator>
    <span start="57325" end="57332" />
    <spannedText>protein</spannedText>
  </annotation>
  <annotation>
    <mention id="CHEBI_2015_08_26_Instance_301538" />
    <annotator id="CHEBI_2015_08_26_Instance_10000">Mike Bada, University of Colorado Anschutz Medical Campus</annotator>
    <span start="57419" end="57426" />
    <spannedText>protein</spannedText>
  </annotation>
  <annotation>
    <mention id="CHEBI_2015_08_26_Instance_301540" />
    <annotator id="CHEBI_2015_08_26_Instance_10000">Mike Bada, University of Colorado Anschutz Medical Campus</annotator>
    <span start="57483" end="57490" />
    <spannedText>protein</spannedText>
  </annotation>
  <annotation>
    <mention id="CHEBI_2015_08_26_Instance_301542" />
    <annotator id="CHEBI_2015_08_26_Instance_10000">Mike Bada, University of Colorado Anschutz Medical Campus</annotator>
    <span start="58768" end="58775" />
    <spannedText>protein</spannedText>
  </annotation>
  <annotation>
    <mention id="CHEBI_2015_08_26_Instance_301544" />
    <annotator id="CHEBI_2015_08_26_Instance_10000">Mike Bada, University of Colorado Anschutz Medical Campus</annotator>
    <span start="58849" end="58857" />
    <spannedText>proteins</spannedText>
  </annotation>
  <annotation>
    <mention id="CHEBI_2015_08_26_Instance_301546" />
    <annotator id="CHEBI_2015_08_26_Instance_10000">Mike Bada, University of Colorado Anschutz Medical Campus</annotator>
    <span start="58913" end="58920" />
    <spannedText>protein</spannedText>
  </annotation>
  <annotation>
    <mention id="CHEBI_2015_08_26_Instance_301548" />
    <annotator id="CHEBI_2015_08_26_Instance_10000">Mike Bada, University of Colorado Anschutz Medical Campus</annotator>
    <span start="59061" end="59069" />
    <spannedText>proteins</spannedText>
  </annotation>
  <annotation>
    <mention id="CHEBI_2015_08_26_Instance_301550" />
    <annotator id="CHEBI_2015_08_26_Instance_10000">Mike Bada, University of Colorado Anschutz Medical Campus</annotator>
    <span start="59208" end="59216" />
    <spannedText>proteins</spannedText>
  </annotation>
  <annotation>
    <mention id="CHEBI_2015_08_26_Instance_301552" />
    <annotator id="CHEBI_2015_08_26_Instance_10000">Mike Bada, University of Colorado Anschutz Medical Campus</annotator>
    <span start="59319" end="59326" />
    <spannedText>protein</spannedText>
  </annotation>
  <annotation>
    <mention id="CHEBI_2015_08_26_Instance_301554" />
    <annotator id="CHEBI_2015_08_26_Instance_10000">Mike Bada, University of Colorado Anschutz Medical Campus</annotator>
    <span start="59662" end="59669" />
    <spannedText>protein</spannedText>
  </annotation>
  <annotation>
    <mention id="CHEBI_2015_08_26_Instance_301556" />
    <annotator id="CHEBI_2015_08_26_Instance_10000">Mike Bada, University of Colorado Anschutz Medical Campus</annotator>
    <span start="59781" end="59788" />
    <spannedText>protein</spannedText>
  </annotation>
  <annotation>
    <mention id="CHEBI_2015_08_26_Instance_301558" />
    <annotator id="CHEBI_2015_08_26_Instance_10000">Mike Bada, University of Colorado Anschutz Medical Campus</annotator>
    <span start="60024" end="60031" />
    <spannedText>protein</spannedText>
  </annotation>
  <annotation>
    <mention id="CHEBI_2015_08_26_Instance_301560" />
    <annotator id="CHEBI_2015_08_26_Instance_10000">Mike Bada, University of Colorado Anschutz Medical Campus</annotator>
    <span start="61167" end="61174" />
    <spannedText>protein</spannedText>
  </annotation>
  <annotation>
    <mention id="CHEBI_2015_08_26_Instance_301562" />
    <annotator id="CHEBI_2015_08_26_Instance_10000">Mike Bada, University of Colorado Anschutz Medical Campus</annotator>
    <span start="61296" end="61303" />
    <spannedText>Protein</spannedText>
  </annotation>
  <annotation>
    <mention id="CHEBI_2015_08_26_Instance_301564" />
    <annotator id="CHEBI_2015_08_26_Instance_10000">Mike Bada, University of Colorado Anschutz Medical Campus</annotator>
    <span start="61508" end="61515" />
    <spannedText>protein</spannedText>
  </annotation>
  <annotation>
    <mention id="CHEBI_2015_08_26_Instance_301566" />
    <annotator id="CHEBI_2015_08_26_Instance_10000">Mike Bada, University of Colorado Anschutz Medical Campus</annotator>
    <span start="61833" end="61841" />
    <spannedText>proteins</spannedText>
  </annotation>
  <annotation>
    <mention id="CHEBI_2015_08_26_Instance_301568" />
    <annotator id="CHEBI_2015_08_26_Instance_10000">Mike Bada, University of Colorado Anschutz Medical Campus</annotator>
    <span start="62360" end="62367" />
    <spannedText>protein</spannedText>
  </annotation>
  <annotation>
    <mention id="CHEBI_2015_08_26_Instance_301570" />
    <annotator id="CHEBI_2015_08_26_Instance_10000">Mike Bada, University of Colorado Anschutz Medical Campus</annotator>
    <span start="63027" end="63035" />
    <spannedText>proteins</spannedText>
  </annotation>
  <annotation>
    <mention id="CHEBI_2015_08_26_Instance_301572" />
    <annotator id="CHEBI_2015_08_26_Instance_10000">Mike Bada, University of Colorado Anschutz Medical Campus</annotator>
    <span start="63097" end="63105" />
    <spannedText>Proteins</spannedText>
  </annotation>
  <annotation>
    <mention id="CHEBI_2015_08_26_Instance_301574" />
    <annotator id="CHEBI_2015_08_26_Instance_10000">Mike Bada, University of Colorado Anschutz Medical Campus</annotator>
    <span start="63235" end="63242" />
    <spannedText>protein</spannedText>
  </annotation>
  <annotation>
    <mention id="CHEBI_2015_08_26_Instance_301576" />
    <annotator id="CHEBI_2015_08_26_Instance_10000">Mike Bada, University of Colorado Anschutz Medical Campus</annotator>
    <span start="63377" end="63385" />
    <spannedText>proteins</spannedText>
  </annotation>
  <annotation>
    <mention id="CHEBI_2015_08_26_Instance_301578" />
    <annotator id="CHEBI_2015_08_26_Instance_10000">Mike Bada, University of Colorado Anschutz Medical Campus</annotator>
    <span start="64019" end="64026" />
    <spannedText>protein</spannedText>
  </annotation>
  <annotation>
    <mention id="CHEBI_2015_08_26_Instance_301580" />
    <annotator id="CHEBI_2015_08_26_Instance_10000">Mike Bada, University of Colorado Anschutz Medical Campus</annotator>
    <span start="64870" end="64877" />
    <spannedText>protein</spannedText>
  </annotation>
  <annotation>
    <mention id="CHEBI_2015_08_26_Instance_301582" />
    <annotator id="CHEBI_2015_08_26_Instance_10000">Mike Bada, University of Colorado Anschutz Medical Campus</annotator>
    <span start="65237" end="65244" />
    <spannedText>protein</spannedText>
  </annotation>
  <annotation>
    <mention id="CHEBI_2015_08_26_Instance_301584" />
    <annotator id="CHEBI_2015_08_26_Instance_10000">Mike Bada, University of Colorado Anschutz Medical Campus</annotator>
    <span start="45859" end="45866" />
    <spannedText>Protein</spannedText>
  </annotation>
  <annotation>
    <mention id="CHEBI_2015_08_26_Instance_330114" />
    <annotator id="CHEBI_2015_08_26_Instance_10000">Mike Bada, University of Colorado Anschutz Medical Campus</annotator>
    <span start="2077" end="2086" />
    <spannedText>molecular</spannedText>
  </annotation>
  <annotation>
    <mention id="CHEBI_2015_08_26_Instance_330116" />
    <annotator id="CHEBI_2015_08_26_Instance_10000">Mike Bada, University of Colorado Anschutz Medical Campus</annotator>
    <span start="23477" end="23486" />
    <spannedText>molecular</spannedText>
  </annotation>
  <annotation>
    <mention id="CHEBI_2015_08_26_Instance_330118" />
    <annotator id="CHEBI_2015_08_26_Instance_10000">Mike Bada, University of Colorado Anschutz Medical Campus</annotator>
    <span start="42440" end="42449" />
    <spannedText>molecular</spannedText>
  </annotation>
  <annotation>
    <mention id="CHEBI_2015_08_26_Instance_330354" />
    <annotator id="CHEBI_2015_08_26_Instance_10000">Mike Bada, University of Colorado Anschutz Medical Campus</annotator>
    <span start="49665" end="49681" />
    <spannedText>paraformaldehyde</spannedText>
  </annotation>
  <annotation>
    <mention id="CHEBI_2015_08_26_Instance_330548" />
    <annotator id="CHEBI_2015_08_26_Instance_10000">Mike Bada, University of Colorado Anschutz Medical Campus</annotator>
    <span start="62279" end="62282" />
    <spannedText>inh</spannedText>
  </annotation>
  <annotation>
    <mention id="CHEBI_2015_08_26_Instance_331160" />
    <annotator id="CHEBI_2015_08_26_Instance_10000">Mike Bada, University of Colorado Anschutz Medical Campus</annotator>
    <span start="59021" end="59029" />
    <spannedText>cofactor</spannedText>
  </annotation>
  <annotation>
    <mention id="CHEBI_2015_08_26_Instance_331214" />
    <annotator id="CHEBI_2015_08_26_Instance_10000">Mike Bada, University of Colorado Anschutz Medical Campus</annotator>
    <span start="36701" end="36712" />
    <spannedText>biochemical</spannedText>
  </annotation>
  <annotation>
    <mention id="CHEBI_2015_08_26_Instance_331216" />
    <annotator id="CHEBI_2015_08_26_Instance_10000">Mike Bada, University of Colorado Anschutz Medical Campus</annotator>
    <span start="43364" end="43376" />
    <spannedText>Biochemicals</spannedText>
  </annotation>
  <annotation>
    <mention id="CHEBI_2015_08_26_Instance_331726" />
    <annotator id="CHEBI_2015_08_26_Instance_10000">Mike Bada, University of Colorado Anschutz Medical Campus</annotator>
    <span start="46413" end="46420" />
    <spannedText>calcium</spannedText>
  </annotation>
  <annotation>
    <mention id="CHEBI_2015_08_26_Instance_350118" />
    <annotator id="CHEBI_2015_08_26_Instance_10000">Mike Bada, University of Colorado Anschutz Medical Campus</annotator>
    <span start="50413" end="50418" />
    <spannedText>oligo</spannedText>
  </annotation>
  <annotation>
    <mention id="CHEBI_2015_08_26_Instance_380470" />
    <annotator id="CHEBI_2015_08_26_Instance_10000">Mike Bada, University of Colorado Anschutz Medical Campus</annotator>
    <span start="11314" end="11321" />
    <spannedText>labeled</spannedText>
  </annotation>
  <annotation>
    <mention id="CHEBI_2015_08_26_Instance_380472" />
    <annotator id="CHEBI_2015_08_26_Instance_10000">Mike Bada, University of Colorado Anschutz Medical Campus</annotator>
    <span start="12005" end="12013" />
    <spannedText>labeling</spannedText>
  </annotation>
  <annotation>
    <mention id="CHEBI_2015_08_26_Instance_380474" />
    <annotator id="CHEBI_2015_08_26_Instance_10000">Mike Bada, University of Colorado Anschutz Medical Campus</annotator>
    <span start="28470" end="28477" />
    <spannedText>labeled</spannedText>
  </annotation>
  <annotation>
    <mention id="CHEBI_2015_08_26_Instance_380476" />
    <annotator id="CHEBI_2015_08_26_Instance_10000">Mike Bada, University of Colorado Anschutz Medical Campus</annotator>
    <span start="28517" end="28525" />
    <spannedText>labeling</spannedText>
  </annotation>
  <annotation>
    <mention id="CHEBI_2015_08_26_Instance_380478" />
    <annotator id="CHEBI_2015_08_26_Instance_10000">Mike Bada, University of Colorado Anschutz Medical Campus</annotator>
    <span start="48930" end="48937" />
    <spannedText>labeled</spannedText>
  </annotation>
  <annotation>
    <mention id="CHEBI_2015_08_26_Instance_380480" />
    <annotator id="CHEBI_2015_08_26_Instance_10000">Mike Bada, University of Colorado Anschutz Medical Campus</annotator>
    <span start="54076" end="54084" />
    <spannedText>labeling</spannedText>
  </annotation>
  <annotation>
    <mention id="CHEBI_2015_08_26_Instance_380482" />
    <annotator id="CHEBI_2015_08_26_Instance_10000">Mike Bada, University of Colorado Anschutz Medical Campus</annotator>
    <span start="54403" end="54411" />
    <spannedText>labeling</spannedText>
  </annotation>
  <annotation>
    <mention id="CHEBI_2015_08_26_Instance_380484" />
    <annotator id="CHEBI_2015_08_26_Instance_10000">Mike Bada, University of Colorado Anschutz Medical Campus</annotator>
    <span start="54697" end="54705" />
    <spannedText>labeling</spannedText>
  </annotation>
  <annotation>
    <mention id="CHEBI_2015_08_26_Instance_380486" />
    <annotator id="CHEBI_2015_08_26_Instance_10000">Mike Bada, University of Colorado Anschutz Medical Campus</annotator>
    <span start="55694" end="55701" />
    <spannedText>labeled</spannedText>
  </annotation>
  <annotation>
    <mention id="CHEBI_2015_08_26_Instance_380488" />
    <annotator id="CHEBI_2015_08_26_Instance_10000">Mike Bada, University of Colorado Anschutz Medical Campus</annotator>
    <span start="56681" end="56688" />
    <spannedText>labeled</spannedText>
  </annotation>
  <annotation>
    <mention id="CHEBI_2015_08_26_Instance_380490" />
    <annotator id="CHEBI_2015_08_26_Instance_10000">Mike Bada, University of Colorado Anschutz Medical Campus</annotator>
    <span start="57021" end="57028" />
    <spannedText>labeled</spannedText>
  </annotation>
  <annotation>
    <mention id="CHEBI_2015_08_26_Instance_380492" />
    <annotator id="CHEBI_2015_08_26_Instance_10000">Mike Bada, University of Colorado Anschutz Medical Campus</annotator>
    <span start="58252" end="58260" />
    <spannedText>labeling</spannedText>
  </annotation>
  <annotation>
    <mention id="CHEBI_2015_08_26_Instance_380909" />
    <annotator id="CHEBI_2015_08_26_Instance_10000">Mike Bada, University of Colorado Anschutz Medical Campus</annotator>
    <span start="12602" end="12608" />
    <spannedText>marked</spannedText>
  </annotation>
  <annotation>
    <mention id="CHEBI_2015_08_26_Instance_380911" />
    <annotator id="CHEBI_2015_08_26_Instance_10000">Mike Bada, University of Colorado Anschutz Medical Campus</annotator>
    <span start="54319" end="54324" />
    <spannedText>marks</spannedText>
  </annotation>
  <annotation>
    <mention id="CHEBI_2015_08_26_Instance_381067" />
    <annotator id="CHEBI_2015_08_26_Instance_10000">Mike Bada, University of Colorado Anschutz Medical Campus</annotator>
    <span start="10598" end="10604" />
    <spannedText>tagged</spannedText>
  </annotation>
  <annotation>
    <mention id="CHEBI_2015_08_26_Instance_381069" />
    <annotator id="CHEBI_2015_08_26_Instance_10000">Mike Bada, University of Colorado Anschutz Medical Campus</annotator>
    <span start="14324" end="14330" />
    <spannedText>tagged</spannedText>
  </annotation>
  <annotation>
    <mention id="CHEBI_2015_08_26_Instance_381071" />
    <annotator id="CHEBI_2015_08_26_Instance_10000">Mike Bada, University of Colorado Anschutz Medical Campus</annotator>
    <span start="18289" end="18295" />
    <spannedText>tagged</spannedText>
  </annotation>
  <annotation>
    <mention id="CHEBI_2015_08_26_Instance_381073" />
    <annotator id="CHEBI_2015_08_26_Instance_10000">Mike Bada, University of Colorado Anschutz Medical Campus</annotator>
    <span start="18398" end="18404" />
    <spannedText>tagged</spannedText>
  </annotation>
  <annotation>
    <mention id="CHEBI_2015_08_26_Instance_381075" />
    <annotator id="CHEBI_2015_08_26_Instance_10000">Mike Bada, University of Colorado Anschutz Medical Campus</annotator>
    <span start="53078" end="53084" />
    <spannedText>tagged</spannedText>
  </annotation>
  <annotation>
    <mention id="CHEBI_2015_08_26_Instance_381077" />
    <annotator id="CHEBI_2015_08_26_Instance_10000">Mike Bada, University of Colorado Anschutz Medical Campus</annotator>
    <span start="60377" end="60383" />
    <spannedText>tagged</spannedText>
  </annotation>
  <annotation>
    <mention id="CHEBI_2015_08_26_Instance_381079" />
    <annotator id="CHEBI_2015_08_26_Instance_10000">Mike Bada, University of Colorado Anschutz Medical Campus</annotator>
    <span start="61139" end="61145" />
    <spannedText>tagged</spannedText>
  </annotation>
  <classMention id="CHEBI_2015_08_26_Instance_331726">
    <mentionClass id="CHEBI_EXT:calcium">calcium</mentionClass>
  </classMention>
  <classMention id="CHEBI_2015_08_26_Instance_350118">
    <mentionClass id="CHEBI_SO_EXT:oligonucleotide">oligonucleotide</mentionClass>
  </classMention>
  <classMention id="CHEBI_2015_08_26_Instance_330114">
    <mentionClass id="CHEBI_EXT:polyatomic_entity_or_group">polyatomic entity or group</mentionClass>
  </classMention>
  <classMention id="CHEBI_2015_08_26_Instance_330118">
    <mentionClass id="CHEBI_EXT:polyatomic_entity_or_group">polyatomic entity or group</mentionClass>
  </classMention>
  <classMention id="CHEBI_2015_08_26_Instance_330116">
    <mentionClass id="CHEBI_EXT:polyatomic_entity_or_group">polyatomic entity or group</mentionClass>
  </classMention>
  <classMention id="CHEBI_2015_08_26_Instance_290320">
    <mentionClass id="CHEBI_GO_EXT:peptidase_or_protease_or_proteinase_inhibitor">peptidase/protease/proteinase inhibitor</mentionClass>
  </classMention>
  <classMention id="CHEBI_2015_08_26_Instance_290318">
    <mentionClass id="CHEBI_GO_EXT:peptidase_or_protease_or_proteinase_inhibitor">peptidase/protease/proteinase inhibitor</mentionClass>
  </classMention>
  <classMention id="CHEBI_2015_08_26_Instance_331160">
    <mentionClass id="CHEBI_EXT:23357">cofactor</mentionClass>
  </classMention>
  <classMention id="CHEBI_2015_08_26_Instance_380911">
    <mentionClass id="CHEBI_SO_EXT:molecular_label_or_mark_or_tag_process">molecular label/mark/tag process</mentionClass>
  </classMention>
  <classMention id="CHEBI_2015_08_26_Instance_380909">
    <mentionClass id="CHEBI_SO_EXT:molecular_label_or_mark_or_tag_process">molecular label/mark/tag process</mentionClass>
  </classMention>
  <classMention id="CHEBI_2015_08_26_Instance_25037">
    <mentionClass id="CHEBI_EXT:33290">food</mentionClass>
  </classMention>
  <classMention id="CHEBI_2015_08_26_Instance_331216">
    <mentionClass id="CHEBI_EXT:biochemical">biochemical</mentionClass>
  </classMention>
  <classMention id="CHEBI_2015_08_26_Instance_331214">
    <mentionClass id="CHEBI_EXT:biochemical">biochemical</mentionClass>
  </classMention>
  <classMention id="CHEBI_2015_08_26_Instance_380472">
    <mentionClass id="CHEBI_SO_EXT:molecular_label_or_mark_or_tag_process">molecular label/mark/tag process</mentionClass>
  </classMention>
  <classMention id="CHEBI_2015_08_26_Instance_380470">
    <mentionClass id="CHEBI_SO_EXT:molecular_label_or_mark_or_tag_process">molecular label/mark/tag process</mentionClass>
  </classMention>
  <classMention id="CHEBI_2015_08_26_Instance_380476">
    <mentionClass id="CHEBI_SO_EXT:molecular_label_or_mark_or_tag_process">molecular label/mark/tag process</mentionClass>
  </classMention>
  <classMention id="CHEBI_2015_08_26_Instance_380474">
    <mentionClass id="CHEBI_SO_EXT:molecular_label_or_mark_or_tag_process">molecular label/mark/tag process</mentionClass>
  </classMention>
  <classMention id="CHEBI_2015_08_26_Instance_380480">
    <mentionClass id="CHEBI_SO_EXT:molecular_label_or_mark_or_tag_process">molecular label/mark/tag process</mentionClass>
  </classMention>
  <classMention id="CHEBI_2015_08_26_Instance_380478">
    <mentionClass id="CHEBI_SO_EXT:molecular_label_or_mark_or_tag_process">molecular label/mark/tag process</mentionClass>
  </classMention>
  <classMention id="CHEBI_2015_08_26_Instance_380484">
    <mentionClass id="CHEBI_SO_EXT:molecular_label_or_mark_or_tag_process">molecular label/mark/tag process</mentionClass>
  </classMention>
  <classMention id="CHEBI_2015_08_26_Instance_380482">
    <mentionClass id="CHEBI_SO_EXT:molecular_label_or_mark_or_tag_process">molecular label/mark/tag process</mentionClass>
  </classMention>
  <classMention id="CHEBI_2015_08_26_Instance_380488">
    <mentionClass id="CHEBI_SO_EXT:molecular_label_or_mark_or_tag_process">molecular label/mark/tag process</mentionClass>
  </classMention>
  <classMention id="CHEBI_2015_08_26_Instance_380486">
    <mentionClass id="CHEBI_SO_EXT:molecular_label_or_mark_or_tag_process">molecular label/mark/tag process</mentionClass>
  </classMention>
  <classMention id="CHEBI_2015_08_26_Instance_380492">
    <mentionClass id="CHEBI_SO_EXT:molecular_label_or_mark_or_tag_process">molecular label/mark/tag process</mentionClass>
  </classMention>
  <classMention id="CHEBI_2015_08_26_Instance_380490">
    <mentionClass id="CHEBI_SO_EXT:molecular_label_or_mark_or_tag_process">molecular label/mark/tag process</mentionClass>
  </classMention>
  <classMention id="CHEBI_2015_08_26_Instance_181930">
    <mentionClass id="CHEBI_EXT:52290">mitogen</mentionClass>
  </classMention>
  <classMention id="CHEBI_2015_08_26_Instance_181934">
    <mentionClass id="CHEBI_EXT:52290">mitogen</mentionClass>
  </classMention>
  <classMention id="CHEBI_2015_08_26_Instance_181932">
    <mentionClass id="CHEBI_EXT:62488">signalling molecule</mentionClass>
  </classMention>
  <classMention id="CHEBI_2015_08_26_Instance_181938">
    <mentionClass id="CHEBI_SO_EXT:mRNA">mRNA</mentionClass>
  </classMention>
  <classMention id="CHEBI_2015_08_26_Instance_181936">
    <mentionClass id="CHEBI_EXT:zinc">zinc</mentionClass>
  </classMention>
  <classMention id="CHEBI_2015_08_26_Instance_181942">
    <mentionClass id="CHEBI_SO_EXT:mRNA">mRNA</mentionClass>
  </classMention>
  <classMention id="CHEBI_2015_08_26_Instance_181940">
    <mentionClass id="CHEBI_SO_EXT:mRNA">mRNA</mentionClass>
  </classMention>
  <classMention id="CHEBI_2015_08_26_Instance_181946">
    <mentionClass id="CHEBI_SO_EXT:molecular_probe">molecular probe</mentionClass>
  </classMention>
  <classMention id="CHEBI_2015_08_26_Instance_181944">
    <mentionClass id="CHEBI_SO_EXT:mRNA">mRNA</mentionClass>
  </classMention>
  <classMention id="CHEBI_2015_08_26_Instance_181948">
    <mentionClass id="CHEBI_SO_EXT:mRNA">mRNA</mentionClass>
  </classMention>
  <classMention id="CHEBI_2015_08_26_Instance_181952">
    <mentionClass id="CHEBI_EXT:zinc">zinc</mentionClass>
  </classMention>
  <classMention id="CHEBI_2015_08_26_Instance_181950">
    <mentionClass id="CHEBI_SO_EXT:mRNA">mRNA</mentionClass>
  </classMention>
  <classMention id="CHEBI_2015_08_26_Instance_181958">
    <mentionClass id="CHEBI_EXT:59132">antigen</mentionClass>
  </classMention>
  <classMention id="CHEBI_2015_08_26_Instance_181954">
    <mentionClass id="CHEBI_EXT:59132">antigen</mentionClass>
  </classMention>
  <classMention id="CHEBI_2015_08_26_Instance_181962">
    <mentionClass id="CHEBI_SO_EXT:mRNA">mRNA</mentionClass>
  </classMention>
  <classMention id="CHEBI_2015_08_26_Instance_181960">
    <mentionClass id="CHEBI_SO_EXT:molecular_indicator_or_label_or_marker_or_tag">molecular indicator/label/marker/tag</mentionClass>
  </classMention>
  <classMention id="CHEBI_2015_08_26_Instance_181966">
    <mentionClass id="CHEBI_SO_EXT:DNA">DNA</mentionClass>
  </classMention>
  <classMention id="CHEBI_2015_08_26_Instance_181964">
    <mentionClass id="CHEBI_SO_EXT:molecular_indicator_or_label_or_marker_or_tag">molecular indicator/label/marker/tag</mentionClass>
  </classMention>
  <classMention id="CHEBI_2015_08_26_Instance_181970">
    <mentionClass id="CHEBI_SO_EXT:peptide_or_peptide_region">peptide or peptide region</mentionClass>
  </classMention>
  <classMention id="CHEBI_2015_08_26_Instance_181968">
    <mentionClass id="CHEBI_SO_EXT:nucleotide">nucleotide</mentionClass>
  </classMention>
  <classMention id="CHEBI_2015_08_26_Instance_181974">
    <mentionClass id="CHEBI_SO_EXT:nucleotide">nucleotide</mentionClass>
  </classMention>
  <classMention id="CHEBI_2015_08_26_Instance_181972">
    <mentionClass id="CHEBI_SO_EXT:peptide_or_peptide_region">peptide or peptide region</mentionClass>
  </classMention>
  <classMention id="CHEBI_2015_08_26_Instance_181978">
    <mentionClass id="CHEBI_SO_EXT:mRNA">mRNA</mentionClass>
  </classMention>
  <classMention id="CHEBI_2015_08_26_Instance_181976">
    <mentionClass id="CHEBI_SO_EXT:mRNA">mRNA</mentionClass>
  </classMention>
  <classMention id="CHEBI_2015_08_26_Instance_181982">
    <mentionClass id="CHEBI_SO_EXT:base">base</mentionClass>
  </classMention>
  <classMention id="CHEBI_2015_08_26_Instance_301426">
    <mentionClass id="CHEBI_PR_EXT:protein">protein</mentionClass>
  </classMention>
  <classMention id="CHEBI_2015_08_26_Instance_181980">
    <mentionClass id="CHEBI_SO_EXT:base">base</mentionClass>
  </classMention>
  <classMention id="CHEBI_2015_08_26_Instance_181986">
    <mentionClass id="CHEBI_SO_EXT:mRNA">mRNA</mentionClass>
  </classMention>
  <classMention id="CHEBI_2015_08_26_Instance_301430">
    <mentionClass id="CHEBI_PR_EXT:protein">protein</mentionClass>
  </classMention>
  <classMention id="CHEBI_2015_08_26_Instance_181984">
    <mentionClass id="CHEBI_SO_EXT:mRNA">mRNA</mentionClass>
  </classMention>
  <classMention id="CHEBI_2015_08_26_Instance_301428">
    <mentionClass id="CHEBI_PR_EXT:protein">protein</mentionClass>
  </classMention>
  <classMention id="CHEBI_2015_08_26_Instance_301434">
    <mentionClass id="CHEBI_PR_EXT:protein">protein</mentionClass>
  </classMention>
  <classMention id="CHEBI_2015_08_26_Instance_381069">
    <mentionClass id="CHEBI_SO_EXT:molecular_label_or_mark_or_tag_process">molecular label/mark/tag process</mentionClass>
  </classMention>
  <classMention id="CHEBI_2015_08_26_Instance_181988">
    <mentionClass id="CHEBI:51247">texas red</mentionClass>
  </classMention>
  <classMention id="CHEBI_2015_08_26_Instance_301432">
    <mentionClass id="CHEBI_PR_EXT:protein">protein</mentionClass>
  </classMention>
  <classMention id="CHEBI_2015_08_26_Instance_381067">
    <mentionClass id="CHEBI_SO_EXT:molecular_label_or_mark_or_tag_process">molecular label/mark/tag process</mentionClass>
  </classMention>
  <classMention id="CHEBI_2015_08_26_Instance_181992">
    <mentionClass id="CHEBI:63016">nonyl phenoxypolyethoxylethanol</mentionClass>
  </classMention>
  <classMention id="CHEBI_2015_08_26_Instance_301438">
    <mentionClass id="CHEBI_PR_EXT:protein">protein</mentionClass>
  </classMention>
  <classMention id="CHEBI_2015_08_26_Instance_381073">
    <mentionClass id="CHEBI_SO_EXT:molecular_label_or_mark_or_tag_process">molecular label/mark/tag process</mentionClass>
  </classMention>
  <classMention id="CHEBI_2015_08_26_Instance_181990">
    <mentionClass id="CHEBI_CHMO_EXT:buffer_solution">buffer solution</mentionClass>
  </classMention>
  <classMention id="CHEBI_2015_08_26_Instance_301436">
    <mentionClass id="CHEBI_PR_EXT:protein">protein</mentionClass>
  </classMention>
  <classMention id="CHEBI_2015_08_26_Instance_381071">
    <mentionClass id="CHEBI_SO_EXT:molecular_label_or_mark_or_tag_process">molecular label/mark/tag process</mentionClass>
  </classMention>
  <classMention id="CHEBI_2015_08_26_Instance_181996">
    <mentionClass id="CHEBI_EXT:nitrogen">nitrogen</mentionClass>
  </classMention>
  <classMention id="CHEBI_2015_08_26_Instance_301442">
    <mentionClass id="CHEBI_PR_EXT:protein">protein</mentionClass>
  </classMention>
  <classMention id="CHEBI_2015_08_26_Instance_381077">
    <mentionClass id="CHEBI_SO_EXT:molecular_label_or_mark_or_tag_process">molecular label/mark/tag process</mentionClass>
  </classMention>
  <classMention id="CHEBI_2015_08_26_Instance_181994">
    <mentionClass id="CHEBI_CHMO_EXT:buffer_solution">buffer solution</mentionClass>
  </classMention>
  <classMention id="CHEBI_2015_08_26_Instance_301440">
    <mentionClass id="CHEBI_PR_EXT:protein">protein</mentionClass>
  </classMention>
  <classMention id="CHEBI_2015_08_26_Instance_381075">
    <mentionClass id="CHEBI_SO_EXT:molecular_label_or_mark_or_tag_process">molecular label/mark/tag process</mentionClass>
  </classMention>
  <classMention id="CHEBI_2015_08_26_Instance_182000">
    <mentionClass id="CHEBI:9750">Triton X-100</mentionClass>
  </classMention>
  <classMention id="CHEBI_2015_08_26_Instance_301446">
    <mentionClass id="CHEBI_PR_EXT:protein">protein</mentionClass>
  </classMention>
  <classMention id="CHEBI_2015_08_26_Instance_181998">
    <mentionClass id="CHEBI_CHMO_EXT:buffer_solution">buffer solution</mentionClass>
  </classMention>
  <classMention id="CHEBI_2015_08_26_Instance_301444">
    <mentionClass id="CHEBI_PR_EXT:protein">protein</mentionClass>
  </classMention>
  <classMention id="CHEBI_2015_08_26_Instance_381079">
    <mentionClass id="CHEBI_SO_EXT:molecular_label_or_mark_or_tag_process">molecular label/mark/tag process</mentionClass>
  </classMention>
  <classMention id="CHEBI_2015_08_26_Instance_182004">
    <mentionClass id="CHEBI_CHMO_EXT:buffer_solution">buffer solution</mentionClass>
  </classMention>
  <classMention id="CHEBI_2015_08_26_Instance_301450">
    <mentionClass id="CHEBI_PR_EXT:protein">protein</mentionClass>
  </classMention>
  <classMention id="CHEBI_2015_08_26_Instance_182002">
    <mentionClass id="CHEBI_EXT:EDTA">EDTA</mentionClass>
  </classMention>
  <classMention id="CHEBI_2015_08_26_Instance_301448">
    <mentionClass id="CHEBI_PR_EXT:protein">protein</mentionClass>
  </classMention>
  <classMention id="CHEBI_2015_08_26_Instance_182008">
    <mentionClass id="CHEBI_EXT:59132">antigen</mentionClass>
  </classMention>
  <classMention id="CHEBI_2015_08_26_Instance_20139">
    <mentionClass id="CHEBI_EXT:33893">reagent</mentionClass>
  </classMention>
  <classMention id="CHEBI_2015_08_26_Instance_301454">
    <mentionClass id="CHEBI_PR_EXT:protein">protein</mentionClass>
  </classMention>
  <classMention id="CHEBI_2015_08_26_Instance_182006">
    <mentionClass id="CHEBI_CHMO_EXT:buffer_solution">buffer solution</mentionClass>
  </classMention>
  <classMention id="CHEBI_2015_08_26_Instance_301452">
    <mentionClass id="CHEBI_PR_EXT:protein">protein</mentionClass>
  </classMention>
  <classMention id="CHEBI_2015_08_26_Instance_182010">
    <mentionClass id="CHEBI_CHMO_EXT:buffer_solution">buffer solution</mentionClass>
  </classMention>
  <classMention id="CHEBI_2015_08_26_Instance_20341">
    <mentionClass id="CHEBI_EXT:35222">inhibitor</mentionClass>
  </classMention>
  <classMention id="CHEBI_2015_08_26_Instance_301458">
    <mentionClass id="CHEBI_PR_EXT:protein">protein</mentionClass>
  </classMention>
  <classMention id="CHEBI_2015_08_26_Instance_20339">
    <mentionClass id="CHEBI_EXT:35222">inhibitor</mentionClass>
  </classMention>
  <classMention id="CHEBI_2015_08_26_Instance_301456">
    <mentionClass id="CHEBI_PR_EXT:protein">protein</mentionClass>
  </classMention>
  <classMention id="CHEBI_2015_08_26_Instance_182014">
    <mentionClass id="CHEBI_SO_EXT:base">base</mentionClass>
  </classMention>
  <classMention id="CHEBI_2015_08_26_Instance_20347">
    <mentionClass id="CHEBI_EXT:35222">inhibitor</mentionClass>
  </classMention>
  <classMention id="CHEBI_2015_08_26_Instance_301462">
    <mentionClass id="CHEBI_PR_EXT:protein">protein</mentionClass>
  </classMention>
  <classMention id="CHEBI_2015_08_26_Instance_182012">
    <mentionClass id="CHEBI:53325">nitrocellulose</mentionClass>
  </classMention>
  <classMention id="CHEBI_2015_08_26_Instance_20345">
    <mentionClass id="CHEBI_EXT:35222">inhibitor</mentionClass>
  </classMention>
  <classMention id="CHEBI_2015_08_26_Instance_301460">
    <mentionClass id="CHEBI_PR_EXT:protein">protein</mentionClass>
  </classMention>
  <classMention id="CHEBI_2015_08_26_Instance_182018">
    <mentionClass id="CHEBI_SO_EXT:molecular_probe">molecular probe</mentionClass>
  </classMention>
  <classMention id="CHEBI_2015_08_26_Instance_20351">
    <mentionClass id="CHEBI_EXT:35224">effector</mentionClass>
  </classMention>
  <classMention id="CHEBI_2015_08_26_Instance_301466">
    <mentionClass id="CHEBI_PR_EXT:protein">protein</mentionClass>
  </classMention>
  <classMention id="CHEBI_2015_08_26_Instance_182016">
    <mentionClass id="CHEBI_SO_EXT:DNA">DNA</mentionClass>
  </classMention>
  <classMention id="CHEBI_2015_08_26_Instance_20349">
    <mentionClass id="CHEBI_EXT:35224">effector</mentionClass>
  </classMention>
  <classMention id="CHEBI_2015_08_26_Instance_301464">
    <mentionClass id="CHEBI_PR_EXT:protein">protein</mentionClass>
  </classMention>
  <classMention id="CHEBI_2015_08_26_Instance_182022">
    <mentionClass id="CHEBI_SO_EXT:molecular_probe">molecular probe</mentionClass>
  </classMention>
  <classMention id="CHEBI_2015_08_26_Instance_20355">
    <mentionClass id="CHEBI:37926">fluorescein isothiocyanate</mentionClass>
  </classMention>
  <classMention id="CHEBI_2015_08_26_Instance_301470">
    <mentionClass id="CHEBI_PR_EXT:protein">protein</mentionClass>
  </classMention>
  <classMention id="CHEBI_2015_08_26_Instance_182020">
    <mentionClass id="CHEBI_SO_EXT:DNA">DNA</mentionClass>
  </classMention>
  <classMention id="CHEBI_2015_08_26_Instance_20353">
    <mentionClass id="CHEBI_EXT:35224">effector</mentionClass>
  </classMention>
  <classMention id="CHEBI_2015_08_26_Instance_301468">
    <mentionClass id="CHEBI_PR_EXT:protein">protein</mentionClass>
  </classMention>
  <classMention id="CHEBI_2015_08_26_Instance_182026">
    <mentionClass id="CHEBI_EXT:paraformaldehye">paraformaldehyde</mentionClass>
  </classMention>
  <classMention id="CHEBI_2015_08_26_Instance_20365">
    <mentionClass id="CHEBI:9754">tris</mentionClass>
  </classMention>
  <classMention id="CHEBI_2015_08_26_Instance_301474">
    <mentionClass id="CHEBI_PR_EXT:protein">protein</mentionClass>
  </classMention>
  <classMention id="CHEBI_2015_08_26_Instance_182024">
    <mentionClass id="CHEBI_SO_EXT:molecular_probe">molecular probe</mentionClass>
  </classMention>
  <classMention id="CHEBI_2015_08_26_Instance_20359">
    <mentionClass id="CHEBI:9177">sodium deoxycholate</mentionClass>
  </classMention>
  <classMention id="CHEBI_2015_08_26_Instance_301472">
    <mentionClass id="CHEBI_PR_EXT:protein">protein</mentionClass>
  </classMention>
  <classMention id="CHEBI_2015_08_26_Instance_20369">
    <mentionClass id="CHEBI:26710">sodium chloride</mentionClass>
  </classMention>
  <classMention id="CHEBI_2015_08_26_Instance_301478">
    <mentionClass id="CHEBI_PR_EXT:protein">protein</mentionClass>
  </classMention>
  <classMention id="CHEBI_2015_08_26_Instance_330354">
    <mentionClass id="CHEBI_EXT:paraformaldehye">paraformaldehyde</mentionClass>
  </classMention>
  <classMention id="CHEBI_2015_08_26_Instance_182028">
    <mentionClass id="CHEBI_SO_EXT:molecular_probe">molecular probe</mentionClass>
  </classMention>
  <classMention id="CHEBI_2015_08_26_Instance_20367">
    <mentionClass id="CHEBI:17996">chloride</mentionClass>
  </classMention>
  <classMention id="CHEBI_2015_08_26_Instance_301476">
    <mentionClass id="CHEBI_PR_EXT:protein">protein</mentionClass>
  </classMention>
  <classMention id="CHEBI_2015_08_26_Instance_182032">
    <mentionClass id="CHEBI:75508">5-bromo-4-chloro-3-indolyl phosphate</mentionClass>
  </classMention>
  <classMention id="CHEBI_2015_08_26_Instance_20377">
    <mentionClass id="CHEBI:8102">phenylmethanesulfonyl fluoride</mentionClass>
  </classMention>
  <classMention id="CHEBI_2015_08_26_Instance_301482">
    <mentionClass id="CHEBI_PR_EXT:protein">protein</mentionClass>
  </classMention>
  <classMention id="CHEBI_2015_08_26_Instance_182030">
    <mentionClass id="CHEBI:7586">nitro blue tetrazolium(2+)</mentionClass>
  </classMention>
  <classMention id="CHEBI_2015_08_26_Instance_20371">
    <mentionClass id="CHEBI:35607">trisodium vanadate</mentionClass>
  </classMention>
  <classMention id="CHEBI_2015_08_26_Instance_301480">
    <mentionClass id="CHEBI_PR_EXT:protein">protein</mentionClass>
  </classMention>
  <classMention id="CHEBI_2015_08_26_Instance_182036">
    <mentionClass id="CHEBI_EXT:59132">antigen</mentionClass>
  </classMention>
  <classMention id="CHEBI_2015_08_26_Instance_20387">
    <mentionClass id="CHEBI:9177">sodium deoxycholate</mentionClass>
  </classMention>
  <classMention id="CHEBI_2015_08_26_Instance_301486">
    <mentionClass id="CHEBI_PR_EXT:protein">protein</mentionClass>
  </classMention>
  <classMention id="CHEBI_2015_08_26_Instance_182034">
    <mentionClass id="CHEBI_EXT:paraformaldehye">paraformaldehyde</mentionClass>
  </classMention>
  <classMention id="CHEBI_2015_08_26_Instance_20385">
    <mentionClass id="CHEBI:26710">sodium chloride</mentionClass>
  </classMention>
  <classMention id="CHEBI_2015_08_26_Instance_301484">
    <mentionClass id="CHEBI_PR_EXT:protein">protein</mentionClass>
  </classMention>
  <classMention id="CHEBI_2015_08_26_Instance_182040">
    <mentionClass id="CHEBI_EXT:59132">antigen</mentionClass>
  </classMention>
  <classMention id="CHEBI_2015_08_26_Instance_20397">
    <mentionClass id="CHEBI:8984">sodium dodecyl sulfate</mentionClass>
  </classMention>
  <classMention id="CHEBI_2015_08_26_Instance_301490">
    <mentionClass id="CHEBI_PR_EXT:protein">protein</mentionClass>
  </classMention>
  <classMention id="CHEBI_2015_08_26_Instance_182038">
    <mentionClass id="CHEBI:53258">sodium citrate</mentionClass>
  </classMention>
  <classMention id="CHEBI_2015_08_26_Instance_20393">
    <mentionClass id="CHEBI:8984">sodium dodecyl sulfate</mentionClass>
  </classMention>
  <classMention id="CHEBI_2015_08_26_Instance_301488">
    <mentionClass id="CHEBI_PR_EXT:protein">protein</mentionClass>
  </classMention>
  <classMention id="CHEBI_2015_08_26_Instance_182046">
    <mentionClass id="CHEBI_EXT:thymine_nucleobase_or_nucleoside_or_nucleotide_molecular_entity_or_group">thymine nucleobase/nucleoside/nucleotide molecular entity or group</mentionClass>
  </classMention>
  <classMention id="CHEBI_2015_08_26_Instance_20401">
    <mentionClass id="CHEBI_EXT:33893">reagent</mentionClass>
  </classMention>
  <classMention id="CHEBI_2015_08_26_Instance_301494">
    <mentionClass id="CHEBI_PR_EXT:protein">protein</mentionClass>
  </classMention>
  <classMention id="CHEBI_2015_08_26_Instance_182042">
    <mentionClass id="CHEBI_SO_EXT:RNA">RNA</mentionClass>
  </classMention>
  <classMention id="CHEBI_2015_08_26_Instance_20399">
    <mentionClass id="CHEBI_EXT:33893">reagent</mentionClass>
  </classMention>
  <classMention id="CHEBI_2015_08_26_Instance_301492">
    <mentionClass id="CHEBI_PR_EXT:protein">protein</mentionClass>
  </classMention>
  <classMention id="CHEBI_2015_08_26_Instance_182050">
    <mentionClass id="CHEBI_SO_EXT:molecular_probe">molecular probe</mentionClass>
  </classMention>
  <classMention id="CHEBI_2015_08_26_Instance_20405">
    <mentionClass id="CHEBI:42098">digoxigenin</mentionClass>
  </classMention>
  <classMention id="CHEBI_2015_08_26_Instance_301498">
    <mentionClass id="CHEBI_PR_EXT:protein">protein</mentionClass>
  </classMention>
  <classMention id="CHEBI_2015_08_26_Instance_182048">
    <mentionClass id="CHEBI_EXT:52290">mitogen</mentionClass>
  </classMention>
  <classMention id="CHEBI_2015_08_26_Instance_20403">
    <mentionClass id="CHEBI_EXT:33893">reagent</mentionClass>
  </classMention>
  <classMention id="CHEBI_2015_08_26_Instance_301496">
    <mentionClass id="CHEBI_PR_EXT:protein">protein</mentionClass>
  </classMention>
  <classMention id="CHEBI_2015_08_26_Instance_182054">
    <mentionClass id="CHEBI:51686">haematoxylin</mentionClass>
  </classMention>
  <classMention id="CHEBI_2015_08_26_Instance_20427">
    <mentionClass id="CHEBI:8984">sodium dodecyl sulfate</mentionClass>
  </classMention>
  <classMention id="CHEBI_2015_08_26_Instance_301502">
    <mentionClass id="CHEBI_PR_EXT:protein">protein</mentionClass>
  </classMention>
  <classMention id="CHEBI_2015_08_26_Instance_182052">
    <mentionClass id="CHEBI_SO_EXT:RNA">RNA</mentionClass>
  </classMention>
  <classMention id="CHEBI_2015_08_26_Instance_20415">
    <mentionClass id="CHEBI:8984">sodium dodecyl sulfate</mentionClass>
  </classMention>
  <classMention id="CHEBI_2015_08_26_Instance_301500">
    <mentionClass id="CHEBI_PR_EXT:protein">protein</mentionClass>
  </classMention>
  <classMention id="CHEBI_2015_08_26_Instance_182058">
    <mentionClass id="CHEBI_SO_EXT:molecular_indicator_or_label_or_marker_or_tag">molecular indicator/label/marker/tag</mentionClass>
  </classMention>
  <classMention id="CHEBI_2015_08_26_Instance_301506">
    <mentionClass id="CHEBI_PR_EXT:protein">protein</mentionClass>
  </classMention>
  <classMention id="CHEBI_2015_08_26_Instance_182056">
    <mentionClass id="CHEBI_EXT:eosin">eosin</mentionClass>
  </classMention>
  <classMention id="CHEBI_2015_08_26_Instance_20429">
    <mentionClass id="CHEBI:8984">sodium dodecyl sulfate</mentionClass>
  </classMention>
  <classMention id="CHEBI_2015_08_26_Instance_301504">
    <mentionClass id="CHEBI_PR_EXT:protein">protein</mentionClass>
  </classMention>
  <classMention id="CHEBI_2015_08_26_Instance_182064">
    <mentionClass id="CHEBI_EXT:calcium">calcium</mentionClass>
  </classMention>
  <classMention id="CHEBI_2015_08_26_Instance_301510">
    <mentionClass id="CHEBI_PR_EXT:protein">protein</mentionClass>
  </classMention>
  <classMention id="CHEBI_2015_08_26_Instance_182062">
    <mentionClass id="CHEBI_EXT:GTP">GTP</mentionClass>
  </classMention>
  <classMention id="CHEBI_2015_08_26_Instance_20441">
    <mentionClass id="CHEBI:42098">digoxigenin</mentionClass>
  </classMention>
  <classMention id="CHEBI_2015_08_26_Instance_301508">
    <mentionClass id="CHEBI_PR_EXT:protein">protein</mentionClass>
  </classMention>
  <classMention id="CHEBI_2015_08_26_Instance_182068">
    <mentionClass id="CHEBI_SO_EXT:peptide_or_peptide_region">peptide or peptide region</mentionClass>
  </classMention>
  <classMention id="CHEBI_2015_08_26_Instance_301514">
    <mentionClass id="CHEBI_PR_EXT:protein">protein</mentionClass>
  </classMention>
  <classMention id="CHEBI_2015_08_26_Instance_182066">
    <mentionClass id="CHEBI_EXT:calcium">calcium</mentionClass>
  </classMention>
  <classMention id="CHEBI_2015_08_26_Instance_301512">
    <mentionClass id="CHEBI_PR_EXT:protein">protein</mentionClass>
  </classMention>
  <classMention id="CHEBI_2015_08_26_Instance_182072">
    <mentionClass id="CHEBI_SO_EXT:RNA">RNA</mentionClass>
  </classMention>
  <classMention id="CHEBI_2015_08_26_Instance_301518">
    <mentionClass id="CHEBI_PR_EXT:protein">protein</mentionClass>
  </classMention>
  <classMention id="CHEBI_2015_08_26_Instance_182070">
    <mentionClass id="CHEBI_SO_EXT:mRNA">mRNA</mentionClass>
  </classMention>
  <classMention id="CHEBI_2015_08_26_Instance_301516">
    <mentionClass id="CHEBI_PR_EXT:protein">protein</mentionClass>
  </classMention>
  <classMention id="CHEBI_2015_08_26_Instance_182076">
    <mentionClass id="CHEBI_SO_EXT:mRNA">mRNA</mentionClass>
  </classMention>
  <classMention id="CHEBI_2015_08_26_Instance_301522">
    <mentionClass id="CHEBI_PR_EXT:protein">protein</mentionClass>
  </classMention>
  <classMention id="CHEBI_2015_08_26_Instance_182074">
    <mentionClass id="CHEBI_SO_EXT:mRNA">mRNA</mentionClass>
  </classMention>
  <classMention id="CHEBI_2015_08_26_Instance_301520">
    <mentionClass id="CHEBI_PR_EXT:protein">protein</mentionClass>
  </classMention>
  <classMention id="CHEBI_2015_08_26_Instance_182080">
    <mentionClass id="CHEBI_SO_EXT:molecular_indicator_or_label_or_marker_or_tag">molecular indicator/label/marker/tag</mentionClass>
  </classMention>
  <classMention id="CHEBI_2015_08_26_Instance_301526">
    <mentionClass id="CHEBI_PR_EXT:protein">protein</mentionClass>
  </classMention>
  <classMention id="CHEBI_2015_08_26_Instance_182078">
    <mentionClass id="CHEBI_SO_EXT:mRNA">mRNA</mentionClass>
  </classMention>
  <classMention id="CHEBI_2015_08_26_Instance_301524">
    <mentionClass id="CHEBI_PR_EXT:protein">protein</mentionClass>
  </classMention>
  <classMention id="CHEBI_2015_08_26_Instance_301530">
    <mentionClass id="CHEBI_PR_EXT:protein">protein</mentionClass>
  </classMention>
  <classMention id="CHEBI_2015_08_26_Instance_301528">
    <mentionClass id="CHEBI_PR_EXT:protein">protein</mentionClass>
  </classMention>
  <classMention id="CHEBI_2015_08_26_Instance_301534">
    <mentionClass id="CHEBI_PR_EXT:protein">protein</mentionClass>
  </classMention>
  <classMention id="CHEBI_2015_08_26_Instance_301532">
    <mentionClass id="CHEBI_PR_EXT:protein">protein</mentionClass>
  </classMention>
  <classMention id="CHEBI_2015_08_26_Instance_301538">
    <mentionClass id="CHEBI_PR_EXT:protein">protein</mentionClass>
  </classMention>
  <classMention id="CHEBI_2015_08_26_Instance_301536">
    <mentionClass id="CHEBI_PR_EXT:protein">protein</mentionClass>
  </classMention>
  <classMention id="CHEBI_2015_08_26_Instance_301542">
    <mentionClass id="CHEBI_PR_EXT:protein">protein</mentionClass>
  </classMention>
  <classMention id="CHEBI_2015_08_26_Instance_301540">
    <mentionClass id="CHEBI_PR_EXT:protein">protein</mentionClass>
  </classMention>
  <classMention id="CHEBI_2015_08_26_Instance_182098">
    <mentionClass id="CHEBI_SO_EXT:epitope">epitope</mentionClass>
  </classMention>
  <classMention id="CHEBI_2015_08_26_Instance_301546">
    <mentionClass id="CHEBI_PR_EXT:protein">protein</mentionClass>
  </classMention>
  <classMention id="CHEBI_2015_08_26_Instance_301544">
    <mentionClass id="CHEBI_PR_EXT:protein">protein</mentionClass>
  </classMention>
  <classMention id="CHEBI_2015_08_26_Instance_301550">
    <mentionClass id="CHEBI_PR_EXT:protein">protein</mentionClass>
  </classMention>
  <classMention id="CHEBI_2015_08_26_Instance_301548">
    <mentionClass id="CHEBI_PR_EXT:protein">protein</mentionClass>
  </classMention>
  <classMention id="CHEBI_2015_08_26_Instance_301554">
    <mentionClass id="CHEBI_PR_EXT:protein">protein</mentionClass>
  </classMention>
  <classMention id="CHEBI_2015_08_26_Instance_301552">
    <mentionClass id="CHEBI_PR_EXT:protein">protein</mentionClass>
  </classMention>
  <classMention id="CHEBI_2015_08_26_Instance_301558">
    <mentionClass id="CHEBI_PR_EXT:protein">protein</mentionClass>
  </classMention>
  <classMention id="CHEBI_2015_08_26_Instance_301556">
    <mentionClass id="CHEBI_PR_EXT:protein">protein</mentionClass>
  </classMention>
  <classMention id="CHEBI_2015_08_26_Instance_301562">
    <mentionClass id="CHEBI_PR_EXT:protein">protein</mentionClass>
  </classMention>
  <classMention id="CHEBI_2015_08_26_Instance_301560">
    <mentionClass id="CHEBI_PR_EXT:protein">protein</mentionClass>
  </classMention>
  <classMention id="CHEBI_2015_08_26_Instance_301566">
    <mentionClass id="CHEBI_PR_EXT:protein">protein</mentionClass>
  </classMention>
  <classMention id="CHEBI_2015_08_26_Instance_301564">
    <mentionClass id="CHEBI_PR_EXT:protein">protein</mentionClass>
  </classMention>
  <classMention id="CHEBI_2015_08_26_Instance_301570">
    <mentionClass id="CHEBI_PR_EXT:protein">protein</mentionClass>
  </classMention>
  <classMention id="CHEBI_2015_08_26_Instance_301568">
    <mentionClass id="CHEBI_PR_EXT:protein">protein</mentionClass>
  </classMention>
  <classMention id="CHEBI_2015_08_26_Instance_21089">
    <mentionClass id="CHEBI:36357">polyatomic entity</mentionClass>
  </classMention>
  <classMention id="CHEBI_2015_08_26_Instance_301574">
    <mentionClass id="CHEBI_PR_EXT:protein">protein</mentionClass>
  </classMention>
  <classMention id="CHEBI_2015_08_26_Instance_301572">
    <mentionClass id="CHEBI_PR_EXT:protein">protein</mentionClass>
  </classMention>
  <classMention id="CHEBI_2015_08_26_Instance_301578">
    <mentionClass id="CHEBI_PR_EXT:protein">protein</mentionClass>
  </classMention>
  <classMention id="CHEBI_2015_08_26_Instance_301576">
    <mentionClass id="CHEBI_PR_EXT:protein">protein</mentionClass>
  </classMention>
  <classMention id="CHEBI_2015_08_26_Instance_301582">
    <mentionClass id="CHEBI_PR_EXT:protein">protein</mentionClass>
  </classMention>
  <classMention id="CHEBI_2015_08_26_Instance_301580">
    <mentionClass id="CHEBI_PR_EXT:protein">protein</mentionClass>
  </classMention>
  <classMention id="CHEBI_2015_08_26_Instance_301584">
    <mentionClass id="CHEBI_PR_EXT:protein">protein</mentionClass>
  </classMention>
  <classMention id="CHEBI_2015_08_26_backup_Instance_258">
    <mentionClass id="CHEBI_SO_EXT:N_terminus_or_N_terminal_region">N-terminus or N-terminal region</mentionClass>
  </classMention>
  <classMention id="CHEBI_2015_08_26_backup_Instance_256">
    <mentionClass id="CHEBI_SO_EXT:N_terminus_or_N_terminal_region">N-terminus or N-terminal region</mentionClass>
  </classMention>
  <classMention id="CHEBI_2015_08_26_Instance_330548">
    <mentionClass id="CHEBI_EXT:35222">inhibitor</mentionClass>
  </classMention>
</annotations>

