<?xml version="1.0" encoding="UTF-8"?>
<annotations textSource="15676071.txt">
  <annotation>
    <mention id="CHEBI_2015_08_26_backup_Instance_20003" />
    <annotator id="CHEBI_2015_08_26_Instance_10000">Mike Bada, University of Colorado Anschutz Medical Campus</annotator>
    <span start="32521" end="32543" />
    <spannedText>potassium ferrocyanide</spannedText>
  </annotation>
  <annotation>
    <mention id="CHEBI_2015_08_26_Instance_182082" />
    <annotator id="CHEBI_2015_08_26_Instance_10000">Mike Bada, University of Colorado Anschutz Medical Campus</annotator>
    <span start="2350" end="2357" />
    <spannedText>leucine</spannedText>
  </annotation>
  <annotation>
    <mention id="CHEBI_2015_08_26_Instance_182084" />
    <annotator id="CHEBI_2015_08_26_Instance_10000">Mike Bada, University of Colorado Anschutz Medical Campus</annotator>
    <span start="3612" end="3615" />
    <spannedText>DNA</spannedText>
  </annotation>
  <annotation>
    <mention id="CHEBI_2015_08_26_Instance_182100" />
    <annotator id="CHEBI_2015_08_26_Instance_10000">Mike Bada, University of Colorado Anschutz Medical Campus</annotator>
    <span start="20513" end="20520" />
    <spannedText>epitope</spannedText>
  </annotation>
  <annotation>
    <mention id="CHEBI_2015_08_26_Instance_182102" />
    <annotator id="CHEBI_2015_08_26_Instance_10000">Mike Bada, University of Colorado Anschutz Medical Campus</annotator>
    <span start="21563" end="21567" />
    <spannedText>mRNA</spannedText>
  </annotation>
  <annotation>
    <mention id="CHEBI_2015_08_26_Instance_182104" />
    <annotator id="CHEBI_2015_08_26_Instance_10000">Mike Bada, University of Colorado Anschutz Medical Campus</annotator>
    <span start="23769" end="23776" />
    <spannedText>enzymes</spannedText>
  </annotation>
  <annotation>
    <mention id="CHEBI_2015_08_26_Instance_182106" />
    <annotator id="CHEBI_2015_08_26_Instance_10000">Mike Bada, University of Colorado Anschutz Medical Campus</annotator>
    <span start="24000" end="24006" />
    <spannedText>probes</spannedText>
  </annotation>
  <annotation>
    <mention id="CHEBI_2015_08_26_Instance_182108" />
    <annotator id="CHEBI_2015_08_26_Instance_10000">Mike Bada, University of Colorado Anschutz Medical Campus</annotator>
    <span start="24079" end="24082" />
    <spannedText>RNA</spannedText>
  </annotation>
  <annotation>
    <mention id="CHEBI_2015_08_26_Instance_182110" />
    <annotator id="CHEBI_2015_08_26_Instance_10000">Mike Bada, University of Colorado Anschutz Medical Campus</annotator>
    <span start="26667" end="26670" />
    <spannedText>RNA</spannedText>
  </annotation>
  <annotation>
    <mention id="CHEBI_2015_08_26_Instance_182112" />
    <annotator id="CHEBI_2015_08_26_Instance_10000">Mike Bada, University of Colorado Anschutz Medical Campus</annotator>
    <span start="26814" end="26817" />
    <spannedText>RNA</spannedText>
  </annotation>
  <annotation>
    <mention id="CHEBI_2015_08_26_Instance_182118" />
    <annotator id="CHEBI_2015_08_26_Instance_10000">Mike Bada, University of Colorado Anschutz Medical Campus</annotator>
    <span start="27231" end="27239" />
    <spannedText>tyrosine</spannedText>
  </annotation>
  <annotation>
    <mention id="CHEBI_2015_08_26_Instance_182120" />
    <annotator id="CHEBI_2015_08_26_Instance_10000">Mike Bada, University of Colorado Anschutz Medical Campus</annotator>
    <span start="28943" end="28947" />
    <spannedText>mRNA</spannedText>
  </annotation>
  <annotation>
    <mention id="CHEBI_2015_08_26_Instance_182122" />
    <annotator id="CHEBI_2015_08_26_Instance_10000">Mike Bada, University of Colorado Anschutz Medical Campus</annotator>
    <span start="29017" end="29020" />
    <spannedText>RNA</spannedText>
  </annotation>
  <annotation>
    <mention id="CHEBI_2015_08_26_Instance_182124" />
    <annotator id="CHEBI_2015_08_26_Instance_10000">Mike Bada, University of Colorado Anschutz Medical Campus</annotator>
    <span start="29101" end="29104" />
    <spannedText>RNA</spannedText>
  </annotation>
  <annotation>
    <mention id="CHEBI_2015_08_26_Instance_182126" />
    <annotator id="CHEBI_2015_08_26_Instance_10000">Mike Bada, University of Colorado Anschutz Medical Campus</annotator>
    <span start="31896" end="31910" />
    <spannedText>glutaraldehyde</spannedText>
  </annotation>
  <annotation>
    <mention id="CHEBI_2015_08_26_Instance_182128" />
    <annotator id="CHEBI_2015_08_26_Instance_10000">Mike Bada, University of Colorado Anschutz Medical Campus</annotator>
    <span start="32037" end="32045" />
    <spannedText>fixative</spannedText>
  </annotation>
  <annotation>
    <mention id="CHEBI_2015_08_26_Instance_182130" />
    <annotator id="CHEBI_2015_08_26_Instance_10000">Mike Bada, University of Colorado Anschutz Medical Campus</annotator>
    <span start="32072" end="32086" />
    <spannedText>glutaraldehyde</spannedText>
  </annotation>
  <annotation>
    <mention id="CHEBI_2015_08_26_Instance_182132" />
    <annotator id="CHEBI_2015_08_26_Instance_10000">Mike Bada, University of Colorado Anschutz Medical Campus</annotator>
    <span start="32211" end="32227" />
    <spannedText>paraformaldehyde</spannedText>
  </annotation>
  <annotation>
    <mention id="CHEBI_2015_08_26_Instance_182134" />
    <annotator id="CHEBI_2015_08_26_Instance_10000">Mike Bada, University of Colorado Anschutz Medical Campus</annotator>
    <span start="32237" end="32251" />
    <spannedText>glutaraldehyde</spannedText>
  </annotation>
  <annotation>
    <mention id="CHEBI_2015_08_26_Instance_182142" />
    <annotator id="CHEBI_2015_08_26_Instance_10000">Mike Bada, University of Colorado Anschutz Medical Campus</annotator>
    <span start="32636" end="32643" />
    <spannedText>maleate</spannedText>
  </annotation>
  <annotation>
    <mention id="CHEBI_2015_08_26_Instance_182144" />
    <annotator id="CHEBI_2015_08_26_Instance_10000">Mike Bada, University of Colorado Anschutz Medical Campus</annotator>
    <span start="32644" end="32650" />
    <spannedText>buffer</spannedText>
  </annotation>
  <annotation>
    <mention id="CHEBI_2015_08_26_Instance_182146" />
    <annotator id="CHEBI_2015_08_26_Instance_10000">Mike Bada, University of Colorado Anschutz Medical Campus</annotator>
    <span start="32697" end="32708" />
    <spannedText>tannic acid</spannedText>
  </annotation>
  <annotation>
    <mention id="CHEBI_2015_08_26_Instance_182148" />
    <annotator id="CHEBI_2015_08_26_Instance_10000">Mike Bada, University of Colorado Anschutz Medical Campus</annotator>
    <span start="32729" end="32735" />
    <spannedText>buffer</spannedText>
  </annotation>
  <annotation>
    <mention id="CHEBI_2015_08_26_Instance_182152" />
    <annotator id="CHEBI_2015_08_26_Instance_10000">Mike Bada, University of Colorado Anschutz Medical Campus</annotator>
    <span start="32884" end="32888" />
    <spannedText>lead</spannedText>
  </annotation>
  <annotation>
    <mention id="CHEBI_2015_08_26_Instance_182154" />
    <annotator id="CHEBI_2015_08_26_Instance_10000">Mike Bada, University of Colorado Anschutz Medical Campus</annotator>
    <span start="32889" end="32896" />
    <spannedText>citrate</spannedText>
  </annotation>
  <annotation>
    <mention id="CHEBI_2015_08_26_Instance_182156" />
    <annotator id="CHEBI_2015_08_26_Instance_10000">Mike Bada, University of Colorado Anschutz Medical Campus</annotator>
    <span start="33228" end="33236" />
    <spannedText>solution</spannedText>
  </annotation>
  <annotation>
    <mention id="CHEBI_2015_08_26_Instance_182158" />
    <annotator id="CHEBI_2015_08_26_Instance_10000">Mike Bada, University of Colorado Anschutz Medical Campus</annotator>
    <span start="33256" end="33270" />
    <spannedText>glutaraldehyde</spannedText>
  </annotation>
  <annotation>
    <mention id="CHEBI_2015_08_26_Instance_182160" />
    <annotator id="CHEBI_2015_08_26_Instance_10000">Mike Bada, University of Colorado Anschutz Medical Campus</annotator>
    <span start="33351" end="33357" />
    <spannedText>buffer</spannedText>
  </annotation>
  <annotation>
    <mention id="CHEBI_2015_08_26_Instance_182162" />
    <annotator id="CHEBI_2015_08_26_Instance_10000">Mike Bada, University of Colorado Anschutz Medical Campus</annotator>
    <span start="33525" end="33529" />
    <spannedText>gold</spannedText>
  </annotation>
  <annotation>
    <mention id="CHEBI_2015_08_26_Instance_182166" />
    <annotator id="CHEBI_2015_08_26_Instance_10000">Mike Bada, University of Colorado Anschutz Medical Campus</annotator>
    <span start="33530" end="33539" />
    <spannedText>palladium</spannedText>
  </annotation>
  <annotation>
    <mention id="CHEBI_2015_08_26_Instance_20481" />
    <annotator id="CHEBI_2015_08_26_Instance_10000">Mike Bada, University of Colorado Anschutz Medical Campus</annotator>
    <span start="6828" end="6836" />
    <spannedText>electron</spannedText>
  </annotation>
  <annotation>
    <mention id="CHEBI_2015_08_26_Instance_20483" />
    <annotator id="CHEBI_2015_08_26_Instance_10000">Mike Bada, University of Colorado Anschutz Medical Campus</annotator>
    <span start="7526" end="7534" />
    <spannedText>electron</spannedText>
  </annotation>
  <annotation>
    <mention id="CHEBI_2015_08_26_Instance_20485" />
    <annotator id="CHEBI_2015_08_26_Instance_10000">Mike Bada, University of Colorado Anschutz Medical Campus</annotator>
    <span start="7783" end="7791" />
    <spannedText>electron</spannedText>
  </annotation>
  <annotation>
    <mention id="CHEBI_2015_08_26_Instance_20487" />
    <annotator id="CHEBI_2015_08_26_Instance_10000">Mike Bada, University of Colorado Anschutz Medical Campus</annotator>
    <span start="8967" end="8975" />
    <spannedText>electron</spannedText>
  </annotation>
  <annotation>
    <mention id="CHEBI_2015_08_26_Instance_20489" />
    <annotator id="CHEBI_2015_08_26_Instance_10000">Mike Bada, University of Colorado Anschutz Medical Campus</annotator>
    <span start="9035" end="9043" />
    <spannedText>electron</spannedText>
  </annotation>
  <annotation>
    <mention id="CHEBI_2015_08_26_Instance_20491" />
    <annotator id="CHEBI_2015_08_26_Instance_10000">Mike Bada, University of Colorado Anschutz Medical Campus</annotator>
    <span start="9866" end="9874" />
    <spannedText>electron</spannedText>
  </annotation>
  <annotation>
    <mention id="CHEBI_2015_08_26_Instance_20493" />
    <annotator id="CHEBI_2015_08_26_Instance_10000">Mike Bada, University of Colorado Anschutz Medical Campus</annotator>
    <span start="10862" end="10870" />
    <spannedText>electron</spannedText>
  </annotation>
  <annotation>
    <mention id="CHEBI_2015_08_26_Instance_20495" />
    <annotator id="CHEBI_2015_08_26_Instance_10000">Mike Bada, University of Colorado Anschutz Medical Campus</annotator>
    <span start="11106" end="11114" />
    <spannedText>electron</spannedText>
  </annotation>
  <annotation>
    <mention id="CHEBI_2015_08_26_Instance_20497" />
    <annotator id="CHEBI_2015_08_26_Instance_10000">Mike Bada, University of Colorado Anschutz Medical Campus</annotator>
    <span start="11489" end="11497" />
    <spannedText>electron</spannedText>
  </annotation>
  <annotation>
    <mention id="CHEBI_2015_08_26_Instance_20499" />
    <annotator id="CHEBI_2015_08_26_Instance_10000">Mike Bada, University of Colorado Anschutz Medical Campus</annotator>
    <span start="12833" end="12841" />
    <spannedText>electron</spannedText>
  </annotation>
  <annotation>
    <mention id="CHEBI_2015_08_26_Instance_20501" />
    <annotator id="CHEBI_2015_08_26_Instance_10000">Mike Bada, University of Colorado Anschutz Medical Campus</annotator>
    <span start="13679" end="13687" />
    <spannedText>electron</spannedText>
  </annotation>
  <annotation>
    <mention id="CHEBI_2015_08_26_Instance_20503" />
    <annotator id="CHEBI_2015_08_26_Instance_10000">Mike Bada, University of Colorado Anschutz Medical Campus</annotator>
    <span start="14665" end="14673" />
    <spannedText>electron</spannedText>
  </annotation>
  <annotation>
    <mention id="CHEBI_2015_08_26_Instance_20505" />
    <annotator id="CHEBI_2015_08_26_Instance_10000">Mike Bada, University of Colorado Anschutz Medical Campus</annotator>
    <span start="16536" end="16544" />
    <spannedText>electron</spannedText>
  </annotation>
  <annotation>
    <mention id="CHEBI_2015_08_26_Instance_20507" />
    <annotator id="CHEBI_2015_08_26_Instance_10000">Mike Bada, University of Colorado Anschutz Medical Campus</annotator>
    <span start="17602" end="17610" />
    <spannedText>electron</spannedText>
  </annotation>
  <annotation>
    <mention id="CHEBI_2015_08_26_Instance_20509" />
    <annotator id="CHEBI_2015_08_26_Instance_10000">Mike Bada, University of Colorado Anschutz Medical Campus</annotator>
    <span start="31797" end="31805" />
    <spannedText>electron</spannedText>
  </annotation>
  <annotation>
    <mention id="CHEBI_2015_08_26_Instance_20511" />
    <annotator id="CHEBI_2015_08_26_Instance_10000">Mike Bada, University of Colorado Anschutz Medical Campus</annotator>
    <span start="32932" end="32940" />
    <spannedText>electron</spannedText>
  </annotation>
  <annotation>
    <mention id="CHEBI_2015_08_26_Instance_20513" />
    <annotator id="CHEBI_2015_08_26_Instance_10000">Mike Bada, University of Colorado Anschutz Medical Campus</annotator>
    <span start="32963" end="32971" />
    <spannedText>electron</spannedText>
  </annotation>
  <annotation>
    <mention id="CHEBI_2015_08_26_Instance_20515" />
    <annotator id="CHEBI_2015_08_26_Instance_10000">Mike Bada, University of Colorado Anschutz Medical Campus</annotator>
    <span start="33625" end="33633" />
    <spannedText>electron</spannedText>
  </annotation>
  <annotation>
    <mention id="CHEBI_2015_08_26_Instance_20517" />
    <annotator id="CHEBI_2015_08_26_Instance_10000">Mike Bada, University of Colorado Anschutz Medical Campus</annotator>
    <span start="33704" end="33712" />
    <spannedText>electron</spannedText>
  </annotation>
  <annotation>
    <mention id="CHEBI_2015_08_26_Instance_20519" />
    <annotator id="CHEBI_2015_08_26_Instance_10000">Mike Bada, University of Colorado Anschutz Medical Campus</annotator>
    <span start="33747" end="33755" />
    <spannedText>electron</spannedText>
  </annotation>
  <annotation>
    <mention id="CHEBI_2015_08_26_Instance_20521" />
    <annotator id="CHEBI_2015_08_26_Instance_10000">Mike Bada, University of Colorado Anschutz Medical Campus</annotator>
    <span start="23799" end="23804" />
    <spannedText>lipid</spannedText>
  </annotation>
  <annotation>
    <mention id="CHEBI_2015_08_26_Instance_20523" />
    <annotator id="CHEBI_2015_08_26_Instance_10000">Mike Bada, University of Colorado Anschutz Medical Campus</annotator>
    <span start="25288" end="25305" />
    <spannedText>cyclic nucleotide</spannedText>
  </annotation>
  <annotation>
    <mention id="CHEBI_2015_08_26_Instance_20527" />
    <annotator id="CHEBI_2015_08_26_Instance_10000">Mike Bada, University of Colorado Anschutz Medical Campus</annotator>
    <span start="32050" end="32062" />
    <spannedText>formaldehyde</spannedText>
  </annotation>
  <annotation>
    <mention id="CHEBI_2015_08_26_Instance_20529" />
    <annotator id="CHEBI_2015_08_26_Instance_10000">Mike Bada, University of Colorado Anschutz Medical Campus</annotator>
    <span start="31874" end="31886" />
    <spannedText>formaldehyde</spannedText>
  </annotation>
  <annotation>
    <mention id="CHEBI_2015_08_26_Instance_20541" />
    <annotator id="CHEBI_2015_08_26_Instance_10000">Mike Bada, University of Colorado Anschutz Medical Campus</annotator>
    <span start="32718" end="32728" />
    <spannedText>cacodylate</spannedText>
  </annotation>
  <annotation>
    <mention id="CHEBI_2015_08_26_Instance_20553" />
    <annotator id="CHEBI_2015_08_26_Instance_10000">Mike Bada, University of Colorado Anschutz Medical Campus</annotator>
    <span start="33280" end="33292" />
    <spannedText>formaldehyde</spannedText>
  </annotation>
  <annotation>
    <mention id="CHEBI_2015_08_26_Instance_20555" />
    <annotator id="CHEBI_2015_08_26_Instance_10000">Mike Bada, University of Colorado Anschutz Medical Campus</annotator>
    <span start="33340" end="33350" />
    <spannedText>cacodylate</spannedText>
  </annotation>
  <annotation>
    <mention id="CHEBI_2015_08_26_Instance_20557" />
    <annotator id="CHEBI_2015_08_26_Instance_10000">Mike Bada, University of Colorado Anschutz Medical Campus</annotator>
    <span start="33396" end="33403" />
    <spannedText>ethanol</spannedText>
  </annotation>
  <annotation>
    <mention id="CHEBI_2015_08_26_Instance_20559" />
    <annotator id="CHEBI_2015_08_26_Instance_10000">Mike Bada, University of Colorado Anschutz Medical Campus</annotator>
    <span start="33455" end="33469" />
    <spannedText>carbon dioxide</spannedText>
  </annotation>
  <annotation>
    <mention id="CHEBI_2015_08_26_Instance_21095" />
    <annotator id="CHEBI_2015_08_26_Instance_10000">Mike Bada, University of Colorado Anschutz Medical Campus</annotator>
    <span start="28869" end="28878" />
    <spannedText>molecules</spannedText>
  </annotation>
  <annotation>
    <mention id="CHEBI_2015_08_26_Instance_301586" />
    <annotator id="CHEBI_2015_08_26_Instance_10000">Mike Bada, University of Colorado Anschutz Medical Campus</annotator>
    <span start="2365" end="2372" />
    <spannedText>protein</spannedText>
  </annotation>
  <annotation>
    <mention id="CHEBI_2015_08_26_Instance_301588" />
    <annotator id="CHEBI_2015_08_26_Instance_10000">Mike Bada, University of Colorado Anschutz Medical Campus</annotator>
    <span start="3589" end="3596" />
    <spannedText>protein</spannedText>
  </annotation>
  <annotation>
    <mention id="CHEBI_2015_08_26_Instance_301590" />
    <annotator id="CHEBI_2015_08_26_Instance_10000">Mike Bada, University of Colorado Anschutz Medical Campus</annotator>
    <span start="4660" end="4668" />
    <spannedText>proteins</spannedText>
  </annotation>
  <annotation>
    <mention id="CHEBI_2015_08_26_Instance_301592" />
    <annotator id="CHEBI_2015_08_26_Instance_10000">Mike Bada, University of Colorado Anschutz Medical Campus</annotator>
    <span start="4776" end="4783" />
    <spannedText>protein</spannedText>
  </annotation>
  <annotation>
    <mention id="CHEBI_2015_08_26_Instance_301594" />
    <annotator id="CHEBI_2015_08_26_Instance_10000">Mike Bada, University of Colorado Anschutz Medical Campus</annotator>
    <span start="5500" end="5507" />
    <spannedText>protein</spannedText>
  </annotation>
  <annotation>
    <mention id="CHEBI_2015_08_26_Instance_301596" />
    <annotator id="CHEBI_2015_08_26_Instance_10000">Mike Bada, University of Colorado Anschutz Medical Campus</annotator>
    <span start="20435" end="20442" />
    <spannedText>protein</spannedText>
  </annotation>
  <annotation>
    <mention id="CHEBI_2015_08_26_Instance_301598" />
    <annotator id="CHEBI_2015_08_26_Instance_10000">Mike Bada, University of Colorado Anschutz Medical Campus</annotator>
    <span start="20818" end="20826" />
    <spannedText>proteins</spannedText>
  </annotation>
  <annotation>
    <mention id="CHEBI_2015_08_26_Instance_301600" />
    <annotator id="CHEBI_2015_08_26_Instance_10000">Mike Bada, University of Colorado Anschutz Medical Campus</annotator>
    <span start="20866" end="20874" />
    <spannedText>proteins</spannedText>
  </annotation>
  <annotation>
    <mention id="CHEBI_2015_08_26_Instance_301602" />
    <annotator id="CHEBI_2015_08_26_Instance_10000">Mike Bada, University of Colorado Anschutz Medical Campus</annotator>
    <span start="23817" end="23824" />
    <spannedText>protein</spannedText>
  </annotation>
  <annotation>
    <mention id="CHEBI_2015_08_26_Instance_301604" />
    <annotator id="CHEBI_2015_08_26_Instance_10000">Mike Bada, University of Colorado Anschutz Medical Campus</annotator>
    <span start="24137" end="24145" />
    <spannedText>proteins</spannedText>
  </annotation>
  <annotation>
    <mention id="CHEBI_2015_08_26_Instance_301606" />
    <annotator id="CHEBI_2015_08_26_Instance_10000">Mike Bada, University of Colorado Anschutz Medical Campus</annotator>
    <span start="26485" end="26493" />
    <spannedText>proteins</spannedText>
  </annotation>
  <annotation>
    <mention id="CHEBI_2015_08_26_Instance_301608" />
    <annotator id="CHEBI_2015_08_26_Instance_10000">Mike Bada, University of Colorado Anschutz Medical Campus</annotator>
    <span start="27093" end="27101" />
    <spannedText>proteins</spannedText>
  </annotation>
  <annotation>
    <mention id="CHEBI_2015_08_26_Instance_301610" />
    <annotator id="CHEBI_2015_08_26_Instance_10000">Mike Bada, University of Colorado Anschutz Medical Campus</annotator>
    <span start="27268" end="27275" />
    <spannedText>protein</spannedText>
  </annotation>
  <annotation>
    <mention id="CHEBI_2015_08_26_Instance_301612" />
    <annotator id="CHEBI_2015_08_26_Instance_10000">Mike Bada, University of Colorado Anschutz Medical Campus</annotator>
    <span start="27755" end="27762" />
    <spannedText>protein</spannedText>
  </annotation>
  <annotation>
    <mention id="CHEBI_2015_08_26_Instance_301614" />
    <annotator id="CHEBI_2015_08_26_Instance_10000">Mike Bada, University of Colorado Anschutz Medical Campus</annotator>
    <span start="29727" end="29735" />
    <spannedText>proteins</spannedText>
  </annotation>
  <annotation>
    <mention id="CHEBI_2015_08_26_Instance_301616" />
    <annotator id="CHEBI_2015_08_26_Instance_10000">Mike Bada, University of Colorado Anschutz Medical Campus</annotator>
    <span start="29855" end="29863" />
    <spannedText>proteins</spannedText>
  </annotation>
  <annotation>
    <mention id="CHEBI_2015_08_26_Instance_330120" />
    <annotator id="CHEBI_2015_08_26_Instance_10000">Mike Bada, University of Colorado Anschutz Medical Campus</annotator>
    <span start="1871" end="1880" />
    <spannedText>molecular</spannedText>
  </annotation>
  <annotation>
    <mention id="CHEBI_2015_08_26_Instance_330652" />
    <annotator id="CHEBI_2015_08_26_Instance_10000">Mike Bada, University of Colorado Anschutz Medical Campus</annotator>
    <span start="32544" end="32551" />
    <spannedText>mixture</spannedText>
  </annotation>
  <annotation>
    <mention id="CHEBI_2015_08_26_Instance_340030" />
    <annotator id="CHEBI_2015_08_26_Instance_10000">Mike Bada, University of Colorado Anschutz Medical Campus</annotator>
    <span start="26752" end="26756" />
    <spannedText>tags</spannedText>
  </annotation>
  <annotation>
    <mention id="CHEBI_2015_08_26_Instance_340032" />
    <annotator id="CHEBI_2015_08_26_Instance_10000">Mike Bada, University of Colorado Anschutz Medical Campus</annotator>
    <span start="27066" end="27070" />
    <spannedText>Tags</spannedText>
  </annotation>
  <annotation>
    <mention id="CHEBI_2015_08_26_Instance_360042" />
    <annotator id="CHEBI_2015_08_26_Instance_10000">Mike Bada, University of Colorado Anschutz Medical Campus</annotator>
    <span start="7615" end="7624" />
    <spannedText>pigmented</spannedText>
  </annotation>
  <annotation>
    <mention id="CHEBI_2015_08_26_Instance_360044" />
    <annotator id="CHEBI_2015_08_26_Instance_10000">Mike Bada, University of Colorado Anschutz Medical Campus</annotator>
    <span start="7978" end="7987" />
    <spannedText>pigmented</spannedText>
  </annotation>
  <annotation>
    <mention id="CHEBI_2015_08_26_Instance_360046" />
    <annotator id="CHEBI_2015_08_26_Instance_10000">Mike Bada, University of Colorado Anschutz Medical Campus</annotator>
    <span start="8838" end="8847" />
    <spannedText>pigmented</spannedText>
  </annotation>
  <annotation>
    <mention id="CHEBI_2015_08_26_Instance_360048" />
    <annotator id="CHEBI_2015_08_26_Instance_10000">Mike Bada, University of Colorado Anschutz Medical Campus</annotator>
    <span start="10065" end="10074" />
    <spannedText>pigmented</spannedText>
  </annotation>
  <annotation>
    <mention id="CHEBI_2015_08_26_Instance_360050" />
    <annotator id="CHEBI_2015_08_26_Instance_10000">Mike Bada, University of Colorado Anschutz Medical Campus</annotator>
    <span start="12920" end="12929" />
    <spannedText>pigmented</spannedText>
  </annotation>
  <annotation>
    <mention id="CHEBI_2015_08_26_Instance_360052" />
    <annotator id="CHEBI_2015_08_26_Instance_10000">Mike Bada, University of Colorado Anschutz Medical Campus</annotator>
    <span start="14788" end="14797" />
    <spannedText>pigmented</spannedText>
  </annotation>
  <classMention id="CHEBI_2015_08_26_Instance_20521">
    <mentionClass id="CHEBI:18059">lipid</mentionClass>
  </classMention>
  <classMention id="CHEBI_2015_08_26_Instance_182120">
    <mentionClass id="CHEBI_SO_EXT:mRNA">mRNA</mentionClass>
  </classMention>
  <classMention id="CHEBI_2015_08_26_Instance_20519">
    <mentionClass id="CHEBI:10545">electron</mentionClass>
  </classMention>
  <classMention id="CHEBI_2015_08_26_Instance_182118">
    <mentionClass id="CHEBI_SO_EXT:tyrosine">tyrosine</mentionClass>
  </classMention>
  <classMention id="CHEBI_2015_08_26_Instance_20527">
    <mentionClass id="CHEBI:16842">formaldehyde</mentionClass>
  </classMention>
  <classMention id="CHEBI_2015_08_26_backup_Instance_20003">
    <mentionClass id="CHEBI:30059">potassium hexacyanoferrate(4-)</mentionClass>
  </classMention>
  <classMention id="CHEBI_2015_08_26_Instance_182124">
    <mentionClass id="CHEBI_SO_EXT:RNA">RNA</mentionClass>
  </classMention>
  <classMention id="CHEBI_2015_08_26_Instance_20523">
    <mentionClass id="CHEBI:23447">cyclic nucleotide</mentionClass>
  </classMention>
  <classMention id="CHEBI_2015_08_26_Instance_182122">
    <mentionClass id="CHEBI_SO_EXT:RNA">RNA</mentionClass>
  </classMention>
  <classMention id="CHEBI_2015_08_26_Instance_20541">
    <mentionClass id="CHEBI:16223">dimethylarsinate</mentionClass>
  </classMention>
  <classMention id="CHEBI_2015_08_26_Instance_182128">
    <mentionClass id="CHEBI_EXT:50913">fixative</mentionClass>
  </classMention>
  <classMention id="CHEBI_2015_08_26_Instance_20529">
    <mentionClass id="CHEBI:16842">formaldehyde</mentionClass>
  </classMention>
  <classMention id="CHEBI_2015_08_26_Instance_182126">
    <mentionClass id="CHEBI:64276">glutaraldehyde</mentionClass>
  </classMention>
  <classMention id="CHEBI_2015_08_26_Instance_20555">
    <mentionClass id="CHEBI:16223">dimethylarsinate</mentionClass>
  </classMention>
  <classMention id="CHEBI_2015_08_26_Instance_182132">
    <mentionClass id="CHEBI_EXT:paraformaldehye">paraformaldehyde</mentionClass>
  </classMention>
  <classMention id="CHEBI_2015_08_26_Instance_20553">
    <mentionClass id="CHEBI:16842">formaldehyde</mentionClass>
  </classMention>
  <classMention id="CHEBI_2015_08_26_Instance_182130">
    <mentionClass id="CHEBI:64276">glutaraldehyde</mentionClass>
  </classMention>
  <classMention id="CHEBI_2015_08_26_Instance_20559">
    <mentionClass id="CHEBI:16526">carbon dioxide</mentionClass>
  </classMention>
  <classMention id="CHEBI_2015_08_26_Instance_20557">
    <mentionClass id="CHEBI:16236">ethanol</mentionClass>
  </classMention>
  <classMention id="CHEBI_2015_08_26_Instance_182134">
    <mentionClass id="CHEBI:64276">glutaraldehyde</mentionClass>
  </classMention>
  <classMention id="CHEBI_2015_08_26_Instance_182144">
    <mentionClass id="CHEBI_CHMO_EXT:buffer_solution">buffer solution</mentionClass>
  </classMention>
  <classMention id="CHEBI_2015_08_26_Instance_182142">
    <mentionClass id="CHEBI_EXT:maleate">maleate</mentionClass>
  </classMention>
  <classMention id="CHEBI_2015_08_26_Instance_182148">
    <mentionClass id="CHEBI_CHMO_EXT:buffer_solution">buffer solution</mentionClass>
  </classMention>
  <classMention id="CHEBI_2015_08_26_Instance_182146">
    <mentionClass id="CHEBI:75211">tannic acid</mentionClass>
  </classMention>
  <classMention id="CHEBI_2015_08_26_Instance_182152">
    <mentionClass id="CHEBI_EXT:lead">lead</mentionClass>
  </classMention>
  <classMention id="CHEBI_2015_08_26_Instance_301586">
    <mentionClass id="CHEBI_PR_EXT:protein">protein</mentionClass>
  </classMention>
  <classMention id="CHEBI_2015_08_26_Instance_182156">
    <mentionClass id="CHEBI:75958">solution</mentionClass>
  </classMention>
  <classMention id="CHEBI_2015_08_26_Instance_301590">
    <mentionClass id="CHEBI_PR_EXT:protein">protein</mentionClass>
  </classMention>
  <classMention id="CHEBI_2015_08_26_Instance_182154">
    <mentionClass id="CHEBI_EXT:citrate">citrate</mentionClass>
  </classMention>
  <classMention id="CHEBI_2015_08_26_Instance_301588">
    <mentionClass id="CHEBI_PR_EXT:protein">protein</mentionClass>
  </classMention>
  <classMention id="CHEBI_2015_08_26_Instance_182160">
    <mentionClass id="CHEBI_CHMO_EXT:buffer_solution">buffer solution</mentionClass>
  </classMention>
  <classMention id="CHEBI_2015_08_26_Instance_301594">
    <mentionClass id="CHEBI_PR_EXT:protein">protein</mentionClass>
  </classMention>
  <classMention id="CHEBI_2015_08_26_Instance_182158">
    <mentionClass id="CHEBI:64276">glutaraldehyde</mentionClass>
  </classMention>
  <classMention id="CHEBI_2015_08_26_Instance_301592">
    <mentionClass id="CHEBI_PR_EXT:protein">protein</mentionClass>
  </classMention>
  <classMention id="CHEBI_2015_08_26_Instance_301598">
    <mentionClass id="CHEBI_PR_EXT:protein">protein</mentionClass>
  </classMention>
  <classMention id="CHEBI_2015_08_26_Instance_182166">
    <mentionClass id="CHEBI_EXT:palladium">palladium</mentionClass>
  </classMention>
  <classMention id="CHEBI_2015_08_26_Instance_182162">
    <mentionClass id="CHEBI_EXT:gold">gold</mentionClass>
  </classMention>
  <classMention id="CHEBI_2015_08_26_Instance_301596">
    <mentionClass id="CHEBI_PR_EXT:protein">protein</mentionClass>
  </classMention>
  <classMention id="CHEBI_2015_08_26_Instance_301602">
    <mentionClass id="CHEBI_PR_EXT:protein">protein</mentionClass>
  </classMention>
  <classMention id="CHEBI_2015_08_26_Instance_301600">
    <mentionClass id="CHEBI_PR_EXT:protein">protein</mentionClass>
  </classMention>
  <classMention id="CHEBI_2015_08_26_Instance_301606">
    <mentionClass id="CHEBI_PR_EXT:protein">protein</mentionClass>
  </classMention>
  <classMention id="CHEBI_2015_08_26_Instance_301604">
    <mentionClass id="CHEBI_PR_EXT:protein">protein</mentionClass>
  </classMention>
  <classMention id="CHEBI_2015_08_26_Instance_301610">
    <mentionClass id="CHEBI_PR_EXT:protein">protein</mentionClass>
  </classMention>
  <classMention id="CHEBI_2015_08_26_Instance_301608">
    <mentionClass id="CHEBI_PR_EXT:protein">protein</mentionClass>
  </classMention>
  <classMention id="CHEBI_2015_08_26_Instance_301614">
    <mentionClass id="CHEBI_PR_EXT:protein">protein</mentionClass>
  </classMention>
  <classMention id="CHEBI_2015_08_26_Instance_301612">
    <mentionClass id="CHEBI_PR_EXT:protein">protein</mentionClass>
  </classMention>
  <classMention id="CHEBI_2015_08_26_Instance_301616">
    <mentionClass id="CHEBI_PR_EXT:protein">protein</mentionClass>
  </classMention>
  <classMention id="CHEBI_2015_08_26_Instance_330120">
    <mentionClass id="CHEBI_EXT:polyatomic_entity_or_group">polyatomic entity or group</mentionClass>
  </classMention>
  <classMention id="CHEBI_2015_08_26_Instance_21095">
    <mentionClass id="CHEBI:36357">polyatomic entity</mentionClass>
  </classMention>
  <classMention id="CHEBI_2015_08_26_Instance_20481">
    <mentionClass id="CHEBI:10545">electron</mentionClass>
  </classMention>
  <classMention id="CHEBI_2015_08_26_Instance_330652">
    <mentionClass id="CHEBI:60004">mixture</mentionClass>
  </classMention>
  <classMention id="CHEBI_2015_08_26_Instance_20485">
    <mentionClass id="CHEBI:10545">electron</mentionClass>
  </classMention>
  <classMention id="CHEBI_2015_08_26_Instance_20483">
    <mentionClass id="CHEBI:10545">electron</mentionClass>
  </classMention>
  <classMention id="CHEBI_2015_08_26_Instance_20489">
    <mentionClass id="CHEBI:10545">electron</mentionClass>
  </classMention>
  <classMention id="CHEBI_2015_08_26_Instance_20487">
    <mentionClass id="CHEBI:10545">electron</mentionClass>
  </classMention>
  <classMention id="CHEBI_2015_08_26_Instance_182084">
    <mentionClass id="CHEBI_SO_EXT:DNA">DNA</mentionClass>
  </classMention>
  <classMention id="CHEBI_2015_08_26_Instance_20493">
    <mentionClass id="CHEBI:10545">electron</mentionClass>
  </classMention>
  <classMention id="CHEBI_2015_08_26_Instance_340030">
    <mentionClass id="CHEBI_SO_EXT:molecular_indicator_or_label_or_marker_or_tag">molecular indicator/label/marker/tag</mentionClass>
  </classMention>
  <classMention id="CHEBI_2015_08_26_Instance_182082">
    <mentionClass id="CHEBI_SO_EXT:leucine">leucine</mentionClass>
  </classMention>
  <classMention id="CHEBI_2015_08_26_Instance_20491">
    <mentionClass id="CHEBI:10545">electron</mentionClass>
  </classMention>
  <classMention id="CHEBI_2015_08_26_Instance_20497">
    <mentionClass id="CHEBI:10545">electron</mentionClass>
  </classMention>
  <classMention id="CHEBI_2015_08_26_Instance_360044">
    <mentionClass id="CHEBI_EXT:26130">biological pigment</mentionClass>
  </classMention>
  <classMention id="CHEBI_2015_08_26_Instance_20495">
    <mentionClass id="CHEBI:10545">electron</mentionClass>
  </classMention>
  <classMention id="CHEBI_2015_08_26_Instance_340032">
    <mentionClass id="CHEBI_SO_EXT:molecular_indicator_or_label_or_marker_or_tag">molecular indicator/label/marker/tag</mentionClass>
  </classMention>
  <classMention id="CHEBI_2015_08_26_Instance_360042">
    <mentionClass id="CHEBI_EXT:26130">biological pigment</mentionClass>
  </classMention>
  <classMention id="CHEBI_2015_08_26_Instance_20501">
    <mentionClass id="CHEBI:10545">electron</mentionClass>
  </classMention>
  <classMention id="CHEBI_2015_08_26_Instance_360048">
    <mentionClass id="CHEBI_EXT:26130">biological pigment</mentionClass>
  </classMention>
  <classMention id="CHEBI_2015_08_26_Instance_20499">
    <mentionClass id="CHEBI:10545">electron</mentionClass>
  </classMention>
  <classMention id="CHEBI_2015_08_26_Instance_360046">
    <mentionClass id="CHEBI_EXT:26130">biological pigment</mentionClass>
  </classMention>
  <classMention id="CHEBI_2015_08_26_Instance_20505">
    <mentionClass id="CHEBI:10545">electron</mentionClass>
  </classMention>
  <classMention id="CHEBI_2015_08_26_Instance_360052">
    <mentionClass id="CHEBI_EXT:26130">biological pigment</mentionClass>
  </classMention>
  <classMention id="CHEBI_2015_08_26_Instance_182100">
    <mentionClass id="CHEBI_SO_EXT:epitope">epitope</mentionClass>
  </classMention>
  <classMention id="CHEBI_2015_08_26_Instance_20503">
    <mentionClass id="CHEBI:10545">electron</mentionClass>
  </classMention>
  <classMention id="CHEBI_2015_08_26_Instance_360050">
    <mentionClass id="CHEBI_EXT:26130">biological pigment</mentionClass>
  </classMention>
  <classMention id="CHEBI_2015_08_26_Instance_20509">
    <mentionClass id="CHEBI:10545">electron</mentionClass>
  </classMention>
  <classMention id="CHEBI_2015_08_26_Instance_182104">
    <mentionClass id="CHEBI_GO_SO_EXT:enzyme">enzyme</mentionClass>
  </classMention>
  <classMention id="CHEBI_2015_08_26_Instance_20507">
    <mentionClass id="CHEBI:10545">electron</mentionClass>
  </classMention>
  <classMention id="CHEBI_2015_08_26_Instance_182102">
    <mentionClass id="CHEBI_SO_EXT:mRNA">mRNA</mentionClass>
  </classMention>
  <classMention id="CHEBI_2015_08_26_Instance_20513">
    <mentionClass id="CHEBI:10545">electron</mentionClass>
  </classMention>
  <classMention id="CHEBI_2015_08_26_Instance_182108">
    <mentionClass id="CHEBI_SO_EXT:RNA">RNA</mentionClass>
  </classMention>
  <classMention id="CHEBI_2015_08_26_Instance_20511">
    <mentionClass id="CHEBI:10545">electron</mentionClass>
  </classMention>
  <classMention id="CHEBI_2015_08_26_Instance_182106">
    <mentionClass id="CHEBI_SO_EXT:molecular_probe">molecular probe</mentionClass>
  </classMention>
  <classMention id="CHEBI_2015_08_26_Instance_20517">
    <mentionClass id="CHEBI:10545">electron</mentionClass>
  </classMention>
  <classMention id="CHEBI_2015_08_26_Instance_182112">
    <mentionClass id="CHEBI_SO_EXT:RNA">RNA</mentionClass>
  </classMention>
  <classMention id="CHEBI_2015_08_26_Instance_20515">
    <mentionClass id="CHEBI:10545">electron</mentionClass>
  </classMention>
  <classMention id="CHEBI_2015_08_26_Instance_182110">
    <mentionClass id="CHEBI_SO_EXT:RNA">RNA</mentionClass>
  </classMention>
</annotations>

