<?xml version="1.0" encoding="UTF-8"?>
<annotations textSource="15784609.txt">
  <annotation>
    <mention id="CHEBI_2015_08_26_backup_Instance_262" />
    <span start="3911" end="3921" />
    <spannedText>N-terminal</spannedText>
  </annotation>
  <annotation>
    <mention id="CHEBI_2015_08_26_Instance_170000" />
    <annotator id="CHEBI_2015_08_26_Instance_10000">Mike Bada, University of Colorado Anschutz Medical Campus</annotator>
    <span start="3836" end="3839" />
    <spannedText>DNA</spannedText>
  </annotation>
  <annotation>
    <mention id="CHEBI_2015_08_26_Instance_190002" />
    <annotator id="CHEBI_2015_08_26_Instance_10000">Mike Bada, University of Colorado Anschutz Medical Campus</annotator>
    <span start="4013" end="4019" />
    <spannedText>enzyme</spannedText>
  </annotation>
  <annotation>
    <mention id="CHEBI_2015_08_26_Instance_200004" />
    <annotator id="CHEBI_2015_08_26_Instance_10000">Mike Bada, University of Colorado Anschutz Medical Campus</annotator>
    <span start="4632" end="4639" />
    <spannedText>enzymes</spannedText>
  </annotation>
  <annotation>
    <mention id="CHEBI_2015_08_26_Instance_200006" />
    <annotator id="CHEBI_2015_08_26_Instance_10000">Mike Bada, University of Colorado Anschutz Medical Campus</annotator>
    <span start="4863" end="4866" />
    <spannedText>DNA</spannedText>
  </annotation>
  <annotation>
    <mention id="CHEBI_2015_08_26_Instance_200008" />
    <annotator id="CHEBI_2015_08_26_Instance_10000">Mike Bada, University of Colorado Anschutz Medical Campus</annotator>
    <span start="5248" end="5256" />
    <spannedText>neomycin</spannedText>
  </annotation>
  <annotation>
    <mention id="CHEBI_2015_08_26_Instance_200010" />
    <annotator id="CHEBI_2015_08_26_Instance_10000">Mike Bada, University of Colorado Anschutz Medical Campus</annotator>
    <span start="5271" end="5275" />
    <spannedText>G418</spannedText>
  </annotation>
  <annotation>
    <mention id="CHEBI_2015_08_26_Instance_200012" />
    <annotator id="CHEBI_2015_08_26_Instance_10000">Mike Bada, University of Colorado Anschutz Medical Campus</annotator>
    <span start="6385" end="6396" />
    <spannedText>doxycycline</spannedText>
  </annotation>
  <annotation>
    <mention id="CHEBI_2015_08_26_Instance_200014" />
    <annotator id="CHEBI_2015_08_26_Instance_10000">Mike Bada, University of Colorado Anschutz Medical Campus</annotator>
    <span start="6568" end="6578" />
    <spannedText>doxycyline</spannedText>
  </annotation>
  <annotation>
    <mention id="CHEBI_2015_08_26_Instance_200016" />
    <annotator id="CHEBI_2015_08_26_Instance_10000">Mike Bada, University of Colorado Anschutz Medical Campus</annotator>
    <span start="6618" end="6623" />
    <spannedText>X-gal</spannedText>
  </annotation>
  <annotation>
    <mention id="CHEBI_2015_08_26_Instance_200018" />
    <annotator id="CHEBI_2015_08_26_Instance_10000">Mike Bada, University of Colorado Anschutz Medical Campus</annotator>
    <span start="7217" end="7220" />
    <spannedText>DNA</spannedText>
  </annotation>
  <annotation>
    <mention id="CHEBI_2015_08_26_Instance_200020" />
    <annotator id="CHEBI_2015_08_26_Instance_10000">Mike Bada, University of Colorado Anschutz Medical Campus</annotator>
    <span start="7327" end="7330" />
    <spannedText>DNA</spannedText>
  </annotation>
  <annotation>
    <mention id="CHEBI_2015_08_26_Instance_200022" />
    <annotator id="CHEBI_2015_08_26_Instance_10000">Mike Bada, University of Colorado Anschutz Medical Campus</annotator>
    <span start="7536" end="7539" />
    <spannedText>DNA</spannedText>
  </annotation>
  <annotation>
    <mention id="CHEBI_2015_08_26_Instance_200024" />
    <annotator id="CHEBI_2015_08_26_Instance_10000">Mike Bada, University of Colorado Anschutz Medical Campus</annotator>
    <span start="7563" end="7577" />
    <spannedText>nitrocellulose</spannedText>
  </annotation>
  <annotation>
    <mention id="CHEBI_2015_08_26_Instance_200026" />
    <annotator id="CHEBI_2015_08_26_Instance_10000">Mike Bada, University of Colorado Anschutz Medical Campus</annotator>
    <span start="7630" end="7635" />
    <spannedText>probe</spannedText>
  </annotation>
  <annotation>
    <mention id="CHEBI_2015_08_26_Instance_200028" />
    <annotator id="CHEBI_2015_08_26_Instance_10000">Mike Bada, University of Colorado Anschutz Medical Campus</annotator>
    <span start="7720" end="7725" />
    <spannedText>probe</spannedText>
  </annotation>
  <annotation>
    <mention id="CHEBI_2015_08_26_Instance_200030" />
    <annotator id="CHEBI_2015_08_26_Instance_10000">Mike Bada, University of Colorado Anschutz Medical Campus</annotator>
    <span start="7911" end="7914" />
    <spannedText>DNA</spannedText>
  </annotation>
  <annotation>
    <mention id="CHEBI_2015_08_26_Instance_200032" />
    <annotator id="CHEBI_2015_08_26_Instance_10000">Mike Bada, University of Colorado Anschutz Medical Campus</annotator>
    <span start="8091" end="8097" />
    <spannedText>buffer</spannedText>
  </annotation>
  <annotation>
    <mention id="CHEBI_2015_08_26_Instance_200034" />
    <annotator id="CHEBI_2015_08_26_Instance_10000">Mike Bada, University of Colorado Anschutz Medical Campus</annotator>
    <span start="8120" end="8125" />
    <spannedText>dNTPs</spannedText>
  </annotation>
  <annotation>
    <mention id="CHEBI_2015_08_26_Instance_200036" />
    <annotator id="CHEBI_2015_08_26_Instance_10000">Mike Bada, University of Colorado Anschutz Medical Campus</annotator>
    <span start="8181" end="8184" />
    <spannedText>DNA</spannedText>
  </annotation>
  <annotation>
    <mention id="CHEBI_2015_08_26_Instance_200038" />
    <annotator id="CHEBI_2015_08_26_Instance_10000">Mike Bada, University of Colorado Anschutz Medical Campus</annotator>
    <span start="8831" end="8836" />
    <spannedText>X-gal</spannedText>
  </annotation>
  <annotation>
    <mention id="CHEBI_2015_08_26_Instance_200040" />
    <annotator id="CHEBI_2015_08_26_Instance_10000">Mike Bada, University of Colorado Anschutz Medical Campus</annotator>
    <span start="8978" end="8981" />
    <spannedText>PFA</spannedText>
  </annotation>
  <annotation>
    <mention id="CHEBI_2015_08_26_Instance_200042" />
    <annotator id="CHEBI_2015_08_26_Instance_10000">Mike Bada, University of Colorado Anschutz Medical Campus</annotator>
    <span start="9117" end="9120" />
    <spannedText>wax</spannedText>
  </annotation>
  <annotation>
    <mention id="CHEBI_2015_08_26_Instance_200044" />
    <annotator id="CHEBI_2015_08_26_Instance_10000">Mike Bada, University of Colorado Anschutz Medical Campus</annotator>
    <span start="9212" end="9223" />
    <spannedText>Hematoxylin</spannedText>
  </annotation>
  <annotation>
    <mention id="CHEBI_2015_08_26_Instance_200046" />
    <annotator id="CHEBI_2015_08_26_Instance_10000">Mike Bada, University of Colorado Anschutz Medical Campus</annotator>
    <span start="9228" end="9233" />
    <spannedText>Eosin</spannedText>
  </annotation>
  <annotation>
    <mention id="CHEBI_2015_08_26_Instance_200048" />
    <annotator id="CHEBI_2015_08_26_Instance_10000">Mike Bada, University of Colorado Anschutz Medical Campus</annotator>
    <span start="10035" end="10039" />
    <spannedText>mRNA</spannedText>
  </annotation>
  <annotation>
    <mention id="CHEBI_2015_08_26_Instance_200050" />
    <annotator id="CHEBI_2015_08_26_Instance_10000">Mike Bada, University of Colorado Anschutz Medical Campus</annotator>
    <span start="10252" end="10263" />
    <spannedText>doxycycline</spannedText>
  </annotation>
  <annotation>
    <mention id="CHEBI_2015_08_26_Instance_200052" />
    <annotator id="CHEBI_2015_08_26_Instance_10000">Mike Bada, University of Colorado Anschutz Medical Campus</annotator>
    <span start="11226" end="11231" />
    <spannedText>X-gal</spannedText>
  </annotation>
  <annotation>
    <mention id="CHEBI_2015_08_26_Instance_200054" />
    <annotator id="CHEBI_2015_08_26_Instance_10000">Mike Bada, University of Colorado Anschutz Medical Campus</annotator>
    <span start="11332" end="11343" />
    <spannedText>doxycycline</spannedText>
  </annotation>
  <annotation>
    <mention id="CHEBI_2015_08_26_Instance_200056" />
    <annotator id="CHEBI_2015_08_26_Instance_10000">Mike Bada, University of Colorado Anschutz Medical Campus</annotator>
    <span start="13439" end="13450" />
    <spannedText>doxycycline</spannedText>
  </annotation>
  <annotation>
    <mention id="CHEBI_2015_08_26_Instance_200058" />
    <annotator id="CHEBI_2015_08_26_Instance_10000">Mike Bada, University of Colorado Anschutz Medical Campus</annotator>
    <span start="13628" end="13639" />
    <spannedText>doxycycline</spannedText>
  </annotation>
  <annotation>
    <mention id="CHEBI_2015_08_26_Instance_200060" />
    <annotator id="CHEBI_2015_08_26_Instance_10000">Mike Bada, University of Colorado Anschutz Medical Campus</annotator>
    <span start="14523" end="14534" />
    <spannedText>doxycycline</spannedText>
  </annotation>
  <annotation>
    <mention id="CHEBI_2015_08_26_Instance_200062" />
    <annotator id="CHEBI_2015_08_26_Instance_10000">Mike Bada, University of Colorado Anschutz Medical Campus</annotator>
    <span start="14686" end="14697" />
    <spannedText>doxycycline</spannedText>
  </annotation>
  <annotation>
    <mention id="CHEBI_2015_08_26_Instance_200064" />
    <annotator id="CHEBI_2015_08_26_Instance_10000">Mike Bada, University of Colorado Anschutz Medical Campus</annotator>
    <span start="15709" end="15717" />
    <spannedText>androgen</spannedText>
  </annotation>
  <annotation>
    <mention id="CHEBI_2015_08_26_Instance_200066" />
    <annotator id="CHEBI_2015_08_26_Instance_10000">Mike Bada, University of Colorado Anschutz Medical Campus</annotator>
    <span start="16042" end="16053" />
    <spannedText>doxycycline</spannedText>
  </annotation>
  <annotation>
    <mention id="CHEBI_2015_08_26_Instance_200068" />
    <annotator id="CHEBI_2015_08_26_Instance_10000">Mike Bada, University of Colorado Anschutz Medical Campus</annotator>
    <span start="16281" end="16292" />
    <spannedText>doxycycline</spannedText>
  </annotation>
  <annotation>
    <mention id="CHEBI_2015_08_26_Instance_200070" />
    <annotator id="CHEBI_2015_08_26_Instance_10000">Mike Bada, University of Colorado Anschutz Medical Campus</annotator>
    <span start="16574" end="16585" />
    <spannedText>doxycycline</spannedText>
  </annotation>
  <annotation>
    <mention id="CHEBI_2015_08_26_Instance_200072" />
    <annotator id="CHEBI_2015_08_26_Instance_10000">Mike Bada, University of Colorado Anschutz Medical Campus</annotator>
    <span start="16841" end="16852" />
    <spannedText>doxycycline</spannedText>
  </annotation>
  <annotation>
    <mention id="CHEBI_2015_08_26_Instance_200074" />
    <annotator id="CHEBI_2015_08_26_Instance_10000">Mike Bada, University of Colorado Anschutz Medical Campus</annotator>
    <span start="16887" end="16891" />
    <spannedText>drug</spannedText>
  </annotation>
  <annotation>
    <mention id="CHEBI_2015_08_26_Instance_200076" />
    <annotator id="CHEBI_2015_08_26_Instance_10000">Mike Bada, University of Colorado Anschutz Medical Campus</annotator>
    <span start="17104" end="17115" />
    <spannedText>doxycycline</spannedText>
  </annotation>
  <annotation>
    <mention id="CHEBI_2015_08_26_Instance_200078" />
    <annotator id="CHEBI_2015_08_26_Instance_10000">Mike Bada, University of Colorado Anschutz Medical Campus</annotator>
    <span start="17265" end="17276" />
    <spannedText>doxycycline</spannedText>
  </annotation>
  <annotation>
    <mention id="CHEBI_2015_08_26_Instance_200080" />
    <annotator id="CHEBI_2015_08_26_Instance_10000">Mike Bada, University of Colorado Anschutz Medical Campus</annotator>
    <span start="17916" end="17927" />
    <spannedText>Doxycycline</spannedText>
  </annotation>
  <annotation>
    <mention id="CHEBI_2015_08_26_Instance_200082" />
    <annotator id="CHEBI_2015_08_26_Instance_10000">Mike Bada, University of Colorado Anschutz Medical Campus</annotator>
    <span start="20604" end="20615" />
    <spannedText>doxycycline</spannedText>
  </annotation>
  <annotation>
    <mention id="CHEBI_2015_08_26_Instance_200084" />
    <annotator id="CHEBI_2015_08_26_Instance_10000">Mike Bada, University of Colorado Anschutz Medical Campus</annotator>
    <span start="22109" end="22120" />
    <spannedText>doxycycline</spannedText>
  </annotation>
  <annotation>
    <mention id="CHEBI_2015_08_26_Instance_200086" />
    <annotator id="CHEBI_2015_08_26_Instance_10000">Mike Bada, University of Colorado Anschutz Medical Campus</annotator>
    <span start="22207" end="22218" />
    <spannedText>doxycycline</spannedText>
  </annotation>
  <annotation>
    <mention id="CHEBI_2015_08_26_Instance_200088" />
    <annotator id="CHEBI_2015_08_26_Instance_10000">Mike Bada, University of Colorado Anschutz Medical Campus</annotator>
    <span start="22345" end="22356" />
    <spannedText>doxycycline</spannedText>
  </annotation>
  <annotation>
    <mention id="CHEBI_2015_08_26_Instance_200090" />
    <annotator id="CHEBI_2015_08_26_Instance_10000">Mike Bada, University of Colorado Anschutz Medical Campus</annotator>
    <span start="22823" end="22834" />
    <spannedText>doxycycline</spannedText>
  </annotation>
  <annotation>
    <mention id="CHEBI_2015_08_26_Instance_200092" />
    <annotator id="CHEBI_2015_08_26_Instance_10000">Mike Bada, University of Colorado Anschutz Medical Campus</annotator>
    <span start="23082" end="23093" />
    <spannedText>doxycycline</spannedText>
  </annotation>
  <annotation>
    <mention id="CHEBI_2015_08_26_Instance_200094" />
    <annotator id="CHEBI_2015_08_26_Instance_10000">Mike Bada, University of Colorado Anschutz Medical Campus</annotator>
    <span start="24192" end="24199" />
    <spannedText>hormone</spannedText>
  </annotation>
  <annotation>
    <mention id="CHEBI_2015_08_26_Instance_200096" />
    <annotator id="CHEBI_2015_08_26_Instance_10000">Mike Bada, University of Colorado Anschutz Medical Campus</annotator>
    <span start="26494" end="26497" />
    <spannedText>DNA</spannedText>
  </annotation>
  <annotation>
    <mention id="CHEBI_2015_08_26_Instance_200098" />
    <annotator id="CHEBI_2015_08_26_Instance_10000">Mike Bada, University of Colorado Anschutz Medical Campus</annotator>
    <span start="26564" end="26569" />
    <spannedText>probe</spannedText>
  </annotation>
  <annotation>
    <mention id="CHEBI_2015_08_26_Instance_200100" />
    <annotator id="CHEBI_2015_08_26_Instance_10000">Mike Bada, University of Colorado Anschutz Medical Campus</annotator>
    <span start="26585" end="26590" />
    <spannedText>probe</spannedText>
  </annotation>
  <annotation>
    <mention id="CHEBI_2015_08_26_Instance_200102" />
    <annotator id="CHEBI_2015_08_26_Instance_10000">Mike Bada, University of Colorado Anschutz Medical Campus</annotator>
    <span start="26929" end="26940" />
    <spannedText>doxycycline</spannedText>
  </annotation>
  <annotation>
    <mention id="CHEBI_2015_08_26_Instance_200104" />
    <annotator id="CHEBI_2015_08_26_Instance_10000">Mike Bada, University of Colorado Anschutz Medical Campus</annotator>
    <span start="26968" end="26979" />
    <spannedText>doxycycline</spannedText>
  </annotation>
  <annotation>
    <mention id="CHEBI_2015_08_26_Instance_200106" />
    <annotator id="CHEBI_2015_08_26_Instance_10000">Mike Bada, University of Colorado Anschutz Medical Campus</annotator>
    <span start="27320" end="27331" />
    <spannedText>doxycycline</spannedText>
  </annotation>
  <annotation>
    <mention id="CHEBI_2015_08_26_Instance_200108" />
    <annotator id="CHEBI_2015_08_26_Instance_10000">Mike Bada, University of Colorado Anschutz Medical Campus</annotator>
    <span start="27739" end="27750" />
    <spannedText>doxycycline</spannedText>
  </annotation>
  <annotation>
    <mention id="CHEBI_2015_08_26_Instance_200110" />
    <annotator id="CHEBI_2015_08_26_Instance_10000">Mike Bada, University of Colorado Anschutz Medical Campus</annotator>
    <span start="27827" end="27838" />
    <spannedText>doxycycline</spannedText>
  </annotation>
  <annotation>
    <mention id="CHEBI_2015_08_26_Instance_200112" />
    <annotator id="CHEBI_2015_08_26_Instance_10000">Mike Bada, University of Colorado Anschutz Medical Campus</annotator>
    <span start="28054" end="28065" />
    <spannedText>doxycycline</spannedText>
  </annotation>
  <annotation>
    <mention id="CHEBI_2015_08_26_Instance_200114" />
    <annotator id="CHEBI_2015_08_26_Instance_10000">Mike Bada, University of Colorado Anschutz Medical Campus</annotator>
    <span start="28240" end="28251" />
    <spannedText>doxycycline</spannedText>
  </annotation>
  <annotation>
    <mention id="CHEBI_2015_08_26_Instance_200116" />
    <annotator id="CHEBI_2015_08_26_Instance_10000">Mike Bada, University of Colorado Anschutz Medical Campus</annotator>
    <span start="28394" end="28405" />
    <spannedText>doxycycline</spannedText>
  </annotation>
  <annotation>
    <mention id="CHEBI_2015_08_26_Instance_200118" />
    <annotator id="CHEBI_2015_08_26_Instance_10000">Mike Bada, University of Colorado Anschutz Medical Campus</annotator>
    <span start="28492" end="28493" />
    <spannedText>H</spannedText>
  </annotation>
  <annotation>
    <mention id="CHEBI_2015_08_26_Instance_200120" />
    <annotator id="CHEBI_2015_08_26_Instance_10000">Mike Bada, University of Colorado Anschutz Medical Campus</annotator>
    <span start="28494" end="28495" />
    <spannedText>E</spannedText>
  </annotation>
  <annotation>
    <mention id="CHEBI_2015_08_26_Instance_200122" />
    <annotator id="CHEBI_2015_08_26_Instance_10000">Mike Bada, University of Colorado Anschutz Medical Campus</annotator>
    <span start="28552" end="28563" />
    <spannedText>doxycycline</spannedText>
  </annotation>
  <annotation>
    <mention id="CHEBI_2015_08_26_Instance_200124" />
    <annotator id="CHEBI_2015_08_26_Instance_10000">Mike Bada, University of Colorado Anschutz Medical Campus</annotator>
    <span start="28881" end="28892" />
    <spannedText>doxycycline</spannedText>
  </annotation>
  <annotation>
    <mention id="CHEBI_2015_08_26_Instance_200126" />
    <annotator id="CHEBI_2015_08_26_Instance_10000">Mike Bada, University of Colorado Anschutz Medical Campus</annotator>
    <span start="28979" end="28980" />
    <spannedText>H</spannedText>
  </annotation>
  <annotation>
    <mention id="CHEBI_2015_08_26_Instance_200128" />
    <annotator id="CHEBI_2015_08_26_Instance_10000">Mike Bada, University of Colorado Anschutz Medical Campus</annotator>
    <span start="28981" end="28982" />
    <spannedText>E</spannedText>
  </annotation>
  <annotation>
    <mention id="CHEBI_2015_08_26_Instance_200130" />
    <annotator id="CHEBI_2015_08_26_Instance_10000">Mike Bada, University of Colorado Anschutz Medical Campus</annotator>
    <span start="29044" end="29055" />
    <spannedText>doxycycline</spannedText>
  </annotation>
  <annotation>
    <mention id="CHEBI_2015_08_26_Instance_200132" />
    <annotator id="CHEBI_2015_08_26_Instance_10000">Mike Bada, University of Colorado Anschutz Medical Campus</annotator>
    <span start="29581" end="29592" />
    <spannedText>doxycycline</spannedText>
  </annotation>
  <annotation>
    <mention id="CHEBI_2015_08_26_Instance_200134" />
    <annotator id="CHEBI_2015_08_26_Instance_10000">Mike Bada, University of Colorado Anschutz Medical Campus</annotator>
    <span start="29756" end="29767" />
    <spannedText>doxycycline</spannedText>
  </annotation>
  <annotation>
    <mention id="CHEBI_2015_08_26_Instance_200136" />
    <annotator id="CHEBI_2015_08_26_Instance_10000">Mike Bada, University of Colorado Anschutz Medical Campus</annotator>
    <span start="30058" end="30069" />
    <spannedText>doxycycline</spannedText>
  </annotation>
  <annotation>
    <mention id="CHEBI_2015_08_26_Instance_200138" />
    <annotator id="CHEBI_2015_08_26_Instance_10000">Mike Bada, University of Colorado Anschutz Medical Campus</annotator>
    <span start="30187" end="30188" />
    <spannedText>H</spannedText>
  </annotation>
  <annotation>
    <mention id="CHEBI_2015_08_26_Instance_200140" />
    <annotator id="CHEBI_2015_08_26_Instance_10000">Mike Bada, University of Colorado Anschutz Medical Campus</annotator>
    <span start="30189" end="30190" />
    <spannedText>E</spannedText>
  </annotation>
  <annotation>
    <mention id="CHEBI_2015_08_26_Instance_200142" />
    <annotator id="CHEBI_2015_08_26_Instance_10000">Mike Bada, University of Colorado Anschutz Medical Campus</annotator>
    <span start="30290" end="30293" />
    <spannedText>DOX</spannedText>
  </annotation>
  <annotation>
    <mention id="CHEBI_2015_08_26_Instance_200144" />
    <annotator id="CHEBI_2015_08_26_Instance_10000">Mike Bada, University of Colorado Anschutz Medical Campus</annotator>
    <span start="30327" end="30330" />
    <spannedText>DOX</spannedText>
  </annotation>
  <annotation>
    <mention id="CHEBI_2015_08_26_Instance_200146" />
    <annotator id="CHEBI_2015_08_26_Instance_10000">Mike Bada, University of Colorado Anschutz Medical Campus</annotator>
    <span start="30335" end="30346" />
    <spannedText>doxycycline</spannedText>
  </annotation>
  <annotation>
    <mention id="CHEBI_2015_08_26_Instance_200148" />
    <annotator id="CHEBI_2015_08_26_Instance_10000">Mike Bada, University of Colorado Anschutz Medical Campus</annotator>
    <span start="30366" end="30376" />
    <spannedText>doxycyclin</spannedText>
  </annotation>
  <annotation>
    <mention id="CHEBI_2015_08_26_Instance_200150" />
    <annotator id="CHEBI_2015_08_26_Instance_10000">Mike Bada, University of Colorado Anschutz Medical Campus</annotator>
    <span start="30527" end="30538" />
    <spannedText>doxycycline</spannedText>
  </annotation>
  <annotation>
    <mention id="CHEBI_2015_08_26_Instance_200152" />
    <annotator id="CHEBI_2015_08_26_Instance_10000">Mike Bada, University of Colorado Anschutz Medical Campus</annotator>
    <span start="30872" end="30875" />
    <spannedText>DOX</spannedText>
  </annotation>
  <annotation>
    <mention id="CHEBI_2015_08_26_Instance_200154" />
    <annotator id="CHEBI_2015_08_26_Instance_10000">Mike Bada, University of Colorado Anschutz Medical Campus</annotator>
    <span start="30909" end="30912" />
    <spannedText>DOX</spannedText>
  </annotation>
  <annotation>
    <mention id="CHEBI_2015_08_26_Instance_200156" />
    <annotator id="CHEBI_2015_08_26_Instance_10000">Mike Bada, University of Colorado Anschutz Medical Campus</annotator>
    <span start="30818" end="30819" />
    <spannedText>H</spannedText>
  </annotation>
  <annotation>
    <mention id="CHEBI_2015_08_26_Instance_200158" />
    <annotator id="CHEBI_2015_08_26_Instance_10000">Mike Bada, University of Colorado Anschutz Medical Campus</annotator>
    <span start="30820" end="30821" />
    <spannedText>E</spannedText>
  </annotation>
  <annotation>
    <mention id="CHEBI_2015_08_26_Instance_200160" />
    <annotator id="CHEBI_2015_08_26_Instance_10000">Mike Bada, University of Colorado Anschutz Medical Campus</annotator>
    <span start="30962" end="30973" />
    <spannedText>doxycycline</spannedText>
  </annotation>
  <annotation>
    <mention id="CHEBI_2015_08_26_Instance_200162" />
    <annotator id="CHEBI_2015_08_26_Instance_10000">Mike Bada, University of Colorado Anschutz Medical Campus</annotator>
    <span start="31213" end="31224" />
    <spannedText>Doxycycline</spannedText>
  </annotation>
  <annotation>
    <mention id="CHEBI_2015_08_26_Instance_200164" />
    <annotator id="CHEBI_2015_08_26_Instance_10000">Mike Bada, University of Colorado Anschutz Medical Campus</annotator>
    <span start="31796" end="31807" />
    <spannedText>doxycycline</spannedText>
  </annotation>
  <annotation>
    <mention id="CHEBI_2015_08_26_Instance_21401" />
    <annotator id="CHEBI_2015_08_26_Instance_10000">Mike Bada, University of Colorado Anschutz Medical Campus</annotator>
    <span start="119" end="131" />
    <spannedText>tetracycline</spannedText>
  </annotation>
  <annotation>
    <mention id="CHEBI_2015_08_26_Instance_21403" />
    <annotator id="CHEBI_2015_08_26_Instance_10000">Mike Bada, University of Colorado Anschutz Medical Campus</annotator>
    <span start="306" end="318" />
    <spannedText>tetracycline</spannedText>
  </annotation>
  <annotation>
    <mention id="CHEBI_2015_08_26_Instance_21405" />
    <annotator id="CHEBI_2015_08_26_Instance_10000">Mike Bada, University of Colorado Anschutz Medical Campus</annotator>
    <span start="341" end="353" />
    <spannedText>tetracycline</spannedText>
  </annotation>
  <annotation>
    <mention id="CHEBI_2015_08_26_Instance_21467" />
    <annotator id="CHEBI_2015_08_26_Instance_10000">Mike Bada, University of Colorado Anschutz Medical Campus</annotator>
    <span start="2668" end="2680" />
    <spannedText>Tetracycline</spannedText>
  </annotation>
  <annotation>
    <mention id="CHEBI_2015_08_26_Instance_21469" />
    <annotator id="CHEBI_2015_08_26_Instance_10000">Mike Bada, University of Colorado Anschutz Medical Campus</annotator>
    <span start="2711" end="2723" />
    <spannedText>tetracycline</spannedText>
  </annotation>
  <annotation>
    <mention id="CHEBI_2015_08_26_Instance_21471" />
    <annotator id="CHEBI_2015_08_26_Instance_10000">Mike Bada, University of Colorado Anschutz Medical Campus</annotator>
    <span start="2770" end="2782" />
    <spannedText>tetracycline</spannedText>
  </annotation>
  <annotation>
    <mention id="CHEBI_2015_08_26_Instance_21473" />
    <annotator id="CHEBI_2015_08_26_Instance_10000">Mike Bada, University of Colorado Anschutz Medical Campus</annotator>
    <span start="6199" end="6211" />
    <spannedText>tetracycline</spannedText>
  </annotation>
  <annotation>
    <mention id="CHEBI_2015_08_26_Instance_21475" />
    <annotator id="CHEBI_2015_08_26_Instance_10000">Mike Bada, University of Colorado Anschutz Medical Campus</annotator>
    <span start="10405" end="10417" />
    <spannedText>tetracycline</spannedText>
  </annotation>
  <annotation>
    <mention id="CHEBI_2015_08_26_Instance_21477" />
    <annotator id="CHEBI_2015_08_26_Instance_10000">Mike Bada, University of Colorado Anschutz Medical Campus</annotator>
    <span start="12572" end="12584" />
    <spannedText>tetracycline</spannedText>
  </annotation>
  <annotation>
    <mention id="CHEBI_2015_08_26_Instance_21479" />
    <annotator id="CHEBI_2015_08_26_Instance_10000">Mike Bada, University of Colorado Anschutz Medical Campus</annotator>
    <span start="23950" end="23962" />
    <spannedText>tetracycline</spannedText>
  </annotation>
  <annotation>
    <mention id="CHEBI_2015_08_26_Instance_21481" />
    <annotator id="CHEBI_2015_08_26_Instance_10000">Mike Bada, University of Colorado Anschutz Medical Campus</annotator>
    <span start="27067" end="27079" />
    <spannedText>tetracycline</spannedText>
  </annotation>
  <annotation>
    <mention id="CHEBI_2015_08_26_Instance_21483" />
    <annotator id="CHEBI_2015_08_26_Instance_10000">Mike Bada, University of Colorado Anschutz Medical Campus</annotator>
    <span start="16309" end="16314" />
    <spannedText>water</spannedText>
  </annotation>
  <annotation>
    <mention id="CHEBI_2015_08_26_Instance_21487" />
    <annotator id="CHEBI_2015_08_26_Instance_10000">Mike Bada, University of Colorado Anschutz Medical Campus</annotator>
    <span start="26788" end="26799" />
    <spannedText>Tetracyclin</spannedText>
  </annotation>
  <annotation>
    <mention id="CHEBI_2015_08_26_Instance_21491" />
    <annotator id="CHEBI_2015_08_26_Instance_10000">Mike Bada, University of Colorado Anschutz Medical Campus</annotator>
    <span start="5989" end="5998" />
    <spannedText>Puromycin</spannedText>
  </annotation>
  <annotation>
    <mention id="CHEBI_2015_08_26_Instance_21493" />
    <annotator id="CHEBI_2015_08_26_Instance_10000">Mike Bada, University of Colorado Anschutz Medical Campus</annotator>
    <span start="7448" end="7455" />
    <spannedText>agarose</spannedText>
  </annotation>
  <annotation>
    <mention id="CHEBI_2015_08_26_Instance_21495" />
    <annotator id="CHEBI_2015_08_26_Instance_10000">Mike Bada, University of Colorado Anschutz Medical Campus</annotator>
    <span start="8106" end="8111" />
    <spannedText>MgCl2</spannedText>
  </annotation>
  <annotation>
    <mention id="CHEBI_2015_08_26_Instance_21499" />
    <annotator id="CHEBI_2015_08_26_Instance_10000">Mike Bada, University of Colorado Anschutz Medical Campus</annotator>
    <span start="8802" end="8809" />
    <spannedText>agarose</spannedText>
  </annotation>
  <annotation>
    <mention id="CHEBI_2015_08_26_Instance_21501" />
    <annotator id="CHEBI_2015_08_26_Instance_10000">Mike Bada, University of Colorado Anschutz Medical Campus</annotator>
    <span start="9077" end="9084" />
    <spannedText>alcohol</spannedText>
  </annotation>
  <annotation>
    <mention id="CHEBI_2015_08_26_Instance_21503" />
    <annotator id="CHEBI_2015_08_26_Instance_10000">Mike Bada, University of Colorado Anschutz Medical Campus</annotator>
    <span start="10707" end="10716" />
    <spannedText>puromycin</spannedText>
  </annotation>
  <annotation>
    <mention id="CHEBI_2015_08_26_Instance_21505" />
    <annotator id="CHEBI_2015_08_26_Instance_10000">Mike Bada, University of Colorado Anschutz Medical Campus</annotator>
    <span start="26741" end="26750" />
    <spannedText>puromycin</spannedText>
  </annotation>
  <annotation>
    <mention id="CHEBI_2015_08_26_Instance_21507" />
    <annotator id="CHEBI_2015_08_26_Instance_10000">Mike Bada, University of Colorado Anschutz Medical Campus</annotator>
    <span start="10622" end="10631" />
    <spannedText>puromycin</spannedText>
  </annotation>
  <annotation>
    <mention id="CHEBI_2015_08_26_Instance_21509" />
    <annotator id="CHEBI_2015_08_26_Instance_10000">Mike Bada, University of Colorado Anschutz Medical Campus</annotator>
    <span start="23527" end="23537" />
    <spannedText>inhibitors</spannedText>
  </annotation>
  <annotation>
    <mention id="CHEBI_2015_08_26_Instance_21511" />
    <annotator id="CHEBI_2015_08_26_Instance_10000">Mike Bada, University of Colorado Anschutz Medical Campus</annotator>
    <span start="23542" end="23548" />
    <spannedText>lipids</spannedText>
  </annotation>
  <annotation>
    <mention id="CHEBI_2015_08_26_Instance_301664" />
    <annotator id="CHEBI_2015_08_26_Instance_10000">Mike Bada, University of Colorado Anschutz Medical Campus</annotator>
    <span start="992" end="999" />
    <spannedText>protein</spannedText>
  </annotation>
  <annotation>
    <mention id="CHEBI_2015_08_26_Instance_301666" />
    <annotator id="CHEBI_2015_08_26_Instance_10000">Mike Bada, University of Colorado Anschutz Medical Campus</annotator>
    <span start="9858" end="9865" />
    <spannedText>protein</spannedText>
  </annotation>
  <annotation>
    <mention id="CHEBI_2015_08_26_Instance_301668" />
    <annotator id="CHEBI_2015_08_26_Instance_10000">Mike Bada, University of Colorado Anschutz Medical Campus</annotator>
    <span start="12134" end="12141" />
    <spannedText>protein</spannedText>
  </annotation>
  <annotation>
    <mention id="CHEBI_2015_08_26_Instance_301670" />
    <annotator id="CHEBI_2015_08_26_Instance_10000">Mike Bada, University of Colorado Anschutz Medical Campus</annotator>
    <span start="15135" end="15142" />
    <spannedText>protein</spannedText>
  </annotation>
  <annotation>
    <mention id="CHEBI_2015_08_26_Instance_301672" />
    <annotator id="CHEBI_2015_08_26_Instance_10000">Mike Bada, University of Colorado Anschutz Medical Campus</annotator>
    <span start="15317" end="15324" />
    <spannedText>protein</spannedText>
  </annotation>
  <annotation>
    <mention id="CHEBI_2015_08_26_Instance_301674" />
    <annotator id="CHEBI_2015_08_26_Instance_10000">Mike Bada, University of Colorado Anschutz Medical Campus</annotator>
    <span start="15391" end="15398" />
    <spannedText>protein</spannedText>
  </annotation>
  <annotation>
    <mention id="CHEBI_2015_08_26_Instance_301676" />
    <annotator id="CHEBI_2015_08_26_Instance_10000">Mike Bada, University of Colorado Anschutz Medical Campus</annotator>
    <span start="17401" end="17408" />
    <spannedText>protein</spannedText>
  </annotation>
  <annotation>
    <mention id="CHEBI_2015_08_26_Instance_301678" />
    <annotator id="CHEBI_2015_08_26_Instance_10000">Mike Bada, University of Colorado Anschutz Medical Campus</annotator>
    <span start="18616" end="18623" />
    <spannedText>protein</spannedText>
  </annotation>
  <annotation>
    <mention id="CHEBI_2015_08_26_Instance_301680" />
    <annotator id="CHEBI_2015_08_26_Instance_10000">Mike Bada, University of Colorado Anschutz Medical Campus</annotator>
    <span start="18844" end="18851" />
    <spannedText>protein</spannedText>
  </annotation>
  <annotation>
    <mention id="CHEBI_2015_08_26_Instance_301682" />
    <annotator id="CHEBI_2015_08_26_Instance_10000">Mike Bada, University of Colorado Anschutz Medical Campus</annotator>
    <span start="23476" end="23484" />
    <spannedText>proteins</spannedText>
  </annotation>
  <annotation>
    <mention id="CHEBI_2015_08_26_Instance_301684" />
    <annotator id="CHEBI_2015_08_26_Instance_10000">Mike Bada, University of Colorado Anschutz Medical Campus</annotator>
    <span start="24214" end="24222" />
    <spannedText>proteins</spannedText>
  </annotation>
  <annotation>
    <mention id="CHEBI_2015_08_26_Instance_301686" />
    <annotator id="CHEBI_2015_08_26_Instance_10000">Mike Bada, University of Colorado Anschutz Medical Campus</annotator>
    <span start="27568" end="27575" />
    <spannedText>protein</spannedText>
  </annotation>
  <annotation>
    <mention id="CHEBI_2015_08_26_Instance_330124" />
    <annotator id="CHEBI_2015_08_26_Instance_10000">Mike Bada, University of Colorado Anschutz Medical Campus</annotator>
    <span start="19415" end="19424" />
    <spannedText>molecular</spannedText>
  </annotation>
  <annotation>
    <mention id="CHEBI_2015_08_26_Instance_330126" />
    <annotator id="CHEBI_2015_08_26_Instance_10000">Mike Bada, University of Colorado Anschutz Medical Campus</annotator>
    <span start="21377" end="21386" />
    <spannedText>molecular</spannedText>
  </annotation>
  <annotation>
    <mention id="CHEBI_2015_08_26_Instance_330612" />
    <annotator id="CHEBI_2015_08_26_Instance_10000">Mike Bada, University of Colorado Anschutz Medical Campus</annotator>
    <span start="7737" end="7742" />
    <spannedText>probe</spannedText>
  </annotation>
  <annotation>
    <mention id="CHEBI_2015_08_26_Instance_330614" />
    <annotator id="CHEBI_2015_08_26_Instance_10000">Mike Bada, University of Colorado Anschutz Medical Campus</annotator>
    <span start="7783" end="7788" />
    <spannedText>probe</spannedText>
  </annotation>
  <annotation>
    <mention id="CHEBI_2015_08_26_Instance_330654" />
    <annotator id="CHEBI_2015_08_26_Instance_10000">Mike Bada, University of Colorado Anschutz Medical Campus</annotator>
    <span start="8059" end="8066" />
    <spannedText>mixture</spannedText>
  </annotation>
  <annotation>
    <mention id="CHEBI_2015_08_26_Instance_330768" />
    <annotator id="CHEBI_2015_08_26_Instance_10000">Mike Bada, University of Colorado Anschutz Medical Campus</annotator>
    <span start="28666" end="28676" />
    <spannedText>hemoglobin</spannedText>
  </annotation>
  <annotation>
    <mention id="CHEBI_2015_08_26_Instance_330770" />
    <annotator id="CHEBI_2015_08_26_Instance_10000">Mike Bada, University of Colorado Anschutz Medical Campus</annotator>
    <span start="29184" end="29194" />
    <spannedText>hemoglobin</spannedText>
  </annotation>
  <annotation>
    <mention id="CHEBI_2015_08_26_Instance_330832" />
    <annotator id="CHEBI_2015_08_26_Instance_10000">Mike Bada, University of Colorado Anschutz Medical Campus</annotator>
    <span start="9615" end="9621" />
    <spannedText>marker</spannedText>
  </annotation>
  <annotation>
    <mention id="CHEBI_2015_08_26_Instance_330834" />
    <annotator id="CHEBI_2015_08_26_Instance_10000">Mike Bada, University of Colorado Anschutz Medical Campus</annotator>
    <span start="10018" end="10024" />
    <spannedText>marker</spannedText>
  </annotation>
  <annotation>
    <mention id="CHEBI_2015_08_26_Instance_331406" />
    <annotator id="CHEBI_2015_08_26_Instance_10000">Mike Bada, University of Colorado Anschutz Medical Campus</annotator>
    <span start="7764" end="7767" />
    <spannedText>neo</spannedText>
  </annotation>
  <annotation>
    <mention id="CHEBI_2015_08_26_Instance_331408" />
    <annotator id="CHEBI_2015_08_26_Instance_10000">Mike Bada, University of Colorado Anschutz Medical Campus</annotator>
    <span start="9623" end="9626" />
    <spannedText>neo</spannedText>
  </annotation>
  <annotation>
    <mention id="CHEBI_2015_08_26_Instance_331410" />
    <annotator id="CHEBI_2015_08_26_Instance_10000">Mike Bada, University of Colorado Anschutz Medical Campus</annotator>
    <span start="13155" end="13158" />
    <spannedText>neo</spannedText>
  </annotation>
  <annotation>
    <mention id="CHEBI_2015_08_26_Instance_331412" />
    <annotator id="CHEBI_2015_08_26_Instance_10000">Mike Bada, University of Colorado Anschutz Medical Campus</annotator>
    <span start="26581" end="26584" />
    <spannedText>neo</spannedText>
  </annotation>
  <annotation>
    <mention id="CHEBI_2015_08_26_Instance_331538" />
    <annotator id="CHEBI_2015_08_26_Instance_10000">Mike Bada, University of Colorado Anschutz Medical Campus</annotator>
    <span start="9463" end="9467" />
    <spannedText>G418</spannedText>
  </annotation>
  <annotation>
    <mention id="CHEBI_2015_08_26_Instance_340094" />
    <annotator id="CHEBI_2015_08_26_Instance_10000">Mike Bada, University of Colorado Anschutz Medical Campus</annotator>
    <span start="15790" end="15801" />
    <spannedText>doxycycline</spannedText>
  </annotation>
  <annotation>
    <mention id="CHEBI_2015_08_26_Instance_380913" />
    <annotator id="CHEBI_2015_08_26_Instance_10000">Mike Bada, University of Colorado Anschutz Medical Campus</annotator>
    <span start="29351" end="29356" />
    <spannedText>marks</spannedText>
  </annotation>
  <classMention id="CHEBI_2015_08_26_Instance_200142">
    <mentionClass id="CHEBI:50845">doxycycline</mentionClass>
  </classMention>
  <classMention id="CHEBI_2015_08_26_Instance_301686">
    <mentionClass id="CHEBI_PR_EXT:protein">protein</mentionClass>
  </classMention>
  <classMention id="CHEBI_2015_08_26_Instance_200140">
    <mentionClass id="CHEBI_EXT:eosin">eosin</mentionClass>
  </classMention>
  <classMention id="CHEBI_2015_08_26_Instance_301684">
    <mentionClass id="CHEBI_PR_EXT:protein">protein</mentionClass>
  </classMention>
  <classMention id="CHEBI_2015_08_26_Instance_200146">
    <mentionClass id="CHEBI:50845">doxycycline</mentionClass>
  </classMention>
  <classMention id="CHEBI_2015_08_26_Instance_21469">
    <mentionClass id="CHEBI:27902">tetracycline</mentionClass>
  </classMention>
  <classMention id="CHEBI_2015_08_26_Instance_200144">
    <mentionClass id="CHEBI:50845">doxycycline</mentionClass>
  </classMention>
  <classMention id="CHEBI_2015_08_26_Instance_21467">
    <mentionClass id="CHEBI:27902">tetracycline</mentionClass>
  </classMention>
  <classMention id="CHEBI_2015_08_26_Instance_200150">
    <mentionClass id="CHEBI:50845">doxycycline</mentionClass>
  </classMention>
  <classMention id="CHEBI_2015_08_26_Instance_21473">
    <mentionClass id="CHEBI:27902">tetracycline</mentionClass>
  </classMention>
  <classMention id="CHEBI_2015_08_26_Instance_200148">
    <mentionClass id="CHEBI:50845">doxycycline</mentionClass>
  </classMention>
  <classMention id="CHEBI_2015_08_26_Instance_21471">
    <mentionClass id="CHEBI:27902">tetracycline</mentionClass>
  </classMention>
  <classMention id="CHEBI_2015_08_26_Instance_200154">
    <mentionClass id="CHEBI:50845">doxycycline</mentionClass>
  </classMention>
  <classMention id="CHEBI_2015_08_26_Instance_21477">
    <mentionClass id="CHEBI:27902">tetracycline</mentionClass>
  </classMention>
  <classMention id="CHEBI_2015_08_26_Instance_200152">
    <mentionClass id="CHEBI:50845">doxycycline</mentionClass>
  </classMention>
  <classMention id="CHEBI_2015_08_26_Instance_21475">
    <mentionClass id="CHEBI:27902">tetracycline</mentionClass>
  </classMention>
  <classMention id="CHEBI_2015_08_26_Instance_200158">
    <mentionClass id="CHEBI_EXT:eosin">eosin</mentionClass>
  </classMention>
  <classMention id="CHEBI_2015_08_26_Instance_21481">
    <mentionClass id="CHEBI:27902">tetracycline</mentionClass>
  </classMention>
  <classMention id="CHEBI_2015_08_26_Instance_200156">
    <mentionClass id="CHEBI:51686">haematoxylin</mentionClass>
  </classMention>
  <classMention id="CHEBI_2015_08_26_Instance_21479">
    <mentionClass id="CHEBI:27902">tetracycline</mentionClass>
  </classMention>
  <classMention id="CHEBI_2015_08_26_Instance_200162">
    <mentionClass id="CHEBI:50845">doxycycline</mentionClass>
  </classMention>
  <classMention id="CHEBI_2015_08_26_Instance_330834">
    <mentionClass id="CHEBI_SO_EXT:molecular_indicator_or_label_or_marker_or_tag">molecular indicator/label/marker/tag</mentionClass>
  </classMention>
  <classMention id="CHEBI_2015_08_26_Instance_21487">
    <mentionClass id="CHEBI:27902">tetracycline</mentionClass>
  </classMention>
  <classMention id="CHEBI_2015_08_26_Instance_200160">
    <mentionClass id="CHEBI:50845">doxycycline</mentionClass>
  </classMention>
  <classMention id="CHEBI_2015_08_26_Instance_330832">
    <mentionClass id="CHEBI_SO_EXT:molecular_indicator_or_label_or_marker_or_tag">molecular indicator/label/marker/tag</mentionClass>
  </classMention>
  <classMention id="CHEBI_2015_08_26_Instance_21483">
    <mentionClass id="CHEBI:15377">water</mentionClass>
  </classMention>
  <classMention id="CHEBI_2015_08_26_Instance_21493">
    <mentionClass id="CHEBI:2511">agarose</mentionClass>
  </classMention>
  <classMention id="CHEBI_2015_08_26_Instance_200164">
    <mentionClass id="CHEBI:50845">doxycycline</mentionClass>
  </classMention>
  <classMention id="CHEBI_2015_08_26_Instance_21491">
    <mentionClass id="CHEBI:17939">puromycin</mentionClass>
  </classMention>
  <classMention id="CHEBI_2015_08_26_Instance_21499">
    <mentionClass id="CHEBI:2511">agarose</mentionClass>
  </classMention>
  <classMention id="CHEBI_2015_08_26_Instance_21495">
    <mentionClass id="CHEBI:6636">magnesium dichloride</mentionClass>
  </classMention>
  <classMention id="CHEBI_2015_08_26_Instance_21503">
    <mentionClass id="CHEBI:17939">puromycin</mentionClass>
  </classMention>
  <classMention id="CHEBI_2015_08_26_Instance_21501">
    <mentionClass id="CHEBI:30879">alcohol</mentionClass>
  </classMention>
  <classMention id="CHEBI_2015_08_26_Instance_21507">
    <mentionClass id="CHEBI:17939">puromycin</mentionClass>
  </classMention>
  <classMention id="CHEBI_2015_08_26_Instance_21505">
    <mentionClass id="CHEBI:17939">puromycin</mentionClass>
  </classMention>
  <classMention id="CHEBI_2015_08_26_Instance_21511">
    <mentionClass id="CHEBI:18059">lipid</mentionClass>
  </classMention>
  <classMention id="CHEBI_2015_08_26_Instance_21509">
    <mentionClass id="CHEBI_EXT:35222">inhibitor</mentionClass>
  </classMention>
  <classMention id="CHEBI_2015_08_26_Instance_330614">
    <mentionClass id="CHEBI_SO_EXT:molecular_probe">molecular probe</mentionClass>
  </classMention>
  <classMention id="CHEBI_2015_08_26_Instance_330612">
    <mentionClass id="CHEBI_SO_EXT:molecular_probe">molecular probe</mentionClass>
  </classMention>
  <classMention id="CHEBI_2015_08_26_Instance_330126">
    <mentionClass id="CHEBI_EXT:polyatomic_entity_or_group">polyatomic entity or group</mentionClass>
  </classMention>
  <classMention id="CHEBI_2015_08_26_Instance_330124">
    <mentionClass id="CHEBI_EXT:polyatomic_entity_or_group">polyatomic entity or group</mentionClass>
  </classMention>
  <classMention id="CHEBI_2015_08_26_Instance_331406">
    <mentionClass id="CHEBI_GO_EXT:neomycin_or_neomycin_phosphotransferase">neomycin or neomycin phosphotransferase</mentionClass>
  </classMention>
  <classMention id="CHEBI_2015_08_26_Instance_331410">
    <mentionClass id="CHEBI_GO_EXT:neomycin_or_neomycin_phosphotransferase">neomycin or neomycin phosphotransferase</mentionClass>
  </classMention>
  <classMention id="CHEBI_2015_08_26_Instance_331408">
    <mentionClass id="CHEBI_GO_EXT:neomycin_or_neomycin_phosphotransferase">neomycin or neomycin phosphotransferase</mentionClass>
  </classMention>
  <classMention id="CHEBI_2015_08_26_Instance_331412">
    <mentionClass id="CHEBI_GO_EXT:neomycin_or_neomycin_phosphotransferase">neomycin or neomycin phosphotransferase</mentionClass>
  </classMention>
  <classMention id="CHEBI_2015_08_26_Instance_330654">
    <mentionClass id="CHEBI:60004">mixture</mentionClass>
  </classMention>
  <classMention id="CHEBI_2015_08_26_Instance_380913">
    <mentionClass id="CHEBI_SO_EXT:molecular_label_or_mark_or_tag_process">molecular label/mark/tag process</mentionClass>
  </classMention>
  <classMention id="CHEBI_2015_08_26_Instance_200006">
    <mentionClass id="CHEBI_SO_EXT:DNA">DNA</mentionClass>
  </classMention>
  <classMention id="CHEBI_2015_08_26_Instance_200004">
    <mentionClass id="CHEBI_GO_SO_EXT:enzyme">enzyme</mentionClass>
  </classMention>
  <classMention id="CHEBI_2015_08_26_Instance_200008">
    <mentionClass id="CHEBI:7507">neomycin</mentionClass>
  </classMention>
  <classMention id="CHEBI_2015_08_26_Instance_200012">
    <mentionClass id="CHEBI:50845">doxycycline</mentionClass>
  </classMention>
  <classMention id="CHEBI_2015_08_26_Instance_200010">
    <mentionClass id="CHEBI:42768">geneticin</mentionClass>
  </classMention>
  <classMention id="CHEBI_2015_08_26_Instance_200016">
    <mentionClass id="CHEBI:75055">5-bromo-4-chloro-3-indolyl beta-D-galactoside</mentionClass>
  </classMention>
  <classMention id="CHEBI_2015_08_26_Instance_200014">
    <mentionClass id="CHEBI:50845">doxycycline</mentionClass>
  </classMention>
  <classMention id="CHEBI_2015_08_26_Instance_200018">
    <mentionClass id="CHEBI_SO_EXT:DNA">DNA</mentionClass>
  </classMention>
  <classMention id="CHEBI_2015_08_26_Instance_200022">
    <mentionClass id="CHEBI_SO_EXT:DNA">DNA</mentionClass>
  </classMention>
  <classMention id="CHEBI_2015_08_26_Instance_200020">
    <mentionClass id="CHEBI_SO_EXT:DNA">DNA</mentionClass>
  </classMention>
  <classMention id="CHEBI_2015_08_26_Instance_200026">
    <mentionClass id="CHEBI_SO_EXT:molecular_probe">molecular probe</mentionClass>
  </classMention>
  <classMention id="CHEBI_2015_08_26_Instance_200024">
    <mentionClass id="CHEBI:53325">nitrocellulose</mentionClass>
  </classMention>
  <classMention id="CHEBI_2015_08_26_Instance_200028">
    <mentionClass id="CHEBI_SO_EXT:molecular_probe">molecular probe</mentionClass>
  </classMention>
  <classMention id="CHEBI_2015_08_26_Instance_200032">
    <mentionClass id="CHEBI_CHMO_EXT:buffer_solution">buffer solution</mentionClass>
  </classMention>
  <classMention id="CHEBI_2015_08_26_Instance_200030">
    <mentionClass id="CHEBI_SO_EXT:DNA">DNA</mentionClass>
  </classMention>
  <classMention id="CHEBI_2015_08_26_Instance_200036">
    <mentionClass id="CHEBI_SO_EXT:DNA">DNA</mentionClass>
  </classMention>
  <classMention id="CHEBI_2015_08_26_Instance_200034">
    <mentionClass id="CHEBI_EXT:dNTP">dNTP</mentionClass>
  </classMention>
  <classMention id="CHEBI_2015_08_26_Instance_200040">
    <mentionClass id="CHEBI_EXT:paraformaldehye">paraformaldehyde</mentionClass>
  </classMention>
  <classMention id="CHEBI_2015_08_26_Instance_200038">
    <mentionClass id="CHEBI:75055">5-bromo-4-chloro-3-indolyl beta-D-galactoside</mentionClass>
  </classMention>
  <classMention id="CHEBI_2015_08_26_Instance_200044">
    <mentionClass id="CHEBI:51686">haematoxylin</mentionClass>
  </classMention>
  <classMention id="CHEBI_2015_08_26_Instance_200042">
    <mentionClass id="CHEBI:73702">wax</mentionClass>
  </classMention>
  <classMention id="CHEBI_2015_08_26_Instance_200048">
    <mentionClass id="CHEBI_SO_EXT:mRNA">mRNA</mentionClass>
  </classMention>
  <classMention id="CHEBI_2015_08_26_Instance_200046">
    <mentionClass id="CHEBI_EXT:eosin">eosin</mentionClass>
  </classMention>
  <classMention id="CHEBI_2015_08_26_Instance_200050">
    <mentionClass id="CHEBI:50845">doxycycline</mentionClass>
  </classMention>
  <classMention id="CHEBI_2015_08_26_Instance_340094">
    <mentionClass id="CHEBI:50845">doxycycline</mentionClass>
  </classMention>
  <classMention id="CHEBI_2015_08_26_Instance_200054">
    <mentionClass id="CHEBI:50845">doxycycline</mentionClass>
  </classMention>
  <classMention id="CHEBI_2015_08_26_Instance_200052">
    <mentionClass id="CHEBI:75055">5-bromo-4-chloro-3-indolyl beta-D-galactoside</mentionClass>
  </classMention>
  <classMention id="CHEBI_2015_08_26_Instance_200058">
    <mentionClass id="CHEBI:50845">doxycycline</mentionClass>
  </classMention>
  <classMention id="CHEBI_2015_08_26_Instance_200056">
    <mentionClass id="CHEBI:50845">doxycycline</mentionClass>
  </classMention>
  <classMention id="CHEBI_2015_08_26_Instance_200062">
    <mentionClass id="CHEBI:50845">doxycycline</mentionClass>
  </classMention>
  <classMention id="CHEBI_2015_08_26_Instance_200060">
    <mentionClass id="CHEBI:50845">doxycycline</mentionClass>
  </classMention>
  <classMention id="CHEBI_2015_08_26_Instance_200066">
    <mentionClass id="CHEBI:50845">doxycycline</mentionClass>
  </classMention>
  <classMention id="CHEBI_2015_08_26_Instance_200064">
    <mentionClass id="CHEBI_EXT:50113">androgen</mentionClass>
  </classMention>
  <classMention id="CHEBI_2015_08_26_Instance_200070">
    <mentionClass id="CHEBI:50845">doxycycline</mentionClass>
  </classMention>
  <classMention id="CHEBI_2015_08_26_Instance_200068">
    <mentionClass id="CHEBI:50845">doxycycline</mentionClass>
  </classMention>
  <classMention id="CHEBI_2015_08_26_Instance_200074">
    <mentionClass id="CHEBI_EXT:23888">drug</mentionClass>
  </classMention>
  <classMention id="CHEBI_2015_08_26_Instance_331538">
    <mentionClass id="CHEBI:42768">geneticin</mentionClass>
  </classMention>
  <classMention id="CHEBI_2015_08_26_Instance_200072">
    <mentionClass id="CHEBI:50845">doxycycline</mentionClass>
  </classMention>
  <classMention id="CHEBI_2015_08_26_Instance_200078">
    <mentionClass id="CHEBI:50845">doxycycline</mentionClass>
  </classMention>
  <classMention id="CHEBI_2015_08_26_Instance_200076">
    <mentionClass id="CHEBI:50845">doxycycline</mentionClass>
  </classMention>
  <classMention id="CHEBI_2015_08_26_backup_Instance_262">
    <mentionClass id="CHEBI_SO_EXT:N_terminus_or_N_terminal_region">N-terminus or N-terminal region</mentionClass>
  </classMention>
  <classMention id="CHEBI_2015_08_26_Instance_200082">
    <mentionClass id="CHEBI:50845">doxycycline</mentionClass>
  </classMention>
  <classMention id="CHEBI_2015_08_26_Instance_190002">
    <mentionClass id="CHEBI_GO_SO_EXT:enzyme">enzyme</mentionClass>
  </classMention>
  <classMention id="CHEBI_2015_08_26_Instance_200080">
    <mentionClass id="CHEBI:50845">doxycycline</mentionClass>
  </classMention>
  <classMention id="CHEBI_2015_08_26_Instance_200086">
    <mentionClass id="CHEBI:50845">doxycycline</mentionClass>
  </classMention>
  <classMention id="CHEBI_2015_08_26_Instance_200084">
    <mentionClass id="CHEBI:50845">doxycycline</mentionClass>
  </classMention>
  <classMention id="CHEBI_2015_08_26_Instance_200090">
    <mentionClass id="CHEBI:50845">doxycycline</mentionClass>
  </classMention>
  <classMention id="CHEBI_2015_08_26_Instance_200088">
    <mentionClass id="CHEBI:50845">doxycycline</mentionClass>
  </classMention>
  <classMention id="CHEBI_2015_08_26_Instance_200094">
    <mentionClass id="CHEBI_GO_EXT:hormone">hormone</mentionClass>
  </classMention>
  <classMention id="CHEBI_2015_08_26_Instance_330768">
    <mentionClass id="CHEBI_GO_EXT:hemoglobin">hemoglobin</mentionClass>
  </classMention>
  <classMention id="CHEBI_2015_08_26_Instance_200092">
    <mentionClass id="CHEBI:50845">doxycycline</mentionClass>
  </classMention>
  <classMention id="CHEBI_2015_08_26_Instance_200098">
    <mentionClass id="CHEBI_SO_EXT:molecular_probe">molecular probe</mentionClass>
  </classMention>
  <classMention id="CHEBI_2015_08_26_Instance_330770">
    <mentionClass id="CHEBI_GO_EXT:hemoglobin">hemoglobin</mentionClass>
  </classMention>
  <classMention id="CHEBI_2015_08_26_Instance_200096">
    <mentionClass id="CHEBI_SO_EXT:DNA">DNA</mentionClass>
  </classMention>
  <classMention id="CHEBI_2015_08_26_Instance_200102">
    <mentionClass id="CHEBI:50845">doxycycline</mentionClass>
  </classMention>
  <classMention id="CHEBI_2015_08_26_Instance_200100">
    <mentionClass id="CHEBI_SO_EXT:molecular_probe">molecular probe</mentionClass>
  </classMention>
  <classMention id="CHEBI_2015_08_26_Instance_200106">
    <mentionClass id="CHEBI:50845">doxycycline</mentionClass>
  </classMention>
  <classMention id="CHEBI_2015_08_26_Instance_200104">
    <mentionClass id="CHEBI:50845">doxycycline</mentionClass>
  </classMention>
  <classMention id="CHEBI_2015_08_26_Instance_200110">
    <mentionClass id="CHEBI:50845">doxycycline</mentionClass>
  </classMention>
  <classMention id="CHEBI_2015_08_26_Instance_200108">
    <mentionClass id="CHEBI:50845">doxycycline</mentionClass>
  </classMention>
  <classMention id="CHEBI_2015_08_26_Instance_200114">
    <mentionClass id="CHEBI:50845">doxycycline</mentionClass>
  </classMention>
  <classMention id="CHEBI_2015_08_26_Instance_200112">
    <mentionClass id="CHEBI:50845">doxycycline</mentionClass>
  </classMention>
  <classMention id="CHEBI_2015_08_26_Instance_200118">
    <mentionClass id="CHEBI:51686">haematoxylin</mentionClass>
  </classMention>
  <classMention id="CHEBI_2015_08_26_Instance_200116">
    <mentionClass id="CHEBI:50845">doxycycline</mentionClass>
  </classMention>
  <classMention id="CHEBI_2015_08_26_Instance_200122">
    <mentionClass id="CHEBI:50845">doxycycline</mentionClass>
  </classMention>
  <classMention id="CHEBI_2015_08_26_Instance_301666">
    <mentionClass id="CHEBI_PR_EXT:protein">protein</mentionClass>
  </classMention>
  <classMention id="CHEBI_2015_08_26_Instance_200120">
    <mentionClass id="CHEBI_EXT:eosin">eosin</mentionClass>
  </classMention>
  <classMention id="CHEBI_2015_08_26_Instance_301664">
    <mentionClass id="CHEBI_PR_EXT:protein">protein</mentionClass>
  </classMention>
  <classMention id="CHEBI_2015_08_26_Instance_200126">
    <mentionClass id="CHEBI:51686">haematoxylin</mentionClass>
  </classMention>
  <classMention id="CHEBI_2015_08_26_Instance_301670">
    <mentionClass id="CHEBI_PR_EXT:protein">protein</mentionClass>
  </classMention>
  <classMention id="CHEBI_2015_08_26_Instance_200124">
    <mentionClass id="CHEBI:50845">doxycycline</mentionClass>
  </classMention>
  <classMention id="CHEBI_2015_08_26_Instance_301668">
    <mentionClass id="CHEBI_PR_EXT:protein">protein</mentionClass>
  </classMention>
  <classMention id="CHEBI_2015_08_26_Instance_200130">
    <mentionClass id="CHEBI:50845">doxycycline</mentionClass>
  </classMention>
  <classMention id="CHEBI_2015_08_26_Instance_301674">
    <mentionClass id="CHEBI_PR_EXT:protein">protein</mentionClass>
  </classMention>
  <classMention id="CHEBI_2015_08_26_Instance_21403">
    <mentionClass id="CHEBI:27902">tetracycline</mentionClass>
  </classMention>
  <classMention id="CHEBI_2015_08_26_Instance_200128">
    <mentionClass id="CHEBI_EXT:eosin">eosin</mentionClass>
  </classMention>
  <classMention id="CHEBI_2015_08_26_Instance_301672">
    <mentionClass id="CHEBI_PR_EXT:protein">protein</mentionClass>
  </classMention>
  <classMention id="CHEBI_2015_08_26_Instance_170000">
    <mentionClass id="CHEBI_SO_EXT:DNA">DNA</mentionClass>
  </classMention>
  <classMention id="CHEBI_2015_08_26_Instance_21401">
    <mentionClass id="CHEBI:27902">tetracycline</mentionClass>
  </classMention>
  <classMention id="CHEBI_2015_08_26_Instance_200134">
    <mentionClass id="CHEBI:50845">doxycycline</mentionClass>
  </classMention>
  <classMention id="CHEBI_2015_08_26_Instance_301678">
    <mentionClass id="CHEBI_PR_EXT:protein">protein</mentionClass>
  </classMention>
  <classMention id="CHEBI_2015_08_26_Instance_200132">
    <mentionClass id="CHEBI:50845">doxycycline</mentionClass>
  </classMention>
  <classMention id="CHEBI_2015_08_26_Instance_301676">
    <mentionClass id="CHEBI_PR_EXT:protein">protein</mentionClass>
  </classMention>
  <classMention id="CHEBI_2015_08_26_Instance_21405">
    <mentionClass id="CHEBI:27902">tetracycline</mentionClass>
  </classMention>
  <classMention id="CHEBI_2015_08_26_Instance_200138">
    <mentionClass id="CHEBI:51686">haematoxylin</mentionClass>
  </classMention>
  <classMention id="CHEBI_2015_08_26_Instance_301682">
    <mentionClass id="CHEBI_PR_EXT:protein">protein</mentionClass>
  </classMention>
  <classMention id="CHEBI_2015_08_26_Instance_200136">
    <mentionClass id="CHEBI:50845">doxycycline</mentionClass>
  </classMention>
  <classMention id="CHEBI_2015_08_26_Instance_301680">
    <mentionClass id="CHEBI_PR_EXT:protein">protein</mentionClass>
  </classMention>
</annotations>

