<?xml version="1.0" encoding="UTF-8"?>
<annotations textSource="15882093.txt">
  <annotation>
    <mention id="CHEBI_2015_08_26_backup_Instance_280" />
    <span start="30441" end="30451" />
    <spannedText>C-terminal</spannedText>
  </annotation>
  <annotation>
    <mention id="CHEBI_2015_08_26_Instance_210168" />
    <annotator id="CHEBI_2015_08_26_Instance_10000">Mike Bada, University of Colorado Anschutz Medical Campus</annotator>
    <span start="4314" end="4317" />
    <spannedText>DNA</spannedText>
  </annotation>
  <annotation>
    <mention id="CHEBI_2015_08_26_Instance_210170" />
    <annotator id="CHEBI_2015_08_26_Instance_10000">Mike Bada, University of Colorado Anschutz Medical Campus</annotator>
    <span start="4892" end="4899" />
    <spannedText>markers</spannedText>
  </annotation>
  <annotation>
    <mention id="CHEBI_2015_08_26_Instance_210172" />
    <annotator id="CHEBI_2015_08_26_Instance_10000">Mike Bada, University of Colorado Anschutz Medical Campus</annotator>
    <span start="7406" end="7411" />
    <spannedText>X-gal</spannedText>
  </annotation>
  <annotation>
    <mention id="CHEBI_2015_08_26_Instance_210174" />
    <annotator id="CHEBI_2015_08_26_Instance_10000">Mike Bada, University of Colorado Anschutz Medical Campus</annotator>
    <span start="7859" end="7864" />
    <spannedText>X-gal</spannedText>
  </annotation>
  <annotation>
    <mention id="CHEBI_2015_08_26_Instance_210176" />
    <annotator id="CHEBI_2015_08_26_Instance_10000">Mike Bada, University of Colorado Anschutz Medical Campus</annotator>
    <span start="8047" end="8052" />
    <spannedText>X-gal</spannedText>
  </annotation>
  <annotation>
    <mention id="CHEBI_2015_08_26_Instance_210178" />
    <annotator id="CHEBI_2015_08_26_Instance_10000">Mike Bada, University of Colorado Anschutz Medical Campus</annotator>
    <span start="8335" end="8340" />
    <spannedText>X-gal</spannedText>
  </annotation>
  <annotation>
    <mention id="CHEBI_2015_08_26_Instance_210180" />
    <annotator id="CHEBI_2015_08_26_Instance_10000">Mike Bada, University of Colorado Anschutz Medical Campus</annotator>
    <span start="8737" end="8742" />
    <spannedText>X-gal</spannedText>
  </annotation>
  <annotation>
    <mention id="CHEBI_2015_08_26_Instance_210182" />
    <annotator id="CHEBI_2015_08_26_Instance_10000">Mike Bada, University of Colorado Anschutz Medical Campus</annotator>
    <span start="8906" end="8911" />
    <spannedText>X-gal</spannedText>
  </annotation>
  <annotation>
    <mention id="CHEBI_2015_08_26_Instance_210184" />
    <annotator id="CHEBI_2015_08_26_Instance_10000">Mike Bada, University of Colorado Anschutz Medical Campus</annotator>
    <span start="9042" end="9047" />
    <spannedText>X-gal</spannedText>
  </annotation>
  <annotation>
    <mention id="CHEBI_2015_08_26_Instance_210186" />
    <annotator id="CHEBI_2015_08_26_Instance_10000">Mike Bada, University of Colorado Anschutz Medical Campus</annotator>
    <span start="9434" end="9439" />
    <spannedText>X-gal</spannedText>
  </annotation>
  <annotation>
    <mention id="CHEBI_2015_08_26_Instance_210188" />
    <annotator id="CHEBI_2015_08_26_Instance_10000">Mike Bada, University of Colorado Anschutz Medical Campus</annotator>
    <span start="10390" end="10396" />
    <spannedText>marker</spannedText>
  </annotation>
  <annotation>
    <mention id="CHEBI_2015_08_26_Instance_210190" />
    <annotator id="CHEBI_2015_08_26_Instance_10000">Mike Bada, University of Colorado Anschutz Medical Campus</annotator>
    <span start="10864" end="10871" />
    <spannedText>markers</spannedText>
  </annotation>
  <annotation>
    <mention id="CHEBI_2015_08_26_Instance_210192" />
    <annotator id="CHEBI_2015_08_26_Instance_10000">Mike Bada, University of Colorado Anschutz Medical Campus</annotator>
    <span start="10978" end="10985" />
    <spannedText>markers</spannedText>
  </annotation>
  <annotation>
    <mention id="CHEBI_2015_08_26_Instance_210194" />
    <annotator id="CHEBI_2015_08_26_Instance_10000">Mike Bada, University of Colorado Anschutz Medical Campus</annotator>
    <span start="11405" end="11428" />
    <spannedText>5-bromo-2′-deoxyuridine</spannedText>
  </annotation>
  <annotation>
    <mention id="CHEBI_2015_08_26_Instance_210196" />
    <annotator id="CHEBI_2015_08_26_Instance_10000">Mike Bada, University of Colorado Anschutz Medical Campus</annotator>
    <span start="11430" end="11434" />
    <spannedText>BrdU</spannedText>
  </annotation>
  <annotation>
    <mention id="CHEBI_2015_08_26_Instance_210198" />
    <annotator id="CHEBI_2015_08_26_Instance_10000">Mike Bada, University of Colorado Anschutz Medical Campus</annotator>
    <span start="12273" end="12280" />
    <spannedText>markers</spannedText>
  </annotation>
  <annotation>
    <mention id="CHEBI_2015_08_26_Instance_210200" />
    <annotator id="CHEBI_2015_08_26_Instance_10000">Mike Bada, University of Colorado Anschutz Medical Campus</annotator>
    <span start="12411" end="12417" />
    <spannedText>marker</spannedText>
  </annotation>
  <annotation>
    <mention id="CHEBI_2015_08_26_Instance_210202" />
    <annotator id="CHEBI_2015_08_26_Instance_10000">Mike Bada, University of Colorado Anschutz Medical Campus</annotator>
    <span start="13195" end="13199" />
    <spannedText>BrdU</spannedText>
  </annotation>
  <annotation>
    <mention id="CHEBI_2015_08_26_Instance_210204" />
    <annotator id="CHEBI_2015_08_26_Instance_10000">Mike Bada, University of Colorado Anschutz Medical Campus</annotator>
    <span start="13497" end="13501" />
    <spannedText>BrdU</spannedText>
  </annotation>
  <annotation>
    <mention id="CHEBI_2015_08_26_Instance_210206" />
    <annotator id="CHEBI_2015_08_26_Instance_10000">Mike Bada, University of Colorado Anschutz Medical Campus</annotator>
    <span start="13572" end="13577" />
    <spannedText>X-gal</spannedText>
  </annotation>
  <annotation>
    <mention id="CHEBI_2015_08_26_Instance_210208" />
    <annotator id="CHEBI_2015_08_26_Instance_10000">Mike Bada, University of Colorado Anschutz Medical Campus</annotator>
    <span start="16543" end="16548" />
    <spannedText>X-gal</spannedText>
  </annotation>
  <annotation>
    <mention id="CHEBI_2015_08_26_Instance_210210" />
    <annotator id="CHEBI_2015_08_26_Instance_10000">Mike Bada, University of Colorado Anschutz Medical Campus</annotator>
    <span start="20231" end="20236" />
    <spannedText>X-gal</spannedText>
  </annotation>
  <annotation>
    <mention id="CHEBI_2015_08_26_Instance_210212" />
    <annotator id="CHEBI_2015_08_26_Instance_10000">Mike Bada, University of Colorado Anschutz Medical Campus</annotator>
    <span start="21788" end="21793" />
    <spannedText>X-gal</spannedText>
  </annotation>
  <annotation>
    <mention id="CHEBI_2015_08_26_Instance_210214" />
    <annotator id="CHEBI_2015_08_26_Instance_10000">Mike Bada, University of Colorado Anschutz Medical Campus</annotator>
    <span start="22445" end="22450" />
    <spannedText>X-gal</spannedText>
  </annotation>
  <annotation>
    <mention id="CHEBI_2015_08_26_Instance_210216" />
    <annotator id="CHEBI_2015_08_26_Instance_10000">Mike Bada, University of Colorado Anschutz Medical Campus</annotator>
    <span start="23154" end="23161" />
    <spannedText>markers</spannedText>
  </annotation>
  <annotation>
    <mention id="CHEBI_2015_08_26_Instance_210220" />
    <annotator id="CHEBI_2015_08_26_Instance_10000">Mike Bada, University of Colorado Anschutz Medical Campus</annotator>
    <span start="23190" end="23204" />
    <spannedText>phosphoprotein</spannedText>
  </annotation>
  <annotation>
    <mention id="CHEBI_2015_08_26_Instance_210222" />
    <annotator id="CHEBI_2015_08_26_Instance_10000">Mike Bada, University of Colorado Anschutz Medical Campus</annotator>
    <span start="24124" end="24129" />
    <spannedText>X-gal</spannedText>
  </annotation>
  <annotation>
    <mention id="CHEBI_2015_08_26_Instance_210224" />
    <annotator id="CHEBI_2015_08_26_Instance_10000">Mike Bada, University of Colorado Anschutz Medical Campus</annotator>
    <span start="24392" end="24397" />
    <spannedText>X-gal</spannedText>
  </annotation>
  <annotation>
    <mention id="CHEBI_2015_08_26_Instance_210226" />
    <annotator id="CHEBI_2015_08_26_Instance_10000">Mike Bada, University of Colorado Anschutz Medical Campus</annotator>
    <span start="24434" end="24439" />
    <spannedText>X-gal</spannedText>
  </annotation>
  <annotation>
    <mention id="CHEBI_2015_08_26_Instance_210228" />
    <annotator id="CHEBI_2015_08_26_Instance_10000">Mike Bada, University of Colorado Anschutz Medical Campus</annotator>
    <span start="24624" end="24629" />
    <spannedText>X-gal</spannedText>
  </annotation>
  <annotation>
    <mention id="CHEBI_2015_08_26_Instance_210230" />
    <annotator id="CHEBI_2015_08_26_Instance_10000">Mike Bada, University of Colorado Anschutz Medical Campus</annotator>
    <span start="24755" end="24760" />
    <spannedText>X-gal</spannedText>
  </annotation>
  <annotation>
    <mention id="CHEBI_2015_08_26_Instance_210232" />
    <annotator id="CHEBI_2015_08_26_Instance_10000">Mike Bada, University of Colorado Anschutz Medical Campus</annotator>
    <span start="25944" end="25950" />
    <spannedText>marker</spannedText>
  </annotation>
  <annotation>
    <mention id="CHEBI_2015_08_26_Instance_210234" />
    <annotator id="CHEBI_2015_08_26_Instance_10000">Mike Bada, University of Colorado Anschutz Medical Campus</annotator>
    <span start="26796" end="26801" />
    <spannedText>X-gal</spannedText>
  </annotation>
  <annotation>
    <mention id="CHEBI_2015_08_26_Instance_210236" />
    <annotator id="CHEBI_2015_08_26_Instance_10000">Mike Bada, University of Colorado Anschutz Medical Campus</annotator>
    <span start="28527" end="28534" />
    <spannedText>markers</spannedText>
  </annotation>
  <annotation>
    <mention id="CHEBI_2015_08_26_Instance_210238" />
    <annotator id="CHEBI_2015_08_26_Instance_10000">Mike Bada, University of Colorado Anschutz Medical Campus</annotator>
    <span start="30425" end="30428" />
    <spannedText>DNA</spannedText>
  </annotation>
  <annotation>
    <mention id="CHEBI_2015_08_26_Instance_210242" />
    <annotator id="CHEBI_2015_08_26_Instance_10000">Mike Bada, University of Colorado Anschutz Medical Campus</annotator>
    <span start="32395" end="32399" />
    <spannedText>BrdU</spannedText>
  </annotation>
  <annotation>
    <mention id="CHEBI_2015_08_26_Instance_210244" />
    <annotator id="CHEBI_2015_08_26_Instance_10000">Mike Bada, University of Colorado Anschutz Medical Campus</annotator>
    <span start="32436" end="32442" />
    <spannedText>marker</spannedText>
  </annotation>
  <annotation>
    <mention id="CHEBI_2015_08_26_Instance_210246" />
    <annotator id="CHEBI_2015_08_26_Instance_10000">Mike Bada, University of Colorado Anschutz Medical Campus</annotator>
    <span start="32590" end="32595" />
    <spannedText>X-gal</spannedText>
  </annotation>
  <annotation>
    <mention id="CHEBI_2015_08_26_Instance_210248" />
    <annotator id="CHEBI_2015_08_26_Instance_10000">Mike Bada, University of Colorado Anschutz Medical Campus</annotator>
    <span start="32634" end="32638" />
    <spannedText>BrdU</spannedText>
  </annotation>
  <annotation>
    <mention id="CHEBI_2015_08_26_Instance_210250" />
    <annotator id="CHEBI_2015_08_26_Instance_10000">Mike Bada, University of Colorado Anschutz Medical Campus</annotator>
    <span start="32872" end="32878" />
    <spannedText>marker</spannedText>
  </annotation>
  <annotation>
    <mention id="CHEBI_2015_08_26_Instance_210252" />
    <annotator id="CHEBI_2015_08_26_Instance_10000">Mike Bada, University of Colorado Anschutz Medical Campus</annotator>
    <span start="36156" end="36167" />
    <spannedText>amino acids</spannedText>
  </annotation>
  <annotation>
    <mention id="CHEBI_2015_08_26_Instance_210254" />
    <annotator id="CHEBI_2015_08_26_Instance_10000">Mike Bada, University of Colorado Anschutz Medical Campus</annotator>
    <span start="36223" end="36234" />
    <spannedText>amino acids</spannedText>
  </annotation>
  <annotation>
    <mention id="CHEBI_2015_08_26_Instance_210256" />
    <annotator id="CHEBI_2015_08_26_Instance_10000">Mike Bada, University of Colorado Anschutz Medical Campus</annotator>
    <span start="36426" end="36437" />
    <spannedText>gancyclovir</spannedText>
  </annotation>
  <annotation>
    <mention id="CHEBI_2015_08_26_Instance_210258" />
    <annotator id="CHEBI_2015_08_26_Instance_10000">Mike Bada, University of Colorado Anschutz Medical Campus</annotator>
    <span start="36520" end="36527" />
    <spannedText>markers</spannedText>
  </annotation>
  <annotation>
    <mention id="CHEBI_2015_08_26_Instance_210260" />
    <annotator id="CHEBI_2015_08_26_Instance_10000">Mike Bada, University of Colorado Anschutz Medical Campus</annotator>
    <span start="36778" end="36783" />
    <spannedText>probe</spannedText>
  </annotation>
  <annotation>
    <mention id="CHEBI_2015_08_26_Instance_210262" />
    <annotator id="CHEBI_2015_08_26_Instance_10000">Mike Bada, University of Colorado Anschutz Medical Campus</annotator>
    <span start="36767" end="36768" />
    <spannedText>b</spannedText>
  </annotation>
  <annotation>
    <mention id="CHEBI_2015_08_26_Instance_210264" />
    <annotator id="CHEBI_2015_08_26_Instance_10000">Mike Bada, University of Colorado Anschutz Medical Campus</annotator>
    <span start="36673" end="36677" />
    <spannedText>G418</spannedText>
  </annotation>
  <annotation>
    <mention id="CHEBI_2015_08_26_Instance_210266" />
    <annotator id="CHEBI_2015_08_26_Instance_10000">Mike Bada, University of Colorado Anschutz Medical Campus</annotator>
    <span start="37255" end="37256" />
    <spannedText>b</spannedText>
  </annotation>
  <annotation>
    <mention id="CHEBI_2015_08_26_Instance_210268" />
    <annotator id="CHEBI_2015_08_26_Instance_10000">Mike Bada, University of Colorado Anschutz Medical Campus</annotator>
    <span start="37380" end="37381" />
    <spannedText>A</spannedText>
  </annotation>
  <annotation>
    <mention id="CHEBI_2015_08_26_Instance_210270" />
    <annotator id="CHEBI_2015_08_26_Instance_10000">Mike Bada, University of Colorado Anschutz Medical Campus</annotator>
    <span start="38238" end="38243" />
    <spannedText>X-gal</spannedText>
  </annotation>
  <annotation>
    <mention id="CHEBI_2015_08_26_Instance_210272" />
    <annotator id="CHEBI_2015_08_26_Instance_10000">Mike Bada, University of Colorado Anschutz Medical Campus</annotator>
    <span start="38412" end="38416" />
    <spannedText>mRNA</spannedText>
  </annotation>
  <annotation>
    <mention id="CHEBI_2015_08_26_Instance_210274" />
    <annotator id="CHEBI_2015_08_26_Instance_10000">Mike Bada, University of Colorado Anschutz Medical Campus</annotator>
    <span start="38486" end="38492" />
    <spannedText>probes</spannedText>
  </annotation>
  <annotation>
    <mention id="CHEBI_2015_08_26_Instance_210276" />
    <annotator id="CHEBI_2015_08_26_Instance_10000">Mike Bada, University of Colorado Anschutz Medical Campus</annotator>
    <span start="38606" end="38612" />
    <spannedText>probes</spannedText>
  </annotation>
  <annotation>
    <mention id="CHEBI_2015_08_26_Instance_210278" />
    <annotator id="CHEBI_2015_08_26_Instance_10000">Mike Bada, University of Colorado Anschutz Medical Campus</annotator>
    <span start="38641" end="38643" />
    <spannedText>nt</spannedText>
  </annotation>
  <annotation>
    <mention id="CHEBI_2015_08_26_Instance_210280" />
    <annotator id="CHEBI_2015_08_26_Instance_10000">Mike Bada, University of Colorado Anschutz Medical Campus</annotator>
    <span start="38664" end="38666" />
    <spannedText>nt</spannedText>
  </annotation>
  <annotation>
    <mention id="CHEBI_2015_08_26_Instance_210282" />
    <annotator id="CHEBI_2015_08_26_Instance_10000">Mike Bada, University of Colorado Anschutz Medical Campus</annotator>
    <span start="38825" end="38840" />
    <spannedText>oligonucleotide</spannedText>
  </annotation>
  <annotation>
    <mention id="CHEBI_2015_08_26_Instance_210284" />
    <annotator id="CHEBI_2015_08_26_Instance_10000">Mike Bada, University of Colorado Anschutz Medical Campus</annotator>
    <span start="38848" end="38863" />
    <spannedText>oligonucleotide</spannedText>
  </annotation>
  <annotation>
    <mention id="CHEBI_2015_08_26_Instance_210286" />
    <annotator id="CHEBI_2015_08_26_Instance_10000">Mike Bada, University of Colorado Anschutz Medical Campus</annotator>
    <span start="38969" end="38974" />
    <spannedText>probe</spannedText>
  </annotation>
  <annotation>
    <mention id="CHEBI_2015_08_26_Instance_210288" />
    <annotator id="CHEBI_2015_08_26_Instance_10000">Mike Bada, University of Colorado Anschutz Medical Campus</annotator>
    <span start="39042" end="39046" />
    <spannedText>BrdU</spannedText>
  </annotation>
  <annotation>
    <mention id="CHEBI_2015_08_26_Instance_210290" />
    <annotator id="CHEBI_2015_08_26_Instance_10000">Mike Bada, University of Colorado Anschutz Medical Campus</annotator>
    <span start="39068" end="39076" />
    <spannedText>solution</spannedText>
  </annotation>
  <annotation>
    <mention id="CHEBI_2015_08_26_Instance_210292" />
    <annotator id="CHEBI_2015_08_26_Instance_10000">Mike Bada, University of Colorado Anschutz Medical Campus</annotator>
    <span start="39080" end="39084" />
    <spannedText>BrdU</spannedText>
  </annotation>
  <annotation>
    <mention id="CHEBI_2015_08_26_Instance_210294" />
    <annotator id="CHEBI_2015_08_26_Instance_10000">Mike Bada, University of Colorado Anschutz Medical Campus</annotator>
    <span start="39166" end="39174" />
    <spannedText>solution</spannedText>
  </annotation>
  <annotation>
    <mention id="CHEBI_2015_08_26_Instance_210296" />
    <annotator id="CHEBI_2015_08_26_Instance_10000">Mike Bada, University of Colorado Anschutz Medical Campus</annotator>
    <span start="39441" end="39444" />
    <spannedText>PFA</spannedText>
  </annotation>
  <annotation>
    <mention id="CHEBI_2015_08_26_Instance_210298" />
    <annotator id="CHEBI_2015_08_26_Instance_10000">Mike Bada, University of Colorado Anschutz Medical Campus</annotator>
    <span start="39492" end="39495" />
    <spannedText>wax</spannedText>
  </annotation>
  <annotation>
    <mention id="CHEBI_2015_08_26_Instance_210300" />
    <annotator id="CHEBI_2015_08_26_Instance_10000">Mike Bada, University of Colorado Anschutz Medical Campus</annotator>
    <span start="40160" end="40163" />
    <spannedText>PFA</spannedText>
  </annotation>
  <annotation>
    <mention id="CHEBI_2015_08_26_Instance_210302" />
    <annotator id="CHEBI_2015_08_26_Instance_10000">Mike Bada, University of Colorado Anschutz Medical Campus</annotator>
    <span start="40484" end="40496" />
    <spannedText>Triton X-100</spannedText>
  </annotation>
  <annotation>
    <mention id="CHEBI_2015_08_26_Instance_210304" />
    <annotator id="CHEBI_2015_08_26_Instance_10000">Mike Bada, University of Colorado Anschutz Medical Campus</annotator>
    <span start="40738" end="40746" />
    <spannedText>solution</spannedText>
  </annotation>
  <annotation>
    <mention id="CHEBI_2015_08_26_Instance_210306" />
    <annotator id="CHEBI_2015_08_26_Instance_10000">Mike Bada, University of Colorado Anschutz Medical Campus</annotator>
    <span start="40884" end="40892" />
    <spannedText>Alexa568</spannedText>
  </annotation>
  <annotation>
    <mention id="CHEBI_2015_08_26_Instance_210310" />
    <annotator id="CHEBI_2015_08_26_Instance_10000">Mike Bada, University of Colorado Anschutz Medical Campus</annotator>
    <span start="40937" end="40943" />
    <spannedText>Probes</spannedText>
  </annotation>
  <annotation>
    <mention id="CHEBI_2015_08_26_Instance_210312" />
    <annotator id="CHEBI_2015_08_26_Instance_10000">Mike Bada, University of Colorado Anschutz Medical Campus</annotator>
    <span start="41244" end="41256" />
    <spannedText>Triton X-100</spannedText>
  </annotation>
  <annotation>
    <mention id="CHEBI_2015_08_26_Instance_210314" />
    <annotator id="CHEBI_2015_08_26_Instance_10000">Mike Bada, University of Colorado Anschutz Medical Campus</annotator>
    <span start="41306" end="41314" />
    <spannedText>Alexa488</spannedText>
  </annotation>
  <annotation>
    <mention id="CHEBI_2015_08_26_Instance_210318" />
    <annotator id="CHEBI_2015_08_26_Instance_10000">Mike Bada, University of Colorado Anschutz Medical Campus</annotator>
    <span start="41359" end="41365" />
    <spannedText>Probes</spannedText>
  </annotation>
  <annotation>
    <mention id="CHEBI_2015_08_26_Instance_210320" />
    <annotator id="CHEBI_2015_08_26_Instance_10000">Mike Bada, University of Colorado Anschutz Medical Campus</annotator>
    <span start="42241" end="42245" />
    <spannedText>DAPI</spannedText>
  </annotation>
  <annotation>
    <mention id="CHEBI_2015_08_26_Instance_210322" />
    <annotator id="CHEBI_2015_08_26_Instance_10000">Mike Bada, University of Colorado Anschutz Medical Campus</annotator>
    <span start="43774" end="43780" />
    <spannedText>marker</spannedText>
  </annotation>
  <annotation>
    <mention id="CHEBI_2015_08_26_Instance_210326" />
    <annotator id="CHEBI_2015_08_26_Instance_10000">Mike Bada, University of Colorado Anschutz Medical Campus</annotator>
    <span start="44174" end="44178" />
    <spannedText>TOTO</spannedText>
  </annotation>
  <annotation>
    <mention id="CHEBI_2015_08_26_Instance_210328" />
    <annotator id="CHEBI_2015_08_26_Instance_10000">Mike Bada, University of Colorado Anschutz Medical Campus</annotator>
    <span start="44477" end="44481" />
    <spannedText>BrdU</spannedText>
  </annotation>
  <annotation>
    <mention id="CHEBI_2015_08_26_Instance_210330" />
    <annotator id="CHEBI_2015_08_26_Instance_10000">Mike Bada, University of Colorado Anschutz Medical Campus</annotator>
    <span start="45014" end="45018" />
    <spannedText>BrdU</spannedText>
  </annotation>
  <annotation>
    <mention id="CHEBI_2015_08_26_Instance_210332" />
    <annotator id="CHEBI_2015_08_26_Instance_10000">Mike Bada, University of Colorado Anschutz Medical Campus</annotator>
    <span start="45124" end="45135" />
    <spannedText>hematoxylin</spannedText>
  </annotation>
  <annotation>
    <mention id="CHEBI_2015_08_26_Instance_210334" />
    <annotator id="CHEBI_2015_08_26_Instance_10000">Mike Bada, University of Colorado Anschutz Medical Campus</annotator>
    <span start="45168" end="45172" />
    <spannedText>BrdU</spannedText>
  </annotation>
  <annotation>
    <mention id="CHEBI_2015_08_26_Instance_210336" />
    <annotator id="CHEBI_2015_08_26_Instance_10000">Mike Bada, University of Colorado Anschutz Medical Campus</annotator>
    <span start="46398" end="46402" />
    <spannedText>BrdU</spannedText>
  </annotation>
  <annotation>
    <mention id="CHEBI_2015_08_26_Instance_210338" />
    <annotator id="CHEBI_2015_08_26_Instance_10000">Mike Bada, University of Colorado Anschutz Medical Campus</annotator>
    <span start="46405" end="46428" />
    <spannedText>5-bromo-2′-deoxyuridine</spannedText>
  </annotation>
  <annotation>
    <mention id="CHEBI_2015_08_26_Instance_210340" />
    <annotator id="CHEBI_2015_08_26_Instance_10000">Mike Bada, University of Colorado Anschutz Medical Campus</annotator>
    <span start="46499" end="46513" />
    <spannedText>phosphoprotein</spannedText>
  </annotation>
  <annotation>
    <mention id="CHEBI_2015_08_26_Instance_210342" />
    <annotator id="CHEBI_2015_08_26_Instance_10000">Mike Bada, University of Colorado Anschutz Medical Campus</annotator>
    <span start="47043" end="47050" />
    <spannedText>enzymes</spannedText>
  </annotation>
  <annotation>
    <mention id="CHEBI_2015_08_26_Instance_210344" />
    <annotator id="CHEBI_2015_08_26_Instance_10000">Mike Bada, University of Colorado Anschutz Medical Campus</annotator>
    <span start="47235" end="47238" />
    <spannedText>DNA</spannedText>
  </annotation>
  <annotation>
    <mention id="CHEBI_2015_08_26_Instance_210346" />
    <annotator id="CHEBI_2015_08_26_Instance_10000">Mike Bada, University of Colorado Anschutz Medical Campus</annotator>
    <span start="47269" end="47274" />
    <spannedText>probe</spannedText>
  </annotation>
  <annotation>
    <mention id="CHEBI_2015_08_26_Instance_210348" />
    <annotator id="CHEBI_2015_08_26_Instance_10000">Mike Bada, University of Colorado Anschutz Medical Campus</annotator>
    <span start="47314" end="47319" />
    <spannedText>X-gal</spannedText>
  </annotation>
  <annotation>
    <mention id="CHEBI_2015_08_26_Instance_210350" />
    <annotator id="CHEBI_2015_08_26_Instance_10000">Mike Bada, University of Colorado Anschutz Medical Campus</annotator>
    <span start="47410" end="47415" />
    <spannedText>X-gal</spannedText>
  </annotation>
  <annotation>
    <mention id="CHEBI_2015_08_26_Instance_210352" />
    <annotator id="CHEBI_2015_08_26_Instance_10000">Mike Bada, University of Colorado Anschutz Medical Campus</annotator>
    <span start="47707" end="47712" />
    <spannedText>X-gal</spannedText>
  </annotation>
  <annotation>
    <mention id="CHEBI_2015_08_26_Instance_210354" />
    <annotator id="CHEBI_2015_08_26_Instance_10000">Mike Bada, University of Colorado Anschutz Medical Campus</annotator>
    <span start="48002" end="48007" />
    <spannedText>X-gal</spannedText>
  </annotation>
  <annotation>
    <mention id="CHEBI_2015_08_26_Instance_210356" />
    <annotator id="CHEBI_2015_08_26_Instance_10000">Mike Bada, University of Colorado Anschutz Medical Campus</annotator>
    <span start="48210" end="48215" />
    <spannedText>X-gal</spannedText>
  </annotation>
  <annotation>
    <mention id="CHEBI_2015_08_26_Instance_210358" />
    <annotator id="CHEBI_2015_08_26_Instance_10000">Mike Bada, University of Colorado Anschutz Medical Campus</annotator>
    <span start="48512" end="48517" />
    <spannedText>X-gal</spannedText>
  </annotation>
  <annotation>
    <mention id="CHEBI_2015_08_26_Instance_210360" />
    <annotator id="CHEBI_2015_08_26_Instance_10000">Mike Bada, University of Colorado Anschutz Medical Campus</annotator>
    <span start="49608" end="49612" />
    <spannedText>BrdU</spannedText>
  </annotation>
  <annotation>
    <mention id="CHEBI_2015_08_26_Instance_210362" />
    <annotator id="CHEBI_2015_08_26_Instance_10000">Mike Bada, University of Colorado Anschutz Medical Campus</annotator>
    <span start="49764" end="49768" />
    <spannedText>BrdU</spannedText>
  </annotation>
  <annotation>
    <mention id="CHEBI_2015_08_26_Instance_210364" />
    <annotator id="CHEBI_2015_08_26_Instance_10000">Mike Bada, University of Colorado Anschutz Medical Campus</annotator>
    <span start="50070" end="50074" />
    <spannedText>BrdU</spannedText>
  </annotation>
  <annotation>
    <mention id="CHEBI_2015_08_26_Instance_210366" />
    <annotator id="CHEBI_2015_08_26_Instance_10000">Mike Bada, University of Colorado Anschutz Medical Campus</annotator>
    <span start="50354" end="50358" />
    <spannedText>BrdU</spannedText>
  </annotation>
  <annotation>
    <mention id="CHEBI_2015_08_26_Instance_210368" />
    <annotator id="CHEBI_2015_08_26_Instance_10000">Mike Bada, University of Colorado Anschutz Medical Campus</annotator>
    <span start="50543" end="50547" />
    <spannedText>BrdU</spannedText>
  </annotation>
  <annotation>
    <mention id="CHEBI_2015_08_26_Instance_210370" />
    <annotator id="CHEBI_2015_08_26_Instance_10000">Mike Bada, University of Colorado Anschutz Medical Campus</annotator>
    <span start="50663" end="50667" />
    <spannedText>BrdU</spannedText>
  </annotation>
  <annotation>
    <mention id="CHEBI_2015_08_26_Instance_210372" />
    <annotator id="CHEBI_2015_08_26_Instance_10000">Mike Bada, University of Colorado Anschutz Medical Campus</annotator>
    <span start="51437" end="51444" />
    <spannedText>markers</spannedText>
  </annotation>
  <annotation>
    <mention id="CHEBI_2015_08_26_Instance_210374" />
    <annotator id="CHEBI_2015_08_26_Instance_10000">Mike Bada, University of Colorado Anschutz Medical Campus</annotator>
    <span start="53148" end="53155" />
    <spannedText>enzymes</spannedText>
  </annotation>
  <annotation>
    <mention id="CHEBI_2015_08_26_Instance_210376" />
    <annotator id="CHEBI_2015_08_26_Instance_10000">Mike Bada, University of Colorado Anschutz Medical Campus</annotator>
    <span start="53410" end="53415" />
    <spannedText>probe</spannedText>
  </annotation>
  <annotation>
    <mention id="CHEBI_2015_08_26_Instance_210378" />
    <annotator id="CHEBI_2015_08_26_Instance_10000">Mike Bada, University of Colorado Anschutz Medical Campus</annotator>
    <span start="53376" end="53379" />
    <spannedText>DNA</spannedText>
  </annotation>
  <annotation>
    <mention id="CHEBI_2015_08_26_Instance_210380" />
    <annotator id="CHEBI_2015_08_26_Instance_10000">Mike Bada, University of Colorado Anschutz Medical Campus</annotator>
    <span start="53868" end="53873" />
    <spannedText>X-gal</spannedText>
  </annotation>
  <annotation>
    <mention id="CHEBI_2015_08_26_Instance_210382" />
    <annotator id="CHEBI_2015_08_26_Instance_10000">Mike Bada, University of Colorado Anschutz Medical Campus</annotator>
    <span start="54678" end="54683" />
    <spannedText>X-gal</spannedText>
  </annotation>
  <annotation>
    <mention id="CHEBI_2015_08_26_Instance_210384" />
    <annotator id="CHEBI_2015_08_26_Instance_10000">Mike Bada, University of Colorado Anschutz Medical Campus</annotator>
    <span start="54960" end="54965" />
    <spannedText>X-gal</spannedText>
  </annotation>
  <annotation>
    <mention id="CHEBI_2015_08_26_Instance_210386" />
    <annotator id="CHEBI_2015_08_26_Instance_10000">Mike Bada, University of Colorado Anschutz Medical Campus</annotator>
    <span start="55210" end="55215" />
    <spannedText>X-gal</spannedText>
  </annotation>
  <annotation>
    <mention id="CHEBI_2015_08_26_Instance_210388" />
    <annotator id="CHEBI_2015_08_26_Instance_10000">Mike Bada, University of Colorado Anschutz Medical Campus</annotator>
    <span start="56065" end="56070" />
    <spannedText>X-gal</spannedText>
  </annotation>
  <annotation>
    <mention id="CHEBI_2015_08_26_Instance_21299" />
    <annotator id="CHEBI_2015_08_26_Instance_10000">Mike Bada, University of Colorado Anschutz Medical Campus</annotator>
    <span start="3577" end="3582" />
    <spannedText>basic</spannedText>
  </annotation>
  <annotation>
    <mention id="CHEBI_2015_08_26_Instance_21301" />
    <annotator id="CHEBI_2015_08_26_Instance_10000">Mike Bada, University of Colorado Anschutz Medical Campus</annotator>
    <span start="46374" end="46379" />
    <spannedText>basic</spannedText>
  </annotation>
  <annotation>
    <mention id="CHEBI_2015_08_26_Instance_22429" />
    <annotator id="CHEBI_2015_08_26_Instance_10000">Mike Bada, University of Colorado Anschutz Medical Campus</annotator>
    <span start="56623" end="56631" />
    <spannedText>reagents</spannedText>
  </annotation>
  <annotation>
    <mention id="CHEBI_2015_08_26_Instance_22435" />
    <annotator id="CHEBI_2015_08_26_Instance_10000">Mike Bada, University of Colorado Anschutz Medical Campus</annotator>
    <span start="23162" end="23170" />
    <spannedText>dopamine</spannedText>
  </annotation>
  <annotation>
    <mention id="CHEBI_2015_08_26_Instance_22437" />
    <annotator id="CHEBI_2015_08_26_Instance_10000">Mike Bada, University of Colorado Anschutz Medical Campus</annotator>
    <span start="46471" end="46479" />
    <spannedText>dopamine</spannedText>
  </annotation>
  <annotation>
    <mention id="CHEBI_2015_08_26_Instance_22443" />
    <annotator id="CHEBI_2015_08_26_Instance_10000">Mike Bada, University of Colorado Anschutz Medical Campus</annotator>
    <span start="40307" end="40314" />
    <spannedText>sucrose</spannedText>
  </annotation>
  <annotation>
    <mention id="CHEBI_2015_08_26_Instance_22445" />
    <annotator id="CHEBI_2015_08_26_Instance_10000">Mike Bada, University of Colorado Anschutz Medical Campus</annotator>
    <span start="40696" end="40700" />
    <spannedText>FITC</spannedText>
  </annotation>
  <annotation>
    <mention id="CHEBI_2015_08_26_Instance_25025" />
    <annotator id="CHEBI_2015_08_26_Instance_10000">Mike Bada, University of Colorado Anschutz Medical Campus</annotator>
    <span start="23175" end="23179" />
    <spannedText>cAMP</spannedText>
  </annotation>
  <annotation>
    <mention id="CHEBI_2015_08_26_Instance_25027" />
    <annotator id="CHEBI_2015_08_26_Instance_10000">Mike Bada, University of Colorado Anschutz Medical Campus</annotator>
    <span start="46484" end="46488" />
    <spannedText>cAMP</spannedText>
  </annotation>
  <annotation>
    <mention id="CHEBI_2015_08_26_Instance_301808" />
    <annotator id="CHEBI_2015_08_26_Instance_10000">Mike Bada, University of Colorado Anschutz Medical Campus</annotator>
    <span start="4182" end="4190" />
    <spannedText>proteins</spannedText>
  </annotation>
  <annotation>
    <mention id="CHEBI_2015_08_26_Instance_301810" />
    <annotator id="CHEBI_2015_08_26_Instance_10000">Mike Bada, University of Colorado Anschutz Medical Campus</annotator>
    <span start="4696" end="4704" />
    <spannedText>proteins</spannedText>
  </annotation>
  <annotation>
    <mention id="CHEBI_2015_08_26_Instance_301812" />
    <annotator id="CHEBI_2015_08_26_Instance_10000">Mike Bada, University of Colorado Anschutz Medical Campus</annotator>
    <span start="7080" end="7087" />
    <spannedText>protein</spannedText>
  </annotation>
  <annotation>
    <mention id="CHEBI_2015_08_26_Instance_301814" />
    <annotator id="CHEBI_2015_08_26_Instance_10000">Mike Bada, University of Colorado Anschutz Medical Campus</annotator>
    <span start="15604" end="15612" />
    <spannedText>proteins</spannedText>
  </annotation>
  <annotation>
    <mention id="CHEBI_2015_08_26_Instance_301816" />
    <annotator id="CHEBI_2015_08_26_Instance_10000">Mike Bada, University of Colorado Anschutz Medical Campus</annotator>
    <span start="20366" end="20373" />
    <spannedText>protein</spannedText>
  </annotation>
  <annotation>
    <mention id="CHEBI_2015_08_26_Instance_301818" />
    <annotator id="CHEBI_2015_08_26_Instance_10000">Mike Bada, University of Colorado Anschutz Medical Campus</annotator>
    <span start="20461" end="20468" />
    <spannedText>protein</spannedText>
  </annotation>
  <annotation>
    <mention id="CHEBI_2015_08_26_Instance_301820" />
    <annotator id="CHEBI_2015_08_26_Instance_10000">Mike Bada, University of Colorado Anschutz Medical Campus</annotator>
    <span start="21370" end="21378" />
    <spannedText>proteins</spannedText>
  </annotation>
  <annotation>
    <mention id="CHEBI_2015_08_26_Instance_301822" />
    <annotator id="CHEBI_2015_08_26_Instance_10000">Mike Bada, University of Colorado Anschutz Medical Campus</annotator>
    <span start="25091" end="25098" />
    <spannedText>protein</spannedText>
  </annotation>
  <annotation>
    <mention id="CHEBI_2015_08_26_Instance_301824" />
    <annotator id="CHEBI_2015_08_26_Instance_10000">Mike Bada, University of Colorado Anschutz Medical Campus</annotator>
    <span start="25146" end="25153" />
    <spannedText>protein</spannedText>
  </annotation>
  <annotation>
    <mention id="CHEBI_2015_08_26_Instance_301826" />
    <annotator id="CHEBI_2015_08_26_Instance_10000">Mike Bada, University of Colorado Anschutz Medical Campus</annotator>
    <span start="25518" end="25525" />
    <spannedText>protein</spannedText>
  </annotation>
  <annotation>
    <mention id="CHEBI_2015_08_26_Instance_301828" />
    <annotator id="CHEBI_2015_08_26_Instance_10000">Mike Bada, University of Colorado Anschutz Medical Campus</annotator>
    <span start="31497" end="31505" />
    <spannedText>proteins</spannedText>
  </annotation>
  <annotation>
    <mention id="CHEBI_2015_08_26_Instance_301830" />
    <annotator id="CHEBI_2015_08_26_Instance_10000">Mike Bada, University of Colorado Anschutz Medical Campus</annotator>
    <span start="34344" end="34351" />
    <spannedText>protein</spannedText>
  </annotation>
  <annotation>
    <mention id="CHEBI_2015_08_26_Instance_301832" />
    <annotator id="CHEBI_2015_08_26_Instance_10000">Mike Bada, University of Colorado Anschutz Medical Campus</annotator>
    <span start="34532" end="34539" />
    <spannedText>protein</spannedText>
  </annotation>
  <annotation>
    <mention id="CHEBI_2015_08_26_Instance_301834" />
    <annotator id="CHEBI_2015_08_26_Instance_10000">Mike Bada, University of Colorado Anschutz Medical Campus</annotator>
    <span start="34624" end="34631" />
    <spannedText>protein</spannedText>
  </annotation>
  <annotation>
    <mention id="CHEBI_2015_08_26_Instance_301836" />
    <annotator id="CHEBI_2015_08_26_Instance_10000">Mike Bada, University of Colorado Anschutz Medical Campus</annotator>
    <span start="36121" end="36128" />
    <spannedText>protein</spannedText>
  </annotation>
  <annotation>
    <mention id="CHEBI_2015_08_26_Instance_301838" />
    <annotator id="CHEBI_2015_08_26_Instance_10000">Mike Bada, University of Colorado Anschutz Medical Campus</annotator>
    <span start="42134" end="42141" />
    <spannedText>protein</spannedText>
  </annotation>
  <annotation>
    <mention id="CHEBI_2015_08_26_Instance_301840" />
    <annotator id="CHEBI_2015_08_26_Instance_10000">Mike Bada, University of Colorado Anschutz Medical Campus</annotator>
    <span start="43908" end="43916" />
    <spannedText>Proteins</spannedText>
  </annotation>
  <annotation>
    <mention id="CHEBI_2015_08_26_Instance_330154" />
    <annotator id="CHEBI_2015_08_26_Instance_10000">Mike Bada, University of Colorado Anschutz Medical Campus</annotator>
    <span start="121" end="130" />
    <spannedText>molecular</spannedText>
  </annotation>
  <annotation>
    <mention id="CHEBI_2015_08_26_Instance_330156" />
    <annotator id="CHEBI_2015_08_26_Instance_10000">Mike Bada, University of Colorado Anschutz Medical Campus</annotator>
    <span start="3186" end="3195" />
    <spannedText>molecular</spannedText>
  </annotation>
  <annotation>
    <mention id="CHEBI_2015_08_26_Instance_330158" />
    <annotator id="CHEBI_2015_08_26_Instance_10000">Mike Bada, University of Colorado Anschutz Medical Campus</annotator>
    <span start="40927" end="40936" />
    <spannedText>Molecular</spannedText>
  </annotation>
  <annotation>
    <mention id="CHEBI_2015_08_26_Instance_330160" />
    <annotator id="CHEBI_2015_08_26_Instance_10000">Mike Bada, University of Colorado Anschutz Medical Campus</annotator>
    <span start="41349" end="41358" />
    <spannedText>Molecular</spannedText>
  </annotation>
  <annotation>
    <mention id="CHEBI_2015_08_26_Instance_330798" />
    <annotator id="CHEBI_2015_08_26_Instance_10000">Mike Bada, University of Colorado Anschutz Medical Campus</annotator>
    <span start="40585" end="40593" />
    <spannedText>solution</spannedText>
  </annotation>
  <annotation>
    <mention id="CHEBI_2015_08_26_Instance_330800" />
    <annotator id="CHEBI_2015_08_26_Instance_10000">Mike Bada, University of Colorado Anschutz Medical Campus</annotator>
    <span start="41227" end="41235" />
    <spannedText>solution</spannedText>
  </annotation>
  <annotation>
    <mention id="CHEBI_2015_08_26_Instance_331354" />
    <annotator id="CHEBI_2015_08_26_Instance_10000">Mike Bada, University of Colorado Anschutz Medical Campus</annotator>
    <span start="7815" end="7820" />
    <spannedText>X-gal</spannedText>
  </annotation>
  <annotation>
    <mention id="CHEBI_2015_08_26_Instance_331576" />
    <annotator id="CHEBI_2015_08_26_Instance_10000">Mike Bada, University of Colorado Anschutz Medical Campus</annotator>
    <span start="12304" end="12308" />
    <spannedText>BrdU</spannedText>
  </annotation>
  <annotation>
    <mention id="CHEBI_2015_08_26_Instance_331578" />
    <annotator id="CHEBI_2015_08_26_Instance_10000">Mike Bada, University of Colorado Anschutz Medical Campus</annotator>
    <span start="12892" end="12896" />
    <spannedText>BrdU</spannedText>
  </annotation>
  <annotation>
    <mention id="CHEBI_2015_08_26_Instance_340192" />
    <annotator id="CHEBI_2015_08_26_Instance_10000">Mike Bada, University of Colorado Anschutz Medical Campus</annotator>
    <span start="19226" end="19230" />
    <spannedText>TOTO</spannedText>
  </annotation>
  <annotation>
    <mention id="CHEBI_2015_08_26_Instance_370098" />
    <annotator id="CHEBI_2015_08_26_Instance_10000">Mike Bada, University of Colorado Anschutz Medical Campus</annotator>
    <span start="56709" end="56716" />
    <spannedText>Biology</spannedText>
  </annotation>
  <annotation>
    <mention id="CHEBI_2015_08_26_Instance_380546" />
    <annotator id="CHEBI_2015_08_26_Instance_10000">Mike Bada, University of Colorado Anschutz Medical Campus</annotator>
    <span start="11439" end="11444" />
    <spannedText>label</spannedText>
  </annotation>
  <annotation>
    <mention id="CHEBI_2015_08_26_Instance_380548" />
    <annotator id="CHEBI_2015_08_26_Instance_10000">Mike Bada, University of Colorado Anschutz Medical Campus</annotator>
    <span start="12506" end="12514" />
    <spannedText>Labeling</spannedText>
  </annotation>
  <annotation>
    <mention id="CHEBI_2015_08_26_Instance_380550" />
    <annotator id="CHEBI_2015_08_26_Instance_10000">Mike Bada, University of Colorado Anschutz Medical Campus</annotator>
    <span start="13182" end="13189" />
    <spannedText>labeled</spannedText>
  </annotation>
  <annotation>
    <mention id="CHEBI_2015_08_26_Instance_380552" />
    <annotator id="CHEBI_2015_08_26_Instance_10000">Mike Bada, University of Colorado Anschutz Medical Campus</annotator>
    <span start="13327" end="13334" />
    <spannedText>labeled</spannedText>
  </annotation>
  <annotation>
    <mention id="CHEBI_2015_08_26_Instance_380554" />
    <annotator id="CHEBI_2015_08_26_Instance_10000">Mike Bada, University of Colorado Anschutz Medical Campus</annotator>
    <span start="13502" end="13509" />
    <spannedText>labeled</spannedText>
  </annotation>
  <annotation>
    <mention id="CHEBI_2015_08_26_Instance_380556" />
    <annotator id="CHEBI_2015_08_26_Instance_10000">Mike Bada, University of Colorado Anschutz Medical Campus</annotator>
    <span start="32400" end="32408" />
    <spannedText>labeling</spannedText>
  </annotation>
  <annotation>
    <mention id="CHEBI_2015_08_26_Instance_380558" />
    <annotator id="CHEBI_2015_08_26_Instance_10000">Mike Bada, University of Colorado Anschutz Medical Campus</annotator>
    <span start="32639" end="32646" />
    <spannedText>labeled</spannedText>
  </annotation>
  <annotation>
    <mention id="CHEBI_2015_08_26_Instance_380560" />
    <annotator id="CHEBI_2015_08_26_Instance_10000">Mike Bada, University of Colorado Anschutz Medical Campus</annotator>
    <span start="39047" end="39055" />
    <spannedText>labeling</spannedText>
  </annotation>
  <annotation>
    <mention id="CHEBI_2015_08_26_Instance_380562" />
    <annotator id="CHEBI_2015_08_26_Instance_10000">Mike Bada, University of Colorado Anschutz Medical Campus</annotator>
    <span start="40711" end="40718" />
    <spannedText>labeled</spannedText>
  </annotation>
  <annotation>
    <mention id="CHEBI_2015_08_26_Instance_380564" />
    <annotator id="CHEBI_2015_08_26_Instance_10000">Mike Bada, University of Colorado Anschutz Medical Campus</annotator>
    <span start="41003" end="41010" />
    <spannedText>labeled</spannedText>
  </annotation>
  <annotation>
    <mention id="CHEBI_2015_08_26_Instance_380566" />
    <annotator id="CHEBI_2015_08_26_Instance_10000">Mike Bada, University of Colorado Anschutz Medical Campus</annotator>
    <span start="41123" end="41130" />
    <spannedText>labeled</spannedText>
  </annotation>
  <annotation>
    <mention id="CHEBI_2015_08_26_Instance_380568" />
    <annotator id="CHEBI_2015_08_26_Instance_10000">Mike Bada, University of Colorado Anschutz Medical Campus</annotator>
    <span start="50359" end="50367" />
    <spannedText>labeling</spannedText>
  </annotation>
  <annotation>
    <mention id="CHEBI_2015_08_26_Instance_380917" />
    <annotator id="CHEBI_2015_08_26_Instance_10000">Mike Bada, University of Colorado Anschutz Medical Campus</annotator>
    <span start="3625" end="3630" />
    <spannedText>marks</spannedText>
  </annotation>
  <annotation>
    <mention id="CHEBI_2015_08_26_Instance_380919" />
    <annotator id="CHEBI_2015_08_26_Instance_10000">Mike Bada, University of Colorado Anschutz Medical Campus</annotator>
    <span start="12335" end="12341" />
    <spannedText>marked</spannedText>
  </annotation>
  <annotation>
    <mention id="CHEBI_2015_08_26_Instance_380921" />
    <annotator id="CHEBI_2015_08_26_Instance_10000">Mike Bada, University of Colorado Anschutz Medical Campus</annotator>
    <span start="14134" end="14138" />
    <spannedText>mark</spannedText>
  </annotation>
  <annotation>
    <mention id="CHEBI_2015_08_26_Instance_380923" />
    <annotator id="CHEBI_2015_08_26_Instance_10000">Mike Bada, University of Colorado Anschutz Medical Campus</annotator>
    <span start="17276" end="17280" />
    <spannedText>mark</spannedText>
  </annotation>
  <annotation>
    <mention id="CHEBI_2015_08_26_Instance_380925" />
    <annotator id="CHEBI_2015_08_26_Instance_10000">Mike Bada, University of Colorado Anschutz Medical Campus</annotator>
    <span start="24023" end="24028" />
    <spannedText>marks</spannedText>
  </annotation>
  <annotation>
    <mention id="CHEBI_2015_08_26_Instance_380927" />
    <annotator id="CHEBI_2015_08_26_Instance_10000">Mike Bada, University of Colorado Anschutz Medical Campus</annotator>
    <span start="28620" end="28625" />
    <spannedText>marks</spannedText>
  </annotation>
  <annotation>
    <mention id="CHEBI_2015_08_26_Instance_430018" />
    <annotator id="CHEBI_2015_08_26_Instance_10000">Mike Bada, University of Colorado Anschutz Medical Campus</annotator>
    <span start="7062" end="7065" />
    <spannedText>neo</spannedText>
  </annotation>
  <annotation>
    <mention id="CHEBI_2015_08_26_Instance_430020" />
    <annotator id="CHEBI_2015_08_26_Instance_10000">Mike Bada, University of Colorado Anschutz Medical Campus</annotator>
    <span start="46837" end="46840" />
    <spannedText>neo</spannedText>
  </annotation>
  <classMention id="CHEBI_2015_08_26_Instance_380552">
    <mentionClass id="CHEBI_SO_EXT:molecular_label_or_mark_or_tag_process">molecular label/mark/tag process</mentionClass>
  </classMention>
  <classMention id="CHEBI_2015_08_26_Instance_380550">
    <mentionClass id="CHEBI_SO_EXT:molecular_label_or_mark_or_tag_process">molecular label/mark/tag process</mentionClass>
  </classMention>
  <classMention id="CHEBI_2015_08_26_Instance_380556">
    <mentionClass id="CHEBI_SO_EXT:molecular_label_or_mark_or_tag_process">molecular label/mark/tag process</mentionClass>
  </classMention>
  <classMention id="CHEBI_2015_08_26_Instance_380554">
    <mentionClass id="CHEBI_SO_EXT:molecular_label_or_mark_or_tag_process">molecular label/mark/tag process</mentionClass>
  </classMention>
  <classMention id="CHEBI_2015_08_26_Instance_380560">
    <mentionClass id="CHEBI_SO_EXT:molecular_label_or_mark_or_tag_process">molecular label/mark/tag process</mentionClass>
  </classMention>
  <classMention id="CHEBI_2015_08_26_Instance_380558">
    <mentionClass id="CHEBI_SO_EXT:molecular_label_or_mark_or_tag_process">molecular label/mark/tag process</mentionClass>
  </classMention>
  <classMention id="CHEBI_2015_08_26_Instance_380564">
    <mentionClass id="CHEBI_SO_EXT:molecular_label_or_mark_or_tag_process">molecular label/mark/tag process</mentionClass>
  </classMention>
  <classMention id="CHEBI_2015_08_26_Instance_380562">
    <mentionClass id="CHEBI_SO_EXT:molecular_label_or_mark_or_tag_process">molecular label/mark/tag process</mentionClass>
  </classMention>
  <classMention id="CHEBI_2015_08_26_Instance_380568">
    <mentionClass id="CHEBI_SO_EXT:molecular_label_or_mark_or_tag_process">molecular label/mark/tag process</mentionClass>
  </classMention>
  <classMention id="CHEBI_2015_08_26_Instance_380566">
    <mentionClass id="CHEBI_SO_EXT:molecular_label_or_mark_or_tag_process">molecular label/mark/tag process</mentionClass>
  </classMention>
  <classMention id="CHEBI_2015_08_26_Instance_25025">
    <mentionClass id="CHEBI:17489">3',5'-cyclic AMP</mentionClass>
  </classMention>
  <classMention id="CHEBI_2015_08_26_Instance_210168">
    <mentionClass id="CHEBI_SO_EXT:DNA">DNA</mentionClass>
  </classMention>
  <classMention id="CHEBI_2015_08_26_Instance_210170">
    <mentionClass id="CHEBI_SO_EXT:molecular_indicator_or_label_or_marker_or_tag">molecular indicator/label/marker/tag</mentionClass>
  </classMention>
  <classMention id="CHEBI_2015_08_26_Instance_210174">
    <mentionClass id="CHEBI:75055">5-bromo-4-chloro-3-indolyl beta-D-galactoside</mentionClass>
  </classMention>
  <classMention id="CHEBI_2015_08_26_Instance_210172">
    <mentionClass id="CHEBI:75055">5-bromo-4-chloro-3-indolyl beta-D-galactoside</mentionClass>
  </classMention>
  <classMention id="CHEBI_2015_08_26_Instance_210178">
    <mentionClass id="CHEBI:75055">5-bromo-4-chloro-3-indolyl beta-D-galactoside</mentionClass>
  </classMention>
  <classMention id="CHEBI_2015_08_26_Instance_331354">
    <mentionClass id="CHEBI:75055">5-bromo-4-chloro-3-indolyl beta-D-galactoside</mentionClass>
  </classMention>
  <classMention id="CHEBI_2015_08_26_Instance_210176">
    <mentionClass id="CHEBI:75055">5-bromo-4-chloro-3-indolyl beta-D-galactoside</mentionClass>
  </classMention>
  <classMention id="CHEBI_2015_08_26_Instance_210182">
    <mentionClass id="CHEBI:75055">5-bromo-4-chloro-3-indolyl beta-D-galactoside</mentionClass>
  </classMention>
  <classMention id="CHEBI_2015_08_26_Instance_25027">
    <mentionClass id="CHEBI:17489">3',5'-cyclic AMP</mentionClass>
  </classMention>
  <classMention id="CHEBI_2015_08_26_Instance_210180">
    <mentionClass id="CHEBI:75055">5-bromo-4-chloro-3-indolyl beta-D-galactoside</mentionClass>
  </classMention>
  <classMention id="CHEBI_2015_08_26_Instance_210186">
    <mentionClass id="CHEBI:75055">5-bromo-4-chloro-3-indolyl beta-D-galactoside</mentionClass>
  </classMention>
  <classMention id="CHEBI_2015_08_26_Instance_210184">
    <mentionClass id="CHEBI:75055">5-bromo-4-chloro-3-indolyl beta-D-galactoside</mentionClass>
  </classMention>
  <classMention id="CHEBI_2015_08_26_Instance_210188">
    <mentionClass id="CHEBI_SO_EXT:molecular_indicator_or_label_or_marker_or_tag">molecular indicator/label/marker/tag</mentionClass>
  </classMention>
  <classMention id="CHEBI_2015_08_26_Instance_210192">
    <mentionClass id="CHEBI_SO_EXT:molecular_indicator_or_label_or_marker_or_tag">molecular indicator/label/marker/tag</mentionClass>
  </classMention>
  <classMention id="CHEBI_2015_08_26_Instance_210190">
    <mentionClass id="CHEBI_SO_EXT:molecular_indicator_or_label_or_marker_or_tag">molecular indicator/label/marker/tag</mentionClass>
  </classMention>
  <classMention id="CHEBI_2015_08_26_Instance_210196">
    <mentionClass id="CHEBI:472552">5-bromo-2'-deoxyuridine</mentionClass>
  </classMention>
  <classMention id="CHEBI_2015_08_26_Instance_210194">
    <mentionClass id="CHEBI:472552">5-bromo-2'-deoxyuridine</mentionClass>
  </classMention>
  <classMention id="CHEBI_2015_08_26_Instance_210200">
    <mentionClass id="CHEBI_SO_EXT:molecular_indicator_or_label_or_marker_or_tag">molecular indicator/label/marker/tag</mentionClass>
  </classMention>
  <classMention id="CHEBI_2015_08_26_Instance_210198">
    <mentionClass id="CHEBI_SO_EXT:molecular_indicator_or_label_or_marker_or_tag">molecular indicator/label/marker/tag</mentionClass>
  </classMention>
  <classMention id="CHEBI_2015_08_26_Instance_210204">
    <mentionClass id="CHEBI:472552">5-bromo-2'-deoxyuridine</mentionClass>
  </classMention>
  <classMention id="CHEBI_2015_08_26_Instance_210202">
    <mentionClass id="CHEBI:472552">5-bromo-2'-deoxyuridine</mentionClass>
  </classMention>
  <classMention id="CHEBI_2015_08_26_Instance_210208">
    <mentionClass id="CHEBI:75055">5-bromo-4-chloro-3-indolyl beta-D-galactoside</mentionClass>
  </classMention>
  <classMention id="CHEBI_2015_08_26_Instance_210206">
    <mentionClass id="CHEBI:75055">5-bromo-4-chloro-3-indolyl beta-D-galactoside</mentionClass>
  </classMention>
  <classMention id="CHEBI_2015_08_26_Instance_210210">
    <mentionClass id="CHEBI:75055">5-bromo-4-chloro-3-indolyl beta-D-galactoside</mentionClass>
  </classMention>
  <classMention id="CHEBI_2015_08_26_Instance_210214">
    <mentionClass id="CHEBI:75055">5-bromo-4-chloro-3-indolyl beta-D-galactoside</mentionClass>
  </classMention>
  <classMention id="CHEBI_2015_08_26_Instance_210212">
    <mentionClass id="CHEBI:75055">5-bromo-4-chloro-3-indolyl beta-D-galactoside</mentionClass>
  </classMention>
  <classMention id="CHEBI_2015_08_26_Instance_210220">
    <mentionClass id="CHEBI_EXT:phosphoprotein">phosphoprotein</mentionClass>
  </classMention>
  <classMention id="CHEBI_2015_08_26_Instance_210216">
    <mentionClass id="CHEBI_SO_EXT:molecular_indicator_or_label_or_marker_or_tag">molecular indicator/label/marker/tag</mentionClass>
  </classMention>
  <classMention id="CHEBI_2015_08_26_Instance_210224">
    <mentionClass id="CHEBI:75055">5-bromo-4-chloro-3-indolyl beta-D-galactoside</mentionClass>
  </classMention>
  <classMention id="CHEBI_2015_08_26_Instance_210222">
    <mentionClass id="CHEBI:75055">5-bromo-4-chloro-3-indolyl beta-D-galactoside</mentionClass>
  </classMention>
  <classMention id="CHEBI_2015_08_26_Instance_330154">
    <mentionClass id="CHEBI_EXT:polyatomic_entity_or_group">polyatomic entity or group</mentionClass>
  </classMention>
  <classMention id="CHEBI_2015_08_26_Instance_210228">
    <mentionClass id="CHEBI:75055">5-bromo-4-chloro-3-indolyl beta-D-galactoside</mentionClass>
  </classMention>
  <classMention id="CHEBI_2015_08_26_Instance_210226">
    <mentionClass id="CHEBI:75055">5-bromo-4-chloro-3-indolyl beta-D-galactoside</mentionClass>
  </classMention>
  <classMention id="CHEBI_2015_08_26_Instance_330158">
    <mentionClass id="CHEBI_EXT:polyatomic_entity_or_group">polyatomic entity or group</mentionClass>
  </classMention>
  <classMention id="CHEBI_2015_08_26_Instance_210232">
    <mentionClass id="CHEBI_SO_EXT:molecular_indicator_or_label_or_marker_or_tag">molecular indicator/label/marker/tag</mentionClass>
  </classMention>
  <classMention id="CHEBI_2015_08_26_Instance_330156">
    <mentionClass id="CHEBI_EXT:polyatomic_entity_or_group">polyatomic entity or group</mentionClass>
  </classMention>
  <classMention id="CHEBI_2015_08_26_Instance_210230">
    <mentionClass id="CHEBI:75055">5-bromo-4-chloro-3-indolyl beta-D-galactoside</mentionClass>
  </classMention>
  <classMention id="CHEBI_2015_08_26_Instance_210236">
    <mentionClass id="CHEBI_SO_EXT:molecular_indicator_or_label_or_marker_or_tag">molecular indicator/label/marker/tag</mentionClass>
  </classMention>
  <classMention id="CHEBI_2015_08_26_Instance_330160">
    <mentionClass id="CHEBI_EXT:polyatomic_entity_or_group">polyatomic entity or group</mentionClass>
  </classMention>
  <classMention id="CHEBI_2015_08_26_Instance_210234">
    <mentionClass id="CHEBI:75055">5-bromo-4-chloro-3-indolyl beta-D-galactoside</mentionClass>
  </classMention>
  <classMention id="CHEBI_2015_08_26_Instance_210242">
    <mentionClass id="CHEBI:472552">5-bromo-2'-deoxyuridine</mentionClass>
  </classMention>
  <classMention id="CHEBI_2015_08_26_Instance_210238">
    <mentionClass id="CHEBI_SO_EXT:DNA">DNA</mentionClass>
  </classMention>
  <classMention id="CHEBI_2015_08_26_Instance_380919">
    <mentionClass id="CHEBI_SO_EXT:molecular_label_or_mark_or_tag_process">molecular label/mark/tag process</mentionClass>
  </classMention>
  <classMention id="CHEBI_2015_08_26_Instance_210246">
    <mentionClass id="CHEBI:75055">5-bromo-4-chloro-3-indolyl beta-D-galactoside</mentionClass>
  </classMention>
  <classMention id="CHEBI_2015_08_26_Instance_380917">
    <mentionClass id="CHEBI_SO_EXT:molecular_label_or_mark_or_tag_process">molecular label/mark/tag process</mentionClass>
  </classMention>
  <classMention id="CHEBI_2015_08_26_Instance_210244">
    <mentionClass id="CHEBI_SO_EXT:molecular_indicator_or_label_or_marker_or_tag">molecular indicator/label/marker/tag</mentionClass>
  </classMention>
  <classMention id="CHEBI_2015_08_26_Instance_380923">
    <mentionClass id="CHEBI_SO_EXT:molecular_label_or_mark_or_tag_process">molecular label/mark/tag process</mentionClass>
  </classMention>
  <classMention id="CHEBI_2015_08_26_Instance_210250">
    <mentionClass id="CHEBI_SO_EXT:molecular_indicator_or_label_or_marker_or_tag">molecular indicator/label/marker/tag</mentionClass>
  </classMention>
  <classMention id="CHEBI_2015_08_26_Instance_380921">
    <mentionClass id="CHEBI_SO_EXT:molecular_label_or_mark_or_tag_process">molecular label/mark/tag process</mentionClass>
  </classMention>
  <classMention id="CHEBI_2015_08_26_Instance_210248">
    <mentionClass id="CHEBI:472552">5-bromo-2'-deoxyuridine</mentionClass>
  </classMention>
  <classMention id="CHEBI_2015_08_26_Instance_380927">
    <mentionClass id="CHEBI_SO_EXT:molecular_label_or_mark_or_tag_process">molecular label/mark/tag process</mentionClass>
  </classMention>
  <classMention id="CHEBI_2015_08_26_Instance_210254">
    <mentionClass id="CHEBI_SO_EXT:amino_acid">amino acid</mentionClass>
  </classMention>
  <classMention id="CHEBI_2015_08_26_Instance_380925">
    <mentionClass id="CHEBI_SO_EXT:molecular_label_or_mark_or_tag_process">molecular label/mark/tag process</mentionClass>
  </classMention>
  <classMention id="CHEBI_2015_08_26_Instance_210252">
    <mentionClass id="CHEBI_SO_EXT:amino_acid">amino acid</mentionClass>
  </classMention>
  <classMention id="CHEBI_2015_08_26_Instance_301810">
    <mentionClass id="CHEBI_PR_EXT:protein">protein</mentionClass>
  </classMention>
  <classMention id="CHEBI_2015_08_26_Instance_210258">
    <mentionClass id="CHEBI_SO_EXT:molecular_indicator_or_label_or_marker_or_tag">molecular indicator/label/marker/tag</mentionClass>
  </classMention>
  <classMention id="CHEBI_2015_08_26_Instance_301808">
    <mentionClass id="CHEBI_PR_EXT:protein">protein</mentionClass>
  </classMention>
  <classMention id="CHEBI_2015_08_26_Instance_210256">
    <mentionClass id="CHEBI:465284">ganciclovir</mentionClass>
  </classMention>
  <classMention id="CHEBI_2015_08_26_Instance_301814">
    <mentionClass id="CHEBI_PR_EXT:protein">protein</mentionClass>
  </classMention>
  <classMention id="CHEBI_2015_08_26_Instance_210262">
    <mentionClass id="CHEBI_SO_EXT:base">base</mentionClass>
  </classMention>
  <classMention id="CHEBI_2015_08_26_Instance_301812">
    <mentionClass id="CHEBI_PR_EXT:protein">protein</mentionClass>
  </classMention>
  <classMention id="CHEBI_2015_08_26_Instance_210260">
    <mentionClass id="CHEBI_SO_EXT:molecular_probe">molecular probe</mentionClass>
  </classMention>
  <classMention id="CHEBI_2015_08_26_Instance_301818">
    <mentionClass id="CHEBI_PR_EXT:protein">protein</mentionClass>
  </classMention>
  <classMention id="CHEBI_2015_08_26_Instance_210266">
    <mentionClass id="CHEBI_SO_EXT:base">base</mentionClass>
  </classMention>
  <classMention id="CHEBI_2015_08_26_Instance_301816">
    <mentionClass id="CHEBI_PR_EXT:protein">protein</mentionClass>
  </classMention>
  <classMention id="CHEBI_2015_08_26_Instance_210264">
    <mentionClass id="CHEBI:42768">geneticin</mentionClass>
  </classMention>
  <classMention id="CHEBI_2015_08_26_Instance_301822">
    <mentionClass id="CHEBI_PR_EXT:protein">protein</mentionClass>
  </classMention>
  <classMention id="CHEBI_2015_08_26_Instance_210270">
    <mentionClass id="CHEBI:75055">5-bromo-4-chloro-3-indolyl beta-D-galactoside</mentionClass>
  </classMention>
  <classMention id="CHEBI_2015_08_26_Instance_430018">
    <mentionClass id="CHEBI_GO_EXT:neomycin_or_neomycin_phosphotransferase">neomycin or neomycin phosphotransferase</mentionClass>
  </classMention>
  <classMention id="CHEBI_2015_08_26_Instance_301820">
    <mentionClass id="CHEBI_PR_EXT:protein">protein</mentionClass>
  </classMention>
  <classMention id="CHEBI_2015_08_26_Instance_210268">
    <mentionClass id="CHEBI_EXT:adenine_nucleobase_or_nucleoside_or_nucleotide_molecular_entity_or_group">adenine nucleobase/nucleoside/nucleotide molecular entity or group</mentionClass>
  </classMention>
  <classMention id="CHEBI_2015_08_26_Instance_301826">
    <mentionClass id="CHEBI_PR_EXT:protein">protein</mentionClass>
  </classMention>
  <classMention id="CHEBI_2015_08_26_Instance_210274">
    <mentionClass id="CHEBI_SO_EXT:molecular_probe">molecular probe</mentionClass>
  </classMention>
  <classMention id="CHEBI_2015_08_26_Instance_301824">
    <mentionClass id="CHEBI_PR_EXT:protein">protein</mentionClass>
  </classMention>
  <classMention id="CHEBI_2015_08_26_Instance_210272">
    <mentionClass id="CHEBI_SO_EXT:mRNA">mRNA</mentionClass>
  </classMention>
  <classMention id="CHEBI_2015_08_26_Instance_430020">
    <mentionClass id="CHEBI_GO_EXT:neomycin_or_neomycin_phosphotransferase">neomycin or neomycin phosphotransferase</mentionClass>
  </classMention>
  <classMention id="CHEBI_2015_08_26_Instance_301830">
    <mentionClass id="CHEBI_PR_EXT:protein">protein</mentionClass>
  </classMention>
  <classMention id="CHEBI_2015_08_26_Instance_210278">
    <mentionClass id="CHEBI_SO_EXT:nucleotide">nucleotide</mentionClass>
  </classMention>
  <classMention id="CHEBI_2015_08_26_Instance_301828">
    <mentionClass id="CHEBI_PR_EXT:protein">protein</mentionClass>
  </classMention>
  <classMention id="CHEBI_2015_08_26_Instance_210276">
    <mentionClass id="CHEBI_SO_EXT:molecular_probe">molecular probe</mentionClass>
  </classMention>
  <classMention id="CHEBI_2015_08_26_Instance_301834">
    <mentionClass id="CHEBI_PR_EXT:protein">protein</mentionClass>
  </classMention>
  <classMention id="CHEBI_2015_08_26_Instance_210282">
    <mentionClass id="CHEBI_SO_EXT:oligonucleotide">oligonucleotide</mentionClass>
  </classMention>
  <classMention id="CHEBI_2015_08_26_Instance_301832">
    <mentionClass id="CHEBI_PR_EXT:protein">protein</mentionClass>
  </classMention>
  <classMention id="CHEBI_2015_08_26_Instance_210280">
    <mentionClass id="CHEBI_SO_EXT:nucleotide">nucleotide</mentionClass>
  </classMention>
  <classMention id="CHEBI_2015_08_26_Instance_301838">
    <mentionClass id="CHEBI_PR_EXT:protein">protein</mentionClass>
  </classMention>
  <classMention id="CHEBI_2015_08_26_Instance_210286">
    <mentionClass id="CHEBI_SO_EXT:molecular_probe">molecular probe</mentionClass>
  </classMention>
  <classMention id="CHEBI_2015_08_26_Instance_301836">
    <mentionClass id="CHEBI_PR_EXT:protein">protein</mentionClass>
  </classMention>
  <classMention id="CHEBI_2015_08_26_Instance_210284">
    <mentionClass id="CHEBI_SO_EXT:oligonucleotide">oligonucleotide</mentionClass>
  </classMention>
  <classMention id="CHEBI_2015_08_26_Instance_210290">
    <mentionClass id="CHEBI:75958">solution</mentionClass>
  </classMention>
  <classMention id="CHEBI_2015_08_26_Instance_301840">
    <mentionClass id="CHEBI_PR_EXT:protein">protein</mentionClass>
  </classMention>
  <classMention id="CHEBI_2015_08_26_Instance_210288">
    <mentionClass id="CHEBI:472552">5-bromo-2'-deoxyuridine</mentionClass>
  </classMention>
  <classMention id="CHEBI_2015_08_26_Instance_210294">
    <mentionClass id="CHEBI:75958">solution</mentionClass>
  </classMention>
  <classMention id="CHEBI_2015_08_26_Instance_210292">
    <mentionClass id="CHEBI:472552">5-bromo-2'-deoxyuridine</mentionClass>
  </classMention>
  <classMention id="CHEBI_2015_08_26_Instance_210298">
    <mentionClass id="CHEBI:73702">wax</mentionClass>
  </classMention>
  <classMention id="CHEBI_2015_08_26_Instance_210296">
    <mentionClass id="CHEBI_EXT:paraformaldehye">paraformaldehyde</mentionClass>
  </classMention>
  <classMention id="CHEBI_2015_08_26_Instance_210302">
    <mentionClass id="CHEBI:9750">Triton X-100</mentionClass>
  </classMention>
  <classMention id="CHEBI_2015_08_26_Instance_210300">
    <mentionClass id="CHEBI_EXT:paraformaldehye">paraformaldehyde</mentionClass>
  </classMention>
  <classMention id="CHEBI_2015_08_26_Instance_210306">
    <mentionClass id="CHEBI:51766">Alexa Fluor 568</mentionClass>
  </classMention>
  <classMention id="CHEBI_2015_08_26_Instance_210304">
    <mentionClass id="CHEBI:75958">solution</mentionClass>
  </classMention>
  <classMention id="CHEBI_2015_08_26_Instance_210312">
    <mentionClass id="CHEBI:9750">Triton X-100</mentionClass>
  </classMention>
  <classMention id="CHEBI_2015_08_26_Instance_210310">
    <mentionClass id="CHEBI_SO_EXT:molecular_probe">molecular probe</mentionClass>
  </classMention>
  <classMention id="CHEBI_2015_08_26_Instance_370098">
    <mentionClass id="CHEBI_GO_EXT:biological_process_or_quality_or_role">biological process, quality or role</mentionClass>
  </classMention>
  <classMention id="CHEBI_2015_08_26_Instance_210318">
    <mentionClass id="CHEBI_SO_EXT:molecular_probe">molecular probe</mentionClass>
  </classMention>
  <classMention id="CHEBI_2015_08_26_Instance_210314">
    <mentionClass id="CHEBI:52661">Alexa Fluor 488</mentionClass>
  </classMention>
  <classMention id="CHEBI_2015_08_26_Instance_210322">
    <mentionClass id="CHEBI_SO_EXT:molecular_indicator_or_label_or_marker_or_tag">molecular indicator/label/marker/tag</mentionClass>
  </classMention>
  <classMention id="CHEBI_2015_08_26_Instance_210320">
    <mentionClass id="CHEBI:51231">DAPI</mentionClass>
  </classMention>
  <classMention id="CHEBI_2015_08_26_Instance_210326">
    <mentionClass id="CHEBI_EXT:ToTo">ToTo</mentionClass>
  </classMention>
  <classMention id="CHEBI_2015_08_26_Instance_210330">
    <mentionClass id="CHEBI:472552">5-bromo-2'-deoxyuridine</mentionClass>
  </classMention>
  <classMention id="CHEBI_2015_08_26_Instance_210328">
    <mentionClass id="CHEBI:472552">5-bromo-2'-deoxyuridine</mentionClass>
  </classMention>
  <classMention id="CHEBI_2015_08_26_Instance_210334">
    <mentionClass id="CHEBI:472552">5-bromo-2'-deoxyuridine</mentionClass>
  </classMention>
  <classMention id="CHEBI_2015_08_26_Instance_210332">
    <mentionClass id="CHEBI:51686">haematoxylin</mentionClass>
  </classMention>
  <classMention id="CHEBI_2015_08_26_Instance_210338">
    <mentionClass id="CHEBI:472552">5-bromo-2'-deoxyuridine</mentionClass>
  </classMention>
  <classMention id="CHEBI_2015_08_26_Instance_210336">
    <mentionClass id="CHEBI:472552">5-bromo-2'-deoxyuridine</mentionClass>
  </classMention>
  <classMention id="CHEBI_2015_08_26_Instance_210342">
    <mentionClass id="CHEBI_GO_SO_EXT:enzyme">enzyme</mentionClass>
  </classMention>
  <classMention id="CHEBI_2015_08_26_Instance_210340">
    <mentionClass id="CHEBI_EXT:phosphoprotein">phosphoprotein</mentionClass>
  </classMention>
  <classMention id="CHEBI_2015_08_26_Instance_210346">
    <mentionClass id="CHEBI_SO_EXT:molecular_probe">molecular probe</mentionClass>
  </classMention>
  <classMention id="CHEBI_2015_08_26_Instance_22429">
    <mentionClass id="CHEBI_EXT:33893">reagent</mentionClass>
  </classMention>
  <classMention id="CHEBI_2015_08_26_Instance_21299">
    <mentionClass id="CHEBI_EXT:22695">base</mentionClass>
  </classMention>
  <classMention id="CHEBI_2015_08_26_Instance_210344">
    <mentionClass id="CHEBI_SO_EXT:DNA">DNA</mentionClass>
  </classMention>
  <classMention id="CHEBI_2015_08_26_Instance_210350">
    <mentionClass id="CHEBI:75055">5-bromo-4-chloro-3-indolyl beta-D-galactoside</mentionClass>
  </classMention>
  <classMention id="CHEBI_2015_08_26_Instance_22435">
    <mentionClass id="CHEBI:18243">dopamine</mentionClass>
  </classMention>
  <classMention id="CHEBI_2015_08_26_Instance_210348">
    <mentionClass id="CHEBI:75055">5-bromo-4-chloro-3-indolyl beta-D-galactoside</mentionClass>
  </classMention>
  <classMention id="CHEBI_2015_08_26_backup_Instance_280">
    <mentionClass id="CHEBI_SO_EXT:C_terminus_or_C_terminal_region">C-terminus or C-terminal region</mentionClass>
  </classMention>
  <classMention id="CHEBI_2015_08_26_Instance_21301">
    <mentionClass id="CHEBI_EXT:22695">base</mentionClass>
  </classMention>
  <classMention id="CHEBI_2015_08_26_Instance_210354">
    <mentionClass id="CHEBI:75055">5-bromo-4-chloro-3-indolyl beta-D-galactoside</mentionClass>
  </classMention>
  <classMention id="CHEBI_2015_08_26_Instance_22443">
    <mentionClass id="CHEBI:17992">sucrose</mentionClass>
  </classMention>
  <classMention id="CHEBI_2015_08_26_Instance_210352">
    <mentionClass id="CHEBI:75055">5-bromo-4-chloro-3-indolyl beta-D-galactoside</mentionClass>
  </classMention>
  <classMention id="CHEBI_2015_08_26_Instance_22437">
    <mentionClass id="CHEBI:18243">dopamine</mentionClass>
  </classMention>
  <classMention id="CHEBI_2015_08_26_Instance_210358">
    <mentionClass id="CHEBI:75055">5-bromo-4-chloro-3-indolyl beta-D-galactoside</mentionClass>
  </classMention>
  <classMention id="CHEBI_2015_08_26_Instance_210356">
    <mentionClass id="CHEBI:75055">5-bromo-4-chloro-3-indolyl beta-D-galactoside</mentionClass>
  </classMention>
  <classMention id="CHEBI_2015_08_26_Instance_22445">
    <mentionClass id="CHEBI:37926">fluorescein isothiocyanate</mentionClass>
  </classMention>
  <classMention id="CHEBI_2015_08_26_Instance_210362">
    <mentionClass id="CHEBI:472552">5-bromo-2'-deoxyuridine</mentionClass>
  </classMention>
  <classMention id="CHEBI_2015_08_26_Instance_331576">
    <mentionClass id="CHEBI:472552">5-bromo-2'-deoxyuridine</mentionClass>
  </classMention>
  <classMention id="CHEBI_2015_08_26_Instance_210360">
    <mentionClass id="CHEBI:472552">5-bromo-2'-deoxyuridine</mentionClass>
  </classMention>
  <classMention id="CHEBI_2015_08_26_Instance_210366">
    <mentionClass id="CHEBI:472552">5-bromo-2'-deoxyuridine</mentionClass>
  </classMention>
  <classMention id="CHEBI_2015_08_26_Instance_210364">
    <mentionClass id="CHEBI:472552">5-bromo-2'-deoxyuridine</mentionClass>
  </classMention>
  <classMention id="CHEBI_2015_08_26_Instance_331578">
    <mentionClass id="CHEBI:472552">5-bromo-2'-deoxyuridine</mentionClass>
  </classMention>
  <classMention id="CHEBI_2015_08_26_Instance_210370">
    <mentionClass id="CHEBI:472552">5-bromo-2'-deoxyuridine</mentionClass>
  </classMention>
  <classMention id="CHEBI_2015_08_26_Instance_210368">
    <mentionClass id="CHEBI:472552">5-bromo-2'-deoxyuridine</mentionClass>
  </classMention>
  <classMention id="CHEBI_2015_08_26_Instance_210374">
    <mentionClass id="CHEBI_GO_SO_EXT:enzyme">enzyme</mentionClass>
  </classMention>
  <classMention id="CHEBI_2015_08_26_Instance_210372">
    <mentionClass id="CHEBI_SO_EXT:molecular_indicator_or_label_or_marker_or_tag">molecular indicator/label/marker/tag</mentionClass>
  </classMention>
  <classMention id="CHEBI_2015_08_26_Instance_210378">
    <mentionClass id="CHEBI_SO_EXT:DNA">DNA</mentionClass>
  </classMention>
  <classMention id="CHEBI_2015_08_26_Instance_330798">
    <mentionClass id="CHEBI:75958">solution</mentionClass>
  </classMention>
  <classMention id="CHEBI_2015_08_26_Instance_210376">
    <mentionClass id="CHEBI_SO_EXT:molecular_probe">molecular probe</mentionClass>
  </classMention>
  <classMention id="CHEBI_2015_08_26_Instance_210382">
    <mentionClass id="CHEBI:75055">5-bromo-4-chloro-3-indolyl beta-D-galactoside</mentionClass>
  </classMention>
  <classMention id="CHEBI_2015_08_26_Instance_210380">
    <mentionClass id="CHEBI:75055">5-bromo-4-chloro-3-indolyl beta-D-galactoside</mentionClass>
  </classMention>
  <classMention id="CHEBI_2015_08_26_Instance_330800">
    <mentionClass id="CHEBI:75958">solution</mentionClass>
  </classMention>
  <classMention id="CHEBI_2015_08_26_Instance_210386">
    <mentionClass id="CHEBI:75055">5-bromo-4-chloro-3-indolyl beta-D-galactoside</mentionClass>
  </classMention>
  <classMention id="CHEBI_2015_08_26_Instance_210384">
    <mentionClass id="CHEBI:75055">5-bromo-4-chloro-3-indolyl beta-D-galactoside</mentionClass>
  </classMention>
  <classMention id="CHEBI_2015_08_26_Instance_340192">
    <mentionClass id="CHEBI_EXT:ToTo">ToTo</mentionClass>
  </classMention>
  <classMention id="CHEBI_2015_08_26_Instance_380548">
    <mentionClass id="CHEBI_SO_EXT:molecular_label_or_mark_or_tag_process">molecular label/mark/tag process</mentionClass>
  </classMention>
  <classMention id="CHEBI_2015_08_26_Instance_210388">
    <mentionClass id="CHEBI:75055">5-bromo-4-chloro-3-indolyl beta-D-galactoside</mentionClass>
  </classMention>
  <classMention id="CHEBI_2015_08_26_Instance_380546">
    <mentionClass id="CHEBI_SO_EXT:molecular_label_or_mark_or_tag_process">molecular label/mark/tag process</mentionClass>
  </classMention>
</annotations>

