<?xml version="1.0" encoding="UTF-8"?>
<annotations textSource="16103912.txt">
  <annotation>
    <mention id="CHEBI_2015_08_26_Instance_24027" />
    <annotator id="CHEBI_2015_08_26_Instance_10000">Mike Bada, University of Colorado Anschutz Medical Campus</annotator>
    <span start="34070" end="34078" />
    <spannedText>reagents</spannedText>
  </annotation>
  <annotation>
    <mention id="CHEBI_2015_08_26_Instance_240807" />
    <annotator id="CHEBI_2015_08_26_Instance_10000">Mike Bada, University of Colorado Anschutz Medical Campus</annotator>
    <span start="598" end="601" />
    <spannedText>DNA</spannedText>
  </annotation>
  <annotation>
    <mention id="CHEBI_2015_08_26_Instance_240809" />
    <annotator id="CHEBI_2015_08_26_Instance_10000">Mike Bada, University of Colorado Anschutz Medical Campus</annotator>
    <span start="2113" end="2123" />
    <spannedText>chemically</spannedText>
  </annotation>
  <annotation>
    <mention id="CHEBI_2015_08_26_Instance_240813" />
    <annotator id="CHEBI_2015_08_26_Instance_10000">Mike Bada, University of Colorado Anschutz Medical Campus</annotator>
    <span start="6144" end="6147" />
    <spannedText>DNA</spannedText>
  </annotation>
  <annotation>
    <mention id="CHEBI_2015_08_26_Instance_240815" />
    <annotator id="CHEBI_2015_08_26_Instance_10000">Mike Bada, University of Colorado Anschutz Medical Campus</annotator>
    <span start="7724" end="7731" />
    <spannedText>markers</spannedText>
  </annotation>
  <annotation>
    <mention id="CHEBI_2015_08_26_Instance_240817" />
    <annotator id="CHEBI_2015_08_26_Instance_10000">Mike Bada, University of Colorado Anschutz Medical Campus</annotator>
    <span start="10697" end="10698" />
    <spannedText>b</spannedText>
  </annotation>
  <annotation>
    <mention id="CHEBI_2015_08_26_Instance_240819" />
    <annotator id="CHEBI_2015_08_26_Instance_10000">Mike Bada, University of Colorado Anschutz Medical Campus</annotator>
    <span start="10738" end="10741" />
    <spannedText>DNA</spannedText>
  </annotation>
  <annotation>
    <mention id="CHEBI_2015_08_26_Instance_240821" />
    <annotator id="CHEBI_2015_08_26_Instance_10000">Mike Bada, University of Colorado Anschutz Medical Campus</annotator>
    <span start="11250" end="11257" />
    <spannedText>thymine</spannedText>
  </annotation>
  <annotation>
    <mention id="CHEBI_2015_08_26_Instance_240823" />
    <annotator id="CHEBI_2015_08_26_Instance_10000">Mike Bada, University of Colorado Anschutz Medical Campus</annotator>
    <span start="11261" end="11269" />
    <spannedText>cytosine</spannedText>
  </annotation>
  <annotation>
    <mention id="CHEBI_2015_08_26_Instance_240825" />
    <annotator id="CHEBI_2015_08_26_Instance_10000">Mike Bada, University of Colorado Anschutz Medical Campus</annotator>
    <span start="18287" end="18294" />
    <spannedText>thymine</spannedText>
  </annotation>
  <annotation>
    <mention id="CHEBI_2015_08_26_Instance_240827" />
    <annotator id="CHEBI_2015_08_26_Instance_10000">Mike Bada, University of Colorado Anschutz Medical Campus</annotator>
    <span start="18275" end="18283" />
    <spannedText>cytosine</spannedText>
  </annotation>
  <annotation>
    <mention id="CHEBI_2015_08_26_Instance_240829" />
    <annotator id="CHEBI_2015_08_26_Instance_10000">Mike Bada, University of Colorado Anschutz Medical Campus</annotator>
    <span start="18348" end="18358" />
    <spannedText>amino acid</spannedText>
  </annotation>
  <annotation>
    <mention id="CHEBI_2015_08_26_Instance_240831" />
    <annotator id="CHEBI_2015_08_26_Instance_10000">Mike Bada, University of Colorado Anschutz Medical Campus</annotator>
    <span start="18364" end="18372" />
    <spannedText>arginine</spannedText>
  </annotation>
  <annotation>
    <mention id="CHEBI_2015_08_26_Instance_240833" />
    <annotator id="CHEBI_2015_08_26_Instance_10000">Mike Bada, University of Colorado Anschutz Medical Campus</annotator>
    <span start="18434" end="18441" />
    <spannedText>peptide</spannedText>
  </annotation>
  <annotation>
    <mention id="CHEBI_2015_08_26_Instance_240835" />
    <annotator id="CHEBI_2015_08_26_Instance_10000">Mike Bada, University of Colorado Anschutz Medical Campus</annotator>
    <span start="18464" end="18468" />
    <spannedText>zinc</spannedText>
  </annotation>
  <annotation>
    <mention id="CHEBI_2015_08_26_Instance_240837" />
    <annotator id="CHEBI_2015_08_26_Instance_10000">Mike Bada, University of Colorado Anschutz Medical Campus</annotator>
    <span start="18501" end="18505" />
    <spannedText>base</spannedText>
  </annotation>
  <annotation>
    <mention id="CHEBI_2015_08_26_Instance_240839" />
    <annotator id="CHEBI_2015_08_26_Instance_10000">Mike Bada, University of Colorado Anschutz Medical Campus</annotator>
    <span start="18548" end="18551" />
    <spannedText>DNA</spannedText>
  </annotation>
  <annotation>
    <mention id="CHEBI_2015_08_26_Instance_240841" />
    <annotator id="CHEBI_2015_08_26_Instance_10000">Mike Bada, University of Colorado Anschutz Medical Campus</annotator>
    <span start="23620" end="23631" />
    <spannedText>teratogenic</spannedText>
  </annotation>
  <annotation>
    <mention id="CHEBI_2015_08_26_Instance_240847" />
    <annotator id="CHEBI_2015_08_26_Instance_10000">Mike Bada, University of Colorado Anschutz Medical Campus</annotator>
    <span start="26860" end="26869" />
    <spannedText>polyester</spannedText>
  </annotation>
  <annotation>
    <mention id="CHEBI_2015_08_26_Instance_240849" />
    <annotator id="CHEBI_2015_08_26_Instance_10000">Mike Bada, University of Colorado Anschutz Medical Campus</annotator>
    <span start="26961" end="26968" />
    <spannedText>mixture</spannedText>
  </annotation>
  <annotation>
    <mention id="CHEBI_2015_08_26_Instance_240851" />
    <annotator id="CHEBI_2015_08_26_Instance_10000">Mike Bada, University of Colorado Anschutz Medical Campus</annotator>
    <span start="27084" end="27095" />
    <spannedText>L-glutamine</spannedText>
  </annotation>
  <annotation>
    <mention id="CHEBI_2015_08_26_Instance_240853" />
    <annotator id="CHEBI_2015_08_26_Instance_10000">Mike Bada, University of Colorado Anschutz Medical Campus</annotator>
    <span start="27163" end="27177" />
    <spannedText>amphotericin B</spannedText>
  </annotation>
  <annotation>
    <mention id="CHEBI_2015_08_26_Instance_240855" />
    <annotator id="CHEBI_2015_08_26_Instance_10000">Mike Bada, University of Colorado Anschutz Medical Campus</annotator>
    <span start="27656" end="27667" />
    <spannedText>amino acids</spannedText>
  </annotation>
  <annotation>
    <mention id="CHEBI_2015_08_26_Instance_240857" />
    <annotator id="CHEBI_2015_08_26_Instance_10000">Mike Bada, University of Colorado Anschutz Medical Campus</annotator>
    <span start="28184" end="28189" />
    <spannedText>X-gal</spannedText>
  </annotation>
  <annotation>
    <mention id="CHEBI_2015_08_26_Instance_240859" />
    <annotator id="CHEBI_2015_08_26_Instance_10000">Mike Bada, University of Colorado Anschutz Medical Campus</annotator>
    <span start="28262" end="28265" />
    <spannedText>RNA</spannedText>
  </annotation>
  <annotation>
    <mention id="CHEBI_2015_08_26_Instance_240861" />
    <annotator id="CHEBI_2015_08_26_Instance_10000">Mike Bada, University of Colorado Anschutz Medical Campus</annotator>
    <span start="28945" end="28948" />
    <spannedText>wax</spannedText>
  </annotation>
  <annotation>
    <mention id="CHEBI_2015_08_26_Instance_240863" />
    <annotator id="CHEBI_2015_08_26_Instance_10000">Mike Bada, University of Colorado Anschutz Medical Campus</annotator>
    <span start="29035" end="29041" />
    <spannedText>Probes</spannedText>
  </annotation>
  <annotation>
    <mention id="CHEBI_2015_08_26_Instance_240865" />
    <annotator id="CHEBI_2015_08_26_Instance_10000">Mike Bada, University of Colorado Anschutz Medical Campus</annotator>
    <span start="29285" end="29288" />
    <spannedText>DNA</spannedText>
  </annotation>
  <annotation>
    <mention id="CHEBI_2015_08_26_Instance_240867" />
    <annotator id="CHEBI_2015_08_26_Instance_10000">Mike Bada, University of Colorado Anschutz Medical Campus</annotator>
    <span start="29324" end="29327" />
    <spannedText>DNA</spannedText>
  </annotation>
  <annotation>
    <mention id="CHEBI_2015_08_26_Instance_240869" />
    <annotator id="CHEBI_2015_08_26_Instance_10000">Mike Bada, University of Colorado Anschutz Medical Campus</annotator>
    <span start="29736" end="29739" />
    <spannedText>DNA</spannedText>
  </annotation>
  <annotation>
    <mention id="CHEBI_2015_08_26_Instance_240871" />
    <annotator id="CHEBI_2015_08_26_Instance_10000">Mike Bada, University of Colorado Anschutz Medical Campus</annotator>
    <span start="29903" end="29906" />
    <spannedText>DNA</spannedText>
  </annotation>
  <annotation>
    <mention id="CHEBI_2015_08_26_Instance_240873" />
    <annotator id="CHEBI_2015_08_26_Instance_10000">Mike Bada, University of Colorado Anschutz Medical Campus</annotator>
    <span start="30448" end="30451" />
    <spannedText>DNA</spannedText>
  </annotation>
  <annotation>
    <mention id="CHEBI_2015_08_26_Instance_240875" />
    <annotator id="CHEBI_2015_08_26_Instance_10000">Mike Bada, University of Colorado Anschutz Medical Campus</annotator>
    <span start="32188" end="32192" />
    <spannedText>zinc</spannedText>
  </annotation>
  <annotation>
    <mention id="CHEBI_2015_08_26_Instance_240877" />
    <annotator id="CHEBI_2015_08_26_Instance_10000">Mike Bada, University of Colorado Anschutz Medical Campus</annotator>
    <span start="33698" end="33702" />
    <spannedText>zinc</spannedText>
  </annotation>
  <annotation>
    <mention id="CHEBI_2015_08_26_Instance_24659" />
    <annotator id="CHEBI_2015_08_26_Instance_10000">Mike Bada, University of Colorado Anschutz Medical Campus</annotator>
    <span start="370" end="391" />
    <spannedText>N-ethyl-N-nitrosourea</spannedText>
  </annotation>
  <annotation>
    <mention id="CHEBI_2015_08_26_Instance_24661" />
    <annotator id="CHEBI_2015_08_26_Instance_10000">Mike Bada, University of Colorado Anschutz Medical Campus</annotator>
    <span start="554" end="575" />
    <spannedText>N-ethyl-N-nitrosourea</spannedText>
  </annotation>
  <annotation>
    <mention id="CHEBI_2015_08_26_Instance_24663" />
    <annotator id="CHEBI_2015_08_26_Instance_10000">Mike Bada, University of Colorado Anschutz Medical Campus</annotator>
    <span start="5783" end="5804" />
    <spannedText>N-ethyl-N-nitrosourea</spannedText>
  </annotation>
  <annotation>
    <mention id="CHEBI_2015_08_26_Instance_24665" />
    <annotator id="CHEBI_2015_08_26_Instance_10000">Mike Bada, University of Colorado Anschutz Medical Campus</annotator>
    <span start="5806" end="5809" />
    <spannedText>ENU</spannedText>
  </annotation>
  <annotation>
    <mention id="CHEBI_2015_08_26_Instance_24667" />
    <annotator id="CHEBI_2015_08_26_Instance_10000">Mike Bada, University of Colorado Anschutz Medical Campus</annotator>
    <span start="6858" end="6861" />
    <spannedText>ENU</spannedText>
  </annotation>
  <annotation>
    <mention id="CHEBI_2015_08_26_Instance_24673" />
    <annotator id="CHEBI_2015_08_26_Instance_10000">Mike Bada, University of Colorado Anschutz Medical Campus</annotator>
    <span start="26952" end="26960" />
    <spannedText>nutrient</spannedText>
  </annotation>
  <annotation>
    <mention id="CHEBI_2015_08_26_Instance_24677" />
    <annotator id="CHEBI_2015_08_26_Instance_10000">Mike Bada, University of Colorado Anschutz Medical Campus</annotator>
    <span start="27110" end="27120" />
    <spannedText>penicillin</spannedText>
  </annotation>
  <annotation>
    <mention id="CHEBI_2015_08_26_Instance_24679" />
    <annotator id="CHEBI_2015_08_26_Instance_10000">Mike Bada, University of Colorado Anschutz Medical Campus</annotator>
    <span start="27133" end="27145" />
    <spannedText>streptomycin</spannedText>
  </annotation>
  <annotation>
    <mention id="CHEBI_2015_08_26_Instance_24681" />
    <annotator id="CHEBI_2015_08_26_Instance_10000">Mike Bada, University of Colorado Anschutz Medical Campus</annotator>
    <span start="27230" end="27233" />
    <spannedText>CO2</spannedText>
  </annotation>
  <annotation>
    <mention id="CHEBI_2015_08_26_Instance_24683" />
    <annotator id="CHEBI_2015_08_26_Instance_10000">Mike Bada, University of Colorado Anschutz Medical Campus</annotator>
    <span start="29055" end="29058" />
    <spannedText>35S</spannedText>
  </annotation>
  <annotation>
    <mention id="CHEBI_2015_08_26_Instance_24685" />
    <annotator id="CHEBI_2015_08_26_Instance_10000">Mike Bada, University of Colorado Anschutz Medical Campus</annotator>
    <span start="29365" end="29371" />
    <spannedText>phenol</spannedText>
  </annotation>
  <annotation>
    <mention id="CHEBI_2015_08_26_Instance_24687" />
    <annotator id="CHEBI_2015_08_26_Instance_10000">Mike Bada, University of Colorado Anschutz Medical Campus</annotator>
    <span start="29372" end="29382" />
    <spannedText>chloroform</spannedText>
  </annotation>
  <annotation>
    <mention id="CHEBI_2015_08_26_Instance_24689" />
    <annotator id="CHEBI_2015_08_26_Instance_10000">Mike Bada, University of Colorado Anschutz Medical Campus</annotator>
    <span start="31197" end="31200" />
    <spannedText>ENU</spannedText>
  </annotation>
  <annotation>
    <mention id="CHEBI_2015_08_26_Instance_24691" />
    <annotator id="CHEBI_2015_08_26_Instance_10000">Mike Bada, University of Colorado Anschutz Medical Campus</annotator>
    <span start="31203" end="31224" />
    <spannedText>N-ethyl-N-nitrosourea</spannedText>
  </annotation>
  <annotation>
    <mention id="CHEBI_2015_08_26_Instance_24693" />
    <annotator id="CHEBI_2015_08_26_Instance_10000">Mike Bada, University of Colorado Anschutz Medical Campus</annotator>
    <span start="31803" end="31806" />
    <spannedText>ENU</spannedText>
  </annotation>
  <annotation>
    <mention id="CHEBI_2015_08_26_Instance_28057" />
    <annotator id="CHEBI_2015_08_26_Instance_10000">Mike Bada, University of Colorado Anschutz Medical Campus</annotator>
    <span start="5775" end="5782" />
    <spannedText>mutagen</spannedText>
  </annotation>
  <annotation>
    <mention id="CHEBI_2015_08_26_Instance_302412" />
    <annotator id="CHEBI_2015_08_26_Instance_10000">Mike Bada, University of Colorado Anschutz Medical Campus</annotator>
    <span start="725" end="732" />
    <spannedText>protein</spannedText>
  </annotation>
  <annotation>
    <mention id="CHEBI_2015_08_26_Instance_302414" />
    <annotator id="CHEBI_2015_08_26_Instance_10000">Mike Bada, University of Colorado Anschutz Medical Campus</annotator>
    <span start="6261" end="6268" />
    <spannedText>protein</spannedText>
  </annotation>
  <annotation>
    <mention id="CHEBI_2015_08_26_Instance_302416" />
    <annotator id="CHEBI_2015_08_26_Instance_10000">Mike Bada, University of Colorado Anschutz Medical Campus</annotator>
    <span start="11551" end="11558" />
    <spannedText>protein</spannedText>
  </annotation>
  <annotation>
    <mention id="CHEBI_2015_08_26_Instance_302418" />
    <annotator id="CHEBI_2015_08_26_Instance_10000">Mike Bada, University of Colorado Anschutz Medical Campus</annotator>
    <span start="27620" end="27627" />
    <spannedText>protein</spannedText>
  </annotation>
  <annotation>
    <mention id="CHEBI_2015_08_26_Instance_302420" />
    <annotator id="CHEBI_2015_08_26_Instance_10000">Mike Bada, University of Colorado Anschutz Medical Campus</annotator>
    <span start="27680" end="27687" />
    <spannedText>protein</spannedText>
  </annotation>
  <annotation>
    <mention id="CHEBI_2015_08_26_Instance_330172" />
    <annotator id="CHEBI_2015_08_26_Instance_10000">Mike Bada, University of Colorado Anschutz Medical Campus</annotator>
    <span start="246" end="255" />
    <spannedText>molecular</spannedText>
  </annotation>
  <annotation>
    <mention id="CHEBI_2015_08_26_Instance_330174" />
    <annotator id="CHEBI_2015_08_26_Instance_10000">Mike Bada, University of Colorado Anschutz Medical Campus</annotator>
    <span start="5270" end="5279" />
    <spannedText>molecular</spannedText>
  </annotation>
  <annotation>
    <mention id="CHEBI_2015_08_26_Instance_330176" />
    <annotator id="CHEBI_2015_08_26_Instance_10000">Mike Bada, University of Colorado Anschutz Medical Campus</annotator>
    <span start="25576" end="25585" />
    <spannedText>molecular</spannedText>
  </annotation>
  <annotation>
    <mention id="CHEBI_2015_08_26_Instance_330342" />
    <annotator id="CHEBI_2015_08_26_Instance_10000">Mike Bada, University of Colorado Anschutz Medical Campus</annotator>
    <span start="31093" end="31096" />
    <spannedText>DNA</spannedText>
  </annotation>
  <annotation>
    <mention id="CHEBI_2015_08_26_Instance_330854" />
    <annotator id="CHEBI_2015_08_26_Instance_10000">Mike Bada, University of Colorado Anschutz Medical Campus</annotator>
    <span start="7513" end="7520" />
    <spannedText>markers</spannedText>
  </annotation>
  <annotation>
    <mention id="CHEBI_2015_08_26_Instance_330856" />
    <annotator id="CHEBI_2015_08_26_Instance_10000">Mike Bada, University of Colorado Anschutz Medical Campus</annotator>
    <span start="30034" end="30041" />
    <spannedText>markers</spannedText>
  </annotation>
  <annotation>
    <mention id="CHEBI_2015_08_26_Instance_331226" />
    <annotator id="CHEBI_2015_08_26_Instance_10000">Mike Bada, University of Colorado Anschutz Medical Campus</annotator>
    <span start="5766" end="5774" />
    <spannedText>chemical</spannedText>
  </annotation>
  <annotation>
    <mention id="CHEBI_2015_08_26_Instance_370104" />
    <annotator id="CHEBI_2015_08_26_Instance_10000">Mike Bada, University of Colorado Anschutz Medical Campus</annotator>
    <span start="25302" end="25309" />
    <spannedText>biology</spannedText>
  </annotation>
  <annotation>
    <mention id="CHEBI_2015_08_26_Instance_380618" />
    <annotator id="CHEBI_2015_08_26_Instance_10000">Mike Bada, University of Colorado Anschutz Medical Campus</annotator>
    <span start="28436" end="28448" />
    <spannedText>radiolabeled</spannedText>
  </annotation>
  <annotation>
    <mention id="CHEBI_2015_08_26_Instance_380620" />
    <annotator id="CHEBI_2015_08_26_Instance_10000">Mike Bada, University of Colorado Anschutz Medical Campus</annotator>
    <span start="29042" end="29049" />
    <spannedText>labeled</spannedText>
  </annotation>
  <classMention id="CHEBI_2015_08_26_Instance_240837">
    <mentionClass id="CHEBI_SO_EXT:base">base</mentionClass>
  </classMention>
  <classMention id="CHEBI_2015_08_26_Instance_24027">
    <mentionClass id="CHEBI_EXT:33893">reagent</mentionClass>
  </classMention>
  <classMention id="CHEBI_2015_08_26_Instance_240835">
    <mentionClass id="CHEBI_EXT:zinc">zinc</mentionClass>
  </classMention>
  <classMention id="CHEBI_2015_08_26_Instance_240841">
    <mentionClass id="CHEBI_EXT:50905">teratogenic agent</mentionClass>
  </classMention>
  <classMention id="CHEBI_2015_08_26_Instance_240839">
    <mentionClass id="CHEBI_SO_EXT:DNA">DNA</mentionClass>
  </classMention>
  <classMention id="CHEBI_2015_08_26_Instance_240847">
    <mentionClass id="CHEBI_EXT:polyester">polyester</mentionClass>
  </classMention>
  <classMention id="CHEBI_2015_08_26_Instance_240851">
    <mentionClass id="CHEBI_EXT:L_glutamine">L-glutamine</mentionClass>
  </classMention>
  <classMention id="CHEBI_2015_08_26_Instance_240849">
    <mentionClass id="CHEBI:60004">mixture</mentionClass>
  </classMention>
  <classMention id="CHEBI_2015_08_26_Instance_240855">
    <mentionClass id="CHEBI_SO_EXT:amino_acid">amino acid</mentionClass>
  </classMention>
  <classMention id="CHEBI_2015_08_26_Instance_240853">
    <mentionClass id="CHEBI:2682">amphotericin B</mentionClass>
  </classMention>
  <classMention id="CHEBI_2015_08_26_Instance_240859">
    <mentionClass id="CHEBI_SO_EXT:RNA">RNA</mentionClass>
  </classMention>
  <classMention id="CHEBI_2015_08_26_Instance_240857">
    <mentionClass id="CHEBI:75055">5-bromo-4-chloro-3-indolyl beta-D-galactoside</mentionClass>
  </classMention>
  <classMention id="CHEBI_2015_08_26_Instance_240863">
    <mentionClass id="CHEBI_SO_EXT:molecular_probe">molecular probe</mentionClass>
  </classMention>
  <classMention id="CHEBI_2015_08_26_Instance_28057">
    <mentionClass id="CHEBI_EXT:25435">mutagen</mentionClass>
  </classMention>
  <classMention id="CHEBI_2015_08_26_Instance_240861">
    <mentionClass id="CHEBI:73702">wax</mentionClass>
  </classMention>
  <classMention id="CHEBI_2015_08_26_Instance_240867">
    <mentionClass id="CHEBI_SO_EXT:DNA">DNA</mentionClass>
  </classMention>
  <classMention id="CHEBI_2015_08_26_Instance_240865">
    <mentionClass id="CHEBI_SO_EXT:DNA">DNA</mentionClass>
  </classMention>
  <classMention id="CHEBI_2015_08_26_Instance_240871">
    <mentionClass id="CHEBI_SO_EXT:DNA">DNA</mentionClass>
  </classMention>
  <classMention id="CHEBI_2015_08_26_Instance_240869">
    <mentionClass id="CHEBI_SO_EXT:DNA">DNA</mentionClass>
  </classMention>
  <classMention id="CHEBI_2015_08_26_Instance_240875">
    <mentionClass id="CHEBI_EXT:zinc">zinc</mentionClass>
  </classMention>
  <classMention id="CHEBI_2015_08_26_Instance_330342">
    <mentionClass id="CHEBI_SO_EXT:DNA">DNA</mentionClass>
  </classMention>
  <classMention id="CHEBI_2015_08_26_Instance_240873">
    <mentionClass id="CHEBI_SO_EXT:DNA">DNA</mentionClass>
  </classMention>
  <classMention id="CHEBI_2015_08_26_Instance_330854">
    <mentionClass id="CHEBI_SO_EXT:molecular_indicator_or_label_or_marker_or_tag">molecular indicator/label/marker/tag</mentionClass>
  </classMention>
  <classMention id="CHEBI_2015_08_26_Instance_240877">
    <mentionClass id="CHEBI_EXT:zinc">zinc</mentionClass>
  </classMention>
  <classMention id="CHEBI_2015_08_26_Instance_330856">
    <mentionClass id="CHEBI_SO_EXT:molecular_indicator_or_label_or_marker_or_tag">molecular indicator/label/marker/tag</mentionClass>
  </classMention>
  <classMention id="CHEBI_2015_08_26_Instance_331226">
    <mentionClass id="CHEBI_EXT:chemical_substance_or_polyatomic_entity">chemical substance or polyatomic entity</mentionClass>
  </classMention>
  <classMention id="CHEBI_2015_08_26_Instance_370104">
    <mentionClass id="CHEBI_GO_EXT:biological_process_or_quality_or_role">biological process, quality or role</mentionClass>
  </classMention>
  <classMention id="CHEBI_2015_08_26_Instance_24659">
    <mentionClass id="CHEBI:23995">N-ethyl-N-nitrosourea</mentionClass>
  </classMention>
  <classMention id="CHEBI_2015_08_26_Instance_380620">
    <mentionClass id="CHEBI_SO_EXT:molecular_label_or_mark_or_tag_process">molecular label/mark/tag process</mentionClass>
  </classMention>
  <classMention id="CHEBI_2015_08_26_Instance_380618">
    <mentionClass id="CHEBI_EXT:radiolabel_process">radiolabel process</mentionClass>
  </classMention>
  <classMention id="CHEBI_2015_08_26_Instance_24663">
    <mentionClass id="CHEBI:23995">N-ethyl-N-nitrosourea</mentionClass>
  </classMention>
  <classMention id="CHEBI_2015_08_26_Instance_24661">
    <mentionClass id="CHEBI:23995">N-ethyl-N-nitrosourea</mentionClass>
  </classMention>
  <classMention id="CHEBI_2015_08_26_Instance_24667">
    <mentionClass id="CHEBI:23995">N-ethyl-N-nitrosourea</mentionClass>
  </classMention>
  <classMention id="CHEBI_2015_08_26_Instance_24665">
    <mentionClass id="CHEBI:23995">N-ethyl-N-nitrosourea</mentionClass>
  </classMention>
  <classMention id="CHEBI_2015_08_26_Instance_24677">
    <mentionClass id="CHEBI:17334">penicillin</mentionClass>
  </classMention>
  <classMention id="CHEBI_2015_08_26_Instance_24673">
    <mentionClass id="CHEBI_EXT:33284">nutrient</mentionClass>
  </classMention>
  <classMention id="CHEBI_2015_08_26_Instance_24681">
    <mentionClass id="CHEBI:16526">carbon dioxide</mentionClass>
  </classMention>
  <classMention id="CHEBI_2015_08_26_Instance_24679">
    <mentionClass id="CHEBI:17076">streptomycin</mentionClass>
  </classMention>
  <classMention id="CHEBI_2015_08_26_Instance_24685">
    <mentionClass id="CHEBI:15882">phenol</mentionClass>
  </classMention>
  <classMention id="CHEBI_2015_08_26_Instance_24683">
    <mentionClass id="CHEBI:37983">sulfur-35 atom</mentionClass>
  </classMention>
  <classMention id="CHEBI_2015_08_26_Instance_24689">
    <mentionClass id="CHEBI:23995">N-ethyl-N-nitrosourea</mentionClass>
  </classMention>
  <classMention id="CHEBI_2015_08_26_Instance_24687">
    <mentionClass id="CHEBI:35255">chloroform</mentionClass>
  </classMention>
  <classMention id="CHEBI_2015_08_26_Instance_24693">
    <mentionClass id="CHEBI:23995">N-ethyl-N-nitrosourea</mentionClass>
  </classMention>
  <classMention id="CHEBI_2015_08_26_Instance_24691">
    <mentionClass id="CHEBI:23995">N-ethyl-N-nitrosourea</mentionClass>
  </classMention>
  <classMention id="CHEBI_2015_08_26_Instance_302412">
    <mentionClass id="CHEBI_PR_EXT:protein">protein</mentionClass>
  </classMention>
  <classMention id="CHEBI_2015_08_26_Instance_240807">
    <mentionClass id="CHEBI_SO_EXT:DNA">DNA</mentionClass>
  </classMention>
  <classMention id="CHEBI_2015_08_26_Instance_302416">
    <mentionClass id="CHEBI_PR_EXT:protein">protein</mentionClass>
  </classMention>
  <classMention id="CHEBI_2015_08_26_Instance_240813">
    <mentionClass id="CHEBI_SO_EXT:DNA">DNA</mentionClass>
  </classMention>
  <classMention id="CHEBI_2015_08_26_Instance_302414">
    <mentionClass id="CHEBI_PR_EXT:protein">protein</mentionClass>
  </classMention>
  <classMention id="CHEBI_2015_08_26_Instance_240809">
    <mentionClass id="CHEBI_EXT:chemical_substance_or_polyatomic_entity">chemical substance or polyatomic entity</mentionClass>
  </classMention>
  <classMention id="CHEBI_2015_08_26_Instance_302420">
    <mentionClass id="CHEBI_PR_EXT:protein">protein</mentionClass>
  </classMention>
  <classMention id="CHEBI_2015_08_26_Instance_240817">
    <mentionClass id="CHEBI_SO_EXT:base">base</mentionClass>
  </classMention>
  <classMention id="CHEBI_2015_08_26_Instance_302418">
    <mentionClass id="CHEBI_PR_EXT:protein">protein</mentionClass>
  </classMention>
  <classMention id="CHEBI_2015_08_26_Instance_240815">
    <mentionClass id="CHEBI_SO_EXT:molecular_indicator_or_label_or_marker_or_tag">molecular indicator/label/marker/tag</mentionClass>
  </classMention>
  <classMention id="CHEBI_2015_08_26_Instance_240821">
    <mentionClass id="CHEBI_EXT:thymine_nucleobase_or_nucleoside_or_nucleotide_molecular_entity_or_group">thymine nucleobase/nucleoside/nucleotide molecular entity or group</mentionClass>
  </classMention>
  <classMention id="CHEBI_2015_08_26_Instance_240819">
    <mentionClass id="CHEBI_SO_EXT:DNA">DNA</mentionClass>
  </classMention>
  <classMention id="CHEBI_2015_08_26_Instance_330172">
    <mentionClass id="CHEBI_EXT:polyatomic_entity_or_group">polyatomic entity or group</mentionClass>
  </classMention>
  <classMention id="CHEBI_2015_08_26_Instance_240825">
    <mentionClass id="CHEBI_EXT:thymine_nucleobase_or_nucleoside_or_nucleotide_molecular_entity_or_group">thymine nucleobase/nucleoside/nucleotide molecular entity or group</mentionClass>
  </classMention>
  <classMention id="CHEBI_2015_08_26_Instance_240823">
    <mentionClass id="CHEBI_EXT:cytosine_nucleobase_or_nucleoside_or_nucleotide_molecular_entity_or_group">cytosine nucleobase/nucleoside/nucleotide molecular entity or group</mentionClass>
  </classMention>
  <classMention id="CHEBI_2015_08_26_Instance_330176">
    <mentionClass id="CHEBI_EXT:polyatomic_entity_or_group">polyatomic entity or group</mentionClass>
  </classMention>
  <classMention id="CHEBI_2015_08_26_Instance_240829">
    <mentionClass id="CHEBI_SO_EXT:amino_acid">amino acid</mentionClass>
  </classMention>
  <classMention id="CHEBI_2015_08_26_Instance_330174">
    <mentionClass id="CHEBI_EXT:polyatomic_entity_or_group">polyatomic entity or group</mentionClass>
  </classMention>
  <classMention id="CHEBI_2015_08_26_Instance_240827">
    <mentionClass id="CHEBI_EXT:cytosine_nucleobase_or_nucleoside_or_nucleotide_molecular_entity_or_group">cytosine nucleobase/nucleoside/nucleotide molecular entity or group</mentionClass>
  </classMention>
  <classMention id="CHEBI_2015_08_26_Instance_240833">
    <mentionClass id="CHEBI_SO_EXT:peptide_or_peptide_region">peptide or peptide region</mentionClass>
  </classMention>
  <classMention id="CHEBI_2015_08_26_Instance_240831">
    <mentionClass id="CHEBI_SO_EXT:arginine">arginine</mentionClass>
  </classMention>
</annotations>

