<?xml version="1.0" encoding="UTF-8"?>
<annotations textSource="16670015.txt">
  <annotation>
    <mention id="CHEBI_2015_08_26_Instance_13767" />
    <annotator id="CHEBI_2015_08_26_Instance_10000">Mike Bada, University of Colorado Anschutz Medical Campus</annotator>
    <span start="53534" end="53539" />
    <spannedText>water</spannedText>
  </annotation>
  <annotation>
    <mention id="CHEBI_2015_08_26_Instance_13769" />
    <annotator id="CHEBI_2015_08_26_Instance_10000">Mike Bada, University of Colorado Anschutz Medical Campus</annotator>
    <span start="53521" end="53524" />
    <spannedText>H2O</spannedText>
  </annotation>
  <annotation>
    <mention id="CHEBI_2015_08_26_Instance_13771" />
    <annotator id="CHEBI_2015_08_26_Instance_10000">Mike Bada, University of Colorado Anschutz Medical Campus</annotator>
    <span start="53542" end="53545" />
    <spannedText>H2O</spannedText>
  </annotation>
  <annotation>
    <mention id="CHEBI_2015_08_26_Instance_13773" />
    <annotator id="CHEBI_2015_08_26_Instance_10000">Mike Bada, University of Colorado Anschutz Medical Campus</annotator>
    <span start="53547" end="53552" />
    <spannedText>water</spannedText>
  </annotation>
  <annotation>
    <mention id="CHEBI_2015_08_26_Instance_25433" />
    <annotator id="CHEBI_2015_08_26_Instance_10000">Mike Bada, University of Colorado Anschutz Medical Campus</annotator>
    <span start="34829" end="34832" />
    <spannedText>H2O</spannedText>
  </annotation>
  <annotation>
    <mention id="CHEBI_2015_08_26_Instance_28053" />
    <annotator id="CHEBI_2015_08_26_Instance_10000">Mike Bada, University of Colorado Anschutz Medical Campus</annotator>
    <span start="44470" end="44477" />
    <spannedText>agarose</spannedText>
  </annotation>
  <annotation>
    <mention id="CHEBI_2015_08_26_Instance_28181" />
    <annotator id="CHEBI_2015_08_26_Instance_10000">Mike Bada, University of Colorado Anschutz Medical Campus</annotator>
    <span start="44505" end="44509" />
    <spannedText>EtBr</spannedText>
  </annotation>
  <annotation>
    <mention id="CHEBI_2015_08_26_Instance_28183" />
    <annotator id="CHEBI_2015_08_26_Instance_10000">Mike Bada, University of Colorado Anschutz Medical Campus</annotator>
    <span start="44585" end="44588" />
    <spannedText>H2O</spannedText>
  </annotation>
  <annotation>
    <mention id="CHEBI_2015_08_26_Instance_28185" />
    <annotator id="CHEBI_2015_08_26_Instance_10000">Mike Bada, University of Colorado Anschutz Medical Campus</annotator>
    <span start="44683" end="44688" />
    <spannedText>MgCl2</spannedText>
  </annotation>
  <annotation>
    <mention id="CHEBI_2015_08_26_Instance_28475" />
    <annotator id="CHEBI_2015_08_26_Instance_10000">Mike Bada, University of Colorado Anschutz Medical Campus</annotator>
    <span start="44906" end="44913" />
    <spannedText>agarose</spannedText>
  </annotation>
  <annotation>
    <mention id="CHEBI_2015_08_26_Instance_28477" />
    <annotator id="CHEBI_2015_08_26_Instance_10000">Mike Bada, University of Colorado Anschutz Medical Campus</annotator>
    <span start="44941" end="44945" />
    <spannedText>EtBr</spannedText>
  </annotation>
  <annotation>
    <mention id="CHEBI_2015_08_26_Instance_28479" />
    <annotator id="CHEBI_2015_08_26_Instance_10000">Mike Bada, University of Colorado Anschutz Medical Campus</annotator>
    <span start="45117" end="45121" />
    <spannedText>EtBr</spannedText>
  </annotation>
  <annotation>
    <mention id="CHEBI_2015_08_26_Instance_28481" />
    <annotator id="CHEBI_2015_08_26_Instance_10000">Mike Bada, University of Colorado Anschutz Medical Campus</annotator>
    <span start="45083" end="45090" />
    <spannedText>agarose</spannedText>
  </annotation>
  <annotation>
    <mention id="CHEBI_2015_08_26_Instance_30489" />
    <annotator id="CHEBI_2015_08_26_Instance_10000">Mike Bada, University of Colorado Anschutz Medical Campus</annotator>
    <span start="18353" end="18358" />
    <spannedText>lipid</spannedText>
  </annotation>
  <annotation>
    <mention id="CHEBI_2015_08_26_Instance_30491" />
    <annotator id="CHEBI_2015_08_26_Instance_10000">Mike Bada, University of Colorado Anschutz Medical Campus</annotator>
    <span start="19749" end="19754" />
    <spannedText>lipid</spannedText>
  </annotation>
  <annotation>
    <mention id="CHEBI_2015_08_26_Instance_30511" />
    <annotator id="CHEBI_2015_08_26_Instance_10000">Mike Bada, University of Colorado Anschutz Medical Campus</annotator>
    <span start="24666" end="24673" />
    <spannedText>ethanol</spannedText>
  </annotation>
  <annotation>
    <mention id="CHEBI_2015_08_26_Instance_30513" />
    <annotator id="CHEBI_2015_08_26_Instance_10000">Mike Bada, University of Colorado Anschutz Medical Campus</annotator>
    <span start="26848" end="26853" />
    <spannedText>lipid</spannedText>
  </annotation>
  <annotation>
    <mention id="CHEBI_2015_08_26_Instance_30515" />
    <annotator id="CHEBI_2015_08_26_Instance_10000">Mike Bada, University of Colorado Anschutz Medical Campus</annotator>
    <span start="31128" end="31137" />
    <spannedText>inhibitor</spannedText>
  </annotation>
  <annotation>
    <mention id="CHEBI_2015_08_26_Instance_30519" />
    <annotator id="CHEBI_2015_08_26_Instance_10000">Mike Bada, University of Colorado Anschutz Medical Campus</annotator>
    <span start="31325" end="31332" />
    <spannedText>glucose</spannedText>
  </annotation>
  <annotation>
    <mention id="CHEBI_2015_08_26_Instance_30525" />
    <annotator id="CHEBI_2015_08_26_Instance_10000">Mike Bada, University of Colorado Anschutz Medical Campus</annotator>
    <span start="40707" end="40712" />
    <spannedText>water</spannedText>
  </annotation>
  <annotation>
    <mention id="CHEBI_2015_08_26_Instance_30527" />
    <annotator id="CHEBI_2015_08_26_Instance_10000">Mike Bada, University of Colorado Anschutz Medical Campus</annotator>
    <span start="41735" end="41740" />
    <spannedText>water</spannedText>
  </annotation>
  <annotation>
    <mention id="CHEBI_2015_08_26_Instance_30529" />
    <annotator id="CHEBI_2015_08_26_Instance_10000">Mike Bada, University of Colorado Anschutz Medical Campus</annotator>
    <span start="41871" end="41878" />
    <spannedText>acetone</spannedText>
  </annotation>
  <annotation>
    <mention id="CHEBI_2015_08_26_Instance_30531" />
    <annotator id="CHEBI_2015_08_26_Instance_10000">Mike Bada, University of Colorado Anschutz Medical Campus</annotator>
    <span start="44141" end="44146" />
    <spannedText>MgSO4</spannedText>
  </annotation>
  <annotation>
    <mention id="CHEBI_2015_08_26_Instance_310118" />
    <annotator id="CHEBI_2015_08_26_Instance_10000">Mike Bada, University of Colorado Anschutz Medical Campus</annotator>
    <span start="17201" end="17208" />
    <spannedText>protein</spannedText>
  </annotation>
  <annotation>
    <mention id="CHEBI_2015_08_26_Instance_310120" />
    <annotator id="CHEBI_2015_08_26_Instance_10000">Mike Bada, University of Colorado Anschutz Medical Campus</annotator>
    <span start="17210" end="17214" />
    <spannedText>PROT</spannedText>
  </annotation>
  <annotation>
    <mention id="CHEBI_2015_08_26_Instance_310122" />
    <annotator id="CHEBI_2015_08_26_Instance_10000">Mike Bada, University of Colorado Anschutz Medical Campus</annotator>
    <span start="19555" end="19559" />
    <spannedText>PROT</spannedText>
  </annotation>
  <annotation>
    <mention id="CHEBI_2015_08_26_Instance_310124" />
    <annotator id="CHEBI_2015_08_26_Instance_10000">Mike Bada, University of Colorado Anschutz Medical Campus</annotator>
    <span start="20022" end="20026" />
    <spannedText>PROT</spannedText>
  </annotation>
  <annotation>
    <mention id="CHEBI_2015_08_26_Instance_310126" />
    <annotator id="CHEBI_2015_08_26_Instance_10000">Mike Bada, University of Colorado Anschutz Medical Campus</annotator>
    <span start="20878" end="20882" />
    <spannedText>PROT</spannedText>
  </annotation>
  <annotation>
    <mention id="CHEBI_2015_08_26_Instance_310128" />
    <annotator id="CHEBI_2015_08_26_Instance_10000">Mike Bada, University of Colorado Anschutz Medical Campus</annotator>
    <span start="22477" end="22484" />
    <spannedText>protein</spannedText>
  </annotation>
  <annotation>
    <mention id="CHEBI_2015_08_26_Instance_310130" />
    <annotator id="CHEBI_2015_08_26_Instance_10000">Mike Bada, University of Colorado Anschutz Medical Campus</annotator>
    <span start="22605" end="22612" />
    <spannedText>protein</spannedText>
  </annotation>
  <annotation>
    <mention id="CHEBI_2015_08_26_Instance_310132" />
    <annotator id="CHEBI_2015_08_26_Instance_10000">Mike Bada, University of Colorado Anschutz Medical Campus</annotator>
    <span start="22785" end="22792" />
    <spannedText>protein</spannedText>
  </annotation>
  <annotation>
    <mention id="CHEBI_2015_08_26_Instance_310134" />
    <annotator id="CHEBI_2015_08_26_Instance_10000">Mike Bada, University of Colorado Anschutz Medical Campus</annotator>
    <span start="30445" end="30452" />
    <spannedText>protein</spannedText>
  </annotation>
  <annotation>
    <mention id="CHEBI_2015_08_26_Instance_310136" />
    <annotator id="CHEBI_2015_08_26_Instance_10000">Mike Bada, University of Colorado Anschutz Medical Campus</annotator>
    <span start="32401" end="32408" />
    <spannedText>protein</spannedText>
  </annotation>
  <annotation>
    <mention id="CHEBI_2015_08_26_Instance_310138" />
    <annotator id="CHEBI_2015_08_26_Instance_10000">Mike Bada, University of Colorado Anschutz Medical Campus</annotator>
    <span start="32915" end="32922" />
    <spannedText>protein</spannedText>
  </annotation>
  <annotation>
    <mention id="CHEBI_2015_08_26_Instance_310140" />
    <annotator id="CHEBI_2015_08_26_Instance_10000">Mike Bada, University of Colorado Anschutz Medical Campus</annotator>
    <span start="40672" end="40679" />
    <spannedText>protein</spannedText>
  </annotation>
  <annotation>
    <mention id="CHEBI_2015_08_26_Instance_310142" />
    <annotator id="CHEBI_2015_08_26_Instance_10000">Mike Bada, University of Colorado Anschutz Medical Campus</annotator>
    <span start="42030" end="42037" />
    <spannedText>protein</spannedText>
  </annotation>
  <annotation>
    <mention id="CHEBI_2015_08_26_Instance_310144" />
    <annotator id="CHEBI_2015_08_26_Instance_10000">Mike Bada, University of Colorado Anschutz Medical Campus</annotator>
    <span start="42039" end="42043" />
    <spannedText>PROT</spannedText>
  </annotation>
  <annotation>
    <mention id="CHEBI_2015_08_26_Instance_310146" />
    <annotator id="CHEBI_2015_08_26_Instance_10000">Mike Bada, University of Colorado Anschutz Medical Campus</annotator>
    <span start="53705" end="53709" />
    <spannedText>PROT</spannedText>
  </annotation>
  <annotation>
    <mention id="CHEBI_2015_08_26_Instance_310148" />
    <annotator id="CHEBI_2015_08_26_Instance_10000">Mike Bada, University of Colorado Anschutz Medical Campus</annotator>
    <span start="53729" end="53733" />
    <spannedText>PROT</spannedText>
  </annotation>
  <annotation>
    <mention id="CHEBI_2015_08_26_Instance_310150" />
    <annotator id="CHEBI_2015_08_26_Instance_10000">Mike Bada, University of Colorado Anschutz Medical Campus</annotator>
    <span start="53735" end="53742" />
    <spannedText>protein</spannedText>
  </annotation>
  <annotation>
    <mention id="CHEBI_2015_08_26_Instance_310152" />
    <annotator id="CHEBI_2015_08_26_Instance_10000">Mike Bada, University of Colorado Anschutz Medical Campus</annotator>
    <span start="54083" end="54090" />
    <spannedText>protein</spannedText>
  </annotation>
  <annotation>
    <mention id="CHEBI_2015_08_26_Instance_31413" />
    <annotator id="CHEBI_2015_08_26_Instance_10000">Mike Bada, University of Colorado Anschutz Medical Campus</annotator>
    <span start="40647" end="40651" />
    <spannedText>Feed</spannedText>
  </annotation>
  <annotation>
    <mention id="CHEBI_2015_08_26_Instance_321725" />
    <annotator id="CHEBI_2015_08_26_Instance_10000">Mike Bada, University of Colorado Anschutz Medical Campus</annotator>
    <span start="4608" end="4622" />
    <spannedText>growth hormone</spannedText>
  </annotation>
  <annotation>
    <mention id="CHEBI_2015_08_26_Instance_321727" />
    <annotator id="CHEBI_2015_08_26_Instance_10000">Mike Bada, University of Colorado Anschutz Medical Campus</annotator>
    <span start="4624" end="4626" />
    <spannedText>Gh</spannedText>
  </annotation>
  <annotation>
    <mention id="CHEBI_2015_08_26_Instance_321729" />
    <annotator id="CHEBI_2015_08_26_Instance_10000">Mike Bada, University of Colorado Anschutz Medical Campus</annotator>
    <span start="4751" end="4753" />
    <spannedText>Gh</spannedText>
  </annotation>
  <annotation>
    <mention id="CHEBI_2015_08_26_Instance_321731" />
    <annotator id="CHEBI_2015_08_26_Instance_10000">Mike Bada, University of Colorado Anschutz Medical Campus</annotator>
    <span start="6226" end="6228" />
    <spannedText>Gh</spannedText>
  </annotation>
  <annotation>
    <mention id="CHEBI_2015_08_26_Instance_321753" />
    <annotator id="CHEBI_2015_08_26_Instance_10000">Mike Bada, University of Colorado Anschutz Medical Campus</annotator>
    <span start="19447" end="19450" />
    <spannedText>H2O</spannedText>
  </annotation>
  <annotation>
    <mention id="CHEBI_2015_08_26_Instance_321755" />
    <annotator id="CHEBI_2015_08_26_Instance_10000">Mike Bada, University of Colorado Anschutz Medical Campus</annotator>
    <span start="19530" end="19533" />
    <spannedText>H2O</spannedText>
  </annotation>
  <annotation>
    <mention id="CHEBI_2015_08_26_Instance_321757" />
    <annotator id="CHEBI_2015_08_26_Instance_10000">Mike Bada, University of Colorado Anschutz Medical Campus</annotator>
    <span start="19536" end="19539" />
    <spannedText>H2O</spannedText>
  </annotation>
  <annotation>
    <mention id="CHEBI_2015_08_26_Instance_321761" />
    <annotator id="CHEBI_2015_08_26_Instance_10000">Mike Bada, University of Colorado Anschutz Medical Campus</annotator>
    <span start="20858" end="20861" />
    <spannedText>H2O</spannedText>
  </annotation>
  <annotation>
    <mention id="CHEBI_2015_08_26_Instance_321763" />
    <annotator id="CHEBI_2015_08_26_Instance_10000">Mike Bada, University of Colorado Anschutz Medical Campus</annotator>
    <span start="21154" end="21156" />
    <spannedText>Gh</spannedText>
  </annotation>
  <annotation>
    <mention id="CHEBI_2015_08_26_Instance_321765" />
    <annotator id="CHEBI_2015_08_26_Instance_10000">Mike Bada, University of Colorado Anschutz Medical Campus</annotator>
    <span start="21267" end="21269" />
    <spannedText>Gh</spannedText>
  </annotation>
  <annotation>
    <mention id="CHEBI_2015_08_26_Instance_321767" />
    <annotator id="CHEBI_2015_08_26_Instance_10000">Mike Bada, University of Colorado Anschutz Medical Campus</annotator>
    <span start="21299" end="21301" />
    <spannedText>Gh</spannedText>
  </annotation>
  <annotation>
    <mention id="CHEBI_2015_08_26_Instance_321769" />
    <annotator id="CHEBI_2015_08_26_Instance_10000">Mike Bada, University of Colorado Anschutz Medical Campus</annotator>
    <span start="21331" end="21333" />
    <spannedText>Gh</spannedText>
  </annotation>
  <annotation>
    <mention id="CHEBI_2015_08_26_Instance_321771" />
    <annotator id="CHEBI_2015_08_26_Instance_10000">Mike Bada, University of Colorado Anschutz Medical Campus</annotator>
    <span start="21847" end="21858" />
    <spannedText>amino acids</spannedText>
  </annotation>
  <annotation>
    <mention id="CHEBI_2015_08_26_Instance_321773" />
    <annotator id="CHEBI_2015_08_26_Instance_10000">Mike Bada, University of Colorado Anschutz Medical Campus</annotator>
    <span start="22546" end="22556" />
    <spannedText>amino acid</spannedText>
  </annotation>
  <annotation>
    <mention id="CHEBI_2015_08_26_Instance_321775" />
    <annotator id="CHEBI_2015_08_26_Instance_10000">Mike Bada, University of Colorado Anschutz Medical Campus</annotator>
    <span start="22118" end="22128" />
    <spannedText>nucleotide</spannedText>
  </annotation>
  <annotation>
    <mention id="CHEBI_2015_08_26_Instance_321777" />
    <annotator id="CHEBI_2015_08_26_Instance_10000">Mike Bada, University of Colorado Anschutz Medical Campus</annotator>
    <span start="22557" end="22565" />
    <spannedText>residues</spannedText>
  </annotation>
  <annotation>
    <mention id="CHEBI_2015_08_26_Instance_321791" />
    <annotator id="CHEBI_2015_08_26_Instance_10000">Mike Bada, University of Colorado Anschutz Medical Campus</annotator>
    <span start="27706" end="27708" />
    <spannedText>Gh</spannedText>
  </annotation>
  <annotation>
    <mention id="CHEBI_2015_08_26_Instance_321793" />
    <annotator id="CHEBI_2015_08_26_Instance_10000">Mike Bada, University of Colorado Anschutz Medical Campus</annotator>
    <span start="27724" end="27726" />
    <spannedText>Gh</spannedText>
  </annotation>
  <annotation>
    <mention id="CHEBI_2015_08_26_Instance_321795" />
    <annotator id="CHEBI_2015_08_26_Instance_10000">Mike Bada, University of Colorado Anschutz Medical Campus</annotator>
    <span start="27757" end="27759" />
    <spannedText>Gh</spannedText>
  </annotation>
  <annotation>
    <mention id="CHEBI_2015_08_26_Instance_321797" />
    <annotator id="CHEBI_2015_08_26_Instance_10000">Mike Bada, University of Colorado Anschutz Medical Campus</annotator>
    <span start="27945" end="27947" />
    <spannedText>Gh</spannedText>
  </annotation>
  <annotation>
    <mention id="CHEBI_2015_08_26_Instance_321799" />
    <annotator id="CHEBI_2015_08_26_Instance_10000">Mike Bada, University of Colorado Anschutz Medical Campus</annotator>
    <span start="28026" end="28028" />
    <spannedText>Gh</spannedText>
  </annotation>
  <annotation>
    <mention id="CHEBI_2015_08_26_Instance_321801" />
    <annotator id="CHEBI_2015_08_26_Instance_10000">Mike Bada, University of Colorado Anschutz Medical Campus</annotator>
    <span start="29095" end="29097" />
    <spannedText>Gh</spannedText>
  </annotation>
  <annotation>
    <mention id="CHEBI_2015_08_26_Instance_321803" />
    <annotator id="CHEBI_2015_08_26_Instance_10000">Mike Bada, University of Colorado Anschutz Medical Campus</annotator>
    <span start="29318" end="29322" />
    <spannedText>food</spannedText>
  </annotation>
  <annotation>
    <mention id="CHEBI_2015_08_26_Instance_321805" />
    <annotator id="CHEBI_2015_08_26_Instance_10000">Mike Bada, University of Colorado Anschutz Medical Campus</annotator>
    <span start="29884" end="29886" />
    <spannedText>Gh</spannedText>
  </annotation>
  <annotation>
    <mention id="CHEBI_2015_08_26_Instance_321807" />
    <annotator id="CHEBI_2015_08_26_Instance_10000">Mike Bada, University of Colorado Anschutz Medical Campus</annotator>
    <span start="29928" end="29930" />
    <spannedText>Gh</spannedText>
  </annotation>
  <annotation>
    <mention id="CHEBI_2015_08_26_Instance_321809" />
    <annotator id="CHEBI_2015_08_26_Instance_10000">Mike Bada, University of Colorado Anschutz Medical Campus</annotator>
    <span start="30132" end="30134" />
    <spannedText>Gh</spannedText>
  </annotation>
  <annotation>
    <mention id="CHEBI_2015_08_26_Instance_321811" />
    <annotator id="CHEBI_2015_08_26_Instance_10000">Mike Bada, University of Colorado Anschutz Medical Campus</annotator>
    <span start="30149" end="30151" />
    <spannedText>Gh</spannedText>
  </annotation>
  <annotation>
    <mention id="CHEBI_2015_08_26_Instance_321813" />
    <annotator id="CHEBI_2015_08_26_Instance_10000">Mike Bada, University of Colorado Anschutz Medical Campus</annotator>
    <span start="30281" end="30283" />
    <spannedText>Gh</spannedText>
  </annotation>
  <annotation>
    <mention id="CHEBI_2015_08_26_Instance_321815" />
    <annotator id="CHEBI_2015_08_26_Instance_10000">Mike Bada, University of Colorado Anschutz Medical Campus</annotator>
    <span start="30329" end="30331" />
    <spannedText>Gh</spannedText>
  </annotation>
  <annotation>
    <mention id="CHEBI_2015_08_26_Instance_321817" />
    <annotator id="CHEBI_2015_08_26_Instance_10000">Mike Bada, University of Colorado Anschutz Medical Campus</annotator>
    <span start="30403" end="30405" />
    <spannedText>Gh</spannedText>
  </annotation>
  <annotation>
    <mention id="CHEBI_2015_08_26_Instance_321819" />
    <annotator id="CHEBI_2015_08_26_Instance_10000">Mike Bada, University of Colorado Anschutz Medical Campus</annotator>
    <span start="30533" end="30535" />
    <spannedText>Gh</spannedText>
  </annotation>
  <annotation>
    <mention id="CHEBI_2015_08_26_Instance_321821" />
    <annotator id="CHEBI_2015_08_26_Instance_10000">Mike Bada, University of Colorado Anschutz Medical Campus</annotator>
    <span start="30696" end="30698" />
    <spannedText>Gh</spannedText>
  </annotation>
  <annotation>
    <mention id="CHEBI_2015_08_26_Instance_321823" />
    <annotator id="CHEBI_2015_08_26_Instance_10000">Mike Bada, University of Colorado Anschutz Medical Campus</annotator>
    <span start="30852" end="30854" />
    <spannedText>Gh</spannedText>
  </annotation>
  <annotation>
    <mention id="CHEBI_2015_08_26_Instance_321827" />
    <annotator id="CHEBI_2015_08_26_Instance_10000">Mike Bada, University of Colorado Anschutz Medical Campus</annotator>
    <span start="31103" end="31115" />
    <spannedText>Somatostatin</spannedText>
  </annotation>
  <annotation>
    <mention id="CHEBI_2015_08_26_Instance_321829" />
    <annotator id="CHEBI_2015_08_26_Instance_10000">Mike Bada, University of Colorado Anschutz Medical Campus</annotator>
    <span start="31902" end="31905" />
    <spannedText>DNA</spannedText>
  </annotation>
  <annotation>
    <mention id="CHEBI_2015_08_26_Instance_321831" />
    <annotator id="CHEBI_2015_08_26_Instance_10000">Mike Bada, University of Colorado Anschutz Medical Campus</annotator>
    <span start="32857" end="32859" />
    <spannedText>Gh</spannedText>
  </annotation>
  <annotation>
    <mention id="CHEBI_2015_08_26_Instance_321833" />
    <annotator id="CHEBI_2015_08_26_Instance_10000">Mike Bada, University of Colorado Anschutz Medical Campus</annotator>
    <span start="31141" end="31143" />
    <spannedText>Gh</spannedText>
  </annotation>
  <annotation>
    <mention id="CHEBI_2015_08_26_Instance_321841" />
    <annotator id="CHEBI_2015_08_26_Instance_10000">Mike Bada, University of Colorado Anschutz Medical Campus</annotator>
    <span start="34278" end="34291" />
    <spannedText>polycarbonate</spannedText>
  </annotation>
  <annotation>
    <mention id="CHEBI_2015_08_26_Instance_321843" />
    <annotator id="CHEBI_2015_08_26_Instance_10000">Mike Bada, University of Colorado Anschutz Medical Campus</annotator>
    <span start="34565" end="34568" />
    <spannedText>DNA</spannedText>
  </annotation>
  <annotation>
    <mention id="CHEBI_2015_08_26_Instance_321845" />
    <annotator id="CHEBI_2015_08_26_Instance_10000">Mike Bada, University of Colorado Anschutz Medical Campus</annotator>
    <span start="34702" end="34706" />
    <spannedText>NP40</spannedText>
  </annotation>
  <annotation>
    <mention id="CHEBI_2015_08_26_Instance_321847" />
    <annotator id="CHEBI_2015_08_26_Instance_10000">Mike Bada, University of Colorado Anschutz Medical Campus</annotator>
    <span start="34722" end="34730" />
    <spannedText>Tween 20</spannedText>
  </annotation>
  <annotation>
    <mention id="CHEBI_2015_08_26_Instance_321851" />
    <annotator id="CHEBI_2015_08_26_Instance_10000">Mike Bada, University of Colorado Anschutz Medical Campus</annotator>
    <span start="35508" end="35513" />
    <spannedText>MgCl2</spannedText>
  </annotation>
  <annotation>
    <mention id="CHEBI_2015_08_26_Instance_321877" />
    <annotator id="CHEBI_2015_08_26_Instance_10000">Mike Bada, University of Colorado Anschutz Medical Campus</annotator>
    <span start="40859" end="40869" />
    <spannedText>isoflurane</spannedText>
  </annotation>
  <annotation>
    <mention id="CHEBI_2015_08_26_Instance_321881" />
    <annotator id="CHEBI_2015_08_26_Instance_10000">Mike Bada, University of Colorado Anschutz Medical Campus</annotator>
    <span start="43176" end="43178" />
    <spannedText>Gh</spannedText>
  </annotation>
  <annotation>
    <mention id="CHEBI_2015_08_26_Instance_321883" />
    <annotator id="CHEBI_2015_08_26_Instance_10000">Mike Bada, University of Colorado Anschutz Medical Campus</annotator>
    <span start="43680" end="43683" />
    <spannedText>RNA</spannedText>
  </annotation>
  <annotation>
    <mention id="CHEBI_2015_08_26_Instance_321885" />
    <annotator id="CHEBI_2015_08_26_Instance_10000">Mike Bada, University of Colorado Anschutz Medical Campus</annotator>
    <span start="43822" end="43825" />
    <spannedText>RNA</spannedText>
  </annotation>
  <annotation>
    <mention id="CHEBI_2015_08_26_Instance_321887" />
    <annotator id="CHEBI_2015_08_26_Instance_10000">Mike Bada, University of Colorado Anschutz Medical Campus</annotator>
    <span start="44021" end="44029" />
    <spannedText>Platinum</spannedText>
  </annotation>
  <annotation>
    <mention id="CHEBI_2015_08_26_Instance_321889" />
    <annotator id="CHEBI_2015_08_26_Instance_10000">Mike Bada, University of Colorado Anschutz Medical Campus</annotator>
    <span start="44124" end="44132" />
    <spannedText>solution</spannedText>
  </annotation>
  <annotation>
    <mention id="CHEBI_2015_08_26_Instance_321891" />
    <annotator id="CHEBI_2015_08_26_Instance_10000">Mike Bada, University of Colorado Anschutz Medical Campus</annotator>
    <span start="44156" end="44161" />
    <spannedText>dNTPs</spannedText>
  </annotation>
  <annotation>
    <mention id="CHEBI_2015_08_26_Instance_321893" />
    <annotator id="CHEBI_2015_08_26_Instance_10000">Mike Bada, University of Colorado Anschutz Medical Campus</annotator>
    <span start="44193" end="44201" />
    <spannedText>Platinum</spannedText>
  </annotation>
  <annotation>
    <mention id="CHEBI_2015_08_26_Instance_321895" />
    <annotator id="CHEBI_2015_08_26_Instance_10000">Mike Bada, University of Colorado Anschutz Medical Campus</annotator>
    <span start="44617" end="44620" />
    <spannedText>DNA</spannedText>
  </annotation>
  <annotation>
    <mention id="CHEBI_2015_08_26_Instance_321897" />
    <annotator id="CHEBI_2015_08_26_Instance_10000">Mike Bada, University of Colorado Anschutz Medical Campus</annotator>
    <span start="44698" end="44703" />
    <spannedText>dNTPs</spannedText>
  </annotation>
  <annotation>
    <mention id="CHEBI_2015_08_26_Instance_321899" />
    <annotator id="CHEBI_2015_08_26_Instance_10000">Mike Bada, University of Colorado Anschutz Medical Campus</annotator>
    <span start="45136" end="45139" />
    <spannedText>DNA</spannedText>
  </annotation>
  <annotation>
    <mention id="CHEBI_2015_08_26_Instance_321901" />
    <annotator id="CHEBI_2015_08_26_Instance_10000">Mike Bada, University of Colorado Anschutz Medical Campus</annotator>
    <span start="45451" end="45455" />
    <spannedText>mRNA</spannedText>
  </annotation>
  <annotation>
    <mention id="CHEBI_2015_08_26_Instance_321911" />
    <annotator id="CHEBI_2015_08_26_Instance_10000">Mike Bada, University of Colorado Anschutz Medical Campus</annotator>
    <span start="49671" end="49685" />
    <spannedText>growth hormone</spannedText>
  </annotation>
  <annotation>
    <mention id="CHEBI_2015_08_26_Instance_321913" />
    <annotator id="CHEBI_2015_08_26_Instance_10000">Mike Bada, University of Colorado Anschutz Medical Campus</annotator>
    <span start="49687" end="49689" />
    <spannedText>Gh</spannedText>
  </annotation>
  <annotation>
    <mention id="CHEBI_2015_08_26_Instance_321915" />
    <annotator id="CHEBI_2015_08_26_Instance_10000">Mike Bada, University of Colorado Anschutz Medical Campus</annotator>
    <span start="49755" end="49757" />
    <spannedText>Gh</spannedText>
  </annotation>
  <annotation>
    <mention id="CHEBI_2015_08_26_Instance_321917" />
    <annotator id="CHEBI_2015_08_26_Instance_10000">Mike Bada, University of Colorado Anschutz Medical Campus</annotator>
    <span start="53719" end="53726" />
    <spannedText>protein</spannedText>
  </annotation>
  <annotation>
    <mention id="CHEBI_2015_08_26_Instance_321919" />
    <annotator id="CHEBI_2015_08_26_Instance_10000">Mike Bada, University of Colorado Anschutz Medical Campus</annotator>
    <span start="54235" end="54245" />
    <spannedText>Amino acid</spannedText>
  </annotation>
  <annotation>
    <mention id="CHEBI_2015_08_26_Instance_321921" />
    <annotator id="CHEBI_2015_08_26_Instance_10000">Mike Bada, University of Colorado Anschutz Medical Campus</annotator>
    <span start="54260" end="54267" />
    <spannedText>residue</spannedText>
  </annotation>
  <annotation>
    <mention id="CHEBI_2015_08_26_Instance_330298" />
    <annotator id="CHEBI_2015_08_26_Instance_10000">Mike Bada, University of Colorado Anschutz Medical Campus</annotator>
    <span start="22943" end="22952" />
    <spannedText>molecular</spannedText>
  </annotation>
  <annotation>
    <mention id="CHEBI_2015_08_26_Instance_330300" />
    <annotator id="CHEBI_2015_08_26_Instance_10000">Mike Bada, University of Colorado Anschutz Medical Campus</annotator>
    <span start="33708" end="33717" />
    <spannedText>molecular</spannedText>
  </annotation>
  <annotation>
    <mention id="CHEBI_2015_08_26_Instance_330302" />
    <annotator id="CHEBI_2015_08_26_Instance_10000">Mike Bada, University of Colorado Anschutz Medical Campus</annotator>
    <span start="33837" end="33846" />
    <spannedText>molecular</spannedText>
  </annotation>
  <annotation>
    <mention id="CHEBI_2015_08_26_Instance_330408" />
    <annotator id="CHEBI_2015_08_26_Instance_10000">Mike Bada, University of Colorado Anschutz Medical Campus</annotator>
    <span start="54124" end="54126" />
    <spannedText>AA</spannedText>
  </annotation>
  <annotation>
    <mention id="CHEBI_2015_08_26_Instance_330410" />
    <annotator id="CHEBI_2015_08_26_Instance_10000">Mike Bada, University of Colorado Anschutz Medical Campus</annotator>
    <span start="54128" end="54138" />
    <spannedText>amino acid</spannedText>
  </annotation>
  <annotation>
    <mention id="CHEBI_2015_08_26_Instance_330440" />
    <annotator id="CHEBI_2015_08_26_Instance_10000">Mike Bada, University of Colorado Anschutz Medical Campus</annotator>
    <span start="34677" end="34683" />
    <spannedText>buffer</spannedText>
  </annotation>
  <annotation>
    <mention id="CHEBI_2015_08_26_Instance_330442" />
    <annotator id="CHEBI_2015_08_26_Instance_10000">Mike Bada, University of Colorado Anschutz Medical Campus</annotator>
    <span start="34751" end="34757" />
    <spannedText>buffer</spannedText>
  </annotation>
  <annotation>
    <mention id="CHEBI_2015_08_26_Instance_330444" />
    <annotator id="CHEBI_2015_08_26_Instance_10000">Mike Bada, University of Colorado Anschutz Medical Campus</annotator>
    <span start="44104" end="44110" />
    <spannedText>buffer</spannedText>
  </annotation>
  <annotation>
    <mention id="CHEBI_2015_08_26_Instance_330446" />
    <annotator id="CHEBI_2015_08_26_Instance_10000">Mike Bada, University of Colorado Anschutz Medical Campus</annotator>
    <span start="44668" end="44674" />
    <spannedText>buffer</spannedText>
  </annotation>
  <annotation>
    <mention id="CHEBI_2015_08_26_Instance_330880" />
    <annotator id="CHEBI_2015_08_26_Instance_10000">Mike Bada, University of Colorado Anschutz Medical Campus</annotator>
    <span start="2916" end="2923" />
    <spannedText>markers</spannedText>
  </annotation>
  <annotation>
    <mention id="CHEBI_2015_08_26_Instance_330882" />
    <annotator id="CHEBI_2015_08_26_Instance_10000">Mike Bada, University of Colorado Anschutz Medical Campus</annotator>
    <span start="3281" end="3287" />
    <spannedText>marker</spannedText>
  </annotation>
  <annotation>
    <mention id="CHEBI_2015_08_26_Instance_330884" />
    <annotator id="CHEBI_2015_08_26_Instance_10000">Mike Bada, University of Colorado Anschutz Medical Campus</annotator>
    <span start="6853" end="6859" />
    <spannedText>marker</spannedText>
  </annotation>
  <annotation>
    <mention id="CHEBI_2015_08_26_Instance_330886" />
    <annotator id="CHEBI_2015_08_26_Instance_10000">Mike Bada, University of Colorado Anschutz Medical Campus</annotator>
    <span start="6913" end="6920" />
    <spannedText>markers</spannedText>
  </annotation>
  <annotation>
    <mention id="CHEBI_2015_08_26_Instance_330888" />
    <annotator id="CHEBI_2015_08_26_Instance_10000">Mike Bada, University of Colorado Anschutz Medical Campus</annotator>
    <span start="7215" end="7222" />
    <spannedText>markers</spannedText>
  </annotation>
  <annotation>
    <mention id="CHEBI_2015_08_26_Instance_330890" />
    <annotator id="CHEBI_2015_08_26_Instance_10000">Mike Bada, University of Colorado Anschutz Medical Campus</annotator>
    <span start="7587" end="7594" />
    <spannedText>markers</spannedText>
  </annotation>
  <annotation>
    <mention id="CHEBI_2015_08_26_Instance_330892" />
    <annotator id="CHEBI_2015_08_26_Instance_10000">Mike Bada, University of Colorado Anschutz Medical Campus</annotator>
    <span start="10176" end="10183" />
    <spannedText>markers</spannedText>
  </annotation>
  <annotation>
    <mention id="CHEBI_2015_08_26_Instance_330894" />
    <annotator id="CHEBI_2015_08_26_Instance_10000">Mike Bada, University of Colorado Anschutz Medical Campus</annotator>
    <span start="15034" end="15041" />
    <spannedText>Markers</spannedText>
  </annotation>
  <annotation>
    <mention id="CHEBI_2015_08_26_Instance_330896" />
    <annotator id="CHEBI_2015_08_26_Instance_10000">Mike Bada, University of Colorado Anschutz Medical Campus</annotator>
    <span start="19958" end="19965" />
    <spannedText>markers</spannedText>
  </annotation>
  <annotation>
    <mention id="CHEBI_2015_08_26_Instance_330898" />
    <annotator id="CHEBI_2015_08_26_Instance_10000">Mike Bada, University of Colorado Anschutz Medical Campus</annotator>
    <span start="22953" end="22960" />
    <spannedText>markers</spannedText>
  </annotation>
  <annotation>
    <mention id="CHEBI_2015_08_26_Instance_330900" />
    <annotator id="CHEBI_2015_08_26_Instance_10000">Mike Bada, University of Colorado Anschutz Medical Campus</annotator>
    <span start="24373" end="24380" />
    <spannedText>markers</spannedText>
  </annotation>
  <annotation>
    <mention id="CHEBI_2015_08_26_Instance_330902" />
    <annotator id="CHEBI_2015_08_26_Instance_10000">Mike Bada, University of Colorado Anschutz Medical Campus</annotator>
    <span start="24548" end="24554" />
    <spannedText>Marker</spannedText>
  </annotation>
  <annotation>
    <mention id="CHEBI_2015_08_26_Instance_330904" />
    <annotator id="CHEBI_2015_08_26_Instance_10000">Mike Bada, University of Colorado Anschutz Medical Campus</annotator>
    <span start="24700" end="24707" />
    <spannedText>markers</spannedText>
  </annotation>
  <annotation>
    <mention id="CHEBI_2015_08_26_Instance_330906" />
    <annotator id="CHEBI_2015_08_26_Instance_10000">Mike Bada, University of Colorado Anschutz Medical Campus</annotator>
    <span start="24749" end="24756" />
    <spannedText>markers</spannedText>
  </annotation>
  <annotation>
    <mention id="CHEBI_2015_08_26_Instance_330908" />
    <annotator id="CHEBI_2015_08_26_Instance_10000">Mike Bada, University of Colorado Anschutz Medical Campus</annotator>
    <span start="35010" end="35016" />
    <spannedText>marker</spannedText>
  </annotation>
  <annotation>
    <mention id="CHEBI_2015_08_26_Instance_330910" />
    <annotator id="CHEBI_2015_08_26_Instance_10000">Mike Bada, University of Colorado Anschutz Medical Campus</annotator>
    <span start="35905" end="35912" />
    <spannedText>markers</spannedText>
  </annotation>
  <annotation>
    <mention id="CHEBI_2015_08_26_Instance_330912" />
    <annotator id="CHEBI_2015_08_26_Instance_10000">Mike Bada, University of Colorado Anschutz Medical Campus</annotator>
    <span start="35940" end="35947" />
    <spannedText>markers</spannedText>
  </annotation>
  <annotation>
    <mention id="CHEBI_2015_08_26_Instance_330914" />
    <annotator id="CHEBI_2015_08_26_Instance_10000">Mike Bada, University of Colorado Anschutz Medical Campus</annotator>
    <span start="36213" end="36220" />
    <spannedText>markers</spannedText>
  </annotation>
  <annotation>
    <mention id="CHEBI_2015_08_26_Instance_330916" />
    <annotator id="CHEBI_2015_08_26_Instance_10000">Mike Bada, University of Colorado Anschutz Medical Campus</annotator>
    <span start="36354" end="36361" />
    <spannedText>markers</spannedText>
  </annotation>
  <annotation>
    <mention id="CHEBI_2015_08_26_Instance_330918" />
    <annotator id="CHEBI_2015_08_26_Instance_10000">Mike Bada, University of Colorado Anschutz Medical Campus</annotator>
    <span start="37109" end="37116" />
    <spannedText>markers</spannedText>
  </annotation>
  <annotation>
    <mention id="CHEBI_2015_08_26_Instance_330920" />
    <annotator id="CHEBI_2015_08_26_Instance_10000">Mike Bada, University of Colorado Anschutz Medical Campus</annotator>
    <span start="37371" end="37378" />
    <spannedText>markers</spannedText>
  </annotation>
  <annotation>
    <mention id="CHEBI_2015_08_26_Instance_330922" />
    <annotator id="CHEBI_2015_08_26_Instance_10000">Mike Bada, University of Colorado Anschutz Medical Campus</annotator>
    <span start="37590" end="37597" />
    <spannedText>Markers</spannedText>
  </annotation>
  <annotation>
    <mention id="CHEBI_2015_08_26_Instance_330924" />
    <annotator id="CHEBI_2015_08_26_Instance_10000">Mike Bada, University of Colorado Anschutz Medical Campus</annotator>
    <span start="38430" end="38437" />
    <spannedText>markers</spannedText>
  </annotation>
  <annotation>
    <mention id="CHEBI_2015_08_26_Instance_330926" />
    <annotator id="CHEBI_2015_08_26_Instance_10000">Mike Bada, University of Colorado Anschutz Medical Campus</annotator>
    <span start="38448" end="38455" />
    <spannedText>markers</spannedText>
  </annotation>
  <annotation>
    <mention id="CHEBI_2015_08_26_Instance_330928" />
    <annotator id="CHEBI_2015_08_26_Instance_10000">Mike Bada, University of Colorado Anschutz Medical Campus</annotator>
    <span start="38469" end="38476" />
    <spannedText>markers</spannedText>
  </annotation>
  <annotation>
    <mention id="CHEBI_2015_08_26_Instance_330930" />
    <annotator id="CHEBI_2015_08_26_Instance_10000">Mike Bada, University of Colorado Anschutz Medical Campus</annotator>
    <span start="38834" end="38841" />
    <spannedText>markers</spannedText>
  </annotation>
  <annotation>
    <mention id="CHEBI_2015_08_26_Instance_330932" />
    <annotator id="CHEBI_2015_08_26_Instance_10000">Mike Bada, University of Colorado Anschutz Medical Campus</annotator>
    <span start="39714" end="39721" />
    <spannedText>markers</spannedText>
  </annotation>
  <annotation>
    <mention id="CHEBI_2015_08_26_Instance_330934" />
    <annotator id="CHEBI_2015_08_26_Instance_10000">Mike Bada, University of Colorado Anschutz Medical Campus</annotator>
    <span start="46353" end="46360" />
    <spannedText>markers</spannedText>
  </annotation>
  <annotation>
    <mention id="CHEBI_2015_08_26_Instance_330936" />
    <annotator id="CHEBI_2015_08_26_Instance_10000">Mike Bada, University of Colorado Anschutz Medical Campus</annotator>
    <span start="46497" end="46504" />
    <spannedText>markers</spannedText>
  </annotation>
  <annotation>
    <mention id="CHEBI_2015_08_26_Instance_330938" />
    <annotator id="CHEBI_2015_08_26_Instance_10000">Mike Bada, University of Colorado Anschutz Medical Campus</annotator>
    <span start="48012" end="48019" />
    <spannedText>markers</spannedText>
  </annotation>
  <annotation>
    <mention id="CHEBI_2015_08_26_Instance_330940" />
    <annotator id="CHEBI_2015_08_26_Instance_10000">Mike Bada, University of Colorado Anschutz Medical Campus</annotator>
    <span start="48085" end="48092" />
    <spannedText>markers</spannedText>
  </annotation>
  <annotation>
    <mention id="CHEBI_2015_08_26_Instance_330942" />
    <annotator id="CHEBI_2015_08_26_Instance_10000">Mike Bada, University of Colorado Anschutz Medical Campus</annotator>
    <span start="51083" end="51090" />
    <spannedText>markers</spannedText>
  </annotation>
  <annotation>
    <mention id="CHEBI_2015_08_26_Instance_331264" />
    <annotator id="CHEBI_2015_08_26_Instance_10000">Mike Bada, University of Colorado Anschutz Medical Campus</annotator>
    <span start="4412" end="4423" />
    <spannedText>biochemical</spannedText>
  </annotation>
  <annotation>
    <mention id="CHEBI_2015_08_26_Instance_331266" />
    <annotator id="CHEBI_2015_08_26_Instance_10000">Mike Bada, University of Colorado Anschutz Medical Campus</annotator>
    <span start="10126" end="10134" />
    <spannedText>chemical</spannedText>
  </annotation>
  <annotation>
    <mention id="CHEBI_2015_08_26_Instance_331268" />
    <annotator id="CHEBI_2015_08_26_Instance_10000">Mike Bada, University of Colorado Anschutz Medical Campus</annotator>
    <span start="17274" end="17282" />
    <spannedText>chemical</spannedText>
  </annotation>
  <annotation>
    <mention id="CHEBI_2015_08_26_Instance_331270" />
    <annotator id="CHEBI_2015_08_26_Instance_10000">Mike Bada, University of Colorado Anschutz Medical Campus</annotator>
    <span start="18344" end="18352" />
    <spannedText>chemical</spannedText>
  </annotation>
  <annotation>
    <mention id="CHEBI_2015_08_26_Instance_331272" />
    <annotator id="CHEBI_2015_08_26_Instance_10000">Mike Bada, University of Colorado Anschutz Medical Campus</annotator>
    <span start="18601" end="18609" />
    <spannedText>chemical</spannedText>
  </annotation>
  <annotation>
    <mention id="CHEBI_2015_08_26_Instance_331274" />
    <annotator id="CHEBI_2015_08_26_Instance_10000">Mike Bada, University of Colorado Anschutz Medical Campus</annotator>
    <span start="41217" end="41225" />
    <spannedText>Chemical</spannedText>
  </annotation>
  <annotation>
    <mention id="CHEBI_2015_08_26_Instance_331300" />
    <annotator id="CHEBI_2015_08_26_Instance_10000">Mike Bada, University of Colorado Anschutz Medical Campus</annotator>
    <span start="20794" end="20797" />
    <spannedText>H2O</spannedText>
  </annotation>
  <annotation>
    <mention id="CHEBI_2015_08_26_Instance_331680" />
    <annotator id="CHEBI_2015_08_26_Instance_10000">Mike Bada, University of Colorado Anschutz Medical Campus</annotator>
    <span start="41841" end="41846" />
    <spannedText>ether</spannedText>
  </annotation>
  <annotation>
    <mention id="CHEBI_2015_08_26_Instance_370130" />
    <annotator id="CHEBI_2015_08_26_Instance_10000">Mike Bada, University of Colorado Anschutz Medical Campus</annotator>
    <span start="27608" end="27618" />
    <spannedText>biological</spannedText>
  </annotation>
  <annotation>
    <mention id="CHEBI_2015_08_26_Instance_380210" />
    <annotator id="CHEBI_2015_08_26_Instance_10000">Mike Bada, University of Colorado Anschutz Medical Campus</annotator>
    <span start="40840" end="40852" />
    <spannedText>anesthetized</spannedText>
  </annotation>
  <annotation>
    <mention id="CHEBI_2015_08_26_Instance_380212" />
    <annotator id="CHEBI_2015_08_26_Instance_10000">Mike Bada, University of Colorado Anschutz Medical Campus</annotator>
    <span start="40993" end="41005" />
    <spannedText>Anesthetized</spannedText>
  </annotation>
  <annotation>
    <mention id="CHEBI_2015_08_26_Instance_410356" />
    <annotator id="CHEBI_2015_08_26_Instance_10000">Mike Bada, University of Colorado Anschutz Medical Campus</annotator>
    <span start="10094" end="10097" />
    <spannedText>fat</spannedText>
  </annotation>
  <annotation>
    <mention id="CHEBI_2015_08_26_Instance_410358" />
    <annotator id="CHEBI_2015_08_26_Instance_10000">Mike Bada, University of Colorado Anschutz Medical Campus</annotator>
    <span start="10353" end="10356" />
    <spannedText>fat</spannedText>
  </annotation>
  <annotation>
    <mention id="CHEBI_2015_08_26_Instance_410360" />
    <annotator id="CHEBI_2015_08_26_Instance_10000">Mike Bada, University of Colorado Anschutz Medical Campus</annotator>
    <span start="10514" end="10517" />
    <spannedText>fat</spannedText>
  </annotation>
  <annotation>
    <mention id="CHEBI_2015_08_26_Instance_410362" />
    <annotator id="CHEBI_2015_08_26_Instance_10000">Mike Bada, University of Colorado Anschutz Medical Campus</annotator>
    <span start="10541" end="10544" />
    <spannedText>fat</spannedText>
  </annotation>
  <annotation>
    <mention id="CHEBI_2015_08_26_Instance_410364" />
    <annotator id="CHEBI_2015_08_26_Instance_10000">Mike Bada, University of Colorado Anschutz Medical Campus</annotator>
    <span start="10573" end="10576" />
    <spannedText>fat</spannedText>
  </annotation>
  <annotation>
    <mention id="CHEBI_2015_08_26_Instance_410366" />
    <annotator id="CHEBI_2015_08_26_Instance_10000">Mike Bada, University of Colorado Anschutz Medical Campus</annotator>
    <span start="11112" end="11115" />
    <spannedText>fat</spannedText>
  </annotation>
  <annotation>
    <mention id="CHEBI_2015_08_26_Instance_410372" />
    <annotator id="CHEBI_2015_08_26_Instance_10000">Mike Bada, University of Colorado Anschutz Medical Campus</annotator>
    <span start="13745" end="13748" />
    <spannedText>fat</spannedText>
  </annotation>
  <annotation>
    <mention id="CHEBI_2015_08_26_Instance_410374" />
    <annotator id="CHEBI_2015_08_26_Instance_10000">Mike Bada, University of Colorado Anschutz Medical Campus</annotator>
    <span start="15340" end="15343" />
    <spannedText>fat</spannedText>
  </annotation>
  <annotation>
    <mention id="CHEBI_2015_08_26_Instance_410376" />
    <annotator id="CHEBI_2015_08_26_Instance_10000">Mike Bada, University of Colorado Anschutz Medical Campus</annotator>
    <span start="15513" end="15516" />
    <spannedText>fat</spannedText>
  </annotation>
  <annotation>
    <mention id="CHEBI_2015_08_26_Instance_410378" />
    <annotator id="CHEBI_2015_08_26_Instance_10000">Mike Bada, University of Colorado Anschutz Medical Campus</annotator>
    <span start="15791" end="15794" />
    <spannedText>fat</spannedText>
  </annotation>
  <annotation>
    <mention id="CHEBI_2015_08_26_Instance_410380" />
    <annotator id="CHEBI_2015_08_26_Instance_10000">Mike Bada, University of Colorado Anschutz Medical Campus</annotator>
    <span start="15919" end="15922" />
    <spannedText>fat</spannedText>
  </annotation>
  <annotation>
    <mention id="CHEBI_2015_08_26_Instance_410382" />
    <annotator id="CHEBI_2015_08_26_Instance_10000">Mike Bada, University of Colorado Anschutz Medical Campus</annotator>
    <span start="16165" end="16168" />
    <spannedText>fat</spannedText>
  </annotation>
  <annotation>
    <mention id="CHEBI_2015_08_26_Instance_410384" />
    <annotator id="CHEBI_2015_08_26_Instance_10000">Mike Bada, University of Colorado Anschutz Medical Campus</annotator>
    <span start="18383" end="18386" />
    <spannedText>fat</spannedText>
  </annotation>
  <annotation>
    <mention id="CHEBI_2015_08_26_Instance_410386" />
    <annotator id="CHEBI_2015_08_26_Instance_10000">Mike Bada, University of Colorado Anschutz Medical Campus</annotator>
    <span start="18440" end="18443" />
    <spannedText>fat</spannedText>
  </annotation>
  <annotation>
    <mention id="CHEBI_2015_08_26_Instance_410388" />
    <annotator id="CHEBI_2015_08_26_Instance_10000">Mike Bada, University of Colorado Anschutz Medical Campus</annotator>
    <span start="18445" end="18448" />
    <spannedText>FAT</spannedText>
  </annotation>
  <annotation>
    <mention id="CHEBI_2015_08_26_Instance_410390" />
    <annotator id="CHEBI_2015_08_26_Instance_10000">Mike Bada, University of Colorado Anschutz Medical Campus</annotator>
    <span start="18582" end="18585" />
    <spannedText>FAT</spannedText>
  </annotation>
  <annotation>
    <mention id="CHEBI_2015_08_26_Instance_410392" />
    <annotator id="CHEBI_2015_08_26_Instance_10000">Mike Bada, University of Colorado Anschutz Medical Campus</annotator>
    <span start="18726" end="18729" />
    <spannedText>fat</spannedText>
  </annotation>
  <annotation>
    <mention id="CHEBI_2015_08_26_Instance_410394" />
    <annotator id="CHEBI_2015_08_26_Instance_10000">Mike Bada, University of Colorado Anschutz Medical Campus</annotator>
    <span start="18858" end="18861" />
    <spannedText>fat</spannedText>
  </annotation>
  <annotation>
    <mention id="CHEBI_2015_08_26_Instance_410396" />
    <annotator id="CHEBI_2015_08_26_Instance_10000">Mike Bada, University of Colorado Anschutz Medical Campus</annotator>
    <span start="18949" end="18952" />
    <spannedText>fat</spannedText>
  </annotation>
  <annotation>
    <mention id="CHEBI_2015_08_26_Instance_410398" />
    <annotator id="CHEBI_2015_08_26_Instance_10000">Mike Bada, University of Colorado Anschutz Medical Campus</annotator>
    <span start="19099" end="19102" />
    <spannedText>fat</spannedText>
  </annotation>
  <annotation>
    <mention id="CHEBI_2015_08_26_Instance_410400" />
    <annotator id="CHEBI_2015_08_26_Instance_10000">Mike Bada, University of Colorado Anschutz Medical Campus</annotator>
    <span start="19236" end="19239" />
    <spannedText>fat</spannedText>
  </annotation>
  <annotation>
    <mention id="CHEBI_2015_08_26_Instance_410402" />
    <annotator id="CHEBI_2015_08_26_Instance_10000">Mike Bada, University of Colorado Anschutz Medical Campus</annotator>
    <span start="19301" end="19304" />
    <spannedText>FAT</spannedText>
  </annotation>
  <annotation>
    <mention id="CHEBI_2015_08_26_Instance_410404" />
    <annotator id="CHEBI_2015_08_26_Instance_10000">Mike Bada, University of Colorado Anschutz Medical Campus</annotator>
    <span start="19542" end="19545" />
    <spannedText>FAT</spannedText>
  </annotation>
  <annotation>
    <mention id="CHEBI_2015_08_26_Instance_410406" />
    <annotator id="CHEBI_2015_08_26_Instance_10000">Mike Bada, University of Colorado Anschutz Medical Campus</annotator>
    <span start="20616" end="20619" />
    <spannedText>fat</spannedText>
  </annotation>
  <annotation>
    <mention id="CHEBI_2015_08_26_Instance_410408" />
    <annotator id="CHEBI_2015_08_26_Instance_10000">Mike Bada, University of Colorado Anschutz Medical Campus</annotator>
    <span start="26732" end="26735" />
    <spannedText>fat</spannedText>
  </annotation>
  <annotation>
    <mention id="CHEBI_2015_08_26_Instance_410410" />
    <annotator id="CHEBI_2015_08_26_Instance_10000">Mike Bada, University of Colorado Anschutz Medical Campus</annotator>
    <span start="40686" end="40689" />
    <spannedText>fat</spannedText>
  </annotation>
  <annotation>
    <mention id="CHEBI_2015_08_26_Instance_410412" />
    <annotator id="CHEBI_2015_08_26_Instance_10000">Mike Bada, University of Colorado Anschutz Medical Campus</annotator>
    <span start="41075" end="41078" />
    <spannedText>fat</spannedText>
  </annotation>
  <annotation>
    <mention id="CHEBI_2015_08_26_Instance_410414" />
    <annotator id="CHEBI_2015_08_26_Instance_10000">Mike Bada, University of Colorado Anschutz Medical Campus</annotator>
    <span start="41098" end="41101" />
    <spannedText>fat</spannedText>
  </annotation>
  <annotation>
    <mention id="CHEBI_2015_08_26_Instance_410416" />
    <annotator id="CHEBI_2015_08_26_Instance_10000">Mike Bada, University of Colorado Anschutz Medical Campus</annotator>
    <span start="41124" end="41127" />
    <spannedText>fat</spannedText>
  </annotation>
  <annotation>
    <mention id="CHEBI_2015_08_26_Instance_410418" />
    <annotator id="CHEBI_2015_08_26_Instance_10000">Mike Bada, University of Colorado Anschutz Medical Campus</annotator>
    <span start="41158" end="41161" />
    <spannedText>fat</spannedText>
  </annotation>
  <annotation>
    <mention id="CHEBI_2015_08_26_Instance_410420" />
    <annotator id="CHEBI_2015_08_26_Instance_10000">Mike Bada, University of Colorado Anschutz Medical Campus</annotator>
    <span start="41381" end="41384" />
    <spannedText>fat</spannedText>
  </annotation>
  <annotation>
    <mention id="CHEBI_2015_08_26_Instance_410422" />
    <annotator id="CHEBI_2015_08_26_Instance_10000">Mike Bada, University of Colorado Anschutz Medical Campus</annotator>
    <span start="41813" end="41816" />
    <spannedText>FAT</spannedText>
  </annotation>
  <annotation>
    <mention id="CHEBI_2015_08_26_Instance_410424" />
    <annotator id="CHEBI_2015_08_26_Instance_10000">Mike Bada, University of Colorado Anschutz Medical Campus</annotator>
    <span start="42099" end="42102" />
    <spannedText>fat</spannedText>
  </annotation>
  <annotation>
    <mention id="CHEBI_2015_08_26_Instance_410426" />
    <annotator id="CHEBI_2015_08_26_Instance_10000">Mike Bada, University of Colorado Anschutz Medical Campus</annotator>
    <span start="42104" end="42107" />
    <spannedText>FAT</spannedText>
  </annotation>
  <annotation>
    <mention id="CHEBI_2015_08_26_Instance_410428" />
    <annotator id="CHEBI_2015_08_26_Instance_10000">Mike Bada, University of Colorado Anschutz Medical Campus</annotator>
    <span start="49031" end="49034" />
    <spannedText>fat</spannedText>
  </annotation>
  <annotation>
    <mention id="CHEBI_2015_08_26_Instance_410430" />
    <annotator id="CHEBI_2015_08_26_Instance_10000">Mike Bada, University of Colorado Anschutz Medical Campus</annotator>
    <span start="49572" end="49575" />
    <spannedText>fat</spannedText>
  </annotation>
  <annotation>
    <mention id="CHEBI_2015_08_26_Instance_410432" />
    <annotator id="CHEBI_2015_08_26_Instance_10000">Mike Bada, University of Colorado Anschutz Medical Campus</annotator>
    <span start="51428" end="51431" />
    <spannedText>fat</spannedText>
  </annotation>
  <annotation>
    <mention id="CHEBI_2015_08_26_Instance_410434" />
    <annotator id="CHEBI_2015_08_26_Instance_10000">Mike Bada, University of Colorado Anschutz Medical Campus</annotator>
    <span start="51450" end="51453" />
    <spannedText>fat</spannedText>
  </annotation>
  <annotation>
    <mention id="CHEBI_2015_08_26_Instance_410436" />
    <annotator id="CHEBI_2015_08_26_Instance_10000">Mike Bada, University of Colorado Anschutz Medical Campus</annotator>
    <span start="51475" end="51478" />
    <spannedText>fat</spannedText>
  </annotation>
  <annotation>
    <mention id="CHEBI_2015_08_26_Instance_410438" />
    <annotator id="CHEBI_2015_08_26_Instance_10000">Mike Bada, University of Colorado Anschutz Medical Campus</annotator>
    <span start="51505" end="51508" />
    <spannedText>fat</spannedText>
  </annotation>
  <annotation>
    <mention id="CHEBI_2015_08_26_Instance_410440" />
    <annotator id="CHEBI_2015_08_26_Instance_10000">Mike Bada, University of Colorado Anschutz Medical Campus</annotator>
    <span start="51540" end="51543" />
    <spannedText>fat</spannedText>
  </annotation>
  <annotation>
    <mention id="CHEBI_2015_08_26_Instance_410442" />
    <annotator id="CHEBI_2015_08_26_Instance_10000">Mike Bada, University of Colorado Anschutz Medical Campus</annotator>
    <span start="52233" end="52236" />
    <spannedText>fat</spannedText>
  </annotation>
  <annotation>
    <mention id="CHEBI_2015_08_26_Instance_410444" />
    <annotator id="CHEBI_2015_08_26_Instance_10000">Mike Bada, University of Colorado Anschutz Medical Campus</annotator>
    <span start="53027" end="53030" />
    <spannedText>fat</spannedText>
  </annotation>
  <annotation>
    <mention id="CHEBI_2015_08_26_Instance_410446" />
    <annotator id="CHEBI_2015_08_26_Instance_10000">Mike Bada, University of Colorado Anschutz Medical Campus</annotator>
    <span start="53049" end="53052" />
    <spannedText>fat</spannedText>
  </annotation>
  <annotation>
    <mention id="CHEBI_2015_08_26_Instance_410448" />
    <annotator id="CHEBI_2015_08_26_Instance_10000">Mike Bada, University of Colorado Anschutz Medical Campus</annotator>
    <span start="53074" end="53077" />
    <spannedText>fat</spannedText>
  </annotation>
  <annotation>
    <mention id="CHEBI_2015_08_26_Instance_410450" />
    <annotator id="CHEBI_2015_08_26_Instance_10000">Mike Bada, University of Colorado Anschutz Medical Campus</annotator>
    <span start="53104" end="53107" />
    <spannedText>fat</spannedText>
  </annotation>
  <annotation>
    <mention id="CHEBI_2015_08_26_Instance_410452" />
    <annotator id="CHEBI_2015_08_26_Instance_10000">Mike Bada, University of Colorado Anschutz Medical Campus</annotator>
    <span start="53139" end="53142" />
    <spannedText>fat</spannedText>
  </annotation>
  <annotation>
    <mention id="CHEBI_2015_08_26_Instance_410454" />
    <annotator id="CHEBI_2015_08_26_Instance_10000">Mike Bada, University of Colorado Anschutz Medical Campus</annotator>
    <span start="53585" end="53588" />
    <spannedText>FAT</spannedText>
  </annotation>
  <annotation>
    <mention id="CHEBI_2015_08_26_Instance_410456" />
    <annotator id="CHEBI_2015_08_26_Instance_10000">Mike Bada, University of Colorado Anschutz Medical Campus</annotator>
    <span start="53598" end="53601" />
    <spannedText>fat</spannedText>
  </annotation>
  <annotation>
    <mention id="CHEBI_2015_08_26_Instance_410458" />
    <annotator id="CHEBI_2015_08_26_Instance_10000">Mike Bada, University of Colorado Anschutz Medical Campus</annotator>
    <span start="53604" end="53607" />
    <spannedText>FAT</spannedText>
  </annotation>
  <annotation>
    <mention id="CHEBI_2015_08_26_Instance_410460" />
    <annotator id="CHEBI_2015_08_26_Instance_10000">Mike Bada, University of Colorado Anschutz Medical Campus</annotator>
    <span start="53609" end="53612" />
    <spannedText>fat</spannedText>
  </annotation>
  <classMention id="CHEBI_2015_08_26_Instance_331680">
    <mentionClass id="CHEBI:25698">ether</mentionClass>
  </classMention>
  <classMention id="CHEBI_2015_08_26_Instance_28053">
    <mentionClass id="CHEBI:2511">agarose</mentionClass>
  </classMention>
  <classMention id="CHEBI_2015_08_26_Instance_30491">
    <mentionClass id="CHEBI:18059">lipid</mentionClass>
  </classMention>
  <classMention id="CHEBI_2015_08_26_Instance_30489">
    <mentionClass id="CHEBI:18059">lipid</mentionClass>
  </classMention>
  <classMention id="CHEBI_2015_08_26_Instance_30513">
    <mentionClass id="CHEBI:18059">lipid</mentionClass>
  </classMention>
  <classMention id="CHEBI_2015_08_26_Instance_30511">
    <mentionClass id="CHEBI:16236">ethanol</mentionClass>
  </classMention>
  <classMention id="CHEBI_2015_08_26_Instance_30519">
    <mentionClass id="CHEBI:17234">glucose</mentionClass>
  </classMention>
  <classMention id="CHEBI_2015_08_26_Instance_28183">
    <mentionClass id="CHEBI:15377">water</mentionClass>
  </classMention>
  <classMention id="CHEBI_2015_08_26_Instance_30515">
    <mentionClass id="CHEBI_EXT:35222">inhibitor</mentionClass>
  </classMention>
  <classMention id="CHEBI_2015_08_26_Instance_28181">
    <mentionClass id="CHEBI:4883">ethidium bromide</mentionClass>
  </classMention>
  <classMention id="CHEBI_2015_08_26_Instance_30527">
    <mentionClass id="CHEBI:15377">water</mentionClass>
  </classMention>
  <classMention id="CHEBI_2015_08_26_Instance_30525">
    <mentionClass id="CHEBI:15377">water</mentionClass>
  </classMention>
  <classMention id="CHEBI_2015_08_26_Instance_28185">
    <mentionClass id="CHEBI:6636">magnesium dichloride</mentionClass>
  </classMention>
  <classMention id="CHEBI_2015_08_26_Instance_30531">
    <mentionClass id="CHEBI:32599">magnesium sulfate</mentionClass>
  </classMention>
  <classMention id="CHEBI_2015_08_26_Instance_30529">
    <mentionClass id="CHEBI:15347">acetone</mentionClass>
  </classMention>
  <classMention id="CHEBI_2015_08_26_Instance_321727">
    <mentionClass id="CHEBI_GO_PR_EXT:growth_hormone">growth hormone</mentionClass>
  </classMention>
  <classMention id="CHEBI_2015_08_26_Instance_321725">
    <mentionClass id="CHEBI_GO_PR_EXT:growth_hormone">growth hormone</mentionClass>
  </classMention>
  <classMention id="CHEBI_2015_08_26_Instance_321731">
    <mentionClass id="CHEBI_GO_PR_EXT:growth_hormone">growth hormone</mentionClass>
  </classMention>
  <classMention id="CHEBI_2015_08_26_Instance_321729">
    <mentionClass id="CHEBI_GO_PR_EXT:growth_hormone">growth hormone</mentionClass>
  </classMention>
  <classMention id="CHEBI_2015_08_26_Instance_321755">
    <mentionClass id="CHEBI:15377">water</mentionClass>
  </classMention>
  <classMention id="CHEBI_2015_08_26_Instance_321753">
    <mentionClass id="CHEBI:15377">water</mentionClass>
  </classMention>
  <classMention id="CHEBI_2015_08_26_Instance_321761">
    <mentionClass id="CHEBI:15377">water</mentionClass>
  </classMention>
  <classMention id="CHEBI_2015_08_26_Instance_321757">
    <mentionClass id="CHEBI:15377">water</mentionClass>
  </classMention>
  <classMention id="CHEBI_2015_08_26_Instance_321765">
    <mentionClass id="CHEBI_GO_PR_EXT:growth_hormone">growth hormone</mentionClass>
  </classMention>
  <classMention id="CHEBI_2015_08_26_Instance_321763">
    <mentionClass id="CHEBI_GO_PR_EXT:growth_hormone">growth hormone</mentionClass>
  </classMention>
  <classMention id="CHEBI_2015_08_26_Instance_321769">
    <mentionClass id="CHEBI_GO_PR_EXT:growth_hormone">growth hormone</mentionClass>
  </classMention>
  <classMention id="CHEBI_2015_08_26_Instance_321767">
    <mentionClass id="CHEBI_GO_PR_EXT:growth_hormone">growth hormone</mentionClass>
  </classMention>
  <classMention id="CHEBI_2015_08_26_Instance_321773">
    <mentionClass id="CHEBI_SO_EXT:amino_acid">amino acid</mentionClass>
  </classMention>
  <classMention id="CHEBI_2015_08_26_Instance_321771">
    <mentionClass id="CHEBI_SO_EXT:amino_acid">amino acid</mentionClass>
  </classMention>
  <classMention id="CHEBI_2015_08_26_Instance_321777">
    <mentionClass id="CHEBI_EXT:residue">residue</mentionClass>
  </classMention>
  <classMention id="CHEBI_2015_08_26_Instance_321775">
    <mentionClass id="CHEBI_SO_EXT:nucleotide">nucleotide</mentionClass>
  </classMention>
  <classMention id="CHEBI_2015_08_26_Instance_321793">
    <mentionClass id="CHEBI_GO_PR_EXT:growth_hormone">growth hormone</mentionClass>
  </classMention>
  <classMention id="CHEBI_2015_08_26_Instance_321791">
    <mentionClass id="CHEBI_GO_PR_EXT:growth_hormone">growth hormone</mentionClass>
  </classMention>
  <classMention id="CHEBI_2015_08_26_Instance_321797">
    <mentionClass id="CHEBI_GO_PR_EXT:growth_hormone">growth hormone</mentionClass>
  </classMention>
  <classMention id="CHEBI_2015_08_26_Instance_321795">
    <mentionClass id="CHEBI_GO_PR_EXT:growth_hormone">growth hormone</mentionClass>
  </classMention>
  <classMention id="CHEBI_2015_08_26_Instance_321801">
    <mentionClass id="CHEBI_GO_PR_EXT:growth_hormone">growth hormone</mentionClass>
  </classMention>
  <classMention id="CHEBI_2015_08_26_Instance_321799">
    <mentionClass id="CHEBI_GO_PR_EXT:growth_hormone">growth hormone</mentionClass>
  </classMention>
  <classMention id="CHEBI_2015_08_26_Instance_321805">
    <mentionClass id="CHEBI_GO_PR_EXT:growth_hormone">growth hormone</mentionClass>
  </classMention>
  <classMention id="CHEBI_2015_08_26_Instance_321803">
    <mentionClass id="CHEBI_EXT:33290">food</mentionClass>
  </classMention>
  <classMention id="CHEBI_2015_08_26_Instance_321809">
    <mentionClass id="CHEBI_GO_PR_EXT:growth_hormone">growth hormone</mentionClass>
  </classMention>
  <classMention id="CHEBI_2015_08_26_Instance_410356">
    <mentionClass id="CHEBI_UBERON_EXT:triglyceride_or_adipose_tissue">fat (CHEBI/UBERON extension class)</mentionClass>
  </classMention>
  <classMention id="CHEBI_2015_08_26_Instance_321807">
    <mentionClass id="CHEBI_GO_PR_EXT:growth_hormone">growth hormone</mentionClass>
  </classMention>
  <classMention id="CHEBI_2015_08_26_Instance_13767">
    <mentionClass id="CHEBI:15377">water</mentionClass>
  </classMention>
  <classMention id="CHEBI_2015_08_26_Instance_28475">
    <mentionClass id="CHEBI:2511">agarose</mentionClass>
  </classMention>
  <classMention id="CHEBI_2015_08_26_Instance_321811">
    <mentionClass id="CHEBI_GO_PR_EXT:growth_hormone">growth hormone</mentionClass>
  </classMention>
  <classMention id="CHEBI_2015_08_26_Instance_410358">
    <mentionClass id="CHEBI_UBERON_EXT:triglyceride_or_adipose_tissue">fat (CHEBI/UBERON extension class)</mentionClass>
  </classMention>
  <classMention id="CHEBI_2015_08_26_Instance_13771">
    <mentionClass id="CHEBI:15377">water</mentionClass>
  </classMention>
  <classMention id="CHEBI_2015_08_26_Instance_28479">
    <mentionClass id="CHEBI:4883">ethidium bromide</mentionClass>
  </classMention>
  <classMention id="CHEBI_2015_08_26_Instance_321815">
    <mentionClass id="CHEBI_GO_PR_EXT:growth_hormone">growth hormone</mentionClass>
  </classMention>
  <classMention id="CHEBI_2015_08_26_Instance_410362">
    <mentionClass id="CHEBI_UBERON_EXT:triglyceride_or_adipose_tissue">fat (CHEBI/UBERON extension class)</mentionClass>
  </classMention>
  <classMention id="CHEBI_2015_08_26_Instance_13769">
    <mentionClass id="CHEBI:15377">water</mentionClass>
  </classMention>
  <classMention id="CHEBI_2015_08_26_Instance_28477">
    <mentionClass id="CHEBI:4883">ethidium bromide</mentionClass>
  </classMention>
  <classMention id="CHEBI_2015_08_26_Instance_321813">
    <mentionClass id="CHEBI_GO_PR_EXT:growth_hormone">growth hormone</mentionClass>
  </classMention>
  <classMention id="CHEBI_2015_08_26_Instance_410360">
    <mentionClass id="CHEBI_UBERON_EXT:triglyceride_or_adipose_tissue">fat (CHEBI/UBERON extension class)</mentionClass>
  </classMention>
  <classMention id="CHEBI_2015_08_26_Instance_321819">
    <mentionClass id="CHEBI_GO_PR_EXT:growth_hormone">growth hormone</mentionClass>
  </classMention>
  <classMention id="CHEBI_2015_08_26_Instance_410366">
    <mentionClass id="CHEBI_UBERON_EXT:triglyceride_or_adipose_tissue">fat (CHEBI/UBERON extension class)</mentionClass>
  </classMention>
  <classMention id="CHEBI_2015_08_26_Instance_13773">
    <mentionClass id="CHEBI:15377">water</mentionClass>
  </classMention>
  <classMention id="CHEBI_2015_08_26_Instance_28481">
    <mentionClass id="CHEBI:2511">agarose</mentionClass>
  </classMention>
  <classMention id="CHEBI_2015_08_26_Instance_321817">
    <mentionClass id="CHEBI_GO_PR_EXT:growth_hormone">growth hormone</mentionClass>
  </classMention>
  <classMention id="CHEBI_2015_08_26_Instance_410364">
    <mentionClass id="CHEBI_UBERON_EXT:triglyceride_or_adipose_tissue">fat (CHEBI/UBERON extension class)</mentionClass>
  </classMention>
  <classMention id="CHEBI_2015_08_26_Instance_321823">
    <mentionClass id="CHEBI_GO_PR_EXT:growth_hormone">growth hormone</mentionClass>
  </classMention>
  <classMention id="CHEBI_2015_08_26_Instance_410374">
    <mentionClass id="CHEBI_UBERON_EXT:triglyceride_or_adipose_tissue">fat (CHEBI/UBERON extension class)</mentionClass>
  </classMention>
  <classMention id="CHEBI_2015_08_26_Instance_321821">
    <mentionClass id="CHEBI_GO_PR_EXT:growth_hormone">growth hormone</mentionClass>
  </classMention>
  <classMention id="CHEBI_2015_08_26_Instance_410372">
    <mentionClass id="CHEBI_UBERON_EXT:triglyceride_or_adipose_tissue">fat (CHEBI/UBERON extension class)</mentionClass>
  </classMention>
  <classMention id="CHEBI_2015_08_26_Instance_321827">
    <mentionClass id="CHEBI_PR_EXT:somatostatin">somatostatin</mentionClass>
  </classMention>
  <classMention id="CHEBI_2015_08_26_Instance_410378">
    <mentionClass id="CHEBI_UBERON_EXT:triglyceride_or_adipose_tissue">fat (CHEBI/UBERON extension class)</mentionClass>
  </classMention>
  <classMention id="CHEBI_2015_08_26_Instance_410376">
    <mentionClass id="CHEBI_UBERON_EXT:triglyceride_or_adipose_tissue">fat (CHEBI/UBERON extension class)</mentionClass>
  </classMention>
  <classMention id="CHEBI_2015_08_26_Instance_321831">
    <mentionClass id="CHEBI_GO_PR_EXT:growth_hormone">growth hormone</mentionClass>
  </classMention>
  <classMention id="CHEBI_2015_08_26_Instance_410380">
    <mentionClass id="CHEBI_UBERON_EXT:triglyceride_or_adipose_tissue">fat (CHEBI/UBERON extension class)</mentionClass>
  </classMention>
  <classMention id="CHEBI_2015_08_26_Instance_321829">
    <mentionClass id="CHEBI_SO_EXT:DNA">DNA</mentionClass>
  </classMention>
  <classMention id="CHEBI_2015_08_26_Instance_321841">
    <mentionClass id="CHEBI_EXT:polycarbonate">polycarbonate</mentionClass>
  </classMention>
  <classMention id="CHEBI_2015_08_26_Instance_410384">
    <mentionClass id="CHEBI_UBERON_EXT:triglyceride_or_adipose_tissue">fat (CHEBI/UBERON extension class)</mentionClass>
  </classMention>
  <classMention id="CHEBI_2015_08_26_Instance_321833">
    <mentionClass id="CHEBI_GO_PR_EXT:growth_hormone">growth hormone</mentionClass>
  </classMention>
  <classMention id="CHEBI_2015_08_26_Instance_410382">
    <mentionClass id="CHEBI_UBERON_EXT:triglyceride_or_adipose_tissue">fat (CHEBI/UBERON extension class)</mentionClass>
  </classMention>
  <classMention id="CHEBI_2015_08_26_Instance_321845">
    <mentionClass id="CHEBI:63016">nonyl phenoxypolyethoxylethanol</mentionClass>
  </classMention>
  <classMention id="CHEBI_2015_08_26_Instance_410388">
    <mentionClass id="CHEBI_UBERON_EXT:triglyceride_or_adipose_tissue">fat (CHEBI/UBERON extension class)</mentionClass>
  </classMention>
  <classMention id="CHEBI_2015_08_26_Instance_321843">
    <mentionClass id="CHEBI_SO_EXT:DNA">DNA</mentionClass>
  </classMention>
  <classMention id="CHEBI_2015_08_26_Instance_410386">
    <mentionClass id="CHEBI_UBERON_EXT:triglyceride_or_adipose_tissue">fat (CHEBI/UBERON extension class)</mentionClass>
  </classMention>
  <classMention id="CHEBI_2015_08_26_Instance_321851">
    <mentionClass id="CHEBI:6636">magnesium dichloride</mentionClass>
  </classMention>
  <classMention id="CHEBI_2015_08_26_Instance_410392">
    <mentionClass id="CHEBI_UBERON_EXT:triglyceride_or_adipose_tissue">fat (CHEBI/UBERON extension class)</mentionClass>
  </classMention>
  <classMention id="CHEBI_2015_08_26_Instance_321847">
    <mentionClass id="CHEBI:53424">polysorbate 20</mentionClass>
  </classMention>
  <classMention id="CHEBI_2015_08_26_Instance_410390">
    <mentionClass id="CHEBI_UBERON_EXT:triglyceride_or_adipose_tissue">fat (CHEBI/UBERON extension class)</mentionClass>
  </classMention>
  <classMention id="CHEBI_2015_08_26_Instance_321881">
    <mentionClass id="CHEBI_GO_PR_EXT:growth_hormone">growth hormone</mentionClass>
  </classMention>
  <classMention id="CHEBI_2015_08_26_Instance_410396">
    <mentionClass id="CHEBI_UBERON_EXT:triglyceride_or_adipose_tissue">fat (CHEBI/UBERON extension class)</mentionClass>
  </classMention>
  <classMention id="CHEBI_2015_08_26_Instance_321877">
    <mentionClass id="CHEBI:6015">isoflurane</mentionClass>
  </classMention>
  <classMention id="CHEBI_2015_08_26_Instance_410394">
    <mentionClass id="CHEBI_UBERON_EXT:triglyceride_or_adipose_tissue">fat (CHEBI/UBERON extension class)</mentionClass>
  </classMention>
  <classMention id="CHEBI_2015_08_26_Instance_321885">
    <mentionClass id="CHEBI_SO_EXT:RNA">RNA</mentionClass>
  </classMention>
  <classMention id="CHEBI_2015_08_26_Instance_321883">
    <mentionClass id="CHEBI_SO_EXT:RNA">RNA</mentionClass>
  </classMention>
  <classMention id="CHEBI_2015_08_26_Instance_410398">
    <mentionClass id="CHEBI_UBERON_EXT:triglyceride_or_adipose_tissue">fat (CHEBI/UBERON extension class)</mentionClass>
  </classMention>
  <classMention id="CHEBI_2015_08_26_Instance_321889">
    <mentionClass id="CHEBI:75958">solution</mentionClass>
  </classMention>
  <classMention id="CHEBI_2015_08_26_Instance_410402">
    <mentionClass id="CHEBI_UBERON_EXT:triglyceride_or_adipose_tissue">fat (CHEBI/UBERON extension class)</mentionClass>
  </classMention>
  <classMention id="CHEBI_2015_08_26_Instance_321887">
    <mentionClass id="CHEBI_EXT:platinum">platinum</mentionClass>
  </classMention>
  <classMention id="CHEBI_2015_08_26_Instance_410400">
    <mentionClass id="CHEBI_UBERON_EXT:triglyceride_or_adipose_tissue">fat (CHEBI/UBERON extension class)</mentionClass>
  </classMention>
  <classMention id="CHEBI_2015_08_26_Instance_321893">
    <mentionClass id="CHEBI_EXT:platinum">platinum</mentionClass>
  </classMention>
  <classMention id="CHEBI_2015_08_26_Instance_331266">
    <mentionClass id="CHEBI_EXT:chemical_substance_or_polyatomic_entity">chemical substance or polyatomic entity</mentionClass>
  </classMention>
  <classMention id="CHEBI_2015_08_26_Instance_410406">
    <mentionClass id="CHEBI_UBERON_EXT:triglyceride_or_adipose_tissue">fat (CHEBI/UBERON extension class)</mentionClass>
  </classMention>
  <classMention id="CHEBI_2015_08_26_Instance_370130">
    <mentionClass id="CHEBI_GO_EXT:biological_process_or_quality_or_role">biological process, quality or role</mentionClass>
  </classMention>
  <classMention id="CHEBI_2015_08_26_Instance_321891">
    <mentionClass id="CHEBI_EXT:dNTP">dNTP</mentionClass>
  </classMention>
  <classMention id="CHEBI_2015_08_26_Instance_331264">
    <mentionClass id="CHEBI_EXT:biochemical">biochemical</mentionClass>
  </classMention>
  <classMention id="CHEBI_2015_08_26_Instance_410404">
    <mentionClass id="CHEBI_UBERON_EXT:triglyceride_or_adipose_tissue">fat (CHEBI/UBERON extension class)</mentionClass>
  </classMention>
  <classMention id="CHEBI_2015_08_26_Instance_321897">
    <mentionClass id="CHEBI_EXT:dNTP">dNTP</mentionClass>
  </classMention>
  <classMention id="CHEBI_2015_08_26_Instance_410410">
    <mentionClass id="CHEBI_UBERON_EXT:triglyceride_or_adipose_tissue">fat (CHEBI/UBERON extension class)</mentionClass>
  </classMention>
  <classMention id="CHEBI_2015_08_26_Instance_321895">
    <mentionClass id="CHEBI_SO_EXT:DNA">DNA</mentionClass>
  </classMention>
  <classMention id="CHEBI_2015_08_26_Instance_331268">
    <mentionClass id="CHEBI_EXT:chemical_substance_or_polyatomic_entity">chemical substance or polyatomic entity</mentionClass>
  </classMention>
  <classMention id="CHEBI_2015_08_26_Instance_410408">
    <mentionClass id="CHEBI_UBERON_EXT:triglyceride_or_adipose_tissue">fat (CHEBI/UBERON extension class)</mentionClass>
  </classMention>
  <classMention id="CHEBI_2015_08_26_Instance_321901">
    <mentionClass id="CHEBI_SO_EXT:mRNA">mRNA</mentionClass>
  </classMention>
  <classMention id="CHEBI_2015_08_26_Instance_331272">
    <mentionClass id="CHEBI_EXT:chemical_substance_or_polyatomic_entity">chemical substance or polyatomic entity</mentionClass>
  </classMention>
  <classMention id="CHEBI_2015_08_26_Instance_410414">
    <mentionClass id="CHEBI_UBERON_EXT:triglyceride_or_adipose_tissue">fat (CHEBI/UBERON extension class)</mentionClass>
  </classMention>
  <classMention id="CHEBI_2015_08_26_Instance_321899">
    <mentionClass id="CHEBI_SO_EXT:DNA">DNA</mentionClass>
  </classMention>
  <classMention id="CHEBI_2015_08_26_Instance_331270">
    <mentionClass id="CHEBI_EXT:chemical_substance_or_polyatomic_entity">chemical substance or polyatomic entity</mentionClass>
  </classMention>
  <classMention id="CHEBI_2015_08_26_Instance_410412">
    <mentionClass id="CHEBI_UBERON_EXT:triglyceride_or_adipose_tissue">fat (CHEBI/UBERON extension class)</mentionClass>
  </classMention>
  <classMention id="CHEBI_2015_08_26_Instance_321913">
    <mentionClass id="CHEBI_GO_PR_EXT:growth_hormone">growth hormone</mentionClass>
  </classMention>
  <classMention id="CHEBI_2015_08_26_Instance_410418">
    <mentionClass id="CHEBI_UBERON_EXT:triglyceride_or_adipose_tissue">fat (CHEBI/UBERON extension class)</mentionClass>
  </classMention>
  <classMention id="CHEBI_2015_08_26_Instance_321911">
    <mentionClass id="CHEBI_GO_PR_EXT:growth_hormone">growth hormone</mentionClass>
  </classMention>
  <classMention id="CHEBI_2015_08_26_Instance_331274">
    <mentionClass id="CHEBI_EXT:chemical_substance_or_polyatomic_entity">chemical substance or polyatomic entity</mentionClass>
  </classMention>
  <classMention id="CHEBI_2015_08_26_Instance_410416">
    <mentionClass id="CHEBI_UBERON_EXT:triglyceride_or_adipose_tissue">fat (CHEBI/UBERON extension class)</mentionClass>
  </classMention>
  <classMention id="CHEBI_2015_08_26_Instance_321917">
    <mentionClass id="CHEBI_PR_EXT:protein">protein</mentionClass>
  </classMention>
  <classMention id="CHEBI_2015_08_26_Instance_410420">
    <mentionClass id="CHEBI_UBERON_EXT:triglyceride_or_adipose_tissue">fat (CHEBI/UBERON extension class)</mentionClass>
  </classMention>
  <classMention id="CHEBI_2015_08_26_Instance_321915">
    <mentionClass id="CHEBI_GO_PR_EXT:growth_hormone">growth hormone</mentionClass>
  </classMention>
  <classMention id="CHEBI_2015_08_26_Instance_321921">
    <mentionClass id="CHEBI_EXT:residue">residue</mentionClass>
  </classMention>
  <classMention id="CHEBI_2015_08_26_Instance_410424">
    <mentionClass id="CHEBI_UBERON_EXT:triglyceride_or_adipose_tissue">fat (CHEBI/UBERON extension class)</mentionClass>
  </classMention>
  <classMention id="CHEBI_2015_08_26_Instance_321919">
    <mentionClass id="CHEBI_SO_EXT:amino_acid">amino acid</mentionClass>
  </classMention>
  <classMention id="CHEBI_2015_08_26_Instance_410422">
    <mentionClass id="CHEBI_UBERON_EXT:triglyceride_or_adipose_tissue">fat (CHEBI/UBERON extension class)</mentionClass>
  </classMention>
  <classMention id="CHEBI_2015_08_26_Instance_410428">
    <mentionClass id="CHEBI_UBERON_EXT:triglyceride_or_adipose_tissue">fat (CHEBI/UBERON extension class)</mentionClass>
  </classMention>
  <classMention id="CHEBI_2015_08_26_Instance_410426">
    <mentionClass id="CHEBI_UBERON_EXT:triglyceride_or_adipose_tissue">fat (CHEBI/UBERON extension class)</mentionClass>
  </classMention>
  <classMention id="CHEBI_2015_08_26_Instance_410432">
    <mentionClass id="CHEBI_UBERON_EXT:triglyceride_or_adipose_tissue">fat (CHEBI/UBERON extension class)</mentionClass>
  </classMention>
  <classMention id="CHEBI_2015_08_26_Instance_410430">
    <mentionClass id="CHEBI_UBERON_EXT:triglyceride_or_adipose_tissue">fat (CHEBI/UBERON extension class)</mentionClass>
  </classMention>
  <classMention id="CHEBI_2015_08_26_Instance_410436">
    <mentionClass id="CHEBI_UBERON_EXT:triglyceride_or_adipose_tissue">fat (CHEBI/UBERON extension class)</mentionClass>
  </classMention>
  <classMention id="CHEBI_2015_08_26_Instance_410434">
    <mentionClass id="CHEBI_UBERON_EXT:triglyceride_or_adipose_tissue">fat (CHEBI/UBERON extension class)</mentionClass>
  </classMention>
  <classMention id="CHEBI_2015_08_26_Instance_330298">
    <mentionClass id="CHEBI_EXT:polyatomic_entity_or_group">polyatomic entity or group</mentionClass>
  </classMention>
  <classMention id="CHEBI_2015_08_26_Instance_331300">
    <mentionClass id="CHEBI:15377">water</mentionClass>
  </classMention>
  <classMention id="CHEBI_2015_08_26_Instance_410438">
    <mentionClass id="CHEBI_UBERON_EXT:triglyceride_or_adipose_tissue">fat (CHEBI/UBERON extension class)</mentionClass>
  </classMention>
  <classMention id="CHEBI_2015_08_26_Instance_330302">
    <mentionClass id="CHEBI_EXT:polyatomic_entity_or_group">polyatomic entity or group</mentionClass>
  </classMention>
  <classMention id="CHEBI_2015_08_26_Instance_410442">
    <mentionClass id="CHEBI_UBERON_EXT:triglyceride_or_adipose_tissue">fat (CHEBI/UBERON extension class)</mentionClass>
  </classMention>
  <classMention id="CHEBI_2015_08_26_Instance_330300">
    <mentionClass id="CHEBI_EXT:polyatomic_entity_or_group">polyatomic entity or group</mentionClass>
  </classMention>
  <classMention id="CHEBI_2015_08_26_Instance_410440">
    <mentionClass id="CHEBI_UBERON_EXT:triglyceride_or_adipose_tissue">fat (CHEBI/UBERON extension class)</mentionClass>
  </classMention>
  <classMention id="CHEBI_2015_08_26_Instance_410446">
    <mentionClass id="CHEBI_UBERON_EXT:triglyceride_or_adipose_tissue">fat (CHEBI/UBERON extension class)</mentionClass>
  </classMention>
  <classMention id="CHEBI_2015_08_26_Instance_410444">
    <mentionClass id="CHEBI_UBERON_EXT:triglyceride_or_adipose_tissue">fat (CHEBI/UBERON extension class)</mentionClass>
  </classMention>
  <classMention id="CHEBI_2015_08_26_Instance_410450">
    <mentionClass id="CHEBI_UBERON_EXT:triglyceride_or_adipose_tissue">fat (CHEBI/UBERON extension class)</mentionClass>
  </classMention>
  <classMention id="CHEBI_2015_08_26_Instance_410448">
    <mentionClass id="CHEBI_UBERON_EXT:triglyceride_or_adipose_tissue">fat (CHEBI/UBERON extension class)</mentionClass>
  </classMention>
  <classMention id="CHEBI_2015_08_26_Instance_410454">
    <mentionClass id="CHEBI_UBERON_EXT:triglyceride_or_adipose_tissue">fat (CHEBI/UBERON extension class)</mentionClass>
  </classMention>
  <classMention id="CHEBI_2015_08_26_Instance_410452">
    <mentionClass id="CHEBI_UBERON_EXT:triglyceride_or_adipose_tissue">fat (CHEBI/UBERON extension class)</mentionClass>
  </classMention>
  <classMention id="CHEBI_2015_08_26_Instance_410458">
    <mentionClass id="CHEBI_UBERON_EXT:triglyceride_or_adipose_tissue">fat (CHEBI/UBERON extension class)</mentionClass>
  </classMention>
  <classMention id="CHEBI_2015_08_26_Instance_410456">
    <mentionClass id="CHEBI_UBERON_EXT:triglyceride_or_adipose_tissue">fat (CHEBI/UBERON extension class)</mentionClass>
  </classMention>
  <classMention id="CHEBI_2015_08_26_Instance_410460">
    <mentionClass id="CHEBI_UBERON_EXT:triglyceride_or_adipose_tissue">fat (CHEBI/UBERON extension class)</mentionClass>
  </classMention>
  <classMention id="CHEBI_2015_08_26_Instance_330882">
    <mentionClass id="CHEBI_SO_EXT:molecular_indicator_or_label_or_marker_or_tag">molecular indicator/label/marker/tag</mentionClass>
  </classMention>
  <classMention id="CHEBI_2015_08_26_Instance_330880">
    <mentionClass id="CHEBI_SO_EXT:molecular_indicator_or_label_or_marker_or_tag">molecular indicator/label/marker/tag</mentionClass>
  </classMention>
  <classMention id="CHEBI_2015_08_26_Instance_330886">
    <mentionClass id="CHEBI_SO_EXT:molecular_indicator_or_label_or_marker_or_tag">molecular indicator/label/marker/tag</mentionClass>
  </classMention>
  <classMention id="CHEBI_2015_08_26_Instance_330884">
    <mentionClass id="CHEBI_SO_EXT:molecular_indicator_or_label_or_marker_or_tag">molecular indicator/label/marker/tag</mentionClass>
  </classMention>
  <classMention id="CHEBI_2015_08_26_Instance_330888">
    <mentionClass id="CHEBI_SO_EXT:molecular_indicator_or_label_or_marker_or_tag">molecular indicator/label/marker/tag</mentionClass>
  </classMention>
  <classMention id="CHEBI_2015_08_26_Instance_330892">
    <mentionClass id="CHEBI_SO_EXT:molecular_indicator_or_label_or_marker_or_tag">molecular indicator/label/marker/tag</mentionClass>
  </classMention>
  <classMention id="CHEBI_2015_08_26_Instance_330890">
    <mentionClass id="CHEBI_SO_EXT:molecular_indicator_or_label_or_marker_or_tag">molecular indicator/label/marker/tag</mentionClass>
  </classMention>
  <classMention id="CHEBI_2015_08_26_Instance_330896">
    <mentionClass id="CHEBI_SO_EXT:molecular_indicator_or_label_or_marker_or_tag">molecular indicator/label/marker/tag</mentionClass>
  </classMention>
  <classMention id="CHEBI_2015_08_26_Instance_330894">
    <mentionClass id="CHEBI_SO_EXT:molecular_indicator_or_label_or_marker_or_tag">molecular indicator/label/marker/tag</mentionClass>
  </classMention>
  <classMention id="CHEBI_2015_08_26_Instance_330900">
    <mentionClass id="CHEBI_SO_EXT:molecular_indicator_or_label_or_marker_or_tag">molecular indicator/label/marker/tag</mentionClass>
  </classMention>
  <classMention id="CHEBI_2015_08_26_Instance_330898">
    <mentionClass id="CHEBI_SO_EXT:molecular_indicator_or_label_or_marker_or_tag">molecular indicator/label/marker/tag</mentionClass>
  </classMention>
  <classMention id="CHEBI_2015_08_26_Instance_330904">
    <mentionClass id="CHEBI_SO_EXT:molecular_indicator_or_label_or_marker_or_tag">molecular indicator/label/marker/tag</mentionClass>
  </classMention>
  <classMention id="CHEBI_2015_08_26_Instance_330902">
    <mentionClass id="CHEBI_SO_EXT:molecular_indicator_or_label_or_marker_or_tag">molecular indicator/label/marker/tag</mentionClass>
  </classMention>
  <classMention id="CHEBI_2015_08_26_Instance_330908">
    <mentionClass id="CHEBI_SO_EXT:molecular_indicator_or_label_or_marker_or_tag">molecular indicator/label/marker/tag</mentionClass>
  </classMention>
  <classMention id="CHEBI_2015_08_26_Instance_330906">
    <mentionClass id="CHEBI_SO_EXT:molecular_indicator_or_label_or_marker_or_tag">molecular indicator/label/marker/tag</mentionClass>
  </classMention>
  <classMention id="CHEBI_2015_08_26_Instance_330910">
    <mentionClass id="CHEBI_SO_EXT:molecular_indicator_or_label_or_marker_or_tag">molecular indicator/label/marker/tag</mentionClass>
  </classMention>
  <classMention id="CHEBI_2015_08_26_Instance_330410">
    <mentionClass id="CHEBI_SO_EXT:amino_acid">amino acid</mentionClass>
  </classMention>
  <classMention id="CHEBI_2015_08_26_Instance_330408">
    <mentionClass id="CHEBI_SO_EXT:amino_acid">amino acid</mentionClass>
  </classMention>
  <classMention id="CHEBI_2015_08_26_Instance_330914">
    <mentionClass id="CHEBI_SO_EXT:molecular_indicator_or_label_or_marker_or_tag">molecular indicator/label/marker/tag</mentionClass>
  </classMention>
  <classMention id="CHEBI_2015_08_26_Instance_330912">
    <mentionClass id="CHEBI_SO_EXT:molecular_indicator_or_label_or_marker_or_tag">molecular indicator/label/marker/tag</mentionClass>
  </classMention>
  <classMention id="CHEBI_2015_08_26_Instance_330918">
    <mentionClass id="CHEBI_SO_EXT:molecular_indicator_or_label_or_marker_or_tag">molecular indicator/label/marker/tag</mentionClass>
  </classMention>
  <classMention id="CHEBI_2015_08_26_Instance_330916">
    <mentionClass id="CHEBI_SO_EXT:molecular_indicator_or_label_or_marker_or_tag">molecular indicator/label/marker/tag</mentionClass>
  </classMention>
  <classMention id="CHEBI_2015_08_26_Instance_330922">
    <mentionClass id="CHEBI_SO_EXT:molecular_indicator_or_label_or_marker_or_tag">molecular indicator/label/marker/tag</mentionClass>
  </classMention>
  <classMention id="CHEBI_2015_08_26_Instance_330920">
    <mentionClass id="CHEBI_SO_EXT:molecular_indicator_or_label_or_marker_or_tag">molecular indicator/label/marker/tag</mentionClass>
  </classMention>
  <classMention id="CHEBI_2015_08_26_Instance_330926">
    <mentionClass id="CHEBI_SO_EXT:molecular_indicator_or_label_or_marker_or_tag">molecular indicator/label/marker/tag</mentionClass>
  </classMention>
  <classMention id="CHEBI_2015_08_26_Instance_330924">
    <mentionClass id="CHEBI_SO_EXT:molecular_indicator_or_label_or_marker_or_tag">molecular indicator/label/marker/tag</mentionClass>
  </classMention>
  <classMention id="CHEBI_2015_08_26_Instance_330928">
    <mentionClass id="CHEBI_SO_EXT:molecular_indicator_or_label_or_marker_or_tag">molecular indicator/label/marker/tag</mentionClass>
  </classMention>
  <classMention id="CHEBI_2015_08_26_Instance_330932">
    <mentionClass id="CHEBI_SO_EXT:molecular_indicator_or_label_or_marker_or_tag">molecular indicator/label/marker/tag</mentionClass>
  </classMention>
  <classMention id="CHEBI_2015_08_26_Instance_330930">
    <mentionClass id="CHEBI_SO_EXT:molecular_indicator_or_label_or_marker_or_tag">molecular indicator/label/marker/tag</mentionClass>
  </classMention>
  <classMention id="CHEBI_2015_08_26_Instance_310120">
    <mentionClass id="CHEBI_PR_EXT:protein">protein</mentionClass>
  </classMention>
  <classMention id="CHEBI_2015_08_26_Instance_330936">
    <mentionClass id="CHEBI_SO_EXT:molecular_indicator_or_label_or_marker_or_tag">molecular indicator/label/marker/tag</mentionClass>
  </classMention>
  <classMention id="CHEBI_2015_08_26_Instance_310118">
    <mentionClass id="CHEBI_PR_EXT:protein">protein</mentionClass>
  </classMention>
  <classMention id="CHEBI_2015_08_26_Instance_330934">
    <mentionClass id="CHEBI_SO_EXT:molecular_indicator_or_label_or_marker_or_tag">molecular indicator/label/marker/tag</mentionClass>
  </classMention>
  <classMention id="CHEBI_2015_08_26_Instance_310124">
    <mentionClass id="CHEBI_PR_EXT:protein">protein</mentionClass>
  </classMention>
  <classMention id="CHEBI_2015_08_26_Instance_330940">
    <mentionClass id="CHEBI_SO_EXT:molecular_indicator_or_label_or_marker_or_tag">molecular indicator/label/marker/tag</mentionClass>
  </classMention>
  <classMention id="CHEBI_2015_08_26_Instance_330440">
    <mentionClass id="CHEBI_CHMO_EXT:buffer_solution">buffer solution</mentionClass>
  </classMention>
  <classMention id="CHEBI_2015_08_26_Instance_310122">
    <mentionClass id="CHEBI_PR_EXT:protein">protein</mentionClass>
  </classMention>
  <classMention id="CHEBI_2015_08_26_Instance_330938">
    <mentionClass id="CHEBI_SO_EXT:molecular_indicator_or_label_or_marker_or_tag">molecular indicator/label/marker/tag</mentionClass>
  </classMention>
  <classMention id="CHEBI_2015_08_26_Instance_310128">
    <mentionClass id="CHEBI_PR_EXT:protein">protein</mentionClass>
  </classMention>
  <classMention id="CHEBI_2015_08_26_Instance_330444">
    <mentionClass id="CHEBI_CHMO_EXT:buffer_solution">buffer solution</mentionClass>
  </classMention>
  <classMention id="CHEBI_2015_08_26_Instance_310126">
    <mentionClass id="CHEBI_PR_EXT:protein">protein</mentionClass>
  </classMention>
  <classMention id="CHEBI_2015_08_26_Instance_330942">
    <mentionClass id="CHEBI_SO_EXT:molecular_indicator_or_label_or_marker_or_tag">molecular indicator/label/marker/tag</mentionClass>
  </classMention>
  <classMention id="CHEBI_2015_08_26_Instance_330442">
    <mentionClass id="CHEBI_CHMO_EXT:buffer_solution">buffer solution</mentionClass>
  </classMention>
  <classMention id="CHEBI_2015_08_26_Instance_310130">
    <mentionClass id="CHEBI_PR_EXT:protein">protein</mentionClass>
  </classMention>
  <classMention id="CHEBI_2015_08_26_Instance_330446">
    <mentionClass id="CHEBI_CHMO_EXT:buffer_solution">buffer solution</mentionClass>
  </classMention>
  <classMention id="CHEBI_2015_08_26_Instance_310134">
    <mentionClass id="CHEBI_PR_EXT:protein">protein</mentionClass>
  </classMention>
  <classMention id="CHEBI_2015_08_26_Instance_310132">
    <mentionClass id="CHEBI_PR_EXT:protein">protein</mentionClass>
  </classMention>
  <classMention id="CHEBI_2015_08_26_Instance_310138">
    <mentionClass id="CHEBI_PR_EXT:protein">protein</mentionClass>
  </classMention>
  <classMention id="CHEBI_2015_08_26_Instance_310136">
    <mentionClass id="CHEBI_PR_EXT:protein">protein</mentionClass>
  </classMention>
  <classMention id="CHEBI_2015_08_26_Instance_310142">
    <mentionClass id="CHEBI_PR_EXT:protein">protein</mentionClass>
  </classMention>
  <classMention id="CHEBI_2015_08_26_Instance_310140">
    <mentionClass id="CHEBI_PR_EXT:protein">protein</mentionClass>
  </classMention>
  <classMention id="CHEBI_2015_08_26_Instance_310146">
    <mentionClass id="CHEBI_PR_EXT:protein">protein</mentionClass>
  </classMention>
  <classMention id="CHEBI_2015_08_26_Instance_310144">
    <mentionClass id="CHEBI_PR_EXT:protein">protein</mentionClass>
  </classMention>
  <classMention id="CHEBI_2015_08_26_Instance_31413">
    <mentionClass id="CHEBI_EXT:33290">food</mentionClass>
  </classMention>
  <classMention id="CHEBI_2015_08_26_Instance_310148">
    <mentionClass id="CHEBI_PR_EXT:protein">protein</mentionClass>
  </classMention>
  <classMention id="CHEBI_2015_08_26_Instance_310152">
    <mentionClass id="CHEBI_PR_EXT:protein">protein</mentionClass>
  </classMention>
  <classMention id="CHEBI_2015_08_26_Instance_310150">
    <mentionClass id="CHEBI_PR_EXT:protein">protein</mentionClass>
  </classMention>
  <classMention id="CHEBI_2015_08_26_Instance_380210">
    <mentionClass id="CHEBI_EXT:anaesthetic_process">anaesthetic process</mentionClass>
  </classMention>
  <classMention id="CHEBI_2015_08_26_Instance_25433">
    <mentionClass id="CHEBI:15377">water</mentionClass>
  </classMention>
  <classMention id="CHEBI_2015_08_26_Instance_380212">
    <mentionClass id="CHEBI_EXT:anaesthetic_process">anaesthetic process</mentionClass>
  </classMention>
</annotations>

