<?xml version="1.0" encoding="UTF-8"?>
<annotations textSource="16787536.txt">
  <annotation>
    <mention id="CHEBI_2015_08_26_backup_Instance_20087" />
    <annotator id="CHEBI_2015_08_26_Instance_10000">Mike Bada, University of Colorado Anschutz Medical Campus</annotator>
    <span start="25571" end="25582" />
    <spannedText>antagonists</spannedText>
  </annotation>
  <annotation>
    <mention id="CHEBI_2015_08_26_backup_Instance_504" />
    <span start="27579" end="27593" />
    <spannedText>amino terminal</spannedText>
  </annotation>
  <annotation>
    <mention id="CHEBI_2015_08_26_Instance_30771" />
    <annotator id="CHEBI_2015_08_26_Instance_10000">Mike Bada, University of Colorado Anschutz Medical Campus</annotator>
    <span start="2079" end="2088" />
    <spannedText>cobalamin</spannedText>
  </annotation>
  <annotation>
    <mention id="CHEBI_2015_08_26_Instance_30773" />
    <annotator id="CHEBI_2015_08_26_Instance_10000">Mike Bada, University of Colorado Anschutz Medical Campus</annotator>
    <span start="2090" end="2093" />
    <spannedText>Cbl</spannedText>
  </annotation>
  <annotation>
    <mention id="CHEBI_2015_08_26_Instance_30775" />
    <annotator id="CHEBI_2015_08_26_Instance_10000">Mike Bada, University of Colorado Anschutz Medical Campus</annotator>
    <span start="2152" end="2155" />
    <spannedText>Cbl</spannedText>
  </annotation>
  <annotation>
    <mention id="CHEBI_2015_08_26_Instance_30777" />
    <annotator id="CHEBI_2015_08_26_Instance_10000">Mike Bada, University of Colorado Anschutz Medical Campus</annotator>
    <span start="2219" end="2233" />
    <spannedText>apolipoprotein</spannedText>
  </annotation>
  <annotation>
    <mention id="CHEBI_2015_08_26_Instance_30779" />
    <annotator id="CHEBI_2015_08_26_Instance_10000">Mike Bada, University of Colorado Anschutz Medical Campus</annotator>
    <span start="2412" end="2421" />
    <spannedText>vitamin D</spannedText>
  </annotation>
  <annotation>
    <mention id="CHEBI_2015_08_26_Instance_30785" />
    <annotator id="CHEBI_2015_08_26_Instance_10000">Mike Bada, University of Colorado Anschutz Medical Campus</annotator>
    <span start="2868" end="2874" />
    <spannedText>cation</spannedText>
  </annotation>
  <annotation>
    <mention id="CHEBI_2015_08_26_Instance_30795" />
    <annotator id="CHEBI_2015_08_26_Instance_10000">Mike Bada, University of Colorado Anschutz Medical Campus</annotator>
    <span start="3533" end="3542" />
    <spannedText>nutrients</spannedText>
  </annotation>
  <annotation>
    <mention id="CHEBI_2015_08_26_Instance_30797" />
    <annotator id="CHEBI_2015_08_26_Instance_10000">Mike Bada, University of Colorado Anschutz Medical Campus</annotator>
    <span start="3679" end="3705" />
    <spannedText>HDL-associated cholesterol</spannedText>
  </annotation>
  <annotation>
    <mention id="CHEBI_2015_08_26_Instance_30801" />
    <annotator id="CHEBI_2015_08_26_Instance_10000">Mike Bada, University of Colorado Anschutz Medical Campus</annotator>
    <span start="3710" end="3724" />
    <spannedText>apolipoprotein</spannedText>
  </annotation>
  <annotation>
    <mention id="CHEBI_2015_08_26_Instance_30807" />
    <annotator id="CHEBI_2015_08_26_Instance_10000">Mike Bada, University of Colorado Anschutz Medical Campus</annotator>
    <span start="23483" end="23492" />
    <spannedText>nutrients</spannedText>
  </annotation>
  <annotation>
    <mention id="CHEBI_2015_08_26_Instance_30809" />
    <annotator id="CHEBI_2015_08_26_Instance_10000">Mike Bada, University of Colorado Anschutz Medical Campus</annotator>
    <span start="23537" end="23546" />
    <spannedText>nutrients</spannedText>
  </annotation>
  <annotation>
    <mention id="CHEBI_2015_08_26_Instance_30811" />
    <annotator id="CHEBI_2015_08_26_Instance_10000">Mike Bada, University of Colorado Anschutz Medical Campus</annotator>
    <span start="23729" end="23738" />
    <spannedText>vitamin D</spannedText>
  </annotation>
  <annotation>
    <mention id="CHEBI_2015_08_26_Instance_30815" />
    <annotator id="CHEBI_2015_08_26_Instance_10000">Mike Bada, University of Colorado Anschutz Medical Campus</annotator>
    <span start="23919" end="23934" />
    <spannedText>apolipoproteins</spannedText>
  </annotation>
  <annotation>
    <mention id="CHEBI_2015_08_26_Instance_30817" />
    <annotator id="CHEBI_2015_08_26_Instance_10000">Mike Bada, University of Colorado Anschutz Medical Campus</annotator>
    <span start="23936" end="23949" />
    <spannedText>phospholipids</spannedText>
  </annotation>
  <annotation>
    <mention id="CHEBI_2015_08_26_Instance_30819" />
    <annotator id="CHEBI_2015_08_26_Instance_10000">Mike Bada, University of Colorado Anschutz Medical Campus</annotator>
    <span start="23951" end="23962" />
    <spannedText>cholesterol</spannedText>
  </annotation>
  <annotation>
    <mention id="CHEBI_2015_08_26_Instance_30825" />
    <annotator id="CHEBI_2015_08_26_Instance_10000">Mike Bada, University of Colorado Anschutz Medical Campus</annotator>
    <span start="24029" end="24042" />
    <spannedText>retinoic acid</spannedText>
  </annotation>
  <annotation>
    <mention id="CHEBI_2015_08_26_Instance_30827" />
    <annotator id="CHEBI_2015_08_26_Instance_10000">Mike Bada, University of Colorado Anschutz Medical Campus</annotator>
    <span start="24065" end="24078" />
    <spannedText>retinaldehyde</spannedText>
  </annotation>
  <annotation>
    <mention id="CHEBI_2015_08_26_Instance_30831" />
    <annotator id="CHEBI_2015_08_26_Instance_10000">Mike Bada, University of Colorado Anschutz Medical Campus</annotator>
    <span start="25483" end="25494" />
    <spannedText>cholesterol</spannedText>
  </annotation>
  <annotation>
    <mention id="CHEBI_2015_08_26_Instance_30835" />
    <annotator id="CHEBI_2015_08_26_Instance_10000">Mike Bada, University of Colorado Anschutz Medical Campus</annotator>
    <span start="25649" end="25675" />
    <spannedText>HDL-associated cholesterol</spannedText>
  </annotation>
  <annotation>
    <mention id="CHEBI_2015_08_26_Instance_30839" />
    <annotator id="CHEBI_2015_08_26_Instance_10000">Mike Bada, University of Colorado Anschutz Medical Campus</annotator>
    <span start="26011" end="26022" />
    <spannedText>cholesterol</spannedText>
  </annotation>
  <annotation>
    <mention id="CHEBI_2015_08_26_Instance_30887" />
    <annotator id="CHEBI_2015_08_26_Instance_10000">Mike Bada, University of Colorado Anschutz Medical Campus</annotator>
    <span start="36416" end="36423" />
    <spannedText>heparin</spannedText>
  </annotation>
  <annotation>
    <mention id="CHEBI_2015_08_26_Instance_30889" />
    <annotator id="CHEBI_2015_08_26_Instance_10000">Mike Bada, University of Colorado Anschutz Medical Campus</annotator>
    <span start="36490" end="36494" />
    <spannedText>NaCl</spannedText>
  </annotation>
  <annotation>
    <mention id="CHEBI_2015_08_26_Instance_30891" />
    <annotator id="CHEBI_2015_08_26_Instance_10000">Mike Bada, University of Colorado Anschutz Medical Campus</annotator>
    <span start="36502" end="36506" />
    <spannedText>Tris</spannedText>
  </annotation>
  <annotation>
    <mention id="CHEBI_2015_08_26_Instance_30897" />
    <annotator id="CHEBI_2015_08_26_Instance_10000">Mike Bada, University of Colorado Anschutz Medical Campus</annotator>
    <span start="37117" end="37131" />
    <spannedText>apolipoprotein</spannedText>
  </annotation>
  <annotation>
    <mention id="CHEBI_2015_08_26_Instance_30899" />
    <annotator id="CHEBI_2015_08_26_Instance_10000">Mike Bada, University of Colorado Anschutz Medical Campus</annotator>
    <span start="37159" end="37168" />
    <spannedText>cobalamin</spannedText>
  </annotation>
  <annotation>
    <mention id="CHEBI_2015_08_26_Instance_30901" />
    <annotator id="CHEBI_2015_08_26_Instance_10000">Mike Bada, University of Colorado Anschutz Medical Campus</annotator>
    <span start="37154" end="37157" />
    <spannedText>Cbl</spannedText>
  </annotation>
  <annotation>
    <mention id="CHEBI_2015_08_26_Instance_310176" />
    <annotator id="CHEBI_2015_08_26_Instance_10000">Mike Bada, University of Colorado Anschutz Medical Campus</annotator>
    <span start="191" end="198" />
    <spannedText>protein</spannedText>
  </annotation>
  <annotation>
    <mention id="CHEBI_2015_08_26_Instance_310178" />
    <annotator id="CHEBI_2015_08_26_Instance_10000">Mike Bada, University of Colorado Anschutz Medical Campus</annotator>
    <span start="241" end="249" />
    <spannedText>proteins</spannedText>
  </annotation>
  <annotation>
    <mention id="CHEBI_2015_08_26_Instance_310180" />
    <annotator id="CHEBI_2015_08_26_Instance_10000">Mike Bada, University of Colorado Anschutz Medical Campus</annotator>
    <span start="1806" end="1813" />
    <spannedText>protein</spannedText>
  </annotation>
  <annotation>
    <mention id="CHEBI_2015_08_26_Instance_310182" />
    <annotator id="CHEBI_2015_08_26_Instance_10000">Mike Bada, University of Colorado Anschutz Medical Campus</annotator>
    <span start="2430" end="2437" />
    <spannedText>protein</spannedText>
  </annotation>
  <annotation>
    <mention id="CHEBI_2015_08_26_Instance_310184" />
    <annotator id="CHEBI_2015_08_26_Instance_10000">Mike Bada, University of Colorado Anschutz Medical Campus</annotator>
    <span start="2486" end="2493" />
    <spannedText>protein</spannedText>
  </annotation>
  <annotation>
    <mention id="CHEBI_2015_08_26_Instance_310186" />
    <annotator id="CHEBI_2015_08_26_Instance_10000">Mike Bada, University of Colorado Anschutz Medical Campus</annotator>
    <span start="2537" end="2545" />
    <spannedText>proteins</spannedText>
  </annotation>
  <annotation>
    <mention id="CHEBI_2015_08_26_Instance_310188" />
    <annotator id="CHEBI_2015_08_26_Instance_10000">Mike Bada, University of Colorado Anschutz Medical Campus</annotator>
    <span start="3140" end="3147" />
    <spannedText>protein</spannedText>
  </annotation>
  <annotation>
    <mention id="CHEBI_2015_08_26_Instance_310190" />
    <annotator id="CHEBI_2015_08_26_Instance_10000">Mike Bada, University of Colorado Anschutz Medical Campus</annotator>
    <span start="3204" end="3211" />
    <spannedText>protein</spannedText>
  </annotation>
  <annotation>
    <mention id="CHEBI_2015_08_26_Instance_310192" />
    <annotator id="CHEBI_2015_08_26_Instance_10000">Mike Bada, University of Colorado Anschutz Medical Campus</annotator>
    <span start="19310" end="19317" />
    <spannedText>protein</spannedText>
  </annotation>
  <annotation>
    <mention id="CHEBI_2015_08_26_Instance_310194" />
    <annotator id="CHEBI_2015_08_26_Instance_10000">Mike Bada, University of Colorado Anschutz Medical Campus</annotator>
    <span start="23747" end="23754" />
    <spannedText>protein</spannedText>
  </annotation>
  <annotation>
    <mention id="CHEBI_2015_08_26_Instance_310196" />
    <annotator id="CHEBI_2015_08_26_Instance_10000">Mike Bada, University of Colorado Anschutz Medical Campus</annotator>
    <span start="23800" end="23807" />
    <spannedText>protein</spannedText>
  </annotation>
  <annotation>
    <mention id="CHEBI_2015_08_26_Instance_310198" />
    <annotator id="CHEBI_2015_08_26_Instance_10000">Mike Bada, University of Colorado Anschutz Medical Campus</annotator>
    <span start="24772" end="24780" />
    <spannedText>proteins</spannedText>
  </annotation>
  <annotation>
    <mention id="CHEBI_2015_08_26_Instance_310200" />
    <annotator id="CHEBI_2015_08_26_Instance_10000">Mike Bada, University of Colorado Anschutz Medical Campus</annotator>
    <span start="27621" end="27628" />
    <spannedText>protein</spannedText>
  </annotation>
  <annotation>
    <mention id="CHEBI_2015_08_26_Instance_310202" />
    <annotator id="CHEBI_2015_08_26_Instance_10000">Mike Bada, University of Colorado Anschutz Medical Campus</annotator>
    <span start="30192" end="30199" />
    <spannedText>protein</spannedText>
  </annotation>
  <annotation>
    <mention id="CHEBI_2015_08_26_Instance_310204" />
    <annotator id="CHEBI_2015_08_26_Instance_10000">Mike Bada, University of Colorado Anschutz Medical Campus</annotator>
    <span start="36614" end="36621" />
    <spannedText>protein</spannedText>
  </annotation>
  <annotation>
    <mention id="CHEBI_2015_08_26_Instance_310206" />
    <annotator id="CHEBI_2015_08_26_Instance_10000">Mike Bada, University of Colorado Anschutz Medical Campus</annotator>
    <span start="36718" end="36725" />
    <spannedText>protein</spannedText>
  </annotation>
  <annotation>
    <mention id="CHEBI_2015_08_26_Instance_310208" />
    <annotator id="CHEBI_2015_08_26_Instance_10000">Mike Bada, University of Colorado Anschutz Medical Campus</annotator>
    <span start="37253" end="37260" />
    <spannedText>protein</spannedText>
  </annotation>
  <annotation>
    <mention id="CHEBI_2015_08_26_Instance_321983" />
    <annotator id="CHEBI_2015_08_26_Instance_10000">Mike Bada, University of Colorado Anschutz Medical Campus</annotator>
    <span start="284" end="290" />
    <spannedText>ligand</spannedText>
  </annotation>
  <annotation>
    <mention id="CHEBI_2015_08_26_Instance_321987" />
    <annotator id="CHEBI_2015_08_26_Instance_10000">Mike Bada, University of Colorado Anschutz Medical Campus</annotator>
    <span start="2345" end="2352" />
    <spannedText>ligands</spannedText>
  </annotation>
  <annotation>
    <mention id="CHEBI_2015_08_26_Instance_321989" />
    <annotator id="CHEBI_2015_08_26_Instance_10000">Mike Bada, University of Colorado Anschutz Medical Campus</annotator>
    <span start="2887" end="2906" />
    <spannedText>mannose 6-phosphate</spannedText>
  </annotation>
  <annotation>
    <mention id="CHEBI_2015_08_26_Instance_321993" />
    <annotator id="CHEBI_2015_08_26_Instance_10000">Mike Bada, University of Colorado Anschutz Medical Campus</annotator>
    <span start="2907" end="2936" />
    <spannedText>insulin-like growth factor II</spannedText>
  </annotation>
  <annotation>
    <mention id="CHEBI_2015_08_26_Instance_321995" />
    <annotator id="CHEBI_2015_08_26_Instance_10000">Mike Bada, University of Colorado Anschutz Medical Campus</annotator>
    <span start="4860" end="4864" />
    <spannedText>G418</spannedText>
  </annotation>
  <annotation>
    <mention id="CHEBI_2015_08_26_Instance_321997" />
    <annotator id="CHEBI_2015_08_26_Instance_10000">Mike Bada, University of Colorado Anschutz Medical Campus</annotator>
    <span start="5072" end="5078" />
    <spannedText>probes</spannedText>
  </annotation>
  <annotation>
    <mention id="CHEBI_2015_08_26_Instance_321999" />
    <annotator id="CHEBI_2015_08_26_Instance_10000">Mike Bada, University of Colorado Anschutz Medical Campus</annotator>
    <span start="5653" end="5659" />
    <spannedText>Ligand</spannedText>
  </annotation>
  <annotation>
    <mention id="CHEBI_2015_08_26_Instance_322001" />
    <annotator id="CHEBI_2015_08_26_Instance_10000">Mike Bada, University of Colorado Anschutz Medical Campus</annotator>
    <span start="5992" end="5998" />
    <spannedText>probes</spannedText>
  </annotation>
  <annotation>
    <mention id="CHEBI_2015_08_26_Instance_322003" />
    <annotator id="CHEBI_2015_08_26_Instance_10000">Mike Bada, University of Colorado Anschutz Medical Campus</annotator>
    <span start="5988" end="5991" />
    <spannedText>DNA</spannedText>
  </annotation>
  <annotation>
    <mention id="CHEBI_2015_08_26_Instance_322005" />
    <annotator id="CHEBI_2015_08_26_Instance_10000">Mike Bada, University of Colorado Anschutz Medical Campus</annotator>
    <span start="6577" end="6580" />
    <spannedText>DNA</spannedText>
  </annotation>
  <annotation>
    <mention id="CHEBI_2015_08_26_Instance_322007" />
    <annotator id="CHEBI_2015_08_26_Instance_10000">Mike Bada, University of Colorado Anschutz Medical Campus</annotator>
    <span start="6666" end="6672" />
    <spannedText>probes</spannedText>
  </annotation>
  <annotation>
    <mention id="CHEBI_2015_08_26_Instance_322009" />
    <annotator id="CHEBI_2015_08_26_Instance_10000">Mike Bada, University of Colorado Anschutz Medical Campus</annotator>
    <span start="6745" end="6746" />
    <spannedText>b</spannedText>
  </annotation>
  <annotation>
    <mention id="CHEBI_2015_08_26_Instance_322011" />
    <annotator id="CHEBI_2015_08_26_Instance_10000">Mike Bada, University of Colorado Anschutz Medical Campus</annotator>
    <span start="6790" end="6791" />
    <spannedText>b</spannedText>
  </annotation>
  <annotation>
    <mention id="CHEBI_2015_08_26_Instance_322013" />
    <annotator id="CHEBI_2015_08_26_Instance_10000">Mike Bada, University of Colorado Anschutz Medical Campus</annotator>
    <span start="6933" end="6934" />
    <spannedText>b</spannedText>
  </annotation>
  <annotation>
    <mention id="CHEBI_2015_08_26_Instance_322015" />
    <annotator id="CHEBI_2015_08_26_Instance_10000">Mike Bada, University of Colorado Anschutz Medical Campus</annotator>
    <span start="6875" end="6880" />
    <spannedText>probe</spannedText>
  </annotation>
  <annotation>
    <mention id="CHEBI_2015_08_26_Instance_322017" />
    <annotator id="CHEBI_2015_08_26_Instance_10000">Mike Bada, University of Colorado Anschutz Medical Campus</annotator>
    <span start="6810" end="6813" />
    <spannedText>DNA</spannedText>
  </annotation>
  <annotation>
    <mention id="CHEBI_2015_08_26_Instance_322019" />
    <annotator id="CHEBI_2015_08_26_Instance_10000">Mike Bada, University of Colorado Anschutz Medical Campus</annotator>
    <span start="6976" end="6977" />
    <spannedText>b</spannedText>
  </annotation>
  <annotation>
    <mention id="CHEBI_2015_08_26_Instance_322021" />
    <annotator id="CHEBI_2015_08_26_Instance_10000">Mike Bada, University of Colorado Anschutz Medical Campus</annotator>
    <span start="6996" end="6999" />
    <spannedText>DNA</spannedText>
  </annotation>
  <annotation>
    <mention id="CHEBI_2015_08_26_Instance_322023" />
    <annotator id="CHEBI_2015_08_26_Instance_10000">Mike Bada, University of Colorado Anschutz Medical Campus</annotator>
    <span start="7050" end="7055" />
    <spannedText>probe</spannedText>
  </annotation>
  <annotation>
    <mention id="CHEBI_2015_08_26_Instance_322025" />
    <annotator id="CHEBI_2015_08_26_Instance_10000">Mike Bada, University of Colorado Anschutz Medical Campus</annotator>
    <span start="7196" end="7199" />
    <spannedText>DNA</spannedText>
  </annotation>
  <annotation>
    <mention id="CHEBI_2015_08_26_Instance_322027" />
    <annotator id="CHEBI_2015_08_26_Instance_10000">Mike Bada, University of Colorado Anschutz Medical Campus</annotator>
    <span start="9356" end="9360" />
    <spannedText>mRNA</spannedText>
  </annotation>
  <annotation>
    <mention id="CHEBI_2015_08_26_Instance_322029" />
    <annotator id="CHEBI_2015_08_26_Instance_10000">Mike Bada, University of Colorado Anschutz Medical Campus</annotator>
    <span start="9404" end="9407" />
    <spannedText>RNA</spannedText>
  </annotation>
  <annotation>
    <mention id="CHEBI_2015_08_26_Instance_322031" />
    <annotator id="CHEBI_2015_08_26_Instance_10000">Mike Bada, University of Colorado Anschutz Medical Campus</annotator>
    <span start="9794" end="9797" />
    <spannedText>RNA</spannedText>
  </annotation>
  <annotation>
    <mention id="CHEBI_2015_08_26_Instance_322033" />
    <annotator id="CHEBI_2015_08_26_Instance_10000">Mike Bada, University of Colorado Anschutz Medical Campus</annotator>
    <span start="11006" end="11007" />
    <spannedText>H</spannedText>
  </annotation>
  <annotation>
    <mention id="CHEBI_2015_08_26_Instance_322035" />
    <annotator id="CHEBI_2015_08_26_Instance_10000">Mike Bada, University of Colorado Anschutz Medical Campus</annotator>
    <span start="11008" end="11009" />
    <spannedText>E</spannedText>
  </annotation>
  <annotation>
    <mention id="CHEBI_2015_08_26_Instance_322037" />
    <annotator id="CHEBI_2015_08_26_Instance_10000">Mike Bada, University of Colorado Anschutz Medical Campus</annotator>
    <span start="12251" end="12252" />
    <spannedText>H</spannedText>
  </annotation>
  <annotation>
    <mention id="CHEBI_2015_08_26_Instance_322039" />
    <annotator id="CHEBI_2015_08_26_Instance_10000">Mike Bada, University of Colorado Anschutz Medical Campus</annotator>
    <span start="12253" end="12254" />
    <spannedText>E</spannedText>
  </annotation>
  <annotation>
    <mention id="CHEBI_2015_08_26_Instance_322041" />
    <annotator id="CHEBI_2015_08_26_Instance_10000">Mike Bada, University of Colorado Anschutz Medical Campus</annotator>
    <span start="14984" end="14985" />
    <spannedText>H</spannedText>
  </annotation>
  <annotation>
    <mention id="CHEBI_2015_08_26_Instance_322043" />
    <annotator id="CHEBI_2015_08_26_Instance_10000">Mike Bada, University of Colorado Anschutz Medical Campus</annotator>
    <span start="14986" end="14987" />
    <spannedText>E</spannedText>
  </annotation>
  <annotation>
    <mention id="CHEBI_2015_08_26_Instance_322045" />
    <annotator id="CHEBI_2015_08_26_Instance_10000">Mike Bada, University of Colorado Anschutz Medical Campus</annotator>
    <span start="17755" end="17756" />
    <spannedText>E</spannedText>
  </annotation>
  <annotation>
    <mention id="CHEBI_2015_08_26_Instance_322047" />
    <annotator id="CHEBI_2015_08_26_Instance_10000">Mike Bada, University of Colorado Anschutz Medical Campus</annotator>
    <span start="17753" end="17754" />
    <spannedText>H</spannedText>
  </annotation>
  <annotation>
    <mention id="CHEBI_2015_08_26_Instance_322051" />
    <annotator id="CHEBI_2015_08_26_Instance_10000">Mike Bada, University of Colorado Anschutz Medical Campus</annotator>
    <span start="19509" end="19510" />
    <spannedText>H</spannedText>
  </annotation>
  <annotation>
    <mention id="CHEBI_2015_08_26_Instance_322053" />
    <annotator id="CHEBI_2015_08_26_Instance_10000">Mike Bada, University of Colorado Anschutz Medical Campus</annotator>
    <span start="19511" end="19512" />
    <spannedText>E</spannedText>
  </annotation>
  <annotation>
    <mention id="CHEBI_2015_08_26_Instance_322055" />
    <annotator id="CHEBI_2015_08_26_Instance_10000">Mike Bada, University of Colorado Anschutz Medical Campus</annotator>
    <span start="20416" end="20419" />
    <spannedText>DiI</spannedText>
  </annotation>
  <annotation>
    <mention id="CHEBI_2015_08_26_Instance_322057" />
    <annotator id="CHEBI_2015_08_26_Instance_10000">Mike Bada, University of Colorado Anschutz Medical Campus</annotator>
    <span start="20454" end="20457" />
    <spannedText>DiI</spannedText>
  </annotation>
  <annotation>
    <mention id="CHEBI_2015_08_26_Instance_322059" />
    <annotator id="CHEBI_2015_08_26_Instance_10000">Mike Bada, University of Colorado Anschutz Medical Campus</annotator>
    <span start="20484" end="20487" />
    <spannedText>DiI</spannedText>
  </annotation>
  <annotation>
    <mention id="CHEBI_2015_08_26_Instance_322061" />
    <annotator id="CHEBI_2015_08_26_Instance_10000">Mike Bada, University of Colorado Anschutz Medical Campus</annotator>
    <span start="20708" end="20711" />
    <spannedText>DiI</spannedText>
  </annotation>
  <annotation>
    <mention id="CHEBI_2015_08_26_Instance_322063" />
    <annotator id="CHEBI_2015_08_26_Instance_10000">Mike Bada, University of Colorado Anschutz Medical Campus</annotator>
    <span start="21084" end="21087" />
    <spannedText>DiI</spannedText>
  </annotation>
  <annotation>
    <mention id="CHEBI_2015_08_26_Instance_322065" />
    <annotator id="CHEBI_2015_08_26_Instance_10000">Mike Bada, University of Colorado Anschutz Medical Campus</annotator>
    <span start="23628" end="23634" />
    <spannedText>ligand</spannedText>
  </annotation>
  <annotation>
    <mention id="CHEBI_2015_08_26_Instance_322067" />
    <annotator id="CHEBI_2015_08_26_Instance_10000">Mike Bada, University of Colorado Anschutz Medical Campus</annotator>
    <span start="23863" end="23869" />
    <spannedText>ligand</spannedText>
  </annotation>
  <annotation>
    <mention id="CHEBI_2015_08_26_Instance_322069" />
    <annotator id="CHEBI_2015_08_26_Instance_10000">Mike Bada, University of Colorado Anschutz Medical Campus</annotator>
    <span start="23967" end="23989" />
    <spannedText>lipid soluble vitamins</spannedText>
  </annotation>
  <annotation>
    <mention id="CHEBI_2015_08_26_Instance_322071" />
    <annotator id="CHEBI_2015_08_26_Instance_10000">Mike Bada, University of Colorado Anschutz Medical Campus</annotator>
    <span start="23998" end="24005" />
    <spannedText>retinol</spannedText>
  </annotation>
  <annotation>
    <mention id="CHEBI_2015_08_26_Instance_322073" />
    <annotator id="CHEBI_2015_08_26_Instance_10000">Mike Bada, University of Colorado Anschutz Medical Campus</annotator>
    <span start="27100" end="27112" />
    <spannedText>polypeptides</spannedText>
  </annotation>
  <annotation>
    <mention id="CHEBI_2015_08_26_Instance_322075" />
    <annotator id="CHEBI_2015_08_26_Instance_10000">Mike Bada, University of Colorado Anschutz Medical Campus</annotator>
    <span start="27342" end="27353" />
    <spannedText>polypeptide</spannedText>
  </annotation>
  <annotation>
    <mention id="CHEBI_2015_08_26_Instance_322077" />
    <annotator id="CHEBI_2015_08_26_Instance_10000">Mike Bada, University of Colorado Anschutz Medical Campus</annotator>
    <span start="27444" end="27456" />
    <spannedText>polypeptides</spannedText>
  </annotation>
  <annotation>
    <mention id="CHEBI_2015_08_26_Instance_322079" />
    <annotator id="CHEBI_2015_08_26_Instance_10000">Mike Bada, University of Colorado Anschutz Medical Campus</annotator>
    <span start="27654" end="27666" />
    <spannedText>polypeptides</spannedText>
  </annotation>
  <annotation>
    <mention id="CHEBI_2015_08_26_Instance_322081" />
    <annotator id="CHEBI_2015_08_26_Instance_10000">Mike Bada, University of Colorado Anschutz Medical Campus</annotator>
    <span start="27832" end="27844" />
    <spannedText>polypeptides</spannedText>
  </annotation>
  <annotation>
    <mention id="CHEBI_2015_08_26_Instance_322083" />
    <annotator id="CHEBI_2015_08_26_Instance_10000">Mike Bada, University of Colorado Anschutz Medical Campus</annotator>
    <span start="28261" end="28273" />
    <spannedText>polypeptides</spannedText>
  </annotation>
  <annotation>
    <mention id="CHEBI_2015_08_26_Instance_322085" />
    <annotator id="CHEBI_2015_08_26_Instance_10000">Mike Bada, University of Colorado Anschutz Medical Campus</annotator>
    <span start="28342" end="28354" />
    <spannedText>polypeptides</spannedText>
  </annotation>
  <annotation>
    <mention id="CHEBI_2015_08_26_Instance_322089" />
    <annotator id="CHEBI_2015_08_26_Instance_10000">Mike Bada, University of Colorado Anschutz Medical Campus</annotator>
    <span start="28818" end="28838" />
    <spannedText>deoxyoligonucleotide</spannedText>
  </annotation>
  <annotation>
    <mention id="CHEBI_2015_08_26_Instance_322091" />
    <annotator id="CHEBI_2015_08_26_Instance_10000">Mike Bada, University of Colorado Anschutz Medical Campus</annotator>
    <span start="29096" end="29099" />
    <spannedText>RNA</spannedText>
  </annotation>
  <annotation>
    <mention id="CHEBI_2015_08_26_Instance_322093" />
    <annotator id="CHEBI_2015_08_26_Instance_10000">Mike Bada, University of Colorado Anschutz Medical Campus</annotator>
    <span start="29465" end="29470" />
    <spannedText>probe</spannedText>
  </annotation>
  <annotation>
    <mention id="CHEBI_2015_08_26_Instance_322095" />
    <annotator id="CHEBI_2015_08_26_Instance_10000">Mike Bada, University of Colorado Anschutz Medical Campus</annotator>
    <span start="29577" end="29580" />
    <spannedText>DNA</spannedText>
  </annotation>
  <annotation>
    <mention id="CHEBI_2015_08_26_Instance_322097" />
    <annotator id="CHEBI_2015_08_26_Instance_10000">Mike Bada, University of Colorado Anschutz Medical Campus</annotator>
    <span start="29600" end="29601" />
    <spannedText>b</spannedText>
  </annotation>
  <annotation>
    <mention id="CHEBI_2015_08_26_Instance_322099" />
    <annotator id="CHEBI_2015_08_26_Instance_10000">Mike Bada, University of Colorado Anschutz Medical Campus</annotator>
    <span start="29982" end="29983" />
    <spannedText>b</spannedText>
  </annotation>
  <annotation>
    <mention id="CHEBI_2015_08_26_Instance_322101" />
    <annotator id="CHEBI_2015_08_26_Instance_10000">Mike Bada, University of Colorado Anschutz Medical Campus</annotator>
    <span start="30090" end="30091" />
    <spannedText>b</spannedText>
  </annotation>
  <annotation>
    <mention id="CHEBI_2015_08_26_Instance_322103" />
    <annotator id="CHEBI_2015_08_26_Instance_10000">Mike Bada, University of Colorado Anschutz Medical Campus</annotator>
    <span start="30272" end="30283" />
    <spannedText>nucleotides</spannedText>
  </annotation>
  <annotation>
    <mention id="CHEBI_2015_08_26_Instance_322105" />
    <annotator id="CHEBI_2015_08_26_Instance_10000">Mike Bada, University of Colorado Anschutz Medical Campus</annotator>
    <span start="30585" end="30589" />
    <spannedText>G418</spannedText>
  </annotation>
  <annotation>
    <mention id="CHEBI_2015_08_26_Instance_322107" />
    <annotator id="CHEBI_2015_08_26_Instance_10000">Mike Bada, University of Colorado Anschutz Medical Campus</annotator>
    <span start="31319" end="31322" />
    <spannedText>DNA</spannedText>
  </annotation>
  <annotation>
    <mention id="CHEBI_2015_08_26_Instance_322109" />
    <annotator id="CHEBI_2015_08_26_Instance_10000">Mike Bada, University of Colorado Anschutz Medical Campus</annotator>
    <span start="31413" end="31416" />
    <spannedText>DNA</spannedText>
  </annotation>
  <annotation>
    <mention id="CHEBI_2015_08_26_Instance_322111" />
    <annotator id="CHEBI_2015_08_26_Instance_10000">Mike Bada, University of Colorado Anschutz Medical Campus</annotator>
    <span start="31680" end="31688" />
    <spannedText>residues</spannedText>
  </annotation>
  <annotation>
    <mention id="CHEBI_2015_08_26_Instance_322113" />
    <annotator id="CHEBI_2015_08_26_Instance_10000">Mike Bada, University of Colorado Anschutz Medical Campus</annotator>
    <span start="31598" end="31601" />
    <spannedText>DNA</spannedText>
  </annotation>
  <annotation>
    <mention id="CHEBI_2015_08_26_Instance_322115" />
    <annotator id="CHEBI_2015_08_26_Instance_10000">Mike Bada, University of Colorado Anschutz Medical Campus</annotator>
    <span start="31784" end="31792" />
    <spannedText>residues</spannedText>
  </annotation>
  <annotation>
    <mention id="CHEBI_2015_08_26_Instance_322117" />
    <annotator id="CHEBI_2015_08_26_Instance_10000">Mike Bada, University of Colorado Anschutz Medical Campus</annotator>
    <span start="32134" end="32142" />
    <spannedText>residues</spannedText>
  </annotation>
  <annotation>
    <mention id="CHEBI_2015_08_26_Instance_322119" />
    <annotator id="CHEBI_2015_08_26_Instance_10000">Mike Bada, University of Colorado Anschutz Medical Campus</annotator>
    <span start="32228" end="32236" />
    <spannedText>residues</spannedText>
  </annotation>
  <annotation>
    <mention id="CHEBI_2015_08_26_Instance_322121" />
    <annotator id="CHEBI_2015_08_26_Instance_10000">Mike Bada, University of Colorado Anschutz Medical Campus</annotator>
    <span start="33058" end="33074" />
    <spannedText>paraformaldehyde</spannedText>
  </annotation>
  <annotation>
    <mention id="CHEBI_2015_08_26_Instance_322123" />
    <annotator id="CHEBI_2015_08_26_Instance_10000">Mike Bada, University of Colorado Anschutz Medical Campus</annotator>
    <span start="33080" end="33091" />
    <spannedText>Hematoxylin</spannedText>
  </annotation>
  <annotation>
    <mention id="CHEBI_2015_08_26_Instance_322125" />
    <annotator id="CHEBI_2015_08_26_Instance_10000">Mike Bada, University of Colorado Anschutz Medical Campus</annotator>
    <span start="33103" end="33104" />
    <spannedText>H</spannedText>
  </annotation>
  <annotation>
    <mention id="CHEBI_2015_08_26_Instance_322127" />
    <annotator id="CHEBI_2015_08_26_Instance_10000">Mike Bada, University of Colorado Anschutz Medical Campus</annotator>
    <span start="33096" end="33101" />
    <spannedText>eosin</spannedText>
  </annotation>
  <annotation>
    <mention id="CHEBI_2015_08_26_Instance_322129" />
    <annotator id="CHEBI_2015_08_26_Instance_10000">Mike Bada, University of Colorado Anschutz Medical Campus</annotator>
    <span start="33105" end="33106" />
    <spannedText>E</spannedText>
  </annotation>
  <annotation>
    <mention id="CHEBI_2015_08_26_Instance_322131" />
    <annotator id="CHEBI_2015_08_26_Instance_10000">Mike Bada, University of Colorado Anschutz Medical Campus</annotator>
    <span start="33918" end="33921" />
    <spannedText>RNA</spannedText>
  </annotation>
  <annotation>
    <mention id="CHEBI_2015_08_26_Instance_322133" />
    <annotator id="CHEBI_2015_08_26_Instance_10000">Mike Bada, University of Colorado Anschutz Medical Campus</annotator>
    <span start="34046" end="34049" />
    <spannedText>RNA</spannedText>
  </annotation>
  <annotation>
    <mention id="CHEBI_2015_08_26_Instance_322135" />
    <annotator id="CHEBI_2015_08_26_Instance_10000">Mike Bada, University of Colorado Anschutz Medical Campus</annotator>
    <span start="34354" end="34362" />
    <spannedText>residues</spannedText>
  </annotation>
  <annotation>
    <mention id="CHEBI_2015_08_26_Instance_322137" />
    <annotator id="CHEBI_2015_08_26_Instance_10000">Mike Bada, University of Colorado Anschutz Medical Campus</annotator>
    <span start="34448" end="34456" />
    <spannedText>residues</spannedText>
  </annotation>
  <annotation>
    <mention id="CHEBI_2015_08_26_Instance_322139" />
    <annotator id="CHEBI_2015_08_26_Instance_10000">Mike Bada, University of Colorado Anschutz Medical Campus</annotator>
    <span start="34746" end="34754" />
    <spannedText>residues</spannedText>
  </annotation>
  <annotation>
    <mention id="CHEBI_2015_08_26_Instance_322141" />
    <annotator id="CHEBI_2015_08_26_Instance_10000">Mike Bada, University of Colorado Anschutz Medical Campus</annotator>
    <span start="34843" end="34851" />
    <spannedText>residues</spannedText>
  </annotation>
  <annotation>
    <mention id="CHEBI_2015_08_26_Instance_322143" />
    <annotator id="CHEBI_2015_08_26_Instance_10000">Mike Bada, University of Colorado Anschutz Medical Campus</annotator>
    <span start="35169" end="35177" />
    <spannedText>residues</spannedText>
  </annotation>
  <annotation>
    <mention id="CHEBI_2015_08_26_Instance_322145" />
    <annotator id="CHEBI_2015_08_26_Instance_10000">Mike Bada, University of Colorado Anschutz Medical Campus</annotator>
    <span start="35252" end="35260" />
    <spannedText>residues</spannedText>
  </annotation>
  <annotation>
    <mention id="CHEBI_2015_08_26_Instance_322147" />
    <annotator id="CHEBI_2015_08_26_Instance_10000">Mike Bada, University of Colorado Anschutz Medical Campus</annotator>
    <span start="35544" end="35552" />
    <spannedText>residues</spannedText>
  </annotation>
  <annotation>
    <mention id="CHEBI_2015_08_26_Instance_322149" />
    <annotator id="CHEBI_2015_08_26_Instance_10000">Mike Bada, University of Colorado Anschutz Medical Campus</annotator>
    <span start="35626" end="35634" />
    <spannedText>residues</spannedText>
  </annotation>
  <annotation>
    <mention id="CHEBI_2015_08_26_Instance_322151" />
    <annotator id="CHEBI_2015_08_26_Instance_10000">Mike Bada, University of Colorado Anschutz Medical Campus</annotator>
    <span start="35923" end="35931" />
    <spannedText>residues</spannedText>
  </annotation>
  <annotation>
    <mention id="CHEBI_2015_08_26_Instance_322153" />
    <annotator id="CHEBI_2015_08_26_Instance_10000">Mike Bada, University of Colorado Anschutz Medical Campus</annotator>
    <span start="36007" end="36015" />
    <spannedText>residues</spannedText>
  </annotation>
  <annotation>
    <mention id="CHEBI_2015_08_26_Instance_322155" />
    <annotator id="CHEBI_2015_08_26_Instance_10000">Mike Bada, University of Colorado Anschutz Medical Campus</annotator>
    <span start="36287" end="36290" />
    <spannedText>DiI</spannedText>
  </annotation>
  <annotation>
    <mention id="CHEBI_2015_08_26_Instance_322157" />
    <annotator id="CHEBI_2015_08_26_Instance_10000">Mike Bada, University of Colorado Anschutz Medical Campus</annotator>
    <span start="36304" end="36307" />
    <spannedText>DiI</spannedText>
  </annotation>
  <annotation>
    <mention id="CHEBI_2015_08_26_Instance_322159" />
    <annotator id="CHEBI_2015_08_26_Instance_10000">Mike Bada, University of Colorado Anschutz Medical Campus</annotator>
    <span start="36373" end="36376" />
    <spannedText>DiI</spannedText>
  </annotation>
  <annotation>
    <mention id="CHEBI_2015_08_26_Instance_322161" />
    <annotator id="CHEBI_2015_08_26_Instance_10000">Mike Bada, University of Colorado Anschutz Medical Campus</annotator>
    <span start="36538" end="36542" />
    <spannedText>EDTA</spannedText>
  </annotation>
  <annotation>
    <mention id="CHEBI_2015_08_26_Instance_322163" />
    <annotator id="CHEBI_2015_08_26_Instance_10000">Mike Bada, University of Colorado Anschutz Medical Campus</annotator>
    <span start="36652" end="36655" />
    <spannedText>DiI</spannedText>
  </annotation>
  <annotation>
    <mention id="CHEBI_2015_08_26_Instance_322165" />
    <annotator id="CHEBI_2015_08_26_Instance_10000">Mike Bada, University of Colorado Anschutz Medical Campus</annotator>
    <span start="37083" end="37086" />
    <spannedText>DiI</spannedText>
  </annotation>
  <annotation>
    <mention id="CHEBI_2015_08_26_Instance_322167" />
    <annotator id="CHEBI_2015_08_26_Instance_10000">Mike Bada, University of Colorado Anschutz Medical Campus</annotator>
    <span start="37092" end="37095" />
    <spannedText>DiI</spannedText>
  </annotation>
  <annotation>
    <mention id="CHEBI_2015_08_26_Instance_322169" />
    <annotator id="CHEBI_2015_08_26_Instance_10000">Mike Bada, University of Colorado Anschutz Medical Campus</annotator>
    <span start="37192" end="37193" />
    <spannedText>H</spannedText>
  </annotation>
  <annotation>
    <mention id="CHEBI_2015_08_26_Instance_322171" />
    <annotator id="CHEBI_2015_08_26_Instance_10000">Mike Bada, University of Colorado Anschutz Medical Campus</annotator>
    <span start="37197" end="37208" />
    <spannedText>Hematoxylin</spannedText>
  </annotation>
  <annotation>
    <mention id="CHEBI_2015_08_26_Instance_322173" />
    <annotator id="CHEBI_2015_08_26_Instance_10000">Mike Bada, University of Colorado Anschutz Medical Campus</annotator>
    <span start="37194" end="37195" />
    <spannedText>E</spannedText>
  </annotation>
  <annotation>
    <mention id="CHEBI_2015_08_26_Instance_322175" />
    <annotator id="CHEBI_2015_08_26_Instance_10000">Mike Bada, University of Colorado Anschutz Medical Campus</annotator>
    <span start="37213" end="37218" />
    <spannedText>eosin</spannedText>
  </annotation>
  <annotation>
    <mention id="CHEBI_2015_08_26_Instance_330310" />
    <annotator id="CHEBI_2015_08_26_Instance_10000">Mike Bada, University of Colorado Anschutz Medical Campus</annotator>
    <span start="19075" end="19084" />
    <spannedText>molecular</spannedText>
  </annotation>
  <annotation>
    <mention id="CHEBI_2015_08_26_Instance_330776" />
    <annotator id="CHEBI_2015_08_26_Instance_10000">Mike Bada, University of Colorado Anschutz Medical Campus</annotator>
    <span start="2439" end="2448" />
    <spannedText>myoglobin</spannedText>
  </annotation>
  <annotation>
    <mention id="CHEBI_2015_08_26_Instance_330778" />
    <annotator id="CHEBI_2015_08_26_Instance_10000">Mike Bada, University of Colorado Anschutz Medical Campus</annotator>
    <span start="23756" end="23765" />
    <spannedText>myoglobin</spannedText>
  </annotation>
  <annotation>
    <mention id="CHEBI_2015_08_26_Instance_340084" />
    <annotator id="CHEBI_2015_08_26_Instance_10000">Mike Bada, University of Colorado Anschutz Medical Campus</annotator>
    <span start="20488" end="20493" />
    <spannedText>label</spannedText>
  </annotation>
  <annotation>
    <mention id="CHEBI_2015_08_26_Instance_340246" />
    <annotator id="CHEBI_2015_08_26_Instance_10000">Mike Bada, University of Colorado Anschutz Medical Campus</annotator>
    <span start="2067" end="2078" />
    <spannedText>vitamin B12</spannedText>
  </annotation>
  <annotation>
    <mention id="CHEBI_2015_08_26_Instance_340248" />
    <annotator id="CHEBI_2015_08_26_Instance_10000">Mike Bada, University of Colorado Anschutz Medical Campus</annotator>
    <span start="26637" end="26648" />
    <spannedText>vitamin B12</spannedText>
  </annotation>
  <annotation>
    <mention id="CHEBI_2015_08_26_Instance_340250" />
    <annotator id="CHEBI_2015_08_26_Instance_10000">Mike Bada, University of Colorado Anschutz Medical Campus</annotator>
    <span start="27711" end="27722" />
    <spannedText>vitamin B12</spannedText>
  </annotation>
  <annotation>
    <mention id="CHEBI_2015_08_26_Instance_350004" />
    <annotator id="CHEBI_2015_08_26_Instance_10000">Mike Bada, University of Colorado Anschutz Medical Campus</annotator>
    <span start="1504" end="1507" />
    <spannedText>HDL</spannedText>
  </annotation>
  <annotation>
    <mention id="CHEBI_2015_08_26_Instance_350006" />
    <annotator id="CHEBI_2015_08_26_Instance_10000">Mike Bada, University of Colorado Anschutz Medical Campus</annotator>
    <span start="1747" end="1750" />
    <spannedText>HDL</spannedText>
  </annotation>
  <annotation>
    <mention id="CHEBI_2015_08_26_Instance_350008" />
    <annotator id="CHEBI_2015_08_26_Instance_10000">Mike Bada, University of Colorado Anschutz Medical Campus</annotator>
    <span start="2273" end="2276" />
    <spannedText>HDL</spannedText>
  </annotation>
  <annotation>
    <mention id="CHEBI_2015_08_26_Instance_350010" />
    <annotator id="CHEBI_2015_08_26_Instance_10000">Mike Bada, University of Colorado Anschutz Medical Campus</annotator>
    <span start="2299" end="2302" />
    <spannedText>HDL</spannedText>
  </annotation>
  <annotation>
    <mention id="CHEBI_2015_08_26_Instance_350012" />
    <annotator id="CHEBI_2015_08_26_Instance_10000">Mike Bada, University of Colorado Anschutz Medical Campus</annotator>
    <span start="2788" end="2791" />
    <spannedText>HDL</spannedText>
  </annotation>
  <annotation>
    <mention id="CHEBI_2015_08_26_Instance_350014" />
    <annotator id="CHEBI_2015_08_26_Instance_10000">Mike Bada, University of Colorado Anschutz Medical Campus</annotator>
    <span start="2851" end="2854" />
    <spannedText>HDL</spannedText>
  </annotation>
  <annotation>
    <mention id="CHEBI_2015_08_26_Instance_350016" />
    <annotator id="CHEBI_2015_08_26_Instance_10000">Mike Bada, University of Colorado Anschutz Medical Campus</annotator>
    <span start="3674" end="3677" />
    <spannedText>HDL</spannedText>
  </annotation>
  <annotation>
    <mention id="CHEBI_2015_08_26_Instance_350018" />
    <annotator id="CHEBI_2015_08_26_Instance_10000">Mike Bada, University of Colorado Anschutz Medical Campus</annotator>
    <span start="20168" end="20171" />
    <spannedText>HDL</spannedText>
  </annotation>
  <annotation>
    <mention id="CHEBI_2015_08_26_Instance_350020" />
    <annotator id="CHEBI_2015_08_26_Instance_10000">Mike Bada, University of Colorado Anschutz Medical Campus</annotator>
    <span start="20238" end="20241" />
    <spannedText>HDL</spannedText>
  </annotation>
  <annotation>
    <mention id="CHEBI_2015_08_26_Instance_350022" />
    <annotator id="CHEBI_2015_08_26_Instance_10000">Mike Bada, University of Colorado Anschutz Medical Campus</annotator>
    <span start="20345" end="20348" />
    <spannedText>HDL</spannedText>
  </annotation>
  <annotation>
    <mention id="CHEBI_2015_08_26_Instance_350024" />
    <annotator id="CHEBI_2015_08_26_Instance_10000">Mike Bada, University of Colorado Anschutz Medical Campus</annotator>
    <span start="20420" end="20423" />
    <spannedText>HDL</spannedText>
  </annotation>
  <annotation>
    <mention id="CHEBI_2015_08_26_Instance_350026" />
    <annotator id="CHEBI_2015_08_26_Instance_10000">Mike Bada, University of Colorado Anschutz Medical Campus</annotator>
    <span start="20808" end="20811" />
    <spannedText>HDL</spannedText>
  </annotation>
  <annotation>
    <mention id="CHEBI_2015_08_26_Instance_350028" />
    <annotator id="CHEBI_2015_08_26_Instance_10000">Mike Bada, University of Colorado Anschutz Medical Campus</annotator>
    <span start="20874" end="20877" />
    <spannedText>HDL</spannedText>
  </annotation>
  <annotation>
    <mention id="CHEBI_2015_08_26_Instance_350030" />
    <annotator id="CHEBI_2015_08_26_Instance_10000">Mike Bada, University of Colorado Anschutz Medical Campus</annotator>
    <span start="21088" end="21091" />
    <spannedText>HDL</spannedText>
  </annotation>
  <annotation>
    <mention id="CHEBI_2015_08_26_Instance_350032" />
    <annotator id="CHEBI_2015_08_26_Instance_10000">Mike Bada, University of Colorado Anschutz Medical Campus</annotator>
    <span start="22386" end="22389" />
    <spannedText>HDL</spannedText>
  </annotation>
  <annotation>
    <mention id="CHEBI_2015_08_26_Instance_350034" />
    <annotator id="CHEBI_2015_08_26_Instance_10000">Mike Bada, University of Colorado Anschutz Medical Campus</annotator>
    <span start="23820" end="23823" />
    <spannedText>HDL</spannedText>
  </annotation>
  <annotation>
    <mention id="CHEBI_2015_08_26_Instance_350036" />
    <annotator id="CHEBI_2015_08_26_Instance_10000">Mike Bada, University of Colorado Anschutz Medical Campus</annotator>
    <span start="23871" end="23874" />
    <spannedText>HDL</spannedText>
  </annotation>
  <annotation>
    <mention id="CHEBI_2015_08_26_Instance_350038" />
    <annotator id="CHEBI_2015_08_26_Instance_10000">Mike Bada, University of Colorado Anschutz Medical Campus</annotator>
    <span start="25644" end="25647" />
    <spannedText>HDL</spannedText>
  </annotation>
  <annotation>
    <mention id="CHEBI_2015_08_26_Instance_350040" />
    <annotator id="CHEBI_2015_08_26_Instance_10000">Mike Bada, University of Colorado Anschutz Medical Campus</annotator>
    <span start="25831" end="25834" />
    <spannedText>HDL</spannedText>
  </annotation>
  <annotation>
    <mention id="CHEBI_2015_08_26_Instance_350042" />
    <annotator id="CHEBI_2015_08_26_Instance_10000">Mike Bada, University of Colorado Anschutz Medical Campus</annotator>
    <span start="26042" end="26045" />
    <spannedText>HDL</spannedText>
  </annotation>
  <annotation>
    <mention id="CHEBI_2015_08_26_Instance_350044" />
    <annotator id="CHEBI_2015_08_26_Instance_10000">Mike Bada, University of Colorado Anschutz Medical Campus</annotator>
    <span start="26126" end="26129" />
    <span start="26138" end="26147" />
    <spannedText>HDL ... particles</spannedText>
  </annotation>
  <annotation>
    <mention id="CHEBI_2015_08_26_Instance_350046" />
    <annotator id="CHEBI_2015_08_26_Instance_10000">Mike Bada, University of Colorado Anschutz Medical Campus</annotator>
    <span start="28727" end="28730" />
    <spannedText>HDL</spannedText>
  </annotation>
  <annotation>
    <mention id="CHEBI_2015_08_26_Instance_350048" />
    <annotator id="CHEBI_2015_08_26_Instance_10000">Mike Bada, University of Colorado Anschutz Medical Campus</annotator>
    <span start="36276" end="36279" />
    <spannedText>HDL</spannedText>
  </annotation>
  <annotation>
    <mention id="CHEBI_2015_08_26_Instance_350050" />
    <annotator id="CHEBI_2015_08_26_Instance_10000">Mike Bada, University of Colorado Anschutz Medical Campus</annotator>
    <span start="36299" end="36302" />
    <spannedText>HDL</spannedText>
  </annotation>
  <annotation>
    <mention id="CHEBI_2015_08_26_Instance_350052" />
    <annotator id="CHEBI_2015_08_26_Instance_10000">Mike Bada, University of Colorado Anschutz Medical Campus</annotator>
    <span start="36308" end="36311" />
    <spannedText>HDL</spannedText>
  </annotation>
  <annotation>
    <mention id="CHEBI_2015_08_26_Instance_350054" />
    <annotator id="CHEBI_2015_08_26_Instance_10000">Mike Bada, University of Colorado Anschutz Medical Campus</annotator>
    <span start="36377" end="36380" />
    <spannedText>HDL</spannedText>
  </annotation>
  <annotation>
    <mention id="CHEBI_2015_08_26_Instance_350056" />
    <annotator id="CHEBI_2015_08_26_Instance_10000">Mike Bada, University of Colorado Anschutz Medical Campus</annotator>
    <span start="36402" end="36405" />
    <spannedText>HDL</spannedText>
  </annotation>
  <annotation>
    <mention id="CHEBI_2015_08_26_Instance_350058" />
    <annotator id="CHEBI_2015_08_26_Instance_10000">Mike Bada, University of Colorado Anschutz Medical Campus</annotator>
    <span start="36656" end="36659" />
    <spannedText>HDL</spannedText>
  </annotation>
  <annotation>
    <mention id="CHEBI_2015_08_26_Instance_350060" />
    <annotator id="CHEBI_2015_08_26_Instance_10000">Mike Bada, University of Colorado Anschutz Medical Campus</annotator>
    <span start="37052" end="37055" />
    <spannedText>HDL</spannedText>
  </annotation>
  <annotation>
    <mention id="CHEBI_2015_08_26_Instance_350062" />
    <annotator id="CHEBI_2015_08_26_Instance_10000">Mike Bada, University of Colorado Anschutz Medical Campus</annotator>
    <span start="37087" end="37090" />
    <spannedText>HDL</spannedText>
  </annotation>
  <annotation>
    <mention id="CHEBI_2015_08_26_Instance_350064" />
    <annotator id="CHEBI_2015_08_26_Instance_10000">Mike Bada, University of Colorado Anschutz Medical Campus</annotator>
    <span start="37104" end="37107" />
    <spannedText>HDL</spannedText>
  </annotation>
  <annotation>
    <mention id="CHEBI_2015_08_26_Instance_350066" />
    <annotator id="CHEBI_2015_08_26_Instance_10000">Mike Bada, University of Colorado Anschutz Medical Campus</annotator>
    <span start="37532" end="37535" />
    <spannedText>HDL</spannedText>
  </annotation>
  <annotation>
    <mention id="CHEBI_2015_08_26_Instance_350068" />
    <annotator id="CHEBI_2015_08_26_Instance_10000">Mike Bada, University of Colorado Anschutz Medical Campus</annotator>
    <span start="2247" end="2271" />
    <spannedText>high density lipoprotein</spannedText>
  </annotation>
  <annotation>
    <mention id="CHEBI_2015_08_26_Instance_350070" />
    <annotator id="CHEBI_2015_08_26_Instance_10000">Mike Bada, University of Colorado Anschutz Medical Campus</annotator>
    <span start="37057" end="37081" />
    <spannedText>high density lipoprotein</spannedText>
  </annotation>
  <annotation>
    <mention id="CHEBI_2015_08_26_Instance_350072" />
    <annotator id="CHEBI_2015_08_26_Instance_10000">Mike Bada, University of Colorado Anschutz Medical Campus</annotator>
    <span start="1478" end="1502" />
    <spannedText>high-density lipoprotein</spannedText>
  </annotation>
  <annotation>
    <mention id="CHEBI_2015_08_26_Instance_350080" />
    <annotator id="CHEBI_2015_08_26_Instance_10000">Mike Bada, University of Colorado Anschutz Medical Campus</annotator>
    <span start="25455" end="25467" />
    <spannedText>lipoproteins</spannedText>
  </annotation>
  <annotation>
    <mention id="CHEBI_2015_08_26_Instance_350082" />
    <annotator id="CHEBI_2015_08_26_Instance_10000">Mike Bada, University of Colorado Anschutz Medical Campus</annotator>
    <span start="26241" end="26262" />
    <spannedText>lipoprotein particles</spannedText>
  </annotation>
  <annotation>
    <mention id="CHEBI_2015_08_26_Instance_350084" />
    <annotator id="CHEBI_2015_08_26_Instance_10000">Mike Bada, University of Colorado Anschutz Medical Campus</annotator>
    <span start="36566" end="36577" />
    <spannedText>Lipoprotein</spannedText>
  </annotation>
  <annotation>
    <mention id="CHEBI_2015_08_26_Instance_350100" />
    <annotator id="CHEBI_2015_08_26_Instance_10000">Mike Bada, University of Colorado Anschutz Medical Campus</annotator>
    <span start="2661" end="2684" />
    <spannedText>low density lipoprotein</spannedText>
  </annotation>
  <annotation>
    <mention id="CHEBI_2015_08_26_Instance_350102" />
    <annotator id="CHEBI_2015_08_26_Instance_10000">Mike Bada, University of Colorado Anschutz Medical Campus</annotator>
    <span start="25965" end="25968" />
    <spannedText>LDL</spannedText>
  </annotation>
  <annotation>
    <mention id="CHEBI_2015_08_26_Instance_350104" />
    <annotator id="CHEBI_2015_08_26_Instance_10000">Mike Bada, University of Colorado Anschutz Medical Campus</annotator>
    <span start="26134" end="26147" />
    <spannedText>LDL particles</spannedText>
  </annotation>
  <annotation>
    <mention id="CHEBI_2015_08_26_Instance_380734" />
    <annotator id="CHEBI_2015_08_26_Instance_10000">Mike Bada, University of Colorado Anschutz Medical Campus</annotator>
    <span start="14831" end="14839" />
    <spannedText>labeling</spannedText>
  </annotation>
  <annotation>
    <mention id="CHEBI_2015_08_26_Instance_380736" />
    <annotator id="CHEBI_2015_08_26_Instance_10000">Mike Bada, University of Colorado Anschutz Medical Campus</annotator>
    <span start="15117" end="15124" />
    <spannedText>labeled</spannedText>
  </annotation>
  <annotation>
    <mention id="CHEBI_2015_08_26_Instance_380738" />
    <annotator id="CHEBI_2015_08_26_Instance_10000">Mike Bada, University of Colorado Anschutz Medical Campus</annotator>
    <span start="15581" end="15588" />
    <spannedText>labeled</spannedText>
  </annotation>
  <annotation>
    <mention id="CHEBI_2015_08_26_Instance_380740" />
    <annotator id="CHEBI_2015_08_26_Instance_10000">Mike Bada, University of Colorado Anschutz Medical Campus</annotator>
    <span start="20458" end="20466" />
    <spannedText>labeling</spannedText>
  </annotation>
  <annotation>
    <mention id="CHEBI_2015_08_26_Instance_380742" />
    <annotator id="CHEBI_2015_08_26_Instance_10000">Mike Bada, University of Colorado Anschutz Medical Campus</annotator>
    <span start="20712" end="20720" />
    <spannedText>labeling</spannedText>
  </annotation>
  <annotation>
    <mention id="CHEBI_2015_08_26_Instance_380744" />
    <annotator id="CHEBI_2015_08_26_Instance_10000">Mike Bada, University of Colorado Anschutz Medical Campus</annotator>
    <span start="36291" end="36298" />
    <spannedText>labeled</spannedText>
  </annotation>
  <annotation>
    <mention id="CHEBI_2015_08_26_Instance_380746" />
    <annotator id="CHEBI_2015_08_26_Instance_10000">Mike Bada, University of Colorado Anschutz Medical Campus</annotator>
    <span start="37096" end="37103" />
    <spannedText>labeled</spannedText>
  </annotation>
  <classMention id="CHEBI_2015_08_26_Instance_350084">
    <mentionClass id="CHEBI_GO_EXT:lipoprotein_particle">lipoprotein particle</mentionClass>
  </classMention>
  <classMention id="CHEBI_2015_08_26_Instance_350100">
    <mentionClass id="CHEBI_GO_EXT:low_density_lipoprotein_particle">low-density lipoprotein particle</mentionClass>
  </classMention>
  <classMention id="CHEBI_2015_08_26_Instance_350104">
    <mentionClass id="CHEBI_GO_EXT:low_density_lipoprotein_particle">low-density lipoprotein particle</mentionClass>
  </classMention>
  <classMention id="CHEBI_2015_08_26_Instance_350102">
    <mentionClass id="CHEBI_GO_EXT:low_density_lipoprotein_particle">low-density lipoprotein particle</mentionClass>
  </classMention>
  <classMention id="CHEBI_2015_08_26_Instance_340084">
    <mentionClass id="CHEBI_SO_EXT:molecular_indicator_or_label_or_marker_or_tag">molecular indicator/label/marker/tag</mentionClass>
  </classMention>
  <classMention id="CHEBI_2015_08_26_Instance_30773">
    <mentionClass id="CHEBI:30411">cobalamin</mentionClass>
  </classMention>
  <classMention id="CHEBI_2015_08_26_Instance_30771">
    <mentionClass id="CHEBI:30411">cobalamin</mentionClass>
  </classMention>
  <classMention id="CHEBI_2015_08_26_Instance_30777">
    <mentionClass id="CHEBI:39015">apolipoprotein</mentionClass>
  </classMention>
  <classMention id="CHEBI_2015_08_26_Instance_30775">
    <mentionClass id="CHEBI:30411">cobalamin</mentionClass>
  </classMention>
  <classMention id="CHEBI_2015_08_26_Instance_30785">
    <mentionClass id="CHEBI:36916">cation</mentionClass>
  </classMention>
  <classMention id="CHEBI_2015_08_26_Instance_30779">
    <mentionClass id="CHEBI:27300">vitamin D</mentionClass>
  </classMention>
  <classMention id="CHEBI_2015_08_26_Instance_30797">
    <mentionClass id="CHEBI:47775">high-density lipoprotein cholesterol</mentionClass>
  </classMention>
  <classMention id="CHEBI_2015_08_26_Instance_30795">
    <mentionClass id="CHEBI_EXT:33284">nutrient</mentionClass>
  </classMention>
  <classMention id="CHEBI_2015_08_26_Instance_30807">
    <mentionClass id="CHEBI_EXT:33284">nutrient</mentionClass>
  </classMention>
  <classMention id="CHEBI_2015_08_26_Instance_30801">
    <mentionClass id="CHEBI:39015">apolipoprotein</mentionClass>
  </classMention>
  <classMention id="CHEBI_2015_08_26_Instance_30811">
    <mentionClass id="CHEBI:27300">vitamin D</mentionClass>
  </classMention>
  <classMention id="CHEBI_2015_08_26_Instance_30809">
    <mentionClass id="CHEBI_EXT:33284">nutrient</mentionClass>
  </classMention>
  <classMention id="CHEBI_2015_08_26_Instance_30817">
    <mentionClass id="CHEBI:16247">phospholipid</mentionClass>
  </classMention>
  <classMention id="CHEBI_2015_08_26_Instance_30815">
    <mentionClass id="CHEBI:39015">apolipoprotein</mentionClass>
  </classMention>
  <classMention id="CHEBI_2015_08_26_Instance_30825">
    <mentionClass id="CHEBI:26536">retinoic acid</mentionClass>
  </classMention>
  <classMention id="CHEBI_2015_08_26_Instance_30819">
    <mentionClass id="CHEBI:16113">cholesterol</mentionClass>
  </classMention>
  <classMention id="CHEBI_2015_08_26_Instance_30831">
    <mentionClass id="CHEBI:16113">cholesterol</mentionClass>
  </classMention>
  <classMention id="CHEBI_2015_08_26_Instance_30827">
    <mentionClass id="CHEBI:15035">retinal</mentionClass>
  </classMention>
  <classMention id="CHEBI_2015_08_26_Instance_30839">
    <mentionClass id="CHEBI:16113">cholesterol</mentionClass>
  </classMention>
  <classMention id="CHEBI_2015_08_26_Instance_30835">
    <mentionClass id="CHEBI:47775">high-density lipoprotein cholesterol</mentionClass>
  </classMention>
  <classMention id="CHEBI_2015_08_26_backup_Instance_504">
    <mentionClass id="CHEBI_SO_EXT:N_terminus_or_N_terminal_region">N-terminus or N-terminal region</mentionClass>
  </classMention>
  <classMention id="CHEBI_2015_08_26_Instance_30889">
    <mentionClass id="CHEBI:26710">sodium chloride</mentionClass>
  </classMention>
  <classMention id="CHEBI_2015_08_26_Instance_30887">
    <mentionClass id="CHEBI:28304">heparin</mentionClass>
  </classMention>
  <classMention id="CHEBI_2015_08_26_Instance_30897">
    <mentionClass id="CHEBI:39015">apolipoprotein</mentionClass>
  </classMention>
  <classMention id="CHEBI_2015_08_26_Instance_30891">
    <mentionClass id="CHEBI:9754">tris</mentionClass>
  </classMention>
  <classMention id="CHEBI_2015_08_26_Instance_30901">
    <mentionClass id="CHEBI:30411">cobalamin</mentionClass>
  </classMention>
  <classMention id="CHEBI_2015_08_26_Instance_30899">
    <mentionClass id="CHEBI:30411">cobalamin</mentionClass>
  </classMention>
  <classMention id="CHEBI_2015_08_26_Instance_330778">
    <mentionClass id="CHEBI_PR_EXT:myoglobin">myoglobin</mentionClass>
  </classMention>
  <classMention id="CHEBI_2015_08_26_Instance_330776">
    <mentionClass id="CHEBI_PR_EXT:myoglobin">myoglobin</mentionClass>
  </classMention>
  <classMention id="CHEBI_2015_08_26_Instance_330310">
    <mentionClass id="CHEBI_EXT:polyatomic_entity_or_group">polyatomic entity or group</mentionClass>
  </classMention>
  <classMention id="CHEBI_2015_08_26_Instance_321983">
    <mentionClass id="CHEBI_GO_EXT:ligand">ligand</mentionClass>
  </classMention>
  <classMention id="CHEBI_2015_08_26_Instance_321989">
    <mentionClass id="CHEBI:616988">mannose 6-phosphate</mentionClass>
  </classMention>
  <classMention id="CHEBI_2015_08_26_Instance_321987">
    <mentionClass id="CHEBI_GO_EXT:ligand">ligand</mentionClass>
  </classMention>
  <classMention id="CHEBI_2015_08_26_Instance_321995">
    <mentionClass id="CHEBI:42768">geneticin</mentionClass>
  </classMention>
  <classMention id="CHEBI_2015_08_26_Instance_321993">
    <mentionClass id="CHEBI_PR_EXT:insulin_like_growth_factor_2">insulin-like growth factor 2</mentionClass>
  </classMention>
  <classMention id="CHEBI_2015_08_26_Instance_321999">
    <mentionClass id="CHEBI_GO_EXT:ligand">ligand</mentionClass>
  </classMention>
  <classMention id="CHEBI_2015_08_26_Instance_321997">
    <mentionClass id="CHEBI_SO_EXT:molecular_probe">molecular probe</mentionClass>
  </classMention>
  <classMention id="CHEBI_2015_08_26_Instance_322003">
    <mentionClass id="CHEBI_SO_EXT:DNA">DNA</mentionClass>
  </classMention>
  <classMention id="CHEBI_2015_08_26_Instance_322001">
    <mentionClass id="CHEBI_SO_EXT:molecular_probe">molecular probe</mentionClass>
  </classMention>
  <classMention id="CHEBI_2015_08_26_Instance_322007">
    <mentionClass id="CHEBI_SO_EXT:molecular_probe">molecular probe</mentionClass>
  </classMention>
  <classMention id="CHEBI_2015_08_26_Instance_322005">
    <mentionClass id="CHEBI_SO_EXT:DNA">DNA</mentionClass>
  </classMention>
  <classMention id="CHEBI_2015_08_26_Instance_322011">
    <mentionClass id="CHEBI_SO_EXT:base">base</mentionClass>
  </classMention>
  <classMention id="CHEBI_2015_08_26_Instance_322009">
    <mentionClass id="CHEBI_SO_EXT:base">base</mentionClass>
  </classMention>
  <classMention id="CHEBI_2015_08_26_Instance_340248">
    <mentionClass id="CHEBI:30411">cobalamin</mentionClass>
  </classMention>
  <classMention id="CHEBI_2015_08_26_Instance_322015">
    <mentionClass id="CHEBI_SO_EXT:molecular_probe">molecular probe</mentionClass>
  </classMention>
  <classMention id="CHEBI_2015_08_26_Instance_340246">
    <mentionClass id="CHEBI:30411">cobalamin</mentionClass>
  </classMention>
  <classMention id="CHEBI_2015_08_26_Instance_322013">
    <mentionClass id="CHEBI_SO_EXT:base">base</mentionClass>
  </classMention>
  <classMention id="CHEBI_2015_08_26_Instance_322019">
    <mentionClass id="CHEBI_SO_EXT:base">base</mentionClass>
  </classMention>
  <classMention id="CHEBI_2015_08_26_Instance_340250">
    <mentionClass id="CHEBI:30411">cobalamin</mentionClass>
  </classMention>
  <classMention id="CHEBI_2015_08_26_Instance_322017">
    <mentionClass id="CHEBI_SO_EXT:DNA">DNA</mentionClass>
  </classMention>
  <classMention id="CHEBI_2015_08_26_Instance_322023">
    <mentionClass id="CHEBI_SO_EXT:molecular_probe">molecular probe</mentionClass>
  </classMention>
  <classMention id="CHEBI_2015_08_26_Instance_322021">
    <mentionClass id="CHEBI_SO_EXT:DNA">DNA</mentionClass>
  </classMention>
  <classMention id="CHEBI_2015_08_26_Instance_322027">
    <mentionClass id="CHEBI_SO_EXT:mRNA">mRNA</mentionClass>
  </classMention>
  <classMention id="CHEBI_2015_08_26_Instance_322025">
    <mentionClass id="CHEBI_SO_EXT:DNA">DNA</mentionClass>
  </classMention>
  <classMention id="CHEBI_2015_08_26_Instance_322031">
    <mentionClass id="CHEBI_SO_EXT:RNA">RNA</mentionClass>
  </classMention>
  <classMention id="CHEBI_2015_08_26_Instance_322029">
    <mentionClass id="CHEBI_SO_EXT:RNA">RNA</mentionClass>
  </classMention>
  <classMention id="CHEBI_2015_08_26_Instance_322035">
    <mentionClass id="CHEBI_EXT:eosin">eosin</mentionClass>
  </classMention>
  <classMention id="CHEBI_2015_08_26_Instance_322033">
    <mentionClass id="CHEBI:51686">haematoxylin</mentionClass>
  </classMention>
  <classMention id="CHEBI_2015_08_26_Instance_322039">
    <mentionClass id="CHEBI_EXT:eosin">eosin</mentionClass>
  </classMention>
  <classMention id="CHEBI_2015_08_26_Instance_322037">
    <mentionClass id="CHEBI:51686">haematoxylin</mentionClass>
  </classMention>
  <classMention id="CHEBI_2015_08_26_Instance_322043">
    <mentionClass id="CHEBI_EXT:eosin">eosin</mentionClass>
  </classMention>
  <classMention id="CHEBI_2015_08_26_Instance_322041">
    <mentionClass id="CHEBI:51686">haematoxylin</mentionClass>
  </classMention>
  <classMention id="CHEBI_2015_08_26_Instance_322047">
    <mentionClass id="CHEBI:51686">haematoxylin</mentionClass>
  </classMention>
  <classMention id="CHEBI_2015_08_26_Instance_322045">
    <mentionClass id="CHEBI_EXT:eosin">eosin</mentionClass>
  </classMention>
  <classMention id="CHEBI_2015_08_26_Instance_322053">
    <mentionClass id="CHEBI_EXT:eosin">eosin</mentionClass>
  </classMention>
  <classMention id="CHEBI_2015_08_26_Instance_322051">
    <mentionClass id="CHEBI:51686">haematoxylin</mentionClass>
  </classMention>
  <classMention id="CHEBI_2015_08_26_Instance_322057">
    <mentionClass id="CHEBI:52029">dilC18(3) dye</mentionClass>
  </classMention>
  <classMention id="CHEBI_2015_08_26_Instance_322055">
    <mentionClass id="CHEBI:52029">dilC18(3) dye</mentionClass>
  </classMention>
  <classMention id="CHEBI_2015_08_26_backup_Instance_20087">
    <mentionClass id="CHEBI_GO_EXT:antagonist">antagonist</mentionClass>
  </classMention>
  <classMention id="CHEBI_2015_08_26_Instance_322061">
    <mentionClass id="CHEBI:52029">dilC18(3) dye</mentionClass>
  </classMention>
  <classMention id="CHEBI_2015_08_26_Instance_322059">
    <mentionClass id="CHEBI:52029">dilC18(3) dye</mentionClass>
  </classMention>
  <classMention id="CHEBI_2015_08_26_Instance_322065">
    <mentionClass id="CHEBI_GO_EXT:ligand">ligand</mentionClass>
  </classMention>
  <classMention id="CHEBI_2015_08_26_Instance_322063">
    <mentionClass id="CHEBI:52029">dilC18(3) dye</mentionClass>
  </classMention>
  <classMention id="CHEBI_2015_08_26_Instance_322069">
    <mentionClass id="CHEBI_EXT:24020">fat-soluble vitamin</mentionClass>
  </classMention>
  <classMention id="CHEBI_2015_08_26_Instance_322067">
    <mentionClass id="CHEBI_GO_EXT:ligand">ligand</mentionClass>
  </classMention>
  <classMention id="CHEBI_2015_08_26_Instance_322073">
    <mentionClass id="CHEBI_SO_EXT:polypeptide">polypeptide</mentionClass>
  </classMention>
  <classMention id="CHEBI_2015_08_26_Instance_322071">
    <mentionClass id="CHEBI:50211">retinol</mentionClass>
  </classMention>
  <classMention id="CHEBI_2015_08_26_Instance_322077">
    <mentionClass id="CHEBI_SO_EXT:polypeptide">polypeptide</mentionClass>
  </classMention>
  <classMention id="CHEBI_2015_08_26_Instance_322075">
    <mentionClass id="CHEBI_SO_EXT:polypeptide">polypeptide</mentionClass>
  </classMention>
  <classMention id="CHEBI_2015_08_26_Instance_322081">
    <mentionClass id="CHEBI_SO_EXT:polypeptide">polypeptide</mentionClass>
  </classMention>
  <classMention id="CHEBI_2015_08_26_Instance_322079">
    <mentionClass id="CHEBI_SO_EXT:polypeptide">polypeptide</mentionClass>
  </classMention>
  <classMention id="CHEBI_2015_08_26_Instance_322085">
    <mentionClass id="CHEBI_SO_EXT:polypeptide">polypeptide</mentionClass>
  </classMention>
  <classMention id="CHEBI_2015_08_26_Instance_322083">
    <mentionClass id="CHEBI_SO_EXT:polypeptide">polypeptide</mentionClass>
  </classMention>
  <classMention id="CHEBI_2015_08_26_Instance_322089">
    <mentionClass id="CHEBI_SO_EXT:deoxyoligonucleotide">deoxyoligonucleotide</mentionClass>
  </classMention>
  <classMention id="CHEBI_2015_08_26_Instance_322093">
    <mentionClass id="CHEBI_SO_EXT:molecular_probe">molecular probe</mentionClass>
  </classMention>
  <classMention id="CHEBI_2015_08_26_Instance_322091">
    <mentionClass id="CHEBI_SO_EXT:RNA">RNA</mentionClass>
  </classMention>
  <classMention id="CHEBI_2015_08_26_Instance_322097">
    <mentionClass id="CHEBI_SO_EXT:base">base</mentionClass>
  </classMention>
  <classMention id="CHEBI_2015_08_26_Instance_322095">
    <mentionClass id="CHEBI_SO_EXT:DNA">DNA</mentionClass>
  </classMention>
  <classMention id="CHEBI_2015_08_26_Instance_322101">
    <mentionClass id="CHEBI_SO_EXT:base">base</mentionClass>
  </classMention>
  <classMention id="CHEBI_2015_08_26_Instance_322099">
    <mentionClass id="CHEBI_SO_EXT:base">base</mentionClass>
  </classMention>
  <classMention id="CHEBI_2015_08_26_Instance_322105">
    <mentionClass id="CHEBI:42768">geneticin</mentionClass>
  </classMention>
  <classMention id="CHEBI_2015_08_26_Instance_322103">
    <mentionClass id="CHEBI_SO_EXT:nucleotide">nucleotide</mentionClass>
  </classMention>
  <classMention id="CHEBI_2015_08_26_Instance_322109">
    <mentionClass id="CHEBI_SO_EXT:DNA">DNA</mentionClass>
  </classMention>
  <classMention id="CHEBI_2015_08_26_Instance_322107">
    <mentionClass id="CHEBI_SO_EXT:DNA">DNA</mentionClass>
  </classMention>
  <classMention id="CHEBI_2015_08_26_Instance_322113">
    <mentionClass id="CHEBI_SO_EXT:DNA">DNA</mentionClass>
  </classMention>
  <classMention id="CHEBI_2015_08_26_Instance_322111">
    <mentionClass id="CHEBI_EXT:residue">residue</mentionClass>
  </classMention>
  <classMention id="CHEBI_2015_08_26_Instance_322117">
    <mentionClass id="CHEBI_EXT:residue">residue</mentionClass>
  </classMention>
  <classMention id="CHEBI_2015_08_26_Instance_322115">
    <mentionClass id="CHEBI_EXT:residue">residue</mentionClass>
  </classMention>
  <classMention id="CHEBI_2015_08_26_Instance_322121">
    <mentionClass id="CHEBI_EXT:paraformaldehye">paraformaldehyde</mentionClass>
  </classMention>
  <classMention id="CHEBI_2015_08_26_Instance_322119">
    <mentionClass id="CHEBI_EXT:residue">residue</mentionClass>
  </classMention>
  <classMention id="CHEBI_2015_08_26_Instance_322125">
    <mentionClass id="CHEBI:51686">haematoxylin</mentionClass>
  </classMention>
  <classMention id="CHEBI_2015_08_26_Instance_322123">
    <mentionClass id="CHEBI:51686">haematoxylin</mentionClass>
  </classMention>
  <classMention id="CHEBI_2015_08_26_Instance_322129">
    <mentionClass id="CHEBI_EXT:eosin">eosin</mentionClass>
  </classMention>
  <classMention id="CHEBI_2015_08_26_Instance_322127">
    <mentionClass id="CHEBI_EXT:eosin">eosin</mentionClass>
  </classMention>
  <classMention id="CHEBI_2015_08_26_Instance_322133">
    <mentionClass id="CHEBI_SO_EXT:RNA">RNA</mentionClass>
  </classMention>
  <classMention id="CHEBI_2015_08_26_Instance_322131">
    <mentionClass id="CHEBI_SO_EXT:RNA">RNA</mentionClass>
  </classMention>
  <classMention id="CHEBI_2015_08_26_Instance_322137">
    <mentionClass id="CHEBI_EXT:residue">residue</mentionClass>
  </classMention>
  <classMention id="CHEBI_2015_08_26_Instance_322135">
    <mentionClass id="CHEBI_EXT:residue">residue</mentionClass>
  </classMention>
  <classMention id="CHEBI_2015_08_26_Instance_322141">
    <mentionClass id="CHEBI_EXT:residue">residue</mentionClass>
  </classMention>
  <classMention id="CHEBI_2015_08_26_Instance_322139">
    <mentionClass id="CHEBI_EXT:residue">residue</mentionClass>
  </classMention>
  <classMention id="CHEBI_2015_08_26_Instance_322145">
    <mentionClass id="CHEBI_EXT:residue">residue</mentionClass>
  </classMention>
  <classMention id="CHEBI_2015_08_26_Instance_322143">
    <mentionClass id="CHEBI_EXT:residue">residue</mentionClass>
  </classMention>
  <classMention id="CHEBI_2015_08_26_Instance_322149">
    <mentionClass id="CHEBI_EXT:residue">residue</mentionClass>
  </classMention>
  <classMention id="CHEBI_2015_08_26_Instance_322147">
    <mentionClass id="CHEBI_EXT:residue">residue</mentionClass>
  </classMention>
  <classMention id="CHEBI_2015_08_26_Instance_322151">
    <mentionClass id="CHEBI_EXT:residue">residue</mentionClass>
  </classMention>
  <classMention id="CHEBI_2015_08_26_Instance_350006">
    <mentionClass id="CHEBI_GO_EXT:high_density_lipoprotein_particle">high-density lipoprotein particle</mentionClass>
  </classMention>
  <classMention id="CHEBI_2015_08_26_Instance_350004">
    <mentionClass id="CHEBI_GO_EXT:high_density_lipoprotein_particle">high-density lipoprotein particle</mentionClass>
  </classMention>
  <classMention id="CHEBI_2015_08_26_Instance_322155">
    <mentionClass id="CHEBI:52029">dilC18(3) dye</mentionClass>
  </classMention>
  <classMention id="CHEBI_2015_08_26_Instance_350010">
    <mentionClass id="CHEBI_GO_EXT:high_density_lipoprotein_particle">high-density lipoprotein particle</mentionClass>
  </classMention>
  <classMention id="CHEBI_2015_08_26_Instance_322153">
    <mentionClass id="CHEBI_EXT:residue">residue</mentionClass>
  </classMention>
  <classMention id="CHEBI_2015_08_26_Instance_350008">
    <mentionClass id="CHEBI_GO_EXT:high_density_lipoprotein_particle">high-density lipoprotein particle</mentionClass>
  </classMention>
  <classMention id="CHEBI_2015_08_26_Instance_322159">
    <mentionClass id="CHEBI:52029">dilC18(3) dye</mentionClass>
  </classMention>
  <classMention id="CHEBI_2015_08_26_Instance_350014">
    <mentionClass id="CHEBI_GO_EXT:high_density_lipoprotein_particle">high-density lipoprotein particle</mentionClass>
  </classMention>
  <classMention id="CHEBI_2015_08_26_Instance_380736">
    <mentionClass id="CHEBI_SO_EXT:molecular_label_or_mark_or_tag_process">molecular label/mark/tag process</mentionClass>
  </classMention>
  <classMention id="CHEBI_2015_08_26_Instance_322157">
    <mentionClass id="CHEBI:52029">dilC18(3) dye</mentionClass>
  </classMention>
  <classMention id="CHEBI_2015_08_26_Instance_350012">
    <mentionClass id="CHEBI_GO_EXT:high_density_lipoprotein_particle">high-density lipoprotein particle</mentionClass>
  </classMention>
  <classMention id="CHEBI_2015_08_26_Instance_380734">
    <mentionClass id="CHEBI_SO_EXT:molecular_label_or_mark_or_tag_process">molecular label/mark/tag process</mentionClass>
  </classMention>
  <classMention id="CHEBI_2015_08_26_Instance_310176">
    <mentionClass id="CHEBI_PR_EXT:protein">protein</mentionClass>
  </classMention>
  <classMention id="CHEBI_2015_08_26_Instance_322163">
    <mentionClass id="CHEBI:52029">dilC18(3) dye</mentionClass>
  </classMention>
  <classMention id="CHEBI_2015_08_26_Instance_350018">
    <mentionClass id="CHEBI_GO_EXT:high_density_lipoprotein_particle">high-density lipoprotein particle</mentionClass>
  </classMention>
  <classMention id="CHEBI_2015_08_26_Instance_380740">
    <mentionClass id="CHEBI_SO_EXT:molecular_label_or_mark_or_tag_process">molecular label/mark/tag process</mentionClass>
  </classMention>
  <classMention id="CHEBI_2015_08_26_Instance_322161">
    <mentionClass id="CHEBI_EXT:EDTA">EDTA</mentionClass>
  </classMention>
  <classMention id="CHEBI_2015_08_26_Instance_350016">
    <mentionClass id="CHEBI_GO_EXT:high_density_lipoprotein_particle">high-density lipoprotein particle</mentionClass>
  </classMention>
  <classMention id="CHEBI_2015_08_26_Instance_380738">
    <mentionClass id="CHEBI_SO_EXT:molecular_label_or_mark_or_tag_process">molecular label/mark/tag process</mentionClass>
  </classMention>
  <classMention id="CHEBI_2015_08_26_Instance_310180">
    <mentionClass id="CHEBI_PR_EXT:protein">protein</mentionClass>
  </classMention>
  <classMention id="CHEBI_2015_08_26_Instance_322167">
    <mentionClass id="CHEBI:52029">dilC18(3) dye</mentionClass>
  </classMention>
  <classMention id="CHEBI_2015_08_26_Instance_350022">
    <mentionClass id="CHEBI_GO_EXT:high_density_lipoprotein_particle">high-density lipoprotein particle</mentionClass>
  </classMention>
  <classMention id="CHEBI_2015_08_26_Instance_380744">
    <mentionClass id="CHEBI_SO_EXT:molecular_label_or_mark_or_tag_process">molecular label/mark/tag process</mentionClass>
  </classMention>
  <classMention id="CHEBI_2015_08_26_Instance_310178">
    <mentionClass id="CHEBI_PR_EXT:protein">protein</mentionClass>
  </classMention>
  <classMention id="CHEBI_2015_08_26_Instance_322165">
    <mentionClass id="CHEBI:52029">dilC18(3) dye</mentionClass>
  </classMention>
  <classMention id="CHEBI_2015_08_26_Instance_350020">
    <mentionClass id="CHEBI_GO_EXT:high_density_lipoprotein_particle">high-density lipoprotein particle</mentionClass>
  </classMention>
  <classMention id="CHEBI_2015_08_26_Instance_380742">
    <mentionClass id="CHEBI_SO_EXT:molecular_label_or_mark_or_tag_process">molecular label/mark/tag process</mentionClass>
  </classMention>
  <classMention id="CHEBI_2015_08_26_Instance_310184">
    <mentionClass id="CHEBI_PR_EXT:protein">protein</mentionClass>
  </classMention>
  <classMention id="CHEBI_2015_08_26_Instance_350026">
    <mentionClass id="CHEBI_GO_EXT:high_density_lipoprotein_particle">high-density lipoprotein particle</mentionClass>
  </classMention>
  <classMention id="CHEBI_2015_08_26_Instance_310182">
    <mentionClass id="CHEBI_PR_EXT:protein">protein</mentionClass>
  </classMention>
  <classMention id="CHEBI_2015_08_26_Instance_322169">
    <mentionClass id="CHEBI:51686">haematoxylin</mentionClass>
  </classMention>
  <classMention id="CHEBI_2015_08_26_Instance_350024">
    <mentionClass id="CHEBI_GO_EXT:high_density_lipoprotein_particle">high-density lipoprotein particle</mentionClass>
  </classMention>
  <classMention id="CHEBI_2015_08_26_Instance_380746">
    <mentionClass id="CHEBI_SO_EXT:molecular_label_or_mark_or_tag_process">molecular label/mark/tag process</mentionClass>
  </classMention>
  <classMention id="CHEBI_2015_08_26_Instance_310188">
    <mentionClass id="CHEBI_PR_EXT:protein">protein</mentionClass>
  </classMention>
  <classMention id="CHEBI_2015_08_26_Instance_322173">
    <mentionClass id="CHEBI_EXT:eosin">eosin</mentionClass>
  </classMention>
  <classMention id="CHEBI_2015_08_26_Instance_350030">
    <mentionClass id="CHEBI_GO_EXT:high_density_lipoprotein_particle">high-density lipoprotein particle</mentionClass>
  </classMention>
  <classMention id="CHEBI_2015_08_26_Instance_310186">
    <mentionClass id="CHEBI_PR_EXT:protein">protein</mentionClass>
  </classMention>
  <classMention id="CHEBI_2015_08_26_Instance_322171">
    <mentionClass id="CHEBI:51686">haematoxylin</mentionClass>
  </classMention>
  <classMention id="CHEBI_2015_08_26_Instance_350028">
    <mentionClass id="CHEBI_GO_EXT:high_density_lipoprotein_particle">high-density lipoprotein particle</mentionClass>
  </classMention>
  <classMention id="CHEBI_2015_08_26_Instance_310190">
    <mentionClass id="CHEBI_PR_EXT:protein">protein</mentionClass>
  </classMention>
  <classMention id="CHEBI_2015_08_26_Instance_350034">
    <mentionClass id="CHEBI_GO_EXT:high_density_lipoprotein_particle">high-density lipoprotein particle</mentionClass>
  </classMention>
  <classMention id="CHEBI_2015_08_26_Instance_322175">
    <mentionClass id="CHEBI_EXT:eosin">eosin</mentionClass>
  </classMention>
  <classMention id="CHEBI_2015_08_26_Instance_350032">
    <mentionClass id="CHEBI_GO_EXT:high_density_lipoprotein_particle">high-density lipoprotein particle</mentionClass>
  </classMention>
  <classMention id="CHEBI_2015_08_26_Instance_310194">
    <mentionClass id="CHEBI_PR_EXT:protein">protein</mentionClass>
  </classMention>
  <classMention id="CHEBI_2015_08_26_Instance_350038">
    <mentionClass id="CHEBI_GO_EXT:high_density_lipoprotein_particle">high-density lipoprotein particle</mentionClass>
  </classMention>
  <classMention id="CHEBI_2015_08_26_Instance_310192">
    <mentionClass id="CHEBI_PR_EXT:protein">protein</mentionClass>
  </classMention>
  <classMention id="CHEBI_2015_08_26_Instance_350036">
    <mentionClass id="CHEBI_GO_EXT:high_density_lipoprotein_particle">high-density lipoprotein particle</mentionClass>
  </classMention>
  <classMention id="CHEBI_2015_08_26_Instance_310198">
    <mentionClass id="CHEBI_PR_EXT:protein">protein</mentionClass>
  </classMention>
  <classMention id="CHEBI_2015_08_26_Instance_350042">
    <mentionClass id="CHEBI_GO_EXT:high_density_lipoprotein_particle">high-density lipoprotein particle</mentionClass>
  </classMention>
  <classMention id="CHEBI_2015_08_26_Instance_310196">
    <mentionClass id="CHEBI_PR_EXT:protein">protein</mentionClass>
  </classMention>
  <classMention id="CHEBI_2015_08_26_Instance_350040">
    <mentionClass id="CHEBI_GO_EXT:high_density_lipoprotein_particle">high-density lipoprotein particle</mentionClass>
  </classMention>
  <classMention id="CHEBI_2015_08_26_Instance_310202">
    <mentionClass id="CHEBI_PR_EXT:protein">protein</mentionClass>
  </classMention>
  <classMention id="CHEBI_2015_08_26_Instance_350046">
    <mentionClass id="CHEBI_GO_EXT:high_density_lipoprotein_particle">high-density lipoprotein particle</mentionClass>
  </classMention>
  <classMention id="CHEBI_2015_08_26_Instance_310200">
    <mentionClass id="CHEBI_PR_EXT:protein">protein</mentionClass>
  </classMention>
  <classMention id="CHEBI_2015_08_26_Instance_350044">
    <mentionClass id="CHEBI_GO_EXT:high_density_lipoprotein_particle">high-density lipoprotein particle</mentionClass>
  </classMention>
  <classMention id="CHEBI_2015_08_26_Instance_310206">
    <mentionClass id="CHEBI_PR_EXT:protein">protein</mentionClass>
  </classMention>
  <classMention id="CHEBI_2015_08_26_Instance_350050">
    <mentionClass id="CHEBI_GO_EXT:high_density_lipoprotein_particle">high-density lipoprotein particle</mentionClass>
  </classMention>
  <classMention id="CHEBI_2015_08_26_Instance_310204">
    <mentionClass id="CHEBI_PR_EXT:protein">protein</mentionClass>
  </classMention>
  <classMention id="CHEBI_2015_08_26_Instance_350048">
    <mentionClass id="CHEBI_GO_EXT:high_density_lipoprotein_particle">high-density lipoprotein particle</mentionClass>
  </classMention>
  <classMention id="CHEBI_2015_08_26_Instance_350054">
    <mentionClass id="CHEBI_GO_EXT:high_density_lipoprotein_particle">high-density lipoprotein particle</mentionClass>
  </classMention>
  <classMention id="CHEBI_2015_08_26_Instance_310208">
    <mentionClass id="CHEBI_PR_EXT:protein">protein</mentionClass>
  </classMention>
  <classMention id="CHEBI_2015_08_26_Instance_350052">
    <mentionClass id="CHEBI_GO_EXT:high_density_lipoprotein_particle">high-density lipoprotein particle</mentionClass>
  </classMention>
  <classMention id="CHEBI_2015_08_26_Instance_350058">
    <mentionClass id="CHEBI_GO_EXT:high_density_lipoprotein_particle">high-density lipoprotein particle</mentionClass>
  </classMention>
  <classMention id="CHEBI_2015_08_26_Instance_350056">
    <mentionClass id="CHEBI_GO_EXT:high_density_lipoprotein_particle">high-density lipoprotein particle</mentionClass>
  </classMention>
  <classMention id="CHEBI_2015_08_26_Instance_350062">
    <mentionClass id="CHEBI_GO_EXT:high_density_lipoprotein_particle">high-density lipoprotein particle</mentionClass>
  </classMention>
  <classMention id="CHEBI_2015_08_26_Instance_350060">
    <mentionClass id="CHEBI_GO_EXT:high_density_lipoprotein_particle">high-density lipoprotein particle</mentionClass>
  </classMention>
  <classMention id="CHEBI_2015_08_26_Instance_350066">
    <mentionClass id="CHEBI_GO_EXT:high_density_lipoprotein_particle">high-density lipoprotein particle</mentionClass>
  </classMention>
  <classMention id="CHEBI_2015_08_26_Instance_350064">
    <mentionClass id="CHEBI_GO_EXT:high_density_lipoprotein_particle">high-density lipoprotein particle</mentionClass>
  </classMention>
  <classMention id="CHEBI_2015_08_26_Instance_350070">
    <mentionClass id="CHEBI_GO_EXT:high_density_lipoprotein_particle">high-density lipoprotein particle</mentionClass>
  </classMention>
  <classMention id="CHEBI_2015_08_26_Instance_350068">
    <mentionClass id="CHEBI_GO_EXT:high_density_lipoprotein_particle">high-density lipoprotein particle</mentionClass>
  </classMention>
  <classMention id="CHEBI_2015_08_26_Instance_350072">
    <mentionClass id="CHEBI_GO_EXT:high_density_lipoprotein_particle">high-density lipoprotein particle</mentionClass>
  </classMention>
  <classMention id="CHEBI_2015_08_26_Instance_350082">
    <mentionClass id="CHEBI_GO_EXT:lipoprotein_particle">lipoprotein particle</mentionClass>
  </classMention>
  <classMention id="CHEBI_2015_08_26_Instance_350080">
    <mentionClass id="CHEBI_GO_EXT:lipoprotein_particle">lipoprotein particle</mentionClass>
  </classMention>
</annotations>

