<?xml version="1.0" encoding="UTF-8"?>
<annotations textSource="17029558.txt">
  <annotation>
    <mention id="CHEBI_2015_08_26_backup_Instance_200" />
    <span start="7682" end="7692" />
    <spannedText>C-terminus</spannedText>
  </annotation>
  <annotation>
    <mention id="CHEBI_2015_08_26_backup_Instance_202" />
    <span start="36649" end="36665" />
    <spannedText>carboxy terminus</spannedText>
  </annotation>
  <annotation>
    <mention id="CHEBI_2015_08_26_backup_Instance_512" />
    <span start="900" end="910" />
    <spannedText>C-terminal</spannedText>
  </annotation>
  <annotation>
    <mention id="CHEBI_2015_08_26_backup_Instance_514" />
    <span start="8873" end="8883" />
    <spannedText>N-terminal</spannedText>
  </annotation>
  <annotation>
    <mention id="CHEBI_2015_08_26_backup_Instance_516" />
    <span start="29256" end="29266" />
    <spannedText>N-terminal</spannedText>
  </annotation>
  <annotation>
    <mention id="CHEBI_2015_08_26_Instance_310300" />
    <annotator id="CHEBI_2015_08_26_Instance_10000">Mike Bada, University of Colorado Anschutz Medical Campus</annotator>
    <span start="969" end="976" />
    <spannedText>protein</spannedText>
  </annotation>
  <annotation>
    <mention id="CHEBI_2015_08_26_Instance_310302" />
    <annotator id="CHEBI_2015_08_26_Instance_10000">Mike Bada, University of Colorado Anschutz Medical Campus</annotator>
    <span start="5042" end="5050" />
    <spannedText>proteins</spannedText>
  </annotation>
  <annotation>
    <mention id="CHEBI_2015_08_26_Instance_310304" />
    <annotator id="CHEBI_2015_08_26_Instance_10000">Mike Bada, University of Colorado Anschutz Medical Campus</annotator>
    <span start="5840" end="5847" />
    <spannedText>protein</spannedText>
  </annotation>
  <annotation>
    <mention id="CHEBI_2015_08_26_Instance_310306" />
    <annotator id="CHEBI_2015_08_26_Instance_10000">Mike Bada, University of Colorado Anschutz Medical Campus</annotator>
    <span start="7017" end="7024" />
    <spannedText>protein</spannedText>
  </annotation>
  <annotation>
    <mention id="CHEBI_2015_08_26_Instance_310308" />
    <annotator id="CHEBI_2015_08_26_Instance_10000">Mike Bada, University of Colorado Anschutz Medical Campus</annotator>
    <span start="7828" end="7836" />
    <spannedText>proteins</spannedText>
  </annotation>
  <annotation>
    <mention id="CHEBI_2015_08_26_Instance_310310" />
    <annotator id="CHEBI_2015_08_26_Instance_10000">Mike Bada, University of Colorado Anschutz Medical Campus</annotator>
    <span start="21434" end="21441" />
    <spannedText>Protein</spannedText>
  </annotation>
  <annotation>
    <mention id="CHEBI_2015_08_26_Instance_310312" />
    <annotator id="CHEBI_2015_08_26_Instance_10000">Mike Bada, University of Colorado Anschutz Medical Campus</annotator>
    <span start="24011" end="24018" />
    <spannedText>protein</spannedText>
  </annotation>
  <annotation>
    <mention id="CHEBI_2015_08_26_Instance_310314" />
    <annotator id="CHEBI_2015_08_26_Instance_10000">Mike Bada, University of Colorado Anschutz Medical Campus</annotator>
    <span start="26657" end="26665" />
    <spannedText>proteins</spannedText>
  </annotation>
  <annotation>
    <mention id="CHEBI_2015_08_26_Instance_31453" />
    <annotator id="CHEBI_2015_08_26_Instance_10000">Mike Bada, University of Colorado Anschutz Medical Campus</annotator>
    <span start="520" end="541" />
    <spannedText>N-ethyl-N-nitrosourea</spannedText>
  </annotation>
  <annotation>
    <mention id="CHEBI_2015_08_26_Instance_31821" />
    <annotator id="CHEBI_2015_08_26_Instance_10000">Mike Bada, University of Colorado Anschutz Medical Campus</annotator>
    <span start="4449" end="4452" />
    <spannedText>ENU</spannedText>
  </annotation>
  <annotation>
    <mention id="CHEBI_2015_08_26_Instance_31823" />
    <annotator id="CHEBI_2015_08_26_Instance_10000">Mike Bada, University of Colorado Anschutz Medical Campus</annotator>
    <span start="4454" end="4475" />
    <spannedText>N-ethyl-N-nitrosourea</spannedText>
  </annotation>
  <annotation>
    <mention id="CHEBI_2015_08_26_Instance_31829" />
    <annotator id="CHEBI_2015_08_26_Instance_10000">Mike Bada, University of Colorado Anschutz Medical Campus</annotator>
    <span start="4745" end="4748" />
    <spannedText>ENU</spannedText>
  </annotation>
  <annotation>
    <mention id="CHEBI_2015_08_26_Instance_31837" />
    <annotator id="CHEBI_2015_08_26_Instance_10000">Mike Bada, University of Colorado Anschutz Medical Campus</annotator>
    <span start="6111" end="6114" />
    <spannedText>ENU</spannedText>
  </annotation>
  <annotation>
    <mention id="CHEBI_2015_08_26_Instance_31839" />
    <annotator id="CHEBI_2015_08_26_Instance_10000">Mike Bada, University of Colorado Anschutz Medical Campus</annotator>
    <span start="30718" end="30721" />
    <spannedText>ENU</spannedText>
  </annotation>
  <annotation>
    <mention id="CHEBI_2015_08_26_Instance_31841" />
    <annotator id="CHEBI_2015_08_26_Instance_10000">Mike Bada, University of Colorado Anschutz Medical Campus</annotator>
    <span start="38559" end="38562" />
    <spannedText>ENU</spannedText>
  </annotation>
  <annotation>
    <mention id="CHEBI_2015_08_26_Instance_31875" />
    <annotator id="CHEBI_2015_08_26_Instance_10000">Mike Bada, University of Colorado Anschutz Medical Campus</annotator>
    <span start="7661" end="7667" />
    <spannedText>acidic</spannedText>
  </annotation>
  <annotation>
    <mention id="CHEBI_2015_08_26_Instance_31883" />
    <annotator id="CHEBI_2015_08_26_Instance_10000">Mike Bada, University of Colorado Anschutz Medical Campus</annotator>
    <span start="17077" end="17088" />
    <spannedText>cholesterol</spannedText>
  </annotation>
  <annotation>
    <mention id="CHEBI_2015_08_26_Instance_31885" />
    <annotator id="CHEBI_2015_08_26_Instance_10000">Mike Bada, University of Colorado Anschutz Medical Campus</annotator>
    <span start="17248" end="17261" />
    <spannedText>periodic acid</spannedText>
  </annotation>
  <annotation>
    <mention id="CHEBI_2015_08_26_Instance_31887" />
    <annotator id="CHEBI_2015_08_26_Instance_10000">Mike Bada, University of Colorado Anschutz Medical Campus</annotator>
    <span start="18458" end="18465" />
    <spannedText>ammonia</spannedText>
  </annotation>
  <annotation>
    <mention id="CHEBI_2015_08_26_Instance_31889" />
    <annotator id="CHEBI_2015_08_26_Instance_10000">Mike Bada, University of Colorado Anschutz Medical Campus</annotator>
    <span start="20028" end="20042" />
    <spannedText>polysaccharide</spannedText>
  </annotation>
  <annotation>
    <mention id="CHEBI_2015_08_26_Instance_31893" />
    <annotator id="CHEBI_2015_08_26_Instance_10000">Mike Bada, University of Colorado Anschutz Medical Campus</annotator>
    <span start="23977" end="23983" />
    <spannedText>acidic</spannedText>
  </annotation>
  <annotation>
    <mention id="CHEBI_2015_08_26_Instance_31907" />
    <annotator id="CHEBI_2015_08_26_Instance_10000">Mike Bada, University of Colorado Anschutz Medical Campus</annotator>
    <span start="24948" end="24955" />
    <spannedText>residue</spannedText>
  </annotation>
  <annotation>
    <mention id="CHEBI_2015_08_26_Instance_31935" />
    <annotator id="CHEBI_2015_08_26_Instance_10000">Mike Bada, University of Colorado Anschutz Medical Campus</annotator>
    <span start="36064" end="36070" />
    <spannedText>xylene</spannedText>
  </annotation>
  <annotation>
    <mention id="CHEBI_2015_08_26_Instance_31937" />
    <annotator id="CHEBI_2015_08_26_Instance_10000">Mike Bada, University of Colorado Anschutz Medical Campus</annotator>
    <span start="36112" end="36119" />
    <spannedText>ethanol</spannedText>
  </annotation>
  <annotation>
    <mention id="CHEBI_2015_08_26_Instance_31939" />
    <annotator id="CHEBI_2015_08_26_Instance_10000">Mike Bada, University of Colorado Anschutz Medical Campus</annotator>
    <span start="36183" end="36200" />
    <spannedText>hydrogen peroxide</spannedText>
  </annotation>
  <annotation>
    <mention id="CHEBI_2015_08_26_Instance_31945" />
    <annotator id="CHEBI_2015_08_26_Instance_10000">Mike Bada, University of Colorado Anschutz Medical Campus</annotator>
    <span start="36204" end="36215" />
    <spannedText>isopropanol</spannedText>
  </annotation>
  <annotation>
    <mention id="CHEBI_2015_08_26_Instance_31957" />
    <annotator id="CHEBI_2015_08_26_Instance_10000">Mike Bada, University of Colorado Anschutz Medical Campus</annotator>
    <span start="36479" end="36485" />
    <spannedText>biotin</spannedText>
  </annotation>
  <annotation>
    <mention id="CHEBI_2015_08_26_Instance_31959" />
    <annotator id="CHEBI_2015_08_26_Instance_10000">Mike Bada, University of Colorado Anschutz Medical Campus</annotator>
    <span start="36504" end="36510" />
    <spannedText>Biotin</spannedText>
  </annotation>
  <annotation>
    <mention id="CHEBI_2015_08_26_Instance_31963" />
    <annotator id="CHEBI_2015_08_26_Instance_10000">Mike Bada, University of Colorado Anschutz Medical Campus</annotator>
    <span start="37121" end="37128" />
    <spannedText>ethanol</spannedText>
  </annotation>
  <annotation>
    <mention id="CHEBI_2015_08_26_Instance_31965" />
    <annotator id="CHEBI_2015_08_26_Instance_10000">Mike Bada, University of Colorado Anschutz Medical Campus</annotator>
    <span start="37178" end="37190" />
    <spannedText>alizarin red</spannedText>
  </annotation>
  <annotation>
    <mention id="CHEBI_2015_08_26_Instance_31967" />
    <annotator id="CHEBI_2015_08_26_Instance_10000">Mike Bada, University of Colorado Anschutz Medical Campus</annotator>
    <span start="37467" end="37481" />
    <spannedText>polysaccharide</spannedText>
  </annotation>
  <annotation>
    <mention id="CHEBI_2015_08_26_Instance_31971" />
    <annotator id="CHEBI_2015_08_26_Instance_10000">Mike Bada, University of Colorado Anschutz Medical Campus</annotator>
    <span start="37626" end="37633" />
    <spannedText>heparin</spannedText>
  </annotation>
  <annotation>
    <mention id="CHEBI_2015_08_26_Instance_31973" />
    <annotator id="CHEBI_2015_08_26_Instance_10000">Mike Bada, University of Colorado Anschutz Medical Campus</annotator>
    <span start="37689" end="37700" />
    <spannedText>barbiturate</spannedText>
  </annotation>
  <annotation>
    <mention id="CHEBI_2015_08_26_Instance_31975" />
    <annotator id="CHEBI_2015_08_26_Instance_10000">Mike Bada, University of Colorado Anschutz Medical Campus</annotator>
    <span start="37899" end="37903" />
    <spannedText>FITC</spannedText>
  </annotation>
  <annotation>
    <mention id="CHEBI_2015_08_26_Instance_31977" />
    <annotator id="CHEBI_2015_08_26_Instance_10000">Mike Bada, University of Colorado Anschutz Medical Campus</annotator>
    <span start="38565" end="38586" />
    <spannedText>N-ethyl-N-nitrosourea</spannedText>
  </annotation>
  <annotation>
    <mention id="CHEBI_2015_08_26_Instance_31983" />
    <annotator id="CHEBI_2015_08_26_Instance_10000">Mike Bada, University of Colorado Anschutz Medical Campus</annotator>
    <span start="39081" end="39089" />
    <spannedText>reagents</spannedText>
  </annotation>
  <annotation>
    <mention id="CHEBI_2015_08_26_Instance_323065" />
    <annotator id="CHEBI_2015_08_26_Instance_10000">Mike Bada, University of Colorado Anschutz Medical Campus</annotator>
    <span start="911" end="915" />
    <spannedText>zinc</spannedText>
  </annotation>
  <annotation>
    <mention id="CHEBI_2015_08_26_Instance_323067" />
    <annotator id="CHEBI_2015_08_26_Instance_10000">Mike Bada, University of Colorado Anschutz Medical Campus</annotator>
    <span start="5643" end="5652" />
    <spannedText>molecular</spannedText>
  </annotation>
  <annotation>
    <mention id="CHEBI_2015_08_26_Instance_323069" />
    <annotator id="CHEBI_2015_08_26_Instance_10000">Mike Bada, University of Colorado Anschutz Medical Campus</annotator>
    <span start="5812" end="5816" />
    <spannedText>zinc</spannedText>
  </annotation>
  <annotation>
    <mention id="CHEBI_2015_08_26_Instance_323071" />
    <annotator id="CHEBI_2015_08_26_Instance_10000">Mike Bada, University of Colorado Anschutz Medical Campus</annotator>
    <span start="6448" end="6451" />
    <spannedText>DNA</spannedText>
  </annotation>
  <annotation>
    <mention id="CHEBI_2015_08_26_Instance_323073" />
    <annotator id="CHEBI_2015_08_26_Instance_10000">Mike Bada, University of Colorado Anschutz Medical Campus</annotator>
    <span start="6728" end="6729" />
    <spannedText>b</spannedText>
  </annotation>
  <annotation>
    <mention id="CHEBI_2015_08_26_Instance_323077" />
    <annotator id="CHEBI_2015_08_26_Instance_10000">Mike Bada, University of Colorado Anschutz Medical Campus</annotator>
    <span start="6989" end="6993" />
    <spannedText>zinc</spannedText>
  </annotation>
  <annotation>
    <mention id="CHEBI_2015_08_26_Instance_323079" />
    <annotator id="CHEBI_2015_08_26_Instance_10000">Mike Bada, University of Colorado Anschutz Medical Campus</annotator>
    <span start="7329" end="7332" />
    <spannedText>DNA</spannedText>
  </annotation>
  <annotation>
    <mention id="CHEBI_2015_08_26_Instance_323081" />
    <annotator id="CHEBI_2015_08_26_Instance_10000">Mike Bada, University of Colorado Anschutz Medical Campus</annotator>
    <span start="7476" end="7483" />
    <spannedText>peptide</spannedText>
  </annotation>
  <annotation>
    <mention id="CHEBI_2015_08_26_Instance_323083" />
    <annotator id="CHEBI_2015_08_26_Instance_10000">Mike Bada, University of Colorado Anschutz Medical Campus</annotator>
    <span start="7489" end="7493" />
    <spannedText>zinc</spannedText>
  </annotation>
  <annotation>
    <mention id="CHEBI_2015_08_26_Instance_323085" />
    <annotator id="CHEBI_2015_08_26_Instance_10000">Mike Bada, University of Colorado Anschutz Medical Campus</annotator>
    <span start="7635" end="7639" />
    <spannedText>zinc</spannedText>
  </annotation>
  <annotation>
    <mention id="CHEBI_2015_08_26_Instance_323087" />
    <annotator id="CHEBI_2015_08_26_Instance_10000">Mike Bada, University of Colorado Anschutz Medical Campus</annotator>
    <span start="7737" end="7741" />
    <spannedText>zinc</spannedText>
  </annotation>
  <annotation>
    <mention id="CHEBI_2015_08_26_Instance_323089" />
    <annotator id="CHEBI_2015_08_26_Instance_10000">Mike Bada, University of Colorado Anschutz Medical Campus</annotator>
    <span start="7531" end="7534" />
    <spannedText>DNA</spannedText>
  </annotation>
  <annotation>
    <mention id="CHEBI_2015_08_26_Instance_323091" />
    <annotator id="CHEBI_2015_08_26_Instance_10000">Mike Bada, University of Colorado Anschutz Medical Campus</annotator>
    <span start="7581" end="7588" />
    <spannedText>proline</spannedText>
  </annotation>
  <annotation>
    <mention id="CHEBI_2015_08_26_Instance_323095" />
    <annotator id="CHEBI_2015_08_26_Instance_10000">Mike Bada, University of Colorado Anschutz Medical Campus</annotator>
    <span start="7703" end="7710" />
    <spannedText>peptide</spannedText>
  </annotation>
  <annotation>
    <mention id="CHEBI_2015_08_26_Instance_323097" />
    <annotator id="CHEBI_2015_08_26_Instance_10000">Mike Bada, University of Colorado Anschutz Medical Campus</annotator>
    <span start="8092" end="8100" />
    <spannedText>residues</spannedText>
  </annotation>
  <annotation>
    <mention id="CHEBI_2015_08_26_Instance_323099" />
    <annotator id="CHEBI_2015_08_26_Instance_10000">Mike Bada, University of Colorado Anschutz Medical Campus</annotator>
    <span start="8838" end="8842" />
    <spannedText>zinc</spannedText>
  </annotation>
  <annotation>
    <mention id="CHEBI_2015_08_26_Instance_323101" />
    <annotator id="CHEBI_2015_08_26_Instance_10000">Mike Bada, University of Colorado Anschutz Medical Campus</annotator>
    <span start="8885" end="8888" />
    <spannedText>DNA</spannedText>
  </annotation>
  <annotation>
    <mention id="CHEBI_2015_08_26_Instance_323103" />
    <annotator id="CHEBI_2015_08_26_Instance_10000">Mike Bada, University of Colorado Anschutz Medical Campus</annotator>
    <span start="16727" end="16740" />
    <spannedText>periodic acid</spannedText>
  </annotation>
  <annotation>
    <mention id="CHEBI_2015_08_26_Instance_323105" />
    <annotator id="CHEBI_2015_08_26_Instance_10000">Mike Bada, University of Colorado Anschutz Medical Campus</annotator>
    <span start="20051" end="20059" />
    <spannedText>antigens</spannedText>
  </annotation>
  <annotation>
    <mention id="CHEBI_2015_08_26_Instance_323109" />
    <annotator id="CHEBI_2015_08_26_Instance_10000">Mike Bada, University of Colorado Anschutz Medical Campus</annotator>
    <span start="23763" end="23767" />
    <spannedText>zinc</spannedText>
  </annotation>
  <annotation>
    <mention id="CHEBI_2015_08_26_Instance_323111" />
    <annotator id="CHEBI_2015_08_26_Instance_10000">Mike Bada, University of Colorado Anschutz Medical Campus</annotator>
    <span start="23855" end="23859" />
    <spannedText>zinc</spannedText>
  </annotation>
  <annotation>
    <mention id="CHEBI_2015_08_26_Instance_323113" />
    <annotator id="CHEBI_2015_08_26_Instance_10000">Mike Bada, University of Colorado Anschutz Medical Campus</annotator>
    <span start="23811" end="23815" />
    <spannedText>zinc</spannedText>
  </annotation>
  <annotation>
    <mention id="CHEBI_2015_08_26_Instance_323115" />
    <annotator id="CHEBI_2015_08_26_Instance_10000">Mike Bada, University of Colorado Anschutz Medical Campus</annotator>
    <span start="24269" end="24273" />
    <spannedText>zinc</spannedText>
  </annotation>
  <annotation>
    <mention id="CHEBI_2015_08_26_Instance_323117" />
    <annotator id="CHEBI_2015_08_26_Instance_10000">Mike Bada, University of Colorado Anschutz Medical Campus</annotator>
    <span start="24551" end="24555" />
    <spannedText>zinc</spannedText>
  </annotation>
  <annotation>
    <mention id="CHEBI_2015_08_26_Instance_323119" />
    <annotator id="CHEBI_2015_08_26_Instance_10000">Mike Bada, University of Colorado Anschutz Medical Campus</annotator>
    <span start="24670" end="24674" />
    <spannedText>zinc</spannedText>
  </annotation>
  <annotation>
    <mention id="CHEBI_2015_08_26_Instance_323121" />
    <annotator id="CHEBI_2015_08_26_Instance_10000">Mike Bada, University of Colorado Anschutz Medical Campus</annotator>
    <span start="24779" end="24783" />
    <spannedText>zinc</spannedText>
  </annotation>
  <annotation>
    <mention id="CHEBI_2015_08_26_Instance_323123" />
    <annotator id="CHEBI_2015_08_26_Instance_10000">Mike Bada, University of Colorado Anschutz Medical Campus</annotator>
    <span start="25137" end="25141" />
    <spannedText>zinc</spannedText>
  </annotation>
  <annotation>
    <mention id="CHEBI_2015_08_26_Instance_323125" />
    <annotator id="CHEBI_2015_08_26_Instance_10000">Mike Bada, University of Colorado Anschutz Medical Campus</annotator>
    <span start="25229" end="25233" />
    <spannedText>zinc</spannedText>
  </annotation>
  <annotation>
    <mention id="CHEBI_2015_08_26_Instance_323127" />
    <annotator id="CHEBI_2015_08_26_Instance_10000">Mike Bada, University of Colorado Anschutz Medical Campus</annotator>
    <span start="23923" end="23926" />
    <spannedText>DNA</spannedText>
  </annotation>
  <annotation>
    <mention id="CHEBI_2015_08_26_Instance_323129" />
    <annotator id="CHEBI_2015_08_26_Instance_10000">Mike Bada, University of Colorado Anschutz Medical Campus</annotator>
    <span start="23953" end="23960" />
    <spannedText>proline</spannedText>
  </annotation>
  <annotation>
    <mention id="CHEBI_2015_08_26_Instance_323131" />
    <annotator id="CHEBI_2015_08_26_Instance_10000">Mike Bada, University of Colorado Anschutz Medical Campus</annotator>
    <span start="24751" end="24759" />
    <spannedText>residues</spannedText>
  </annotation>
  <annotation>
    <mention id="CHEBI_2015_08_26_Instance_323133" />
    <annotator id="CHEBI_2015_08_26_Instance_10000">Mike Bada, University of Colorado Anschutz Medical Campus</annotator>
    <span start="24821" end="24824" />
    <spannedText>DNA</spannedText>
  </annotation>
  <annotation>
    <mention id="CHEBI_2015_08_26_Instance_323135" />
    <annotator id="CHEBI_2015_08_26_Instance_10000">Mike Bada, University of Colorado Anschutz Medical Campus</annotator>
    <span start="24855" end="24862" />
    <spannedText>residue</spannedText>
  </annotation>
  <annotation>
    <mention id="CHEBI_2015_08_26_Instance_323137" />
    <annotator id="CHEBI_2015_08_26_Instance_10000">Mike Bada, University of Colorado Anschutz Medical Campus</annotator>
    <span start="24973" end="24983" />
    <spannedText>amino acid</spannedText>
  </annotation>
  <annotation>
    <mention id="CHEBI_2015_08_26_Instance_323139" />
    <annotator id="CHEBI_2015_08_26_Instance_10000">Mike Bada, University of Colorado Anschutz Medical Campus</annotator>
    <span start="24923" end="24934" />
    <spannedText>amino acids</spannedText>
  </annotation>
  <annotation>
    <mention id="CHEBI_2015_08_26_Instance_323141" />
    <annotator id="CHEBI_2015_08_26_Instance_10000">Mike Bada, University of Colorado Anschutz Medical Campus</annotator>
    <span start="26466" end="26487" />
    <spannedText>inositol triphosphate</spannedText>
  </annotation>
  <annotation>
    <mention id="CHEBI_2015_08_26_Instance_323143" />
    <annotator id="CHEBI_2015_08_26_Instance_10000">Mike Bada, University of Colorado Anschutz Medical Campus</annotator>
    <span start="26599" end="26612" />
    <spannedText>F-met-leu-phe</spannedText>
  </annotation>
  <annotation>
    <mention id="CHEBI_2015_08_26_Instance_323145" />
    <annotator id="CHEBI_2015_08_26_Instance_10000">Mike Bada, University of Colorado Anschutz Medical Campus</annotator>
    <span start="29003" end="29012" />
    <spannedText>molecular</spannedText>
  </annotation>
  <annotation>
    <mention id="CHEBI_2015_08_26_Instance_323147" />
    <annotator id="CHEBI_2015_08_26_Instance_10000">Mike Bada, University of Colorado Anschutz Medical Campus</annotator>
    <span start="29268" end="29272" />
    <spannedText>zinc</spannedText>
  </annotation>
  <annotation>
    <mention id="CHEBI_2015_08_26_Instance_323149" />
    <annotator id="CHEBI_2015_08_26_Instance_10000">Mike Bada, University of Colorado Anschutz Medical Campus</annotator>
    <span start="32454" end="32458" />
    <spannedText>DNAs</spannedText>
  </annotation>
  <annotation>
    <mention id="CHEBI_2015_08_26_Instance_323153" />
    <annotator id="CHEBI_2015_08_26_Instance_10000">Mike Bada, University of Colorado Anschutz Medical Campus</annotator>
    <span start="34410" end="34418" />
    <spannedText>formalin</spannedText>
  </annotation>
  <annotation>
    <mention id="CHEBI_2015_08_26_Instance_323155" />
    <annotator id="CHEBI_2015_08_26_Instance_10000">Mike Bada, University of Colorado Anschutz Medical Campus</annotator>
    <span start="34450" end="34453" />
    <spannedText>wax</spannedText>
  </annotation>
  <annotation>
    <mention id="CHEBI_2015_08_26_Instance_323157" />
    <annotator id="CHEBI_2015_08_26_Instance_10000">Mike Bada, University of Colorado Anschutz Medical Campus</annotator>
    <span start="34638" end="34650" />
    <spannedText>Haemotoxylin</spannedText>
  </annotation>
  <annotation>
    <mention id="CHEBI_2015_08_26_Instance_323159" />
    <annotator id="CHEBI_2015_08_26_Instance_10000">Mike Bada, University of Colorado Anschutz Medical Campus</annotator>
    <span start="34655" end="34660" />
    <spannedText>Eosin</spannedText>
  </annotation>
  <annotation>
    <mention id="CHEBI_2015_08_26_Instance_323161" />
    <annotator id="CHEBI_2015_08_26_Instance_10000">Mike Bada, University of Colorado Anschutz Medical Campus</annotator>
    <span start="34662" end="34663" />
    <spannedText>H</spannedText>
  </annotation>
  <annotation>
    <mention id="CHEBI_2015_08_26_Instance_323163" />
    <annotator id="CHEBI_2015_08_26_Instance_10000">Mike Bada, University of Colorado Anschutz Medical Campus</annotator>
    <span start="34666" end="34667" />
    <spannedText>E</spannedText>
  </annotation>
  <annotation>
    <mention id="CHEBI_2015_08_26_Instance_323165" />
    <annotator id="CHEBI_2015_08_26_Instance_10000">Mike Bada, University of Colorado Anschutz Medical Campus</annotator>
    <span start="36027" end="36030" />
    <spannedText>wax</spannedText>
  </annotation>
  <annotation>
    <mention id="CHEBI_2015_08_26_Instance_323167" />
    <annotator id="CHEBI_2015_08_26_Instance_10000">Mike Bada, University of Colorado Anschutz Medical Campus</annotator>
    <span start="36120" end="36129" />
    <spannedText>solutions</spannedText>
  </annotation>
  <annotation>
    <mention id="CHEBI_2015_08_26_Instance_323169" />
    <annotator id="CHEBI_2015_08_26_Instance_10000">Mike Bada, University of Colorado Anschutz Medical Campus</annotator>
    <span start="36255" end="36262" />
    <spannedText>citrate</spannedText>
  </annotation>
  <annotation>
    <mention id="CHEBI_2015_08_26_Instance_323171" />
    <annotator id="CHEBI_2015_08_26_Instance_10000">Mike Bada, University of Colorado Anschutz Medical Campus</annotator>
    <span start="36294" end="36303" />
    <spannedText>phosphate</spannedText>
  </annotation>
  <annotation>
    <mention id="CHEBI_2015_08_26_Instance_323173" />
    <annotator id="CHEBI_2015_08_26_Instance_10000">Mike Bada, University of Colorado Anschutz Medical Campus</annotator>
    <span start="36548" end="36556" />
    <spannedText>solution</spannedText>
  </annotation>
  <annotation>
    <mention id="CHEBI_2015_08_26_Instance_323177" />
    <annotator id="CHEBI_2015_08_26_Instance_10000">Mike Bada, University of Colorado Anschutz Medical Campus</annotator>
    <span start="37056" end="37068" />
    <spannedText>Haematoxylin</spannedText>
  </annotation>
  <annotation>
    <mention id="CHEBI_2015_08_26_Instance_323179" />
    <annotator id="CHEBI_2015_08_26_Instance_10000">Mike Bada, University of Colorado Anschutz Medical Campus</annotator>
    <span start="37618" end="37625" />
    <spannedText>lithium</spannedText>
  </annotation>
  <annotation>
    <mention id="CHEBI_2015_08_26_Instance_323185" />
    <annotator id="CHEBI_2015_08_26_Instance_10000">Mike Bada, University of Colorado Anschutz Medical Campus</annotator>
    <span start="36313" end="36319" />
    <spannedText>saline</spannedText>
  </annotation>
  <annotation>
    <mention id="CHEBI_2015_08_26_Instance_330460" />
    <annotator id="CHEBI_2015_08_26_Instance_10000">Mike Bada, University of Colorado Anschutz Medical Campus</annotator>
    <span start="36263" end="36269" />
    <spannedText>buffer</spannedText>
  </annotation>
  <annotation>
    <mention id="CHEBI_2015_08_26_Instance_331016" />
    <annotator id="CHEBI_2015_08_26_Instance_10000">Mike Bada, University of Colorado Anschutz Medical Campus</annotator>
    <span start="6787" end="6793" />
    <spannedText>marker</spannedText>
  </annotation>
  <annotation>
    <mention id="CHEBI_2015_08_26_Instance_331018" />
    <annotator id="CHEBI_2015_08_26_Instance_10000">Mike Bada, University of Colorado Anschutz Medical Campus</annotator>
    <span start="20138" end="20145" />
    <spannedText>markers</spannedText>
  </annotation>
  <annotation>
    <mention id="CHEBI_2015_08_26_Instance_331020" />
    <annotator id="CHEBI_2015_08_26_Instance_10000">Mike Bada, University of Colorado Anschutz Medical Campus</annotator>
    <span start="32694" end="32701" />
    <spannedText>markers</spannedText>
  </annotation>
  <annotation>
    <mention id="CHEBI_2015_08_26_Instance_331022" />
    <annotator id="CHEBI_2015_08_26_Instance_10000">Mike Bada, University of Colorado Anschutz Medical Campus</annotator>
    <span start="37918" end="37925" />
    <spannedText>markers</spannedText>
  </annotation>
  <annotation>
    <mention id="CHEBI_2015_08_26_Instance_331722" />
    <annotator id="CHEBI_2015_08_26_Instance_10000">Mike Bada, University of Colorado Anschutz Medical Campus</annotator>
    <span start="32318" end="32321" />
    <spannedText>ENU</spannedText>
  </annotation>
  <annotation>
    <mention id="CHEBI_2015_08_26_Instance_380060" />
    <annotator id="CHEBI_2015_08_26_Instance_10000">Mike Bada, University of Colorado Anschutz Medical Campus</annotator>
    <span start="34401" end="34409" />
    <spannedText>buffered</spannedText>
  </annotation>
  <annotation>
    <mention id="CHEBI_2015_08_26_Instance_380062" />
    <annotator id="CHEBI_2015_08_26_Instance_10000">Mike Bada, University of Colorado Anschutz Medical Campus</annotator>
    <span start="36304" end="36312" />
    <spannedText>buffered</spannedText>
  </annotation>
  <annotation>
    <mention id="CHEBI_2015_08_26_Instance_380772" />
    <annotator id="CHEBI_2015_08_26_Instance_10000">Mike Bada, University of Colorado Anschutz Medical Campus</annotator>
    <span start="37857" end="37865" />
    <spannedText>labeling</spannedText>
  </annotation>
  <annotation>
    <mention id="CHEBI_2015_08_26_Instance_380774" />
    <annotator id="CHEBI_2015_08_26_Instance_10000">Mike Bada, University of Colorado Anschutz Medical Campus</annotator>
    <span start="37882" end="37889" />
    <spannedText>labeled</spannedText>
  </annotation>
  <annotation>
    <mention id="CHEBI_2015_08_26_Instance_380776" />
    <annotator id="CHEBI_2015_08_26_Instance_10000">Mike Bada, University of Colorado Anschutz Medical Campus</annotator>
    <span start="37904" end="37911" />
    <spannedText>labeled</spannedText>
  </annotation>
  <classMention id="CHEBI_2015_08_26_backup_Instance_200">
    <mentionClass id="CHEBI_SO_EXT:C_terminus_or_C_terminal_region">C-terminus or C-terminal region</mentionClass>
  </classMention>
  <classMention id="CHEBI_2015_08_26_Instance_323111">
    <mentionClass id="CHEBI_EXT:zinc">zinc</mentionClass>
  </classMention>
  <classMention id="CHEBI_2015_08_26_Instance_323115">
    <mentionClass id="CHEBI_EXT:zinc">zinc</mentionClass>
  </classMention>
  <classMention id="CHEBI_2015_08_26_Instance_323113">
    <mentionClass id="CHEBI_EXT:zinc">zinc</mentionClass>
  </classMention>
  <classMention id="CHEBI_2015_08_26_Instance_323119">
    <mentionClass id="CHEBI_EXT:zinc">zinc</mentionClass>
  </classMention>
  <classMention id="CHEBI_2015_08_26_Instance_323117">
    <mentionClass id="CHEBI_EXT:zinc">zinc</mentionClass>
  </classMention>
  <classMention id="CHEBI_2015_08_26_Instance_323123">
    <mentionClass id="CHEBI_EXT:zinc">zinc</mentionClass>
  </classMention>
  <classMention id="CHEBI_2015_08_26_Instance_323121">
    <mentionClass id="CHEBI_EXT:zinc">zinc</mentionClass>
  </classMention>
  <classMention id="CHEBI_2015_08_26_Instance_323127">
    <mentionClass id="CHEBI_SO_EXT:DNA">DNA</mentionClass>
  </classMention>
  <classMention id="CHEBI_2015_08_26_Instance_323125">
    <mentionClass id="CHEBI_EXT:zinc">zinc</mentionClass>
  </classMention>
  <classMention id="CHEBI_2015_08_26_Instance_323131">
    <mentionClass id="CHEBI_EXT:residue">residue</mentionClass>
  </classMention>
  <classMention id="CHEBI_2015_08_26_Instance_323129">
    <mentionClass id="CHEBI_SO_EXT:proline">proline</mentionClass>
  </classMention>
  <classMention id="CHEBI_2015_08_26_Instance_323135">
    <mentionClass id="CHEBI_EXT:residue">residue</mentionClass>
  </classMention>
  <classMention id="CHEBI_2015_08_26_Instance_323133">
    <mentionClass id="CHEBI_SO_EXT:DNA">DNA</mentionClass>
  </classMention>
  <classMention id="CHEBI_2015_08_26_Instance_323139">
    <mentionClass id="CHEBI_SO_EXT:amino_acid">amino acid</mentionClass>
  </classMention>
  <classMention id="CHEBI_2015_08_26_Instance_323137">
    <mentionClass id="CHEBI_SO_EXT:amino_acid">amino acid</mentionClass>
  </classMention>
  <classMention id="CHEBI_2015_08_26_Instance_331722">
    <mentionClass id="CHEBI:23995">N-ethyl-N-nitrosourea</mentionClass>
  </classMention>
  <classMention id="CHEBI_2015_08_26_Instance_323143">
    <mentionClass id="CHEBI:53490">N-formyl-L-methionyl-L-leucyl-L-phenylalanine</mentionClass>
  </classMention>
  <classMention id="CHEBI_2015_08_26_Instance_323141">
    <mentionClass id="CHEBI:25450">myo-inositol trisphosphate</mentionClass>
  </classMention>
  <classMention id="CHEBI_2015_08_26_Instance_323147">
    <mentionClass id="CHEBI_EXT:zinc">zinc</mentionClass>
  </classMention>
  <classMention id="CHEBI_2015_08_26_Instance_323145">
    <mentionClass id="CHEBI_EXT:polyatomic_entity_or_group">polyatomic entity or group</mentionClass>
  </classMention>
  <classMention id="CHEBI_2015_08_26_Instance_323153">
    <mentionClass id="CHEBI:16842">formaldehyde</mentionClass>
  </classMention>
  <classMention id="CHEBI_2015_08_26_Instance_323149">
    <mentionClass id="CHEBI_SO_EXT:DNA">DNA</mentionClass>
  </classMention>
  <classMention id="CHEBI_2015_08_26_Instance_323157">
    <mentionClass id="CHEBI:51686">haematoxylin</mentionClass>
  </classMention>
  <classMention id="CHEBI_2015_08_26_Instance_323155">
    <mentionClass id="CHEBI:73702">wax</mentionClass>
  </classMention>
  <classMention id="CHEBI_2015_08_26_Instance_323161">
    <mentionClass id="CHEBI:51686">haematoxylin</mentionClass>
  </classMention>
  <classMention id="CHEBI_2015_08_26_Instance_323159">
    <mentionClass id="CHEBI_EXT:eosin">eosin</mentionClass>
  </classMention>
  <classMention id="CHEBI_2015_08_26_Instance_323165">
    <mentionClass id="CHEBI:73702">wax</mentionClass>
  </classMention>
  <classMention id="CHEBI_2015_08_26_Instance_323163">
    <mentionClass id="CHEBI_EXT:eosin">eosin</mentionClass>
  </classMention>
  <classMention id="CHEBI_2015_08_26_Instance_323169">
    <mentionClass id="CHEBI_EXT:citrate">citrate</mentionClass>
  </classMention>
  <classMention id="CHEBI_2015_08_26_Instance_323167">
    <mentionClass id="CHEBI:75958">solution</mentionClass>
  </classMention>
  <classMention id="CHEBI_2015_08_26_Instance_323173">
    <mentionClass id="CHEBI:75958">solution</mentionClass>
  </classMention>
  <classMention id="CHEBI_2015_08_26_Instance_323171">
    <mentionClass id="CHEBI_EXT:phosphate">phosphate</mentionClass>
  </classMention>
  <classMention id="CHEBI_2015_08_26_Instance_310300">
    <mentionClass id="CHEBI_PR_EXT:protein">protein</mentionClass>
  </classMention>
  <classMention id="CHEBI_2015_08_26_Instance_380062">
    <mentionClass id="CHEBI_CHMO_EXT:buffer_process">buffer process</mentionClass>
  </classMention>
  <classMention id="CHEBI_2015_08_26_Instance_323179">
    <mentionClass id="CHEBI_EXT:lithium">lithium</mentionClass>
  </classMention>
  <classMention id="CHEBI_2015_08_26_Instance_380060">
    <mentionClass id="CHEBI_CHMO_EXT:buffer_process">buffer process</mentionClass>
  </classMention>
  <classMention id="CHEBI_2015_08_26_Instance_323177">
    <mentionClass id="CHEBI:51686">haematoxylin</mentionClass>
  </classMention>
  <classMention id="CHEBI_2015_08_26_Instance_310304">
    <mentionClass id="CHEBI_PR_EXT:protein">protein</mentionClass>
  </classMention>
  <classMention id="CHEBI_2015_08_26_Instance_323185">
    <mentionClass id="CHEBI_EXT:saline_solution">saline solution</mentionClass>
  </classMention>
  <classMention id="CHEBI_2015_08_26_Instance_310302">
    <mentionClass id="CHEBI_PR_EXT:protein">protein</mentionClass>
  </classMention>
  <classMention id="CHEBI_2015_08_26_Instance_310308">
    <mentionClass id="CHEBI_PR_EXT:protein">protein</mentionClass>
  </classMention>
  <classMention id="CHEBI_2015_08_26_Instance_310306">
    <mentionClass id="CHEBI_PR_EXT:protein">protein</mentionClass>
  </classMention>
  <classMention id="CHEBI_2015_08_26_Instance_310312">
    <mentionClass id="CHEBI_PR_EXT:protein">protein</mentionClass>
  </classMention>
  <classMention id="CHEBI_2015_08_26_Instance_310310">
    <mentionClass id="CHEBI_PR_EXT:protein">protein</mentionClass>
  </classMention>
  <classMention id="CHEBI_2015_08_26_Instance_310314">
    <mentionClass id="CHEBI_PR_EXT:protein">protein</mentionClass>
  </classMention>
  <classMention id="CHEBI_2015_08_26_Instance_31823">
    <mentionClass id="CHEBI:23995">N-ethyl-N-nitrosourea</mentionClass>
  </classMention>
  <classMention id="CHEBI_2015_08_26_Instance_31821">
    <mentionClass id="CHEBI:23995">N-ethyl-N-nitrosourea</mentionClass>
  </classMention>
  <classMention id="CHEBI_2015_08_26_Instance_31837">
    <mentionClass id="CHEBI:23995">N-ethyl-N-nitrosourea</mentionClass>
  </classMention>
  <classMention id="CHEBI_2015_08_26_Instance_31829">
    <mentionClass id="CHEBI:23995">N-ethyl-N-nitrosourea</mentionClass>
  </classMention>
  <classMention id="CHEBI_2015_08_26_Instance_31841">
    <mentionClass id="CHEBI:23995">N-ethyl-N-nitrosourea</mentionClass>
  </classMention>
  <classMention id="CHEBI_2015_08_26_Instance_31839">
    <mentionClass id="CHEBI:23995">N-ethyl-N-nitrosourea</mentionClass>
  </classMention>
  <classMention id="CHEBI_2015_08_26_Instance_31883">
    <mentionClass id="CHEBI:16113">cholesterol</mentionClass>
  </classMention>
  <classMention id="CHEBI_2015_08_26_Instance_31875">
    <mentionClass id="CHEBI_EXT:37527">acid</mentionClass>
  </classMention>
  <classMention id="CHEBI_2015_08_26_Instance_31887">
    <mentionClass id="CHEBI:16134">ammonia</mentionClass>
  </classMention>
  <classMention id="CHEBI_2015_08_26_Instance_31885">
    <mentionClass id="CHEBI:29149">periodic acid</mentionClass>
  </classMention>
  <classMention id="CHEBI_2015_08_26_Instance_31893">
    <mentionClass id="CHEBI_EXT:37527">acid</mentionClass>
  </classMention>
  <classMention id="CHEBI_2015_08_26_Instance_31889">
    <mentionClass id="CHEBI:18154">polysaccharide</mentionClass>
  </classMention>
  <classMention id="CHEBI_2015_08_26_Instance_31935">
    <mentionClass id="CHEBI:27338">xylene</mentionClass>
  </classMention>
  <classMention id="CHEBI_2015_08_26_Instance_31907">
    <mentionClass id="CHEBI:33708">amino-acid residue</mentionClass>
  </classMention>
  <classMention id="CHEBI_2015_08_26_Instance_31939">
    <mentionClass id="CHEBI:16240">hydrogen peroxide</mentionClass>
  </classMention>
  <classMention id="CHEBI_2015_08_26_Instance_31937">
    <mentionClass id="CHEBI:16236">ethanol</mentionClass>
  </classMention>
  <classMention id="CHEBI_2015_08_26_Instance_31957">
    <mentionClass id="CHEBI:15956">biotin</mentionClass>
  </classMention>
  <classMention id="CHEBI_2015_08_26_Instance_31945">
    <mentionClass id="CHEBI:17824">propan-2-ol</mentionClass>
  </classMention>
  <classMention id="CHEBI_2015_08_26_Instance_31963">
    <mentionClass id="CHEBI:16236">ethanol</mentionClass>
  </classMention>
  <classMention id="CHEBI_2015_08_26_Instance_31959">
    <mentionClass id="CHEBI:15956">biotin</mentionClass>
  </classMention>
  <classMention id="CHEBI_2015_08_26_Instance_31967">
    <mentionClass id="CHEBI:18154">polysaccharide</mentionClass>
  </classMention>
  <classMention id="CHEBI_2015_08_26_backup_Instance_202">
    <mentionClass id="CHEBI_SO_EXT:C_terminus_or_C_terminal_region">C-terminus or C-terminal region</mentionClass>
  </classMention>
  <classMention id="CHEBI_2015_08_26_Instance_31965">
    <mentionClass id="CHEBI:16866">alizarin</mentionClass>
  </classMention>
  <classMention id="CHEBI_2015_08_26_Instance_31973">
    <mentionClass id="CHEBI:29745">barbiturate</mentionClass>
  </classMention>
  <classMention id="CHEBI_2015_08_26_Instance_31971">
    <mentionClass id="CHEBI:28304">heparin</mentionClass>
  </classMention>
  <classMention id="CHEBI_2015_08_26_Instance_31977">
    <mentionClass id="CHEBI:23995">N-ethyl-N-nitrosourea</mentionClass>
  </classMention>
  <classMention id="CHEBI_2015_08_26_Instance_31975">
    <mentionClass id="CHEBI:37926">fluorescein isothiocyanate</mentionClass>
  </classMention>
  <classMention id="CHEBI_2015_08_26_Instance_31983">
    <mentionClass id="CHEBI_EXT:33893">reagent</mentionClass>
  </classMention>
  <classMention id="CHEBI_2015_08_26_Instance_330460">
    <mentionClass id="CHEBI_CHMO_EXT:buffer_solution">buffer solution</mentionClass>
  </classMention>
  <classMention id="CHEBI_2015_08_26_Instance_31453">
    <mentionClass id="CHEBI:23995">N-ethyl-N-nitrosourea</mentionClass>
  </classMention>
  <classMention id="CHEBI_2015_08_26_Instance_331016">
    <mentionClass id="CHEBI_SO_EXT:molecular_indicator_or_label_or_marker_or_tag">molecular indicator/label/marker/tag</mentionClass>
  </classMention>
  <classMention id="CHEBI_2015_08_26_backup_Instance_514">
    <mentionClass id="CHEBI_SO_EXT:N_terminus_or_N_terminal_region">N-terminus or N-terminal region</mentionClass>
  </classMention>
  <classMention id="CHEBI_2015_08_26_Instance_323065">
    <mentionClass id="CHEBI_EXT:zinc">zinc</mentionClass>
  </classMention>
  <classMention id="CHEBI_2015_08_26_backup_Instance_512">
    <mentionClass id="CHEBI_SO_EXT:C_terminus_or_C_terminal_region">C-terminus or C-terminal region</mentionClass>
  </classMention>
  <classMention id="CHEBI_2015_08_26_Instance_331020">
    <mentionClass id="CHEBI_SO_EXT:molecular_indicator_or_label_or_marker_or_tag">molecular indicator/label/marker/tag</mentionClass>
  </classMention>
  <classMention id="CHEBI_2015_08_26_Instance_323069">
    <mentionClass id="CHEBI_EXT:zinc">zinc</mentionClass>
  </classMention>
  <classMention id="CHEBI_2015_08_26_Instance_331018">
    <mentionClass id="CHEBI_SO_EXT:molecular_indicator_or_label_or_marker_or_tag">molecular indicator/label/marker/tag</mentionClass>
  </classMention>
  <classMention id="CHEBI_2015_08_26_backup_Instance_516">
    <mentionClass id="CHEBI_SO_EXT:N_terminus_or_N_terminal_region">N-terminus or N-terminal region</mentionClass>
  </classMention>
  <classMention id="CHEBI_2015_08_26_Instance_323067">
    <mentionClass id="CHEBI_EXT:polyatomic_entity_or_group">polyatomic entity or group</mentionClass>
  </classMention>
  <classMention id="CHEBI_2015_08_26_Instance_323071">
    <mentionClass id="CHEBI_SO_EXT:DNA">DNA</mentionClass>
  </classMention>
  <classMention id="CHEBI_2015_08_26_Instance_380772">
    <mentionClass id="CHEBI_SO_EXT:molecular_label_or_mark_or_tag_process">molecular label/mark/tag process</mentionClass>
  </classMention>
  <classMention id="CHEBI_2015_08_26_Instance_331022">
    <mentionClass id="CHEBI_SO_EXT:molecular_indicator_or_label_or_marker_or_tag">molecular indicator/label/marker/tag</mentionClass>
  </classMention>
  <classMention id="CHEBI_2015_08_26_Instance_323077">
    <mentionClass id="CHEBI_EXT:zinc">zinc</mentionClass>
  </classMention>
  <classMention id="CHEBI_2015_08_26_Instance_380776">
    <mentionClass id="CHEBI_SO_EXT:molecular_label_or_mark_or_tag_process">molecular label/mark/tag process</mentionClass>
  </classMention>
  <classMention id="CHEBI_2015_08_26_Instance_323073">
    <mentionClass id="CHEBI_SO_EXT:base">base</mentionClass>
  </classMention>
  <classMention id="CHEBI_2015_08_26_Instance_380774">
    <mentionClass id="CHEBI_SO_EXT:molecular_label_or_mark_or_tag_process">molecular label/mark/tag process</mentionClass>
  </classMention>
  <classMention id="CHEBI_2015_08_26_Instance_323081">
    <mentionClass id="CHEBI_SO_EXT:peptide_or_peptide_region">peptide or peptide region</mentionClass>
  </classMention>
  <classMention id="CHEBI_2015_08_26_Instance_323079">
    <mentionClass id="CHEBI_SO_EXT:DNA">DNA</mentionClass>
  </classMention>
  <classMention id="CHEBI_2015_08_26_Instance_323085">
    <mentionClass id="CHEBI_EXT:zinc">zinc</mentionClass>
  </classMention>
  <classMention id="CHEBI_2015_08_26_Instance_323083">
    <mentionClass id="CHEBI_EXT:zinc">zinc</mentionClass>
  </classMention>
  <classMention id="CHEBI_2015_08_26_Instance_323089">
    <mentionClass id="CHEBI_SO_EXT:DNA">DNA</mentionClass>
  </classMention>
  <classMention id="CHEBI_2015_08_26_Instance_323087">
    <mentionClass id="CHEBI_EXT:zinc">zinc</mentionClass>
  </classMention>
  <classMention id="CHEBI_2015_08_26_Instance_323095">
    <mentionClass id="CHEBI_SO_EXT:peptide_or_peptide_region">peptide or peptide region</mentionClass>
  </classMention>
  <classMention id="CHEBI_2015_08_26_Instance_323091">
    <mentionClass id="CHEBI_SO_EXT:proline">proline</mentionClass>
  </classMention>
  <classMention id="CHEBI_2015_08_26_Instance_323099">
    <mentionClass id="CHEBI_EXT:zinc">zinc</mentionClass>
  </classMention>
  <classMention id="CHEBI_2015_08_26_Instance_323097">
    <mentionClass id="CHEBI_EXT:residue">residue</mentionClass>
  </classMention>
  <classMention id="CHEBI_2015_08_26_Instance_323103">
    <mentionClass id="CHEBI:29149">periodic acid</mentionClass>
  </classMention>
  <classMention id="CHEBI_2015_08_26_Instance_323101">
    <mentionClass id="CHEBI_SO_EXT:DNA">DNA</mentionClass>
  </classMention>
  <classMention id="CHEBI_2015_08_26_Instance_323109">
    <mentionClass id="CHEBI_EXT:zinc">zinc</mentionClass>
  </classMention>
  <classMention id="CHEBI_2015_08_26_Instance_323105">
    <mentionClass id="CHEBI_EXT:59132">antigen</mentionClass>
  </classMention>
</annotations>

