<?xml version="1.0" encoding="UTF-8"?>
<annotations textSource="17022820.txt">
  <annotation>
    <mention id="CHEBI_2015_08_26_Instance_27873" />
    <annotator id="CHEBI_2015_08_26_Instance_10000">Mike Bada, University of Colorado Anschutz Medical Campus</annotator>
    <span start="861" end="876" />
    <spannedText>ferric chloride</spannedText>
  </annotation>
  <annotation>
    <mention id="CHEBI_2015_08_26_Instance_20001" />
    <annotator id="CHEBI_2015_08_26_Instance_10000">Mike Bada, University of Colorado Anschutz Medical Campus</annotator>
    <span start="10185" end="10199" />
    <spannedText>thromboplastin</spannedText>
  </annotation>
  <annotation>
    <mention id="CHEBI_2015_08_26_Instance_30003" />
    <annotator id="CHEBI_2015_08_26_Instance_10000">Mike Bada, University of Colorado Anschutz Medical Campus</annotator>
    <span start="17124" end="17138" />
    <spannedText>thromboplastin</spannedText>
  </annotation>
  <annotation>
    <mention id="CHEBI_2015_08_26_Instance_30273" />
    <annotator id="CHEBI_2015_08_26_Instance_10000">Mike Bada, University of Colorado Anschutz Medical Campus</annotator>
    <span start="3325" end="3337" />
    <spannedText>nitric oxide</spannedText>
  </annotation>
  <annotation>
    <mention id="CHEBI_2015_08_26_Instance_30569" />
    <annotator id="CHEBI_2015_08_26_Instance_10000">Mike Bada, University of Colorado Anschutz Medical Campus</annotator>
    <span start="6079" end="6086" />
    <spannedText>sterols</spannedText>
  </annotation>
  <annotation>
    <mention id="CHEBI_2015_08_26_Instance_30577" />
    <annotator id="CHEBI_2015_08_26_Instance_10000">Mike Bada, University of Colorado Anschutz Medical Campus</annotator>
    <span start="6334" end="6349" />
    <spannedText>ferric chloride</spannedText>
  </annotation>
  <annotation>
    <mention id="CHEBI_2015_08_26_Instance_30579" />
    <annotator id="CHEBI_2015_08_26_Instance_10000">Mike Bada, University of Colorado Anschutz Medical Campus</annotator>
    <span start="7940" end="7944" />
    <spannedText>food</spannedText>
  </annotation>
  <annotation>
    <mention id="CHEBI_2015_08_26_Instance_30581" />
    <annotator id="CHEBI_2015_08_26_Instance_10000">Mike Bada, University of Colorado Anschutz Medical Campus</annotator>
    <span start="7949" end="7954" />
    <spannedText>water</spannedText>
  </annotation>
  <annotation>
    <mention id="CHEBI_2015_08_26_Instance_30583" />
    <annotator id="CHEBI_2015_08_26_Instance_10000">Mike Bada, University of Colorado Anschutz Medical Campus</annotator>
    <span start="8357" end="8372" />
    <spannedText>ferric chloride</spannedText>
  </annotation>
  <annotation>
    <mention id="CHEBI_2015_08_26_Instance_310290" />
    <annotator id="CHEBI_2015_08_26_Instance_10000">Mike Bada, University of Colorado Anschutz Medical Campus</annotator>
    <span start="8040" end="8047" />
    <spannedText>protein</spannedText>
  </annotation>
  <annotation>
    <mention id="CHEBI_2015_08_26_Instance_310292" />
    <annotator id="CHEBI_2015_08_26_Instance_10000">Mike Bada, University of Colorado Anschutz Medical Campus</annotator>
    <span start="18275" end="18282" />
    <spannedText>protein</spannedText>
  </annotation>
  <annotation>
    <mention id="CHEBI_2015_08_26_Instance_310294" />
    <annotator id="CHEBI_2015_08_26_Instance_10000">Mike Bada, University of Colorado Anschutz Medical Campus</annotator>
    <span start="30269" end="30277" />
    <spannedText>proteins</spannedText>
  </annotation>
  <annotation>
    <mention id="CHEBI_2015_08_26_Instance_310296" />
    <annotator id="CHEBI_2015_08_26_Instance_10000">Mike Bada, University of Colorado Anschutz Medical Campus</annotator>
    <span start="33338" end="33346" />
    <spannedText>proteins</spannedText>
  </annotation>
  <annotation>
    <mention id="CHEBI_2015_08_26_Instance_310298" />
    <annotator id="CHEBI_2015_08_26_Instance_10000">Mike Bada, University of Colorado Anschutz Medical Campus</annotator>
    <span start="34615" end="34623" />
    <spannedText>proteins</spannedText>
  </annotation>
  <annotation>
    <mention id="CHEBI_2015_08_26_Instance_31055" />
    <annotator id="CHEBI_2015_08_26_Instance_10000">Mike Bada, University of Colorado Anschutz Medical Campus</annotator>
    <span start="8374" end="8379" />
    <spannedText>FeCl3</spannedText>
  </annotation>
  <annotation>
    <mention id="CHEBI_2015_08_26_Instance_31057" />
    <annotator id="CHEBI_2015_08_26_Instance_10000">Mike Bada, University of Colorado Anschutz Medical Campus</annotator>
    <span start="8766" end="8771" />
    <spannedText>FeCl3</spannedText>
  </annotation>
  <annotation>
    <mention id="CHEBI_2015_08_26_Instance_31059" />
    <annotator id="CHEBI_2015_08_26_Instance_10000">Mike Bada, University of Colorado Anschutz Medical Campus</annotator>
    <span start="8896" end="8901" />
    <spannedText>FeCl3</spannedText>
  </annotation>
  <annotation>
    <mention id="CHEBI_2015_08_26_Instance_31061" />
    <annotator id="CHEBI_2015_08_26_Instance_10000">Mike Bada, University of Colorado Anschutz Medical Campus</annotator>
    <span start="12291" end="12296" />
    <spannedText>FeCl3</spannedText>
  </annotation>
  <annotation>
    <mention id="CHEBI_2015_08_26_Instance_31063" />
    <annotator id="CHEBI_2015_08_26_Instance_10000">Mike Bada, University of Colorado Anschutz Medical Campus</annotator>
    <span start="12670" end="12675" />
    <spannedText>FeCl3</spannedText>
  </annotation>
  <annotation>
    <mention id="CHEBI_2015_08_26_Instance_31065" />
    <annotator id="CHEBI_2015_08_26_Instance_10000">Mike Bada, University of Colorado Anschutz Medical Campus</annotator>
    <span start="12995" end="13000" />
    <spannedText>FeCl3</spannedText>
  </annotation>
  <annotation>
    <mention id="CHEBI_2015_08_26_Instance_31067" />
    <annotator id="CHEBI_2015_08_26_Instance_10000">Mike Bada, University of Colorado Anschutz Medical Campus</annotator>
    <span start="26162" end="26167" />
    <spannedText>FeCl3</spannedText>
  </annotation>
  <annotation>
    <mention id="CHEBI_2015_08_26_Instance_31069" />
    <annotator id="CHEBI_2015_08_26_Instance_10000">Mike Bada, University of Colorado Anschutz Medical Campus</annotator>
    <span start="28735" end="28740" />
    <spannedText>FeCl3</spannedText>
  </annotation>
  <annotation>
    <mention id="CHEBI_2015_08_26_Instance_31071" />
    <annotator id="CHEBI_2015_08_26_Instance_10000">Mike Bada, University of Colorado Anschutz Medical Campus</annotator>
    <span start="28976" end="28981" />
    <spannedText>FeCl3</spannedText>
  </annotation>
  <annotation>
    <mention id="CHEBI_2015_08_26_Instance_31073" />
    <annotator id="CHEBI_2015_08_26_Instance_10000">Mike Bada, University of Colorado Anschutz Medical Campus</annotator>
    <span start="28996" end="29001" />
    <spannedText>FeCl3</spannedText>
  </annotation>
  <annotation>
    <mention id="CHEBI_2015_08_26_Instance_31075" />
    <annotator id="CHEBI_2015_08_26_Instance_10000">Mike Bada, University of Colorado Anschutz Medical Campus</annotator>
    <span start="35130" end="35135" />
    <spannedText>FeCl3</spannedText>
  </annotation>
  <annotation>
    <mention id="CHEBI_2015_08_26_Instance_31077" />
    <annotator id="CHEBI_2015_08_26_Instance_10000">Mike Bada, University of Colorado Anschutz Medical Campus</annotator>
    <span start="13887" end="13902" />
    <spannedText>ferric chloride</spannedText>
  </annotation>
  <annotation>
    <mention id="CHEBI_2015_08_26_Instance_31079" />
    <annotator id="CHEBI_2015_08_26_Instance_10000">Mike Bada, University of Colorado Anschutz Medical Campus</annotator>
    <span start="9499" end="9504" />
    <spannedText>water</spannedText>
  </annotation>
  <annotation>
    <mention id="CHEBI_2015_08_26_Instance_31081" />
    <annotator id="CHEBI_2015_08_26_Instance_10000">Mike Bada, University of Colorado Anschutz Medical Campus</annotator>
    <span start="10111" end="10118" />
    <spannedText>reagent</spannedText>
  </annotation>
  <annotation>
    <mention id="CHEBI_2015_08_26_Instance_31083" />
    <annotator id="CHEBI_2015_08_26_Instance_10000">Mike Bada, University of Colorado Anschutz Medical Campus</annotator>
    <span start="18596" end="18599" />
    <spannedText>SDS</spannedText>
  </annotation>
  <annotation>
    <mention id="CHEBI_2015_08_26_Instance_322931" />
    <annotator id="CHEBI_2015_08_26_Instance_10000">Mike Bada, University of Colorado Anschutz Medical Campus</annotator>
    <span start="1518" end="1526" />
    <spannedText>collagen</spannedText>
  </annotation>
  <annotation>
    <mention id="CHEBI_2015_08_26_Instance_322933" />
    <annotator id="CHEBI_2015_08_26_Instance_10000">Mike Bada, University of Colorado Anschutz Medical Campus</annotator>
    <span start="3276" end="3301" />
    <spannedText>methylenetetrahydrofalate</spannedText>
  </annotation>
  <annotation>
    <mention id="CHEBI_2015_08_26_Instance_322935" />
    <annotator id="CHEBI_2015_08_26_Instance_10000">Mike Bada, University of Colorado Anschutz Medical Campus</annotator>
    <span start="3352" end="3363" />
    <spannedText>antioxidant</spannedText>
  </annotation>
  <annotation>
    <mention id="CHEBI_2015_08_26_Instance_322937" />
    <annotator id="CHEBI_2015_08_26_Instance_10000">Mike Bada, University of Colorado Anschutz Medical Campus</annotator>
    <span start="3364" end="3371" />
    <spannedText>enzymes</spannedText>
  </annotation>
  <annotation>
    <mention id="CHEBI_2015_08_26_Instance_322941" />
    <annotator id="CHEBI_2015_08_26_Instance_10000">Mike Bada, University of Colorado Anschutz Medical Campus</annotator>
    <span start="3809" end="3818" />
    <spannedText>molecules</spannedText>
  </annotation>
  <annotation>
    <mention id="CHEBI_2015_08_26_Instance_322947" />
    <annotator id="CHEBI_2015_08_26_Instance_10000">Mike Bada, University of Colorado Anschutz Medical Campus</annotator>
    <span start="6104" end="6115" />
    <spannedText>amino acids</spannedText>
  </annotation>
  <annotation>
    <mention id="CHEBI_2015_08_26_Instance_322951" />
    <annotator id="CHEBI_2015_08_26_Instance_10000">Mike Bada, University of Colorado Anschutz Medical Campus</annotator>
    <span start="7066" end="7075" />
    <spannedText>inhibitor</spannedText>
  </annotation>
  <annotation>
    <mention id="CHEBI_2015_08_26_Instance_322953" />
    <annotator id="CHEBI_2015_08_26_Instance_10000">Mike Bada, University of Colorado Anschutz Medical Campus</annotator>
    <span start="8454" end="8462" />
    <spannedText>ketamine</spannedText>
  </annotation>
  <annotation>
    <mention id="CHEBI_2015_08_26_Instance_322957" />
    <annotator id="CHEBI_2015_08_26_Instance_10000">Mike Bada, University of Colorado Anschutz Medical Campus</annotator>
    <span start="8902" end="8910" />
    <spannedText>solution</spannedText>
  </annotation>
  <annotation>
    <mention id="CHEBI_2015_08_26_Instance_322959" />
    <annotator id="CHEBI_2015_08_26_Instance_10000">Mike Bada, University of Colorado Anschutz Medical Campus</annotator>
    <span start="9399" end="9407" />
    <spannedText>ketamine</spannedText>
  </annotation>
  <annotation>
    <mention id="CHEBI_2015_08_26_Instance_322967" />
    <annotator id="CHEBI_2015_08_26_Instance_10000">Mike Bada, University of Colorado Anschutz Medical Campus</annotator>
    <span start="9987" end="9997" />
    <spannedText>Isoflurane</spannedText>
  </annotation>
  <annotation>
    <mention id="CHEBI_2015_08_26_Instance_322971" />
    <annotator id="CHEBI_2015_08_26_Instance_10000">Mike Bada, University of Colorado Anschutz Medical Campus</annotator>
    <span start="10142" end="10153" />
    <spannedText>prothrombin</spannedText>
  </annotation>
  <annotation>
    <mention id="CHEBI_2015_08_26_Instance_322973" />
    <annotator id="CHEBI_2015_08_26_Instance_10000">Mike Bada, University of Colorado Anschutz Medical Campus</annotator>
    <span start="10391" end="10398" />
    <spannedText>antigen</spannedText>
  </annotation>
  <annotation>
    <mention id="CHEBI_2015_08_26_Instance_322975" />
    <annotator id="CHEBI_2015_08_26_Instance_10000">Mike Bada, University of Colorado Anschutz Medical Campus</annotator>
    <span start="10614" end="10625" />
    <spannedText>chromogenic</spannedText>
  </annotation>
  <annotation>
    <mention id="CHEBI_2015_08_26_Instance_322977" />
    <annotator id="CHEBI_2015_08_26_Instance_10000">Mike Bada, University of Colorado Anschutz Medical Campus</annotator>
    <span start="10681" end="10687" />
    <spannedText>fibrin</spannedText>
  </annotation>
  <annotation>
    <mention id="CHEBI_2015_08_26_Instance_322979" />
    <annotator id="CHEBI_2015_08_26_Instance_10000">Mike Bada, University of Colorado Anschutz Medical Campus</annotator>
    <span start="10921" end="10930" />
    <spannedText>Molecular</spannedText>
  </annotation>
  <annotation>
    <mention id="CHEBI_2015_08_26_Instance_322981" />
    <annotator id="CHEBI_2015_08_26_Instance_10000">Mike Bada, University of Colorado Anschutz Medical Campus</annotator>
    <span start="11289" end="11297" />
    <spannedText>collagen</spannedText>
  </annotation>
  <annotation>
    <mention id="CHEBI_2015_08_26_Instance_322985" />
    <annotator id="CHEBI_2015_08_26_Instance_10000">Mike Bada, University of Colorado Anschutz Medical Campus</annotator>
    <span start="17405" end="17413" />
    <spannedText>Factor X</spannedText>
  </annotation>
  <annotation>
    <mention id="CHEBI_2015_08_26_Instance_322987" />
    <annotator id="CHEBI_2015_08_26_Instance_10000">Mike Bada, University of Colorado Anschutz Medical Campus</annotator>
    <span start="17080" end="17091" />
    <spannedText>prothrombin</spannedText>
  </annotation>
  <annotation>
    <mention id="CHEBI_2015_08_26_Instance_322989" />
    <annotator id="CHEBI_2015_08_26_Instance_10000">Mike Bada, University of Colorado Anschutz Medical Campus</annotator>
    <span start="17461" end="17469" />
    <spannedText>thrombin</spannedText>
  </annotation>
  <annotation>
    <mention id="CHEBI_2015_08_26_Instance_322991" />
    <annotator id="CHEBI_2015_08_26_Instance_10000">Mike Bada, University of Colorado Anschutz Medical Campus</annotator>
    <span start="17485" end="17491" />
    <spannedText>fibrin</spannedText>
  </annotation>
  <annotation>
    <mention id="CHEBI_2015_08_26_Instance_322993" />
    <annotator id="CHEBI_2015_08_26_Instance_10000">Mike Bada, University of Colorado Anschutz Medical Campus</annotator>
    <span start="19367" end="19378" />
    <spannedText>Hematoxylin</spannedText>
  </annotation>
  <annotation>
    <mention id="CHEBI_2015_08_26_Instance_322995" />
    <annotator id="CHEBI_2015_08_26_Instance_10000">Mike Bada, University of Colorado Anschutz Medical Campus</annotator>
    <span start="19379" end="19384" />
    <spannedText>Eosin</spannedText>
  </annotation>
  <annotation>
    <mention id="CHEBI_2015_08_26_Instance_322997" />
    <annotator id="CHEBI_2015_08_26_Instance_10000">Mike Bada, University of Colorado Anschutz Medical Campus</annotator>
    <span start="19572" end="19583" />
    <spannedText>Hematoxylin</spannedText>
  </annotation>
  <annotation>
    <mention id="CHEBI_2015_08_26_Instance_322999" />
    <annotator id="CHEBI_2015_08_26_Instance_10000">Mike Bada, University of Colorado Anschutz Medical Campus</annotator>
    <span start="19584" end="19589" />
    <spannedText>Eosin</spannedText>
  </annotation>
  <annotation>
    <mention id="CHEBI_2015_08_26_Instance_323001" />
    <annotator id="CHEBI_2015_08_26_Instance_10000">Mike Bada, University of Colorado Anschutz Medical Campus</annotator>
    <span start="19704" end="19712" />
    <spannedText>collagen</spannedText>
  </annotation>
  <annotation>
    <mention id="CHEBI_2015_08_26_Instance_323003" />
    <annotator id="CHEBI_2015_08_26_Instance_10000">Mike Bada, University of Colorado Anschutz Medical Campus</annotator>
    <span start="19791" end="19799" />
    <spannedText>Collagen</spannedText>
  </annotation>
  <annotation>
    <mention id="CHEBI_2015_08_26_Instance_323005" />
    <annotator id="CHEBI_2015_08_26_Instance_10000">Mike Bada, University of Colorado Anschutz Medical Campus</annotator>
    <span start="19903" end="19911" />
    <spannedText>collagen</spannedText>
  </annotation>
  <annotation>
    <mention id="CHEBI_2015_08_26_Instance_323007" />
    <annotator id="CHEBI_2015_08_26_Instance_10000">Mike Bada, University of Colorado Anschutz Medical Campus</annotator>
    <span start="19964" end="19972" />
    <spannedText>Collagen</spannedText>
  </annotation>
  <annotation>
    <mention id="CHEBI_2015_08_26_Instance_323009" />
    <annotator id="CHEBI_2015_08_26_Instance_10000">Mike Bada, University of Colorado Anschutz Medical Campus</annotator>
    <span start="20109" end="20117" />
    <spannedText>collagen</spannedText>
  </annotation>
  <annotation>
    <mention id="CHEBI_2015_08_26_Instance_323011" />
    <annotator id="CHEBI_2015_08_26_Instance_10000">Mike Bada, University of Colorado Anschutz Medical Campus</annotator>
    <span start="20184" end="20195" />
    <spannedText>Hematoxylin</spannedText>
  </annotation>
  <annotation>
    <mention id="CHEBI_2015_08_26_Instance_323013" />
    <annotator id="CHEBI_2015_08_26_Instance_10000">Mike Bada, University of Colorado Anschutz Medical Campus</annotator>
    <span start="20196" end="20201" />
    <spannedText>Eosin</spannedText>
  </annotation>
  <annotation>
    <mention id="CHEBI_2015_08_26_Instance_323015" />
    <annotator id="CHEBI_2015_08_26_Instance_10000">Mike Bada, University of Colorado Anschutz Medical Campus</annotator>
    <span start="20271" end="20282" />
    <spannedText>hematoxylin</spannedText>
  </annotation>
  <annotation>
    <mention id="CHEBI_2015_08_26_Instance_323017" />
    <annotator id="CHEBI_2015_08_26_Instance_10000">Mike Bada, University of Colorado Anschutz Medical Campus</annotator>
    <span start="20287" end="20292" />
    <spannedText>eosin</spannedText>
  </annotation>
  <annotation>
    <mention id="CHEBI_2015_08_26_Instance_323019" />
    <annotator id="CHEBI_2015_08_26_Instance_10000">Mike Bada, University of Colorado Anschutz Medical Campus</annotator>
    <span start="20432" end="20440" />
    <spannedText>collagen</spannedText>
  </annotation>
  <annotation>
    <mention id="CHEBI_2015_08_26_Instance_323021" />
    <annotator id="CHEBI_2015_08_26_Instance_10000">Mike Bada, University of Colorado Anschutz Medical Campus</annotator>
    <span start="20473" end="20481" />
    <spannedText>collagen</spannedText>
  </annotation>
  <annotation>
    <mention id="CHEBI_2015_08_26_Instance_323023" />
    <annotator id="CHEBI_2015_08_26_Instance_10000">Mike Bada, University of Colorado Anschutz Medical Campus</annotator>
    <span start="23894" end="23901" />
    <spannedText>antigen</spannedText>
  </annotation>
  <annotation>
    <mention id="CHEBI_2015_08_26_Instance_323025" />
    <annotator id="CHEBI_2015_08_26_Instance_10000">Mike Bada, University of Colorado Anschutz Medical Campus</annotator>
    <span start="24022" end="24029" />
    <spannedText>antigen</spannedText>
  </annotation>
  <annotation>
    <mention id="CHEBI_2015_08_26_Instance_323027" />
    <annotator id="CHEBI_2015_08_26_Instance_10000">Mike Bada, University of Colorado Anschutz Medical Campus</annotator>
    <span start="24161" end="24168" />
    <spannedText>antigen</spannedText>
  </annotation>
  <annotation>
    <mention id="CHEBI_2015_08_26_Instance_323029" />
    <annotator id="CHEBI_2015_08_26_Instance_10000">Mike Bada, University of Colorado Anschutz Medical Campus</annotator>
    <span start="24539" end="24546" />
    <spannedText>antigen</spannedText>
  </annotation>
  <annotation>
    <mention id="CHEBI_2015_08_26_Instance_323031" />
    <annotator id="CHEBI_2015_08_26_Instance_10000">Mike Bada, University of Colorado Anschutz Medical Campus</annotator>
    <span start="24794" end="24801" />
    <spannedText>antigen</spannedText>
  </annotation>
  <annotation>
    <mention id="CHEBI_2015_08_26_Instance_323033" />
    <annotator id="CHEBI_2015_08_26_Instance_10000">Mike Bada, University of Colorado Anschutz Medical Campus</annotator>
    <span start="24846" end="24853" />
    <spannedText>antigen</spannedText>
  </annotation>
  <annotation>
    <mention id="CHEBI_2015_08_26_Instance_323035" />
    <annotator id="CHEBI_2015_08_26_Instance_10000">Mike Bada, University of Colorado Anschutz Medical Campus</annotator>
    <span start="25281" end="25288" />
    <spannedText>antigen</spannedText>
  </annotation>
  <annotation>
    <mention id="CHEBI_2015_08_26_Instance_323037" />
    <annotator id="CHEBI_2015_08_26_Instance_10000">Mike Bada, University of Colorado Anschutz Medical Campus</annotator>
    <span start="25468" end="25475" />
    <spannedText>antigen</spannedText>
  </annotation>
  <annotation>
    <mention id="CHEBI_2015_08_26_Instance_323039" />
    <annotator id="CHEBI_2015_08_26_Instance_10000">Mike Bada, University of Colorado Anschutz Medical Campus</annotator>
    <span start="27792" end="27798" />
    <spannedText>leptin</spannedText>
  </annotation>
  <annotation>
    <mention id="CHEBI_2015_08_26_Instance_323041" />
    <annotator id="CHEBI_2015_08_26_Instance_10000">Mike Bada, University of Colorado Anschutz Medical Campus</annotator>
    <span start="28354" end="28361" />
    <spannedText>antigen</spannedText>
  </annotation>
  <annotation>
    <mention id="CHEBI_2015_08_26_Instance_323043" />
    <annotator id="CHEBI_2015_08_26_Instance_10000">Mike Bada, University of Colorado Anschutz Medical Campus</annotator>
    <span start="28840" end="28855" />
    <spannedText>pharmacological</spannedText>
  </annotation>
  <annotation>
    <mention id="CHEBI_2015_08_26_Instance_323045" />
    <annotator id="CHEBI_2015_08_26_Instance_10000">Mike Bada, University of Colorado Anschutz Medical Campus</annotator>
    <span start="30426" end="30433" />
    <spannedText>antigen</spannedText>
  </annotation>
  <annotation>
    <mention id="CHEBI_2015_08_26_Instance_323047" />
    <annotator id="CHEBI_2015_08_26_Instance_10000">Mike Bada, University of Colorado Anschutz Medical Campus</annotator>
    <span start="30888" end="30900" />
    <spannedText>glycoprotein</spannedText>
  </annotation>
  <annotation>
    <mention id="CHEBI_2015_08_26_Instance_323049" />
    <annotator id="CHEBI_2015_08_26_Instance_10000">Mike Bada, University of Colorado Anschutz Medical Campus</annotator>
    <span start="30989" end="30995" />
    <spannedText>leptin</spannedText>
  </annotation>
  <annotation>
    <mention id="CHEBI_2015_08_26_Instance_323051" />
    <annotator id="CHEBI_2015_08_26_Instance_10000">Mike Bada, University of Colorado Anschutz Medical Campus</annotator>
    <span start="33209" end="33217" />
    <spannedText>collagen</spannedText>
  </annotation>
  <annotation>
    <mention id="CHEBI_2015_08_26_Instance_323053" />
    <annotator id="CHEBI_2015_08_26_Instance_10000">Mike Bada, University of Colorado Anschutz Medical Campus</annotator>
    <span start="33305" end="33313" />
    <spannedText>collagen</spannedText>
  </annotation>
  <annotation>
    <mention id="CHEBI_2015_08_26_Instance_323055" />
    <annotator id="CHEBI_2015_08_26_Instance_10000">Mike Bada, University of Colorado Anschutz Medical Campus</annotator>
    <span start="34683" end="34686" />
    <spannedText>DNA</spannedText>
  </annotation>
  <annotation>
    <mention id="CHEBI_2015_08_26_Instance_323057" />
    <annotator id="CHEBI_2015_08_26_Instance_10000">Mike Bada, University of Colorado Anschutz Medical Campus</annotator>
    <span start="34687" end="34691" />
    <spannedText>base</spannedText>
  </annotation>
  <annotation>
    <mention id="CHEBI_2015_08_26_Instance_323059" />
    <annotator id="CHEBI_2015_08_26_Instance_10000">Mike Bada, University of Colorado Anschutz Medical Campus</annotator>
    <span start="35245" end="35253" />
    <spannedText>collagen</spannedText>
  </annotation>
  <annotation>
    <mention id="CHEBI_2015_08_26_Instance_323061" />
    <annotator id="CHEBI_2015_08_26_Instance_10000">Mike Bada, University of Colorado Anschutz Medical Campus</annotator>
    <span start="36785" end="36793" />
    <spannedText>collagen</spannedText>
  </annotation>
  <annotation>
    <mention id="CHEBI_2015_08_26_Instance_330556" />
    <annotator id="CHEBI_2015_08_26_Instance_10000">Mike Bada, University of Colorado Anschutz Medical Campus</annotator>
    <span start="36226" end="36235" />
    <spannedText>inhibitor</spannedText>
  </annotation>
  <annotation>
    <mention id="CHEBI_2015_08_26_Instance_330636" />
    <annotator id="CHEBI_2015_08_26_Instance_10000">Mike Bada, University of Colorado Anschutz Medical Campus</annotator>
    <span start="23708" end="23715" />
    <spannedText>antigen</spannedText>
  </annotation>
  <annotation>
    <mention id="CHEBI_2015_08_26_Instance_330808" />
    <annotator id="CHEBI_2015_08_26_Instance_10000">Mike Bada, University of Colorado Anschutz Medical Campus</annotator>
    <span start="8772" end="8780" />
    <spannedText>solution</spannedText>
  </annotation>
  <annotation>
    <mention id="CHEBI_2015_08_26_Instance_330810" />
    <annotator id="CHEBI_2015_08_26_Instance_10000">Mike Bada, University of Colorado Anschutz Medical Campus</annotator>
    <span start="9752" end="9767" />
    <spannedText>saline solution</spannedText>
  </annotation>
  <annotation>
    <mention id="CHEBI_2015_08_26_Instance_331012" />
    <annotator id="CHEBI_2015_08_26_Instance_10000">Mike Bada, University of Colorado Anschutz Medical Campus</annotator>
    <span start="5300" end="5306" />
    <spannedText>marker</spannedText>
  </annotation>
  <annotation>
    <mention id="CHEBI_2015_08_26_Instance_331014" />
    <annotator id="CHEBI_2015_08_26_Instance_10000">Mike Bada, University of Colorado Anschutz Medical Campus</annotator>
    <span start="5426" end="5433" />
    <spannedText>markers</spannedText>
  </annotation>
  <annotation>
    <mention id="CHEBI_2015_08_26_Instance_331318" />
    <annotator id="CHEBI_2015_08_26_Instance_10000">Mike Bada, University of Colorado Anschutz Medical Campus</annotator>
    <span start="36917" end="36925" />
    <spannedText>collagen</spannedText>
  </annotation>
  <annotation>
    <mention id="CHEBI_2015_08_26_Instance_340000" />
    <annotator id="CHEBI_2015_08_26_Instance_10000">Mike Bada, University of Colorado Anschutz Medical Campus</annotator>
    <span start="5166" end="5169" />
    <spannedText>Lep</spannedText>
  </annotation>
  <annotation>
    <mention id="CHEBI_2015_08_26_Instance_340330" />
    <annotator id="CHEBI_2015_08_26_Instance_10000">Mike Bada, University of Colorado Anschutz Medical Campus</annotator>
    <span start="1071" end="1077" />
    <spannedText>saline</spannedText>
  </annotation>
  <annotation>
    <mention id="CHEBI_2015_08_26_Instance_340332" />
    <annotator id="CHEBI_2015_08_26_Instance_10000">Mike Bada, University of Colorado Anschutz Medical Campus</annotator>
    <span start="9479" end="9485" />
    <spannedText>saline</spannedText>
  </annotation>
  <annotation>
    <mention id="CHEBI_2015_08_26_Instance_340334" />
    <annotator id="CHEBI_2015_08_26_Instance_10000">Mike Bada, University of Colorado Anschutz Medical Campus</annotator>
    <span start="9540" end="9546" />
    <spannedText>saline</spannedText>
  </annotation>
  <annotation>
    <mention id="CHEBI_2015_08_26_Instance_340336" />
    <annotator id="CHEBI_2015_08_26_Instance_10000">Mike Bada, University of Colorado Anschutz Medical Campus</annotator>
    <span start="9613" end="9619" />
    <spannedText>saline</spannedText>
  </annotation>
  <annotation>
    <mention id="CHEBI_2015_08_26_Instance_340338" />
    <annotator id="CHEBI_2015_08_26_Instance_10000">Mike Bada, University of Colorado Anschutz Medical Campus</annotator>
    <span start="14345" end="14351" />
    <spannedText>saline</spannedText>
  </annotation>
  <annotation>
    <mention id="CHEBI_2015_08_26_Instance_350000" />
    <annotator id="CHEBI_2015_08_26_Instance_10000">Mike Bada, University of Colorado Anschutz Medical Campus</annotator>
    <span start="6989" end="6992" />
    <spannedText>Lep</spannedText>
  </annotation>
  <annotation>
    <mention id="CHEBI_2015_08_26_Instance_350002" />
    <annotator id="CHEBI_2015_08_26_Instance_10000">Mike Bada, University of Colorado Anschutz Medical Campus</annotator>
    <span start="11822" end="11825" />
    <spannedText>Lep</spannedText>
  </annotation>
  <annotation>
    <mention id="CHEBI_2015_08_26_Instance_370144" />
    <annotator id="CHEBI_2015_08_26_Instance_10000">Mike Bada, University of Colorado Anschutz Medical Campus</annotator>
    <span start="7751" end="7761" />
    <spannedText>Biological</spannedText>
  </annotation>
  <annotation>
    <mention id="CHEBI_2015_08_26_Instance_380214" />
    <annotator id="CHEBI_2015_08_26_Instance_10000">Mike Bada, University of Colorado Anschutz Medical Campus</annotator>
    <span start="8436" end="8448" />
    <spannedText>anesthetized</spannedText>
  </annotation>
  <annotation>
    <mention id="CHEBI_2015_08_26_Instance_380216" />
    <annotator id="CHEBI_2015_08_26_Instance_10000">Mike Bada, University of Colorado Anschutz Medical Campus</annotator>
    <span start="9381" end="9393" />
    <spannedText>anesthetized</spannedText>
  </annotation>
  <annotation>
    <mention id="CHEBI_2015_08_26_Instance_380218" />
    <annotator id="CHEBI_2015_08_26_Instance_10000">Mike Bada, University of Colorado Anschutz Medical Campus</annotator>
    <span start="9969" end="9981" />
    <spannedText>anesthetized</spannedText>
  </annotation>
  <annotation>
    <mention id="CHEBI_2015_08_26_Instance_370004" />
    <annotator id="CHEBI_2015_08_26_Instance_10000">Mike Bada, University of Colorado Anschutz Medical Campus</annotator>
    <span start="14717" end="14720" />
    <spannedText>Lep</spannedText>
  </annotation>
  <annotation>
    <mention id="CHEBI_2015_08_26_Instance_390006" />
    <annotator id="CHEBI_2015_08_26_Instance_10000">Mike Bada, University of Colorado Anschutz Medical Campus</annotator>
    <span start="14790" end="14793" />
    <spannedText>Lep</spannedText>
  </annotation>
  <annotation>
    <mention id="CHEBI_2015_08_26_Instance_390008" />
    <annotator id="CHEBI_2015_08_26_Instance_10000">Mike Bada, University of Colorado Anschutz Medical Campus</annotator>
    <span start="14905" end="14908" />
    <spannedText>Lep</spannedText>
  </annotation>
  <annotation>
    <mention id="CHEBI_2015_08_26_Instance_390010" />
    <annotator id="CHEBI_2015_08_26_Instance_10000">Mike Bada, University of Colorado Anschutz Medical Campus</annotator>
    <span start="15210" end="15213" />
    <spannedText>Lep</spannedText>
  </annotation>
  <annotation>
    <mention id="CHEBI_2015_08_26_Instance_390012" />
    <annotator id="CHEBI_2015_08_26_Instance_10000">Mike Bada, University of Colorado Anschutz Medical Campus</annotator>
    <span start="15476" end="15479" />
    <spannedText>Lep</spannedText>
  </annotation>
  <annotation>
    <mention id="CHEBI_2015_08_26_Instance_390014" />
    <annotator id="CHEBI_2015_08_26_Instance_10000">Mike Bada, University of Colorado Anschutz Medical Campus</annotator>
    <span start="15746" end="15749" />
    <spannedText>Lep</spannedText>
  </annotation>
  <annotation>
    <mention id="CHEBI_2015_08_26_Instance_390016" />
    <annotator id="CHEBI_2015_08_26_Instance_10000">Mike Bada, University of Colorado Anschutz Medical Campus</annotator>
    <span start="16295" end="16298" />
    <spannedText>Lep</spannedText>
  </annotation>
  <annotation>
    <mention id="CHEBI_2015_08_26_Instance_390018" />
    <annotator id="CHEBI_2015_08_26_Instance_10000">Mike Bada, University of Colorado Anschutz Medical Campus</annotator>
    <span start="29729" end="29732" />
    <spannedText>Lep</spannedText>
  </annotation>
  <annotation>
    <mention id="CHEBI_2015_08_26_Instance_390020" />
    <annotator id="CHEBI_2015_08_26_Instance_10000">Mike Bada, University of Colorado Anschutz Medical Campus</annotator>
    <span start="32999" end="33002" />
    <spannedText>Lep</spannedText>
  </annotation>
  <annotation>
    <mention id="CHEBI_2015_08_26_Instance_410468" />
    <annotator id="CHEBI_2015_08_26_Instance_10000">Mike Bada, University of Colorado Anschutz Medical Campus</annotator>
    <span start="8054" end="8057" />
    <spannedText>fat</spannedText>
  </annotation>
  <classMention id="CHEBI_2015_08_26_Instance_330556">
    <mentionClass id="CHEBI_EXT:35222">inhibitor</mentionClass>
  </classMention>
  <classMention id="CHEBI_2015_08_26_Instance_331318">
    <mentionClass id="CHEBI_PR_EXT:collagen">collagen</mentionClass>
  </classMention>
  <classMention id="CHEBI_2015_08_26_Instance_31073">
    <mentionClass id="CHEBI:30808">iron trichloride</mentionClass>
  </classMention>
  <classMention id="CHEBI_2015_08_26_Instance_410468">
    <mentionClass id="CHEBI_UBERON_EXT:triglyceride_or_adipose_tissue">fat (CHEBI/UBERON extension class)</mentionClass>
  </classMention>
  <classMention id="CHEBI_2015_08_26_Instance_31075">
    <mentionClass id="CHEBI:30808">iron trichloride</mentionClass>
  </classMention>
  <classMention id="CHEBI_2015_08_26_Instance_30273">
    <mentionClass id="CHEBI:16480">nitric oxide</mentionClass>
  </classMention>
  <classMention id="CHEBI_2015_08_26_Instance_310292">
    <mentionClass id="CHEBI_PR_EXT:protein">protein</mentionClass>
  </classMention>
  <classMention id="CHEBI_2015_08_26_Instance_310290">
    <mentionClass id="CHEBI_PR_EXT:protein">protein</mentionClass>
  </classMention>
  <classMention id="CHEBI_2015_08_26_Instance_31077">
    <mentionClass id="CHEBI:30808">iron trichloride</mentionClass>
  </classMention>
  <classMention id="CHEBI_2015_08_26_Instance_310296">
    <mentionClass id="CHEBI_PR_EXT:protein">protein</mentionClass>
  </classMention>
  <classMention id="CHEBI_2015_08_26_Instance_310294">
    <mentionClass id="CHEBI_PR_EXT:protein">protein</mentionClass>
  </classMention>
  <classMention id="CHEBI_2015_08_26_Instance_310298">
    <mentionClass id="CHEBI_PR_EXT:protein">protein</mentionClass>
  </classMention>
  <classMention id="CHEBI_2015_08_26_Instance_330636">
    <mentionClass id="CHEBI_EXT:59132">antigen</mentionClass>
  </classMention>
  <classMention id="CHEBI_2015_08_26_Instance_31055">
    <mentionClass id="CHEBI:30808">iron trichloride</mentionClass>
  </classMention>
  <classMention id="CHEBI_2015_08_26_Instance_340000">
    <mentionClass id="CHEBI_PR_EXT:leptin">leptin</mentionClass>
  </classMention>
  <classMention id="CHEBI_2015_08_26_Instance_31079">
    <mentionClass id="CHEBI:15377">water</mentionClass>
  </classMention>
  <classMention id="CHEBI_2015_08_26_Instance_30003">
    <mentionClass id="CHEBI_PR_EXT:thromboplastin">thromboplastin</mentionClass>
  </classMention>
  <classMention id="CHEBI_2015_08_26_Instance_31057">
    <mentionClass id="CHEBI:30808">iron trichloride</mentionClass>
  </classMention>
  <classMention id="CHEBI_2015_08_26_Instance_322933">
    <mentionClass id="CHEBI:12071">5,10-methylenetetrahydrofolate(2-)</mentionClass>
  </classMention>
  <classMention id="CHEBI_2015_08_26_Instance_322931">
    <mentionClass id="CHEBI_PR_EXT:collagen">collagen</mentionClass>
  </classMention>
  <classMention id="CHEBI_2015_08_26_Instance_322937">
    <mentionClass id="CHEBI_GO_SO_EXT:enzyme">enzyme</mentionClass>
  </classMention>
  <classMention id="CHEBI_2015_08_26_Instance_31081">
    <mentionClass id="CHEBI_EXT:33893">reagent</mentionClass>
  </classMention>
  <classMention id="CHEBI_2015_08_26_Instance_322935">
    <mentionClass id="CHEBI_GO_EXT:antioxidant">antioxidant</mentionClass>
  </classMention>
  <classMention id="CHEBI_2015_08_26_Instance_322947">
    <mentionClass id="CHEBI_SO_EXT:amino_acid">amino acid</mentionClass>
  </classMention>
  <classMention id="CHEBI_2015_08_26_Instance_27873">
    <mentionClass id="CHEBI:30808">iron trichloride</mentionClass>
  </classMention>
  <classMention id="CHEBI_2015_08_26_Instance_322941">
    <mentionClass id="CHEBI:36357">polyatomic entity</mentionClass>
  </classMention>
  <classMention id="CHEBI_2015_08_26_Instance_30577">
    <mentionClass id="CHEBI:30808">iron trichloride</mentionClass>
  </classMention>
  <classMention id="CHEBI_2015_08_26_Instance_322953">
    <mentionClass id="CHEBI:6121">ketamine</mentionClass>
  </classMention>
  <classMention id="CHEBI_2015_08_26_Instance_30569">
    <mentionClass id="CHEBI:15889">sterol</mentionClass>
  </classMention>
  <classMention id="CHEBI_2015_08_26_Instance_322951">
    <mentionClass id="CHEBI_EXT:35222">inhibitor</mentionClass>
  </classMention>
  <classMention id="CHEBI_2015_08_26_Instance_30581">
    <mentionClass id="CHEBI:15377">water</mentionClass>
  </classMention>
  <classMention id="CHEBI_2015_08_26_Instance_322959">
    <mentionClass id="CHEBI:6121">ketamine</mentionClass>
  </classMention>
  <classMention id="CHEBI_2015_08_26_Instance_30579">
    <mentionClass id="CHEBI_EXT:33290">food</mentionClass>
  </classMention>
  <classMention id="CHEBI_2015_08_26_Instance_322957">
    <mentionClass id="CHEBI:75958">solution</mentionClass>
  </classMention>
  <classMention id="CHEBI_2015_08_26_Instance_20001">
    <mentionClass id="CHEBI_PR_EXT:thromboplastin">thromboplastin</mentionClass>
  </classMention>
  <classMention id="CHEBI_2015_08_26_Instance_30583">
    <mentionClass id="CHEBI:30808">iron trichloride</mentionClass>
  </classMention>
  <classMention id="CHEBI_2015_08_26_Instance_31059">
    <mentionClass id="CHEBI:30808">iron trichloride</mentionClass>
  </classMention>
  <classMention id="CHEBI_2015_08_26_Instance_322967">
    <mentionClass id="CHEBI:6015">isoflurane</mentionClass>
  </classMention>
  <classMention id="CHEBI_2015_08_26_Instance_31083">
    <mentionClass id="CHEBI:8984">sodium dodecyl sulfate</mentionClass>
  </classMention>
  <classMention id="CHEBI_2015_08_26_Instance_322973">
    <mentionClass id="CHEBI_EXT:59132">antigen</mentionClass>
  </classMention>
  <classMention id="CHEBI_2015_08_26_Instance_340330">
    <mentionClass id="CHEBI_EXT:saline_solution">saline solution</mentionClass>
  </classMention>
  <classMention id="CHEBI_2015_08_26_Instance_390008">
    <mentionClass id="CHEBI_PR_EXT:leptin">leptin</mentionClass>
  </classMention>
  <classMention id="CHEBI_2015_08_26_Instance_322971">
    <mentionClass id="CHEBI_PR_EXT:prothrombin">prothrombin</mentionClass>
  </classMention>
  <classMention id="CHEBI_2015_08_26_Instance_390006">
    <mentionClass id="CHEBI_PR_EXT:leptin">leptin</mentionClass>
  </classMention>
  <classMention id="CHEBI_2015_08_26_Instance_322977">
    <mentionClass id="CHEBI:5054">Fibrin</mentionClass>
  </classMention>
  <classMention id="CHEBI_2015_08_26_Instance_340334">
    <mentionClass id="CHEBI_EXT:saline_solution">saline solution</mentionClass>
  </classMention>
  <classMention id="CHEBI_2015_08_26_Instance_390012">
    <mentionClass id="CHEBI_PR_EXT:leptin">leptin</mentionClass>
  </classMention>
  <classMention id="CHEBI_2015_08_26_Instance_322975">
    <mentionClass id="CHEBI_EXT:75050">chromogenic compound</mentionClass>
  </classMention>
  <classMention id="CHEBI_2015_08_26_Instance_340332">
    <mentionClass id="CHEBI_EXT:saline_solution">saline solution</mentionClass>
  </classMention>
  <classMention id="CHEBI_2015_08_26_Instance_370004">
    <mentionClass id="CHEBI_PR_EXT:leptin">leptin</mentionClass>
  </classMention>
  <classMention id="CHEBI_2015_08_26_Instance_390010">
    <mentionClass id="CHEBI_PR_EXT:leptin">leptin</mentionClass>
  </classMention>
  <classMention id="CHEBI_2015_08_26_Instance_322981">
    <mentionClass id="CHEBI_PR_EXT:collagen">collagen</mentionClass>
  </classMention>
  <classMention id="CHEBI_2015_08_26_Instance_340338">
    <mentionClass id="CHEBI_EXT:saline_solution">saline solution</mentionClass>
  </classMention>
  <classMention id="CHEBI_2015_08_26_Instance_390016">
    <mentionClass id="CHEBI_PR_EXT:leptin">leptin</mentionClass>
  </classMention>
  <classMention id="CHEBI_2015_08_26_Instance_322979">
    <mentionClass id="CHEBI_EXT:polyatomic_entity_or_group">polyatomic entity or group</mentionClass>
  </classMention>
  <classMention id="CHEBI_2015_08_26_Instance_340336">
    <mentionClass id="CHEBI_EXT:saline_solution">saline solution</mentionClass>
  </classMention>
  <classMention id="CHEBI_2015_08_26_Instance_390014">
    <mentionClass id="CHEBI_PR_EXT:leptin">leptin</mentionClass>
  </classMention>
  <classMention id="CHEBI_2015_08_26_Instance_390020">
    <mentionClass id="CHEBI_PR_EXT:leptin">leptin</mentionClass>
  </classMention>
  <classMention id="CHEBI_2015_08_26_Instance_322987">
    <mentionClass id="CHEBI_PR_EXT:prothrombin">prothrombin</mentionClass>
  </classMention>
  <classMention id="CHEBI_2015_08_26_Instance_390018">
    <mentionClass id="CHEBI_PR_EXT:leptin">leptin</mentionClass>
  </classMention>
  <classMention id="CHEBI_2015_08_26_Instance_322985">
    <mentionClass id="CHEBI_PR_EXT:factor_X">Factor X</mentionClass>
  </classMention>
  <classMention id="CHEBI_2015_08_26_Instance_31061">
    <mentionClass id="CHEBI:30808">iron trichloride</mentionClass>
  </classMention>
  <classMention id="CHEBI_2015_08_26_Instance_322989">
    <mentionClass id="CHEBI:9574">Thrombin</mentionClass>
  </classMention>
  <classMention id="CHEBI_2015_08_26_Instance_322993">
    <mentionClass id="CHEBI:51686">haematoxylin</mentionClass>
  </classMention>
  <classMention id="CHEBI_2015_08_26_Instance_322991">
    <mentionClass id="CHEBI:5054">Fibrin</mentionClass>
  </classMention>
  <classMention id="CHEBI_2015_08_26_Instance_322997">
    <mentionClass id="CHEBI:51686">haematoxylin</mentionClass>
  </classMention>
  <classMention id="CHEBI_2015_08_26_Instance_322995">
    <mentionClass id="CHEBI_EXT:eosin">eosin</mentionClass>
  </classMention>
  <classMention id="CHEBI_2015_08_26_Instance_323001">
    <mentionClass id="CHEBI_PR_EXT:collagen">collagen</mentionClass>
  </classMention>
  <classMention id="CHEBI_2015_08_26_Instance_322999">
    <mentionClass id="CHEBI_EXT:eosin">eosin</mentionClass>
  </classMention>
  <classMention id="CHEBI_2015_08_26_Instance_323005">
    <mentionClass id="CHEBI_PR_EXT:collagen">collagen</mentionClass>
  </classMention>
  <classMention id="CHEBI_2015_08_26_Instance_323003">
    <mentionClass id="CHEBI_PR_EXT:collagen">collagen</mentionClass>
  </classMention>
  <classMention id="CHEBI_2015_08_26_Instance_323009">
    <mentionClass id="CHEBI_PR_EXT:collagen">collagen</mentionClass>
  </classMention>
  <classMention id="CHEBI_2015_08_26_Instance_323007">
    <mentionClass id="CHEBI_PR_EXT:collagen">collagen</mentionClass>
  </classMention>
  <classMention id="CHEBI_2015_08_26_Instance_323013">
    <mentionClass id="CHEBI_EXT:eosin">eosin</mentionClass>
  </classMention>
  <classMention id="CHEBI_2015_08_26_Instance_31063">
    <mentionClass id="CHEBI:30808">iron trichloride</mentionClass>
  </classMention>
  <classMention id="CHEBI_2015_08_26_Instance_323011">
    <mentionClass id="CHEBI:51686">haematoxylin</mentionClass>
  </classMention>
  <classMention id="CHEBI_2015_08_26_Instance_323017">
    <mentionClass id="CHEBI_EXT:eosin">eosin</mentionClass>
  </classMention>
  <classMention id="CHEBI_2015_08_26_Instance_323015">
    <mentionClass id="CHEBI:51686">haematoxylin</mentionClass>
  </classMention>
  <classMention id="CHEBI_2015_08_26_Instance_323021">
    <mentionClass id="CHEBI_PR_EXT:collagen">collagen</mentionClass>
  </classMention>
  <classMention id="CHEBI_2015_08_26_Instance_323019">
    <mentionClass id="CHEBI_PR_EXT:collagen">collagen</mentionClass>
  </classMention>
  <classMention id="CHEBI_2015_08_26_Instance_323025">
    <mentionClass id="CHEBI_EXT:59132">antigen</mentionClass>
  </classMention>
  <classMention id="CHEBI_2015_08_26_Instance_350002">
    <mentionClass id="CHEBI_PR_EXT:leptin">leptin</mentionClass>
  </classMention>
  <classMention id="CHEBI_2015_08_26_Instance_323023">
    <mentionClass id="CHEBI_EXT:59132">antigen</mentionClass>
  </classMention>
  <classMention id="CHEBI_2015_08_26_Instance_350000">
    <mentionClass id="CHEBI_PR_EXT:leptin">leptin</mentionClass>
  </classMention>
  <classMention id="CHEBI_2015_08_26_Instance_323029">
    <mentionClass id="CHEBI_EXT:59132">antigen</mentionClass>
  </classMention>
  <classMention id="CHEBI_2015_08_26_Instance_323027">
    <mentionClass id="CHEBI_EXT:59132">antigen</mentionClass>
  </classMention>
  <classMention id="CHEBI_2015_08_26_Instance_31065">
    <mentionClass id="CHEBI:30808">iron trichloride</mentionClass>
  </classMention>
  <classMention id="CHEBI_2015_08_26_Instance_323033">
    <mentionClass id="CHEBI_EXT:59132">antigen</mentionClass>
  </classMention>
  <classMention id="CHEBI_2015_08_26_Instance_323031">
    <mentionClass id="CHEBI_EXT:59132">antigen</mentionClass>
  </classMention>
  <classMention id="CHEBI_2015_08_26_Instance_323037">
    <mentionClass id="CHEBI_EXT:59132">antigen</mentionClass>
  </classMention>
  <classMention id="CHEBI_2015_08_26_Instance_323035">
    <mentionClass id="CHEBI_EXT:59132">antigen</mentionClass>
  </classMention>
  <classMention id="CHEBI_2015_08_26_Instance_323041">
    <mentionClass id="CHEBI_EXT:59132">antigen</mentionClass>
  </classMention>
  <classMention id="CHEBI_2015_08_26_Instance_323039">
    <mentionClass id="CHEBI_PR_EXT:leptin">leptin</mentionClass>
  </classMention>
  <classMention id="CHEBI_2015_08_26_Instance_323045">
    <mentionClass id="CHEBI_EXT:59132">antigen</mentionClass>
  </classMention>
  <classMention id="CHEBI_2015_08_26_Instance_380214">
    <mentionClass id="CHEBI_EXT:anaesthetic_process">anaesthetic process</mentionClass>
  </classMention>
  <classMention id="CHEBI_2015_08_26_Instance_323043">
    <mentionClass id="CHEBI_EXT:52217">pharmaceutical</mentionClass>
  </classMention>
  <classMention id="CHEBI_2015_08_26_Instance_323049">
    <mentionClass id="CHEBI_PR_EXT:leptin">leptin</mentionClass>
  </classMention>
  <classMention id="CHEBI_2015_08_26_Instance_380218">
    <mentionClass id="CHEBI_EXT:anaesthetic_process">anaesthetic process</mentionClass>
  </classMention>
  <classMention id="CHEBI_2015_08_26_Instance_323047">
    <mentionClass id="CHEBI:17089">glycoprotein</mentionClass>
  </classMention>
  <classMention id="CHEBI_2015_08_26_Instance_380216">
    <mentionClass id="CHEBI_EXT:anaesthetic_process">anaesthetic process</mentionClass>
  </classMention>
  <classMention id="CHEBI_2015_08_26_Instance_323051">
    <mentionClass id="CHEBI_PR_EXT:collagen">collagen</mentionClass>
  </classMention>
  <classMention id="CHEBI_2015_08_26_Instance_323055">
    <mentionClass id="CHEBI_SO_EXT:DNA">DNA</mentionClass>
  </classMention>
  <classMention id="CHEBI_2015_08_26_Instance_31067">
    <mentionClass id="CHEBI:30808">iron trichloride</mentionClass>
  </classMention>
  <classMention id="CHEBI_2015_08_26_Instance_323053">
    <mentionClass id="CHEBI_PR_EXT:collagen">collagen</mentionClass>
  </classMention>
  <classMention id="CHEBI_2015_08_26_Instance_331012">
    <mentionClass id="CHEBI_SO_EXT:molecular_indicator_or_label_or_marker_or_tag">molecular indicator/label/marker/tag</mentionClass>
  </classMention>
  <classMention id="CHEBI_2015_08_26_Instance_323059">
    <mentionClass id="CHEBI_PR_EXT:collagen">collagen</mentionClass>
  </classMention>
  <classMention id="CHEBI_2015_08_26_Instance_323057">
    <mentionClass id="CHEBI_SO_EXT:base">base</mentionClass>
  </classMention>
  <classMention id="CHEBI_2015_08_26_Instance_331014">
    <mentionClass id="CHEBI_SO_EXT:molecular_indicator_or_label_or_marker_or_tag">molecular indicator/label/marker/tag</mentionClass>
  </classMention>
  <classMention id="CHEBI_2015_08_26_Instance_323061">
    <mentionClass id="CHEBI_PR_EXT:collagen">collagen</mentionClass>
  </classMention>
  <classMention id="CHEBI_2015_08_26_Instance_31069">
    <mentionClass id="CHEBI:30808">iron trichloride</mentionClass>
  </classMention>
  <classMention id="CHEBI_2015_08_26_Instance_370144">
    <mentionClass id="CHEBI_GO_EXT:biological_process_or_quality_or_role">biological process, quality or role</mentionClass>
  </classMention>
  <classMention id="CHEBI_2015_08_26_Instance_31071">
    <mentionClass id="CHEBI:30808">iron trichloride</mentionClass>
  </classMention>
  <classMention id="CHEBI_2015_08_26_Instance_330810">
    <mentionClass id="CHEBI_EXT:saline_solution">saline solution</mentionClass>
  </classMention>
  <classMention id="CHEBI_2015_08_26_Instance_330808">
    <mentionClass id="CHEBI:75958">solution</mentionClass>
  </classMention>
</annotations>

