<?xml version="1.0" encoding="UTF-8"?>
<annotations textSource="17244351.txt">
  <annotation>
    <mention id="CHEBI_2015_08_26_Instance_10723" />
    <annotator id="CHEBI_2015_08_26_Instance_10000">Mike Bada, University of Colorado Anschutz Medical Campus</annotator>
    <span start="12646" end="12658" />
    <spannedText>proteoglycan</spannedText>
  </annotation>
  <annotation>
    <mention id="CHEBI_2015_08_26_Instance_30000" />
    <annotator id="CHEBI_2015_08_26_Instance_10000">Mike Bada, University of Colorado Anschutz Medical Campus</annotator>
    <span start="6470" end="6478" />
    <spannedText>Collagen</spannedText>
  </annotation>
  <annotation>
    <mention id="CHEBI_2015_08_26_Instance_30006" />
    <annotator id="CHEBI_2015_08_26_Instance_10000">Mike Bada, University of Colorado Anschutz Medical Campus</annotator>
    <span start="8368" end="8371" />
    <spannedText>RNA</spannedText>
  </annotation>
  <annotation>
    <mention id="CHEBI_2015_08_26_Instance_30008" />
    <annotator id="CHEBI_2015_08_26_Instance_10000">Mike Bada, University of Colorado Anschutz Medical Campus</annotator>
    <span start="8395" end="8398" />
    <spannedText>RNA</spannedText>
  </annotation>
  <annotation>
    <mention id="CHEBI_2015_08_26_Instance_30012" />
    <annotator id="CHEBI_2015_08_26_Instance_10000">Mike Bada, University of Colorado Anschutz Medical Campus</annotator>
    <span start="8666" end="8676" />
    <spannedText>RNA probes</spannedText>
  </annotation>
  <annotation>
    <mention id="CHEBI_2015_08_26_Instance_30014" />
    <annotator id="CHEBI_2015_08_26_Instance_10000">Mike Bada, University of Colorado Anschutz Medical Campus</annotator>
    <span start="10195" end="10198" />
    <spannedText>DNA</spannedText>
  </annotation>
  <annotation>
    <mention id="CHEBI_2015_08_26_Instance_30016" />
    <annotator id="CHEBI_2015_08_26_Instance_10000">Mike Bada, University of Colorado Anschutz Medical Campus</annotator>
    <span start="13551" end="13556" />
    <spannedText>probe</spannedText>
  </annotation>
  <annotation>
    <mention id="CHEBI_2015_08_26_Instance_310544" />
    <annotator id="CHEBI_2015_08_26_Instance_10000">Mike Bada, University of Colorado Anschutz Medical Campus</annotator>
    <span start="3398" end="3405" />
    <spannedText>protein</spannedText>
  </annotation>
  <annotation>
    <mention id="CHEBI_2015_08_26_Instance_310546" />
    <annotator id="CHEBI_2015_08_26_Instance_10000">Mike Bada, University of Colorado Anschutz Medical Campus</annotator>
    <span start="3440" end="3447" />
    <spannedText>protein</spannedText>
  </annotation>
  <annotation>
    <mention id="CHEBI_2015_08_26_Instance_310548" />
    <annotator id="CHEBI_2015_08_26_Instance_10000">Mike Bada, University of Colorado Anschutz Medical Campus</annotator>
    <span start="3469" end="3476" />
    <spannedText>protein</spannedText>
  </annotation>
  <annotation>
    <mention id="CHEBI_2015_08_26_Instance_310550" />
    <annotator id="CHEBI_2015_08_26_Instance_10000">Mike Bada, University of Colorado Anschutz Medical Campus</annotator>
    <span start="16852" end="16859" />
    <spannedText>protein</spannedText>
  </annotation>
  <annotation>
    <mention id="CHEBI_2015_08_26_Instance_310552" />
    <annotator id="CHEBI_2015_08_26_Instance_10000">Mike Bada, University of Colorado Anschutz Medical Campus</annotator>
    <span start="18896" end="18903" />
    <spannedText>protein</spannedText>
  </annotation>
  <annotation>
    <mention id="CHEBI_2015_08_26_Instance_310554" />
    <annotator id="CHEBI_2015_08_26_Instance_10000">Mike Bada, University of Colorado Anschutz Medical Campus</annotator>
    <span start="23265" end="23272" />
    <spannedText>protein</spannedText>
  </annotation>
  <annotation>
    <mention id="CHEBI_2015_08_26_Instance_310556" />
    <annotator id="CHEBI_2015_08_26_Instance_10000">Mike Bada, University of Colorado Anschutz Medical Campus</annotator>
    <span start="25865" end="25872" />
    <spannedText>protein</spannedText>
  </annotation>
  <annotation>
    <mention id="CHEBI_2015_08_26_Instance_324676" />
    <annotator id="CHEBI_2015_08_26_Instance_10000">Mike Bada, University of Colorado Anschutz Medical Campus</annotator>
    <span start="400" end="408" />
    <spannedText>collagen</spannedText>
  </annotation>
  <annotation>
    <mention id="CHEBI_2015_08_26_Instance_324678" />
    <annotator id="CHEBI_2015_08_26_Instance_10000">Mike Bada, University of Colorado Anschutz Medical Campus</annotator>
    <span start="2313" end="2321" />
    <spannedText>collagen</spannedText>
  </annotation>
  <annotation>
    <mention id="CHEBI_2015_08_26_Instance_324680" />
    <annotator id="CHEBI_2015_08_26_Instance_10000">Mike Bada, University of Colorado Anschutz Medical Campus</annotator>
    <span start="4503" end="4512" />
    <spannedText>molecules</spannedText>
  </annotation>
  <annotation>
    <mention id="CHEBI_2015_08_26_Instance_330634" />
    <annotator id="CHEBI_2015_08_26_Instance_10000">Mike Bada, University of Colorado Anschutz Medical Campus</annotator>
    <span start="30248" end="30256" />
    <spannedText>adjuvant</spannedText>
  </annotation>
  <annotation>
    <mention id="CHEBI_2015_08_26_Instance_331056" />
    <annotator id="CHEBI_2015_08_26_Instance_10000">Mike Bada, University of Colorado Anschutz Medical Campus</annotator>
    <span start="7898" end="7905" />
    <spannedText>markers</spannedText>
  </annotation>
  <annotation>
    <mention id="CHEBI_2015_08_26_Instance_331058" />
    <annotator id="CHEBI_2015_08_26_Instance_10000">Mike Bada, University of Colorado Anschutz Medical Campus</annotator>
    <span start="7948" end="7954" />
    <spannedText>marker</spannedText>
  </annotation>
  <annotation>
    <mention id="CHEBI_2015_08_26_Instance_331060" />
    <annotator id="CHEBI_2015_08_26_Instance_10000">Mike Bada, University of Colorado Anschutz Medical Campus</annotator>
    <span start="30028" end="30035" />
    <spannedText>markers</spannedText>
  </annotation>
  <annotation>
    <mention id="CHEBI_2015_08_26_Instance_331320" />
    <annotator id="CHEBI_2015_08_26_Instance_10000">Mike Bada, University of Colorado Anschutz Medical Campus</annotator>
    <span start="128" end="136" />
    <spannedText>collagen</spannedText>
  </annotation>
  <annotation>
    <mention id="CHEBI_2015_08_26_Instance_331334" />
    <annotator id="CHEBI_2015_08_26_Instance_10000">Mike Bada, University of Colorado Anschutz Medical Campus</annotator>
    <span start="30133" end="30134" />
    <spannedText>b</spannedText>
  </annotation>
  <annotation>
    <mention id="CHEBI_2015_08_26_Instance_370152" />
    <annotator id="CHEBI_2015_08_26_Instance_10000">Mike Bada, University of Colorado Anschutz Medical Campus</annotator>
    <span start="21595" end="21605" />
    <spannedText>biological</spannedText>
  </annotation>
  <annotation>
    <mention id="CHEBI_2015_08_26_Instance_370154" />
    <annotator id="CHEBI_2015_08_26_Instance_10000">Mike Bada, University of Colorado Anschutz Medical Campus</annotator>
    <span start="29665" end="29675" />
    <spannedText>biological</spannedText>
  </annotation>
  <annotation>
    <mention id="CHEBI_2015_08_26_Instance_380826" />
    <annotator id="CHEBI_2015_08_26_Instance_10000">Mike Bada, University of Colorado Anschutz Medical Campus</annotator>
    <span start="8682" end="8690" />
    <spannedText>labelled</spannedText>
  </annotation>
  <annotation>
    <mention id="CHEBI_2015_08_26_Instance_30018" />
    <annotator id="CHEBI_2015_08_26_Instance_10000">Mike Bada, University of Colorado Anschutz Medical Campus</annotator>
    <span start="17735" end="17736" />
    <spannedText>b</spannedText>
  </annotation>
  <annotation>
    <mention id="CHEBI_2015_08_26_Instance_40020" />
    <annotator id="CHEBI_2015_08_26_Instance_10000">Mike Bada, University of Colorado Anschutz Medical Campus</annotator>
    <span start="20542" end="20543" />
    <spannedText>b</spannedText>
  </annotation>
  <annotation>
    <mention id="CHEBI_2015_08_26_Instance_40022" />
    <annotator id="CHEBI_2015_08_26_Instance_10000">Mike Bada, University of Colorado Anschutz Medical Campus</annotator>
    <span start="20482" end="20490" />
    <spannedText>collagen</spannedText>
  </annotation>
  <annotation>
    <mention id="CHEBI_2015_08_26_Instance_40024" />
    <annotator id="CHEBI_2015_08_26_Instance_10000">Mike Bada, University of Colorado Anschutz Medical Campus</annotator>
    <span start="20668" end="20676" />
    <spannedText>collagen</spannedText>
  </annotation>
  <annotation>
    <mention id="CHEBI_2015_08_26_Instance_40026" />
    <annotator id="CHEBI_2015_08_26_Instance_10000">Mike Bada, University of Colorado Anschutz Medical Campus</annotator>
    <span start="22574" end="22582" />
    <spannedText>collagen</spannedText>
  </annotation>
  <annotation>
    <mention id="CHEBI_2015_08_26_Instance_40028" />
    <annotator id="CHEBI_2015_08_26_Instance_10000">Mike Bada, University of Colorado Anschutz Medical Campus</annotator>
    <span start="23247" end="23254" />
    <spannedText>mitogen</spannedText>
  </annotation>
  <annotation>
    <mention id="CHEBI_2015_08_26_Instance_40030" />
    <annotator id="CHEBI_2015_08_26_Instance_10000">Mike Bada, University of Colorado Anschutz Medical Campus</annotator>
    <span start="23418" end="23431" />
    <span start="23436" end="23440" />
    <spannedText>inhibitors of ... MAPK</spannedText>
  </annotation>
  <annotation>
    <mention id="CHEBI_2015_08_26_Instance_40032" />
    <annotator id="CHEBI_2015_08_26_Instance_10000">Mike Bada, University of Colorado Anschutz Medical Campus</annotator>
    <span start="23596" end="23604" />
    <spannedText>molecule</spannedText>
  </annotation>
  <annotation>
    <mention id="CHEBI_2015_08_26_Instance_40034" />
    <annotator id="CHEBI_2015_08_26_Instance_10000">Mike Bada, University of Colorado Anschutz Medical Campus</annotator>
    <span start="25715" end="25723" />
    <spannedText>collagen</spannedText>
  </annotation>
  <annotation>
    <mention id="CHEBI_2015_08_26_Instance_40036" />
    <annotator id="CHEBI_2015_08_26_Instance_10000">Mike Bada, University of Colorado Anschutz Medical Campus</annotator>
    <span start="25847" end="25854" />
    <spannedText>mitogen</spannedText>
  </annotation>
  <annotation>
    <mention id="CHEBI_2015_08_26_Instance_40038" />
    <annotator id="CHEBI_2015_08_26_Instance_10000">Mike Bada, University of Colorado Anschutz Medical Campus</annotator>
    <span start="27933" end="27941" />
    <spannedText>collagen</spannedText>
  </annotation>
  <annotation>
    <mention id="CHEBI_2015_08_26_Instance_40040" />
    <annotator id="CHEBI_2015_08_26_Instance_10000">Mike Bada, University of Colorado Anschutz Medical Campus</annotator>
    <span start="28597" end="28605" />
    <spannedText>collagen</spannedText>
  </annotation>
  <annotation>
    <mention id="CHEBI_2015_08_26_Instance_40044" />
    <annotator id="CHEBI_2015_08_26_Instance_10000">Mike Bada, University of Colorado Anschutz Medical Campus</annotator>
    <span start="30890" end="30898" />
    <spannedText>collagen</spannedText>
  </annotation>
  <classMention id="CHEBI_2015_08_26_Instance_310544">
    <mentionClass id="CHEBI_PR_EXT:protein">protein</mentionClass>
  </classMention>
  <classMention id="CHEBI_2015_08_26_Instance_331060">
    <mentionClass id="CHEBI_SO_EXT:molecular_indicator_or_label_or_marker_or_tag">molecular indicator/label/marker/tag</mentionClass>
  </classMention>
  <classMention id="CHEBI_2015_08_26_Instance_331058">
    <mentionClass id="CHEBI_SO_EXT:molecular_indicator_or_label_or_marker_or_tag">molecular indicator/label/marker/tag</mentionClass>
  </classMention>
  <classMention id="CHEBI_2015_08_26_Instance_310548">
    <mentionClass id="CHEBI_PR_EXT:protein">protein</mentionClass>
  </classMention>
  <classMention id="CHEBI_2015_08_26_Instance_310546">
    <mentionClass id="CHEBI_PR_EXT:protein">protein</mentionClass>
  </classMention>
  <classMention id="CHEBI_2015_08_26_Instance_310550">
    <mentionClass id="CHEBI_PR_EXT:protein">protein</mentionClass>
  </classMention>
  <classMention id="CHEBI_2015_08_26_Instance_30008">
    <mentionClass id="CHEBI_SO_EXT:RNA">RNA</mentionClass>
  </classMention>
  <classMention id="CHEBI_2015_08_26_Instance_30014">
    <mentionClass id="CHEBI_SO_EXT:DNA">DNA</mentionClass>
  </classMention>
  <classMention id="CHEBI_2015_08_26_Instance_330634">
    <mentionClass id="CHEBI_EXT:60809">adjuvant</mentionClass>
  </classMention>
  <classMention id="CHEBI_2015_08_26_Instance_310554">
    <mentionClass id="CHEBI_PR_EXT:protein">protein</mentionClass>
  </classMention>
  <classMention id="CHEBI_2015_08_26_Instance_324678">
    <mentionClass id="CHEBI_PR_EXT:collagen">collagen</mentionClass>
  </classMention>
  <classMention id="CHEBI_2015_08_26_Instance_310552">
    <mentionClass id="CHEBI_PR_EXT:protein">protein</mentionClass>
  </classMention>
  <classMention id="CHEBI_2015_08_26_Instance_324676">
    <mentionClass id="CHEBI_PR_EXT:collagen">collagen</mentionClass>
  </classMention>
  <classMention id="CHEBI_2015_08_26_Instance_331320">
    <mentionClass id="CHEBI_PR_EXT:collagen">collagen</mentionClass>
  </classMention>
  <classMention id="CHEBI_2015_08_26_Instance_40022">
    <mentionClass id="CHEBI_PR_EXT:collagen">collagen</mentionClass>
  </classMention>
  <classMention id="CHEBI_2015_08_26_Instance_310556">
    <mentionClass id="CHEBI_PR_EXT:protein">protein</mentionClass>
  </classMention>
  <classMention id="CHEBI_2015_08_26_Instance_40020">
    <mentionClass id="CHEBI_SO_EXT:base">base</mentionClass>
  </classMention>
  <classMention id="CHEBI_2015_08_26_Instance_324680">
    <mentionClass id="CHEBI:36357">polyatomic entity</mentionClass>
  </classMention>
  <classMention id="CHEBI_2015_08_26_Instance_40026">
    <mentionClass id="CHEBI_PR_EXT:collagen">collagen</mentionClass>
  </classMention>
  <classMention id="CHEBI_2015_08_26_Instance_10723">
    <mentionClass id="CHEBI:37396">proteoglycan</mentionClass>
  </classMention>
  <classMention id="CHEBI_2015_08_26_Instance_40024">
    <mentionClass id="CHEBI_PR_EXT:collagen">collagen</mentionClass>
  </classMention>
  <classMention id="CHEBI_2015_08_26_Instance_380826">
    <mentionClass id="CHEBI_SO_EXT:molecular_label_or_mark_or_tag_process">molecular label/mark/tag process</mentionClass>
  </classMention>
  <classMention id="CHEBI_2015_08_26_Instance_40030">
    <mentionClass id="CHEBI_EXT:79091">EC 2.7.11.24 (mitogen-activated protein kinase) inhibitor</mentionClass>
  </classMention>
  <classMention id="CHEBI_2015_08_26_Instance_331334">
    <mentionClass id="CHEBI_SO_EXT:base">base</mentionClass>
  </classMention>
  <classMention id="CHEBI_2015_08_26_Instance_40028">
    <mentionClass id="CHEBI_EXT:52290">mitogen</mentionClass>
  </classMention>
  <classMention id="CHEBI_2015_08_26_Instance_30016">
    <mentionClass id="CHEBI_SO_EXT:molecular_probe">molecular probe</mentionClass>
  </classMention>
  <classMention id="CHEBI_2015_08_26_Instance_40034">
    <mentionClass id="CHEBI_PR_EXT:collagen">collagen</mentionClass>
  </classMention>
  <classMention id="CHEBI_2015_08_26_Instance_40032">
    <mentionClass id="CHEBI:36357">polyatomic entity</mentionClass>
  </classMention>
  <classMention id="CHEBI_2015_08_26_Instance_40038">
    <mentionClass id="CHEBI_PR_EXT:collagen">collagen</mentionClass>
  </classMention>
  <classMention id="CHEBI_2015_08_26_Instance_40036">
    <mentionClass id="CHEBI_EXT:52290">mitogen</mentionClass>
  </classMention>
  <classMention id="CHEBI_2015_08_26_Instance_40044">
    <mentionClass id="CHEBI_PR_EXT:collagen">collagen</mentionClass>
  </classMention>
  <classMention id="CHEBI_2015_08_26_Instance_40040">
    <mentionClass id="CHEBI_PR_EXT:collagen">collagen</mentionClass>
  </classMention>
  <classMention id="CHEBI_2015_08_26_Instance_370154">
    <mentionClass id="CHEBI_GO_EXT:biological_process_or_quality_or_role">biological process, quality or role</mentionClass>
  </classMention>
  <classMention id="CHEBI_2015_08_26_Instance_370152">
    <mentionClass id="CHEBI_GO_EXT:biological_process_or_quality_or_role">biological process, quality or role</mentionClass>
  </classMention>
  <classMention id="CHEBI_2015_08_26_Instance_30006">
    <mentionClass id="CHEBI_SO_EXT:RNA">RNA</mentionClass>
  </classMention>
  <classMention id="CHEBI_2015_08_26_Instance_30012">
    <mentionClass id="CHEBI_SO_EXT:riboprobe">riboprobe</mentionClass>
  </classMention>
  <classMention id="CHEBI_2015_08_26_Instance_30000">
    <mentionClass id="CHEBI_PR_EXT:collagen">collagen</mentionClass>
  </classMention>
  <classMention id="CHEBI_2015_08_26_Instance_30018">
    <mentionClass id="CHEBI_SO_EXT:base">base</mentionClass>
  </classMention>
  <classMention id="CHEBI_2015_08_26_Instance_331056">
    <mentionClass id="CHEBI_SO_EXT:molecular_indicator_or_label_or_marker_or_tag">molecular indicator/label/marker/tag</mentionClass>
  </classMention>
</annotations>

